ISO-10303-21;
HEADER;
/* Generated by software containing ST-Developer
 * from STEP Tools, Inc. (www.steptools.com) 
 */
/* OPTION: using custom schema-name function */

FILE_DESCRIPTION(
/* description */ (''),
/* implementation_level */ '2;1');

FILE_NAME(
/* name */ 'BARFAS TAKSI METRE SON-scale.stp',
/* time_stamp */ '2026-07-07T21:20:56+03:00',
/* author */ (''),
/* organization */ (''),
/* preprocessor_version */ 'ST-DEVELOPER v18.1',
/* originating_system */ 'SIEMENS PLM Software NX 1953',
/* authorisation */ '');

FILE_SCHEMA (('AUTOMOTIVE_DESIGN { 1 0 10303 214 3 1 1 1 }'));
ENDSEC;

DATA;
#10=GEOMETRICALLY_BOUNDED_WIREFRAME_SHAPE_REPRESENTATION(
'EMRE0958C8FFrqwn-None',(#33),#9941);
#11=PROPERTY_DEFINITION_REPRESENTATION(#15,#13);
#12=PROPERTY_DEFINITION_REPRESENTATION(#16,#14);
#13=REPRESENTATION('',(#17),#9941);
#14=REPRESENTATION('',(#18),#9941);
#15=PROPERTY_DEFINITION('pmi validation property','',#23);
#16=PROPERTY_DEFINITION('pmi validation property','',#23);
#17=VALUE_REPRESENTATION_ITEM('number of annotations',COUNT_MEASURE(0.));
#18=VALUE_REPRESENTATION_ITEM('number of views',COUNT_MEASURE(0.));
#19=SHAPE_REPRESENTATION_RELATIONSHIP('None',
'relationship between EMRE0958C8FFrqwn-None and EMRE0958C8FFrqwn-None',
#32,#21);
#20=SHAPE_REPRESENTATION_RELATIONSHIP('None',
'relationship between EMRE0958C8FFrqwn-None and EMRE0958C8FFrqwn-None',
#32,#10);
#21=ADVANCED_BREP_SHAPE_REPRESENTATION('EMRE0958C8FFrqwn-None',(#63,#64,
#65,#66,#67),#9941);
#22=SHAPE_DEFINITION_REPRESENTATION(#23,#32);
#23=PRODUCT_DEFINITION_SHAPE('','',#24);
#24=PRODUCT_DEFINITION(' ','',#26,#25);
#25=PRODUCT_DEFINITION_CONTEXT('part definition',#31,'design');
#26=PRODUCT_DEFINITION_FORMATION_WITH_SPECIFIED_SOURCE(' ',' ',#28,
 .NOT_KNOWN.);
#27=PRODUCT_RELATED_PRODUCT_CATEGORY('part','',(#28));
#28=PRODUCT('EMRE0958C8FFrqwn','EMRE0958C8FFrqwn',' ',(#29));
#29=PRODUCT_CONTEXT(' ',#31,'mechanical');
#30=APPLICATION_PROTOCOL_DEFINITION('international standard',
'automotive_design',2010,#31);
#31=APPLICATION_CONTEXT(
'core data for automotive mechanical design processes');
#32=SHAPE_REPRESENTATION('EMRE0958C8FFrqwn-None',(#5872),#9941);
#33=GEOMETRIC_CURVE_SET('None',(#4650,#4651,#4652,#4653));
#34=TOROIDAL_SURFACE('',#6149,3.6,2.4);
#35=TOROIDAL_SURFACE('',#6152,3.6,2.4);
#36=TOROIDAL_SURFACE('',#6156,3.6,2.4);
#37=TOROIDAL_SURFACE('',#6158,3.6,2.4);
#38=SURFACE_STYLE_USAGE(.BOTH.,#43);
#39=SURFACE_STYLE_USAGE(.BOTH.,#44);
#40=SURFACE_STYLE_USAGE(.BOTH.,#45);
#41=SURFACE_STYLE_USAGE(.BOTH.,#46);
#42=SURFACE_STYLE_USAGE(.BOTH.,#47);
#43=SURFACE_SIDE_STYLE('',(#48));
#44=SURFACE_SIDE_STYLE('',(#49));
#45=SURFACE_SIDE_STYLE('',(#50));
#46=SURFACE_SIDE_STYLE('',(#51));
#47=SURFACE_SIDE_STYLE('',(#52));
#48=SURFACE_STYLE_FILL_AREA(#53);
#49=SURFACE_STYLE_FILL_AREA(#54);
#50=SURFACE_STYLE_FILL_AREA(#55);
#51=SURFACE_STYLE_FILL_AREA(#56);
#52=SURFACE_STYLE_FILL_AREA(#57);
#53=FILL_AREA_STYLE('',(#58));
#54=FILL_AREA_STYLE('',(#59));
#55=FILL_AREA_STYLE('',(#60));
#56=FILL_AREA_STYLE('',(#61));
#57=FILL_AREA_STYLE('',(#62));
#58=FILL_AREA_STYLE_COLOUR('',#4644);
#59=FILL_AREA_STYLE_COLOUR('',#4644);
#60=FILL_AREA_STYLE_COLOUR('',#4644);
#61=FILL_AREA_STYLE_COLOUR('',#4644);
#62=FILL_AREA_STYLE_COLOUR('',#4645);
#63=MANIFOLD_SOLID_BREP('',#68);
#64=MANIFOLD_SOLID_BREP('',#69);
#65=MANIFOLD_SOLID_BREP('',#70);
#66=MANIFOLD_SOLID_BREP('',#71);
#67=MANIFOLD_SOLID_BREP('',#72);
#68=CLOSED_SHELL('',(#488,#489,#490,#491,#492,#493,#494,#495,#496,#497,
#498,#499,#500,#501,#502,#503,#504,#505,#506,#507,#508,#509,#510,#511,#512,
#513,#514,#515,#516,#517,#518,#519,#520,#521,#522,#523,#524,#525,#526,#527,
#528,#529,#530,#531,#532,#533,#534,#535,#536,#537,#538,#539,#540,#541,#542,
#543,#544,#545,#546,#547,#548,#549,#550,#551,#552,#553,#554,#555,#556,#557,
#558,#559,#560,#561,#562,#563,#564,#565,#566,#567,#568,#569,#570,#571,#572,
#573,#574,#575,#576,#577,#578,#579,#580,#581,#582,#583));
#69=CLOSED_SHELL('',(#584,#585,#586,#587,#588,#589,#590,#591,#592,#593,
#594,#595,#596,#597,#598,#599,#600,#601,#602,#603,#604,#605,#606,#607,#608,
#609,#610,#611,#612,#613,#614,#615,#616,#617,#618,#619,#620,#621,#622,#623,
#624,#625,#626,#627,#628,#629,#630,#631,#632,#633,#634,#635,#636,#637,#638,
#639,#640,#641,#642,#643,#644,#645,#646,#647,#648,#649,#650,#651,#652,#653,
#654,#655,#656,#657,#658,#659,#660,#661,#662,#663,#664,#665,#666,#667,#668,
#669,#670,#671,#672,#673,#674,#675,#676,#677,#678,#679,#680,#681,#682,#683,
#684,#685,#686,#687,#688,#689,#690,#691,#692,#693));
#70=CLOSED_SHELL('',(#694,#695,#696,#697,#698,#699,#700,#701,#702,#703,
#704,#705,#706,#707,#708,#709,#710,#711,#712,#713,#714,#715,#716,#717,#718,
#719,#720,#721,#722,#723,#724,#725,#726,#727,#728,#729,#730));
#71=CLOSED_SHELL('',(#731,#732,#733,#734,#735,#736,#737,#738,#739,#740,
#741,#742,#743,#744,#745,#746,#747,#748,#749,#750,#751));
#72=CLOSED_SHELL('',(#752,#753,#754,#755,#756,#757,#758,#759,#760,#761,
#762,#763,#764,#765,#766,#767,#768,#769,#770,#771,#772,#773,#774,#775,#776,
#777,#778,#779,#780,#781,#782,#783,#784,#785,#786,#787,#788,#789,#790,#791,
#792,#793,#794,#795,#796,#797,#798,#799));
#73=(
BOUNDED_SURFACE()
B_SPLINE_SURFACE(3,2,((#8387,#8388,#8389),(#8390,#8391,#8392),(#8393,#8394,
#8395),(#8396,#8397,#8398),(#8399,#8400,#8401),(#8402,#8403,#8404)),
 .UNSPECIFIED.,.F.,.F.,.F.)
B_SPLINE_SURFACE_WITH_KNOTS((4,2,4),(3,3),(0.,0.5,1.),(0.,1.),
 .UNSPECIFIED.)
GEOMETRIC_REPRESENTATION_ITEM()
RATIONAL_B_SPLINE_SURFACE(((1.,0.707106781186548,1.),(1.,0.6831736481173,
1.),(1.,0.657876270735762,1.),(1.,0.62039388702259,1.),(1.,0.608516261949467,
1.),(1.,0.608761429008721,1.)))
REPRESENTATION_ITEM('')
SURFACE()
);
#74=(
BOUNDED_SURFACE()
B_SPLINE_SURFACE(3,2,((#8410,#8411,#8412),(#8413,#8414,#8415),(#8416,#8417,
#8418),(#8419,#8420,#8421),(#8422,#8423,#8424),(#8425,#8426,#8427)),
 .UNSPECIFIED.,.F.,.F.,.F.)
B_SPLINE_SURFACE_WITH_KNOTS((4,2,4),(3,3),(0.,0.5,1.),(0.,1.),
 .UNSPECIFIED.)
GEOMETRIC_REPRESENTATION_ITEM()
RATIONAL_B_SPLINE_SURFACE(((1.,0.608761429008721,1.),(1.,0.608516261949589,
1.),(1.,0.620393887022429,1.),(1.,0.657876270735922,1.),(1.,0.683173648117179,
1.),(1.,0.707106781186548,1.)))
REPRESENTATION_ITEM('')
SURFACE()
);
#75=(
BOUNDED_SURFACE()
B_SPLINE_SURFACE(3,2,((#8429,#8430,#8431),(#8432,#8433,#8434),(#8435,#8436,
#8437),(#8438,#8439,#8440),(#8441,#8442,#8443),(#8444,#8445,#8446)),
 .UNSPECIFIED.,.F.,.F.,.F.)
B_SPLINE_SURFACE_WITH_KNOTS((4,2,4),(3,3),(0.,0.5,1.),(0.,1.),
 .UNSPECIFIED.)
GEOMETRIC_REPRESENTATION_ITEM()
RATIONAL_B_SPLINE_SURFACE(((1.,0.793353340291235,1.),(1.,0.793466026433484,
1.),(1.,0.78466885882713,1.),(1.,0.753520142493721,1.),(1.,0.73117140300612,
1.),(1.,0.707106781186548,1.)))
REPRESENTATION_ITEM('')
SURFACE()
);
#76=(
BOUNDED_SURFACE()
B_SPLINE_SURFACE(3,2,((#8451,#8452,#8453),(#8454,#8455,#8456),(#8457,#8458,
#8459),(#8460,#8461,#8462),(#8463,#8464,#8465),(#8466,#8467,#8468)),
 .UNSPECIFIED.,.F.,.F.,.F.)
B_SPLINE_SURFACE_WITH_KNOTS((4,2,4),(3,3),(0.,0.5,1.),(0.,1.),
 .UNSPECIFIED.)
GEOMETRIC_REPRESENTATION_ITEM()
RATIONAL_B_SPLINE_SURFACE(((1.,0.707106781186548,1.),(1.,0.731171403006209,
1.),(1.,0.753520142493602,1.),(1.,0.784668858827249,1.),(1.,0.793466026433395,
1.),(1.,0.793353340291235,1.)))
REPRESENTATION_ITEM('')
SURFACE()
);
#77=(
BOUNDED_SURFACE()
B_SPLINE_SURFACE(3,2,((#8473,#8474,#8475),(#8476,#8477,#8478),(#8479,#8480,
#8481),(#8482,#8483,#8484),(#8485,#8486,#8487),(#8488,#8489,#8490)),
 .UNSPECIFIED.,.F.,.F.,.F.)
B_SPLINE_SURFACE_WITH_KNOTS((4,2,4),(3,3),(0.,0.5,1.),(0.,1.),
 .UNSPECIFIED.)
GEOMETRIC_REPRESENTATION_ITEM()
RATIONAL_B_SPLINE_SURFACE(((1.,0.793353340291236,1.),(1.,0.793466026481793,
1.),(1.,0.784668858762809,1.),(1.,0.75352014255804,1.),(1.,0.731171402957813,
1.),(1.,0.707106781186546,1.)))
REPRESENTATION_ITEM('')
SURFACE()
);
#78=(
BOUNDED_SURFACE()
B_SPLINE_SURFACE(3,2,((#8494,#8495,#8496),(#8497,#8498,#8499),(#8500,#8501,
#8502),(#8503,#8504,#8505),(#8506,#8507,#8508),(#8509,#8510,#8511)),
 .UNSPECIFIED.,.F.,.F.,.F.)
B_SPLINE_SURFACE_WITH_KNOTS((4,2,4),(3,3),(0.,0.5,1.),(0.,1.),
 .UNSPECIFIED.)
GEOMETRIC_REPRESENTATION_ITEM()
RATIONAL_B_SPLINE_SURFACE(((1.,0.707106781186548,1.),(1.,0.707106781186548,
1.),(1.,0.707106781186548,1.),(1.,0.707106781186548,1.),(1.,0.707106781186548,
1.),(1.,0.707106781186548,1.)))
REPRESENTATION_ITEM('')
SURFACE()
);
#79=(
BOUNDED_SURFACE()
B_SPLINE_SURFACE(3,2,((#8513,#8514,#8515),(#8516,#8517,#8518),(#8519,#8520,
#8521),(#8522,#8523,#8524),(#8525,#8526,#8527),(#8528,#8529,#8530)),
 .UNSPECIFIED.,.F.,.F.,.F.)
B_SPLINE_SURFACE_WITH_KNOTS((4,2,4),(3,3),(0.,0.5,1.),(0.,1.),
 .UNSPECIFIED.)
GEOMETRIC_REPRESENTATION_ITEM()
RATIONAL_B_SPLINE_SURFACE(((1.,0.707106781186548,1.),(1.,0.731171402957811,
1.),(1.,0.753520142558041,1.),(1.,0.78466885876281,1.),(1.,0.793466026481793,
1.),(1.,0.793353340291236,1.)))
REPRESENTATION_ITEM('')
SURFACE()
);
#80=(
BOUNDED_SURFACE()
B_SPLINE_SURFACE(3,2,((#8535,#8536,#8537),(#8538,#8539,#8540),(#8541,#8542,
#8543),(#8544,#8545,#8546),(#8547,#8548,#8549),(#8550,#8551,#8552)),
 .UNSPECIFIED.,.F.,.F.,.F.)
B_SPLINE_SURFACE_WITH_KNOTS((4,2,4),(3,3),(0.,0.5,1.),(0.,1.),
 .UNSPECIFIED.)
GEOMETRIC_REPRESENTATION_ITEM()
RATIONAL_B_SPLINE_SURFACE(((1.,0.707106781186547,1.),(1.,0.707106781186547,
1.),(1.,0.707106781186546,1.),(1.,0.707106781186546,1.),(1.,0.707106781186546,
1.),(1.,0.707106781186546,1.)))
REPRESENTATION_ITEM('')
SURFACE()
);
#81=(
BOUNDED_SURFACE()
B_SPLINE_SURFACE(3,2,((#8553,#8554,#8555),(#8556,#8557,#8558),(#8559,#8560,
#8561),(#8562,#8563,#8564),(#8565,#8566,#8567),(#8568,#8569,#8570),(#8571,
#8572,#8573),(#8574,#8575,#8576),(#8577,#8578,#8579),(#8580,#8581,#8582),
(#8583,#8584,#8585),(#8586,#8587,#8588),(#8589,#8590,#8591),(#8592,#8593,
#8594),(#8595,#8596,#8597),(#8598,#8599,#8600),(#8601,#8602,#8603),(#8604,
#8605,#8606)),.UNSPECIFIED.,.T.,.F.,.F.)
B_SPLINE_SURFACE_WITH_KNOTS((1,3,2,2,2,2,2,2,2,3,1),(3,3),(-0.125,0.,0.125,
0.25,0.375,0.5,0.625,0.75,0.875,1.,1.125),(0.,1.),.UNSPECIFIED.)
GEOMETRIC_REPRESENTATION_ITEM()
RATIONAL_B_SPLINE_SURFACE(((1.,0.608761429008721,1.),(1.,0.608761429008721,
1.),(1.,0.620393886840353,1.),(1.,0.657876270917999,1.),(1.,0.683150474638034,
1.),(1.,0.731063087735061,1.),(1.,0.753520142406862,1.),(1.,0.784668858913989,
1.),(1.,0.793353340291235,1.),(1.,0.793353340291235,1.),(1.,0.784668858913989,
1.),(1.,0.753520142406862,1.),(1.,0.731063087734921,1.),(1.,0.683150474638174,
1.),(1.,0.657876270917553,1.),(1.,0.620393886840799,1.),(1.,0.608761429008721,
1.),(1.,0.608761429008721,1.)))
REPRESENTATION_ITEM('')
SURFACE()
);
#82=(
BOUNDED_SURFACE()
B_SPLINE_SURFACE(3,2,((#8607,#8608,#8609),(#8610,#8611,#8612),(#8613,#8614,
#8615),(#8616,#8617,#8618),(#8619,#8620,#8621),(#8622,#8623,#8624),(#8625,
#8626,#8627),(#8628,#8629,#8630),(#8631,#8632,#8633),(#8634,#8635,#8636),
(#8637,#8638,#8639),(#8640,#8641,#8642),(#8643,#8644,#8645),(#8646,#8647,
#8648),(#8649,#8650,#8651),(#8652,#8653,#8654),(#8655,#8656,#8657),(#8658,
#8659,#8660)),.UNSPECIFIED.,.T.,.F.,.F.)
B_SPLINE_SURFACE_WITH_KNOTS((1,3,2,2,2,2,2,2,2,3,1),(3,3),(-0.125,0.,0.125,
0.25,0.375,0.5,0.625,0.75,0.875,1.,1.125),(0.,1.),.UNSPECIFIED.)
GEOMETRIC_REPRESENTATION_ITEM()
RATIONAL_B_SPLINE_SURFACE(((1.,0.608761429008721,1.),(1.,0.608761429008721,
1.),(1.,0.620393886840353,1.),(1.,0.657876270917999,1.),(1.,0.683150474638034,
1.),(1.,0.731063087735061,1.),(1.,0.753520142406862,1.),(1.,0.784668858913989,
1.),(1.,0.793353340291235,1.),(1.,0.793353340291235,1.),(1.,0.784668858913989,
1.),(1.,0.753520142406862,1.),(1.,0.731063087734921,1.),(1.,0.683150474638174,
1.),(1.,0.657876270917553,1.),(1.,0.620393886840799,1.),(1.,0.608761429008721,
1.),(1.,0.608761429008721,1.)))
REPRESENTATION_ITEM('')
SURFACE()
);
#83=B_SPLINE_CURVE_WITH_KNOTS('',3,(#8238,#8239,#8240,#8241,#8242,#8243,
#8244,#8245,#8246,#8247,#8248,#8249,#8250,#8251,#8252,#8253),
 .UNSPECIFIED.,.F.,.F.,(4,3,3,3,3,4),(0.,0.223901846399686,0.447990664535378,
0.667721151979679,0.881441743126543,1.),.UNSPECIFIED.);
#84=B_SPLINE_CURVE_WITH_KNOTS('',3,(#8257,#8258,#8259,#8260,#8261,#8262,
#8263,#8264,#8265,#8266,#8267,#8268,#8269,#8270,#8271,#8272),
 .UNSPECIFIED.,.F.,.F.,(4,3,3,3,3,4),(0.,0.118558256873413,0.332278848020255,
0.552009335464565,0.776098153600284,1.),.UNSPECIFIED.);
#85=FACE_BOUND('',#1287,.T.);
#86=FACE_BOUND('',#1288,.T.);
#87=FACE_BOUND('',#1294,.T.);
#88=FACE_BOUND('',#1295,.T.);
#89=FACE_BOUND('',#1296,.T.);
#90=FACE_BOUND('',#1297,.T.);
#91=FACE_BOUND('',#1298,.T.);
#92=FACE_BOUND('',#1299,.T.);
#93=FACE_BOUND('',#1304,.T.);
#94=FACE_BOUND('',#1305,.T.);
#95=FACE_BOUND('',#1306,.T.);
#96=FACE_BOUND('',#1307,.T.);
#97=FACE_BOUND('',#1308,.T.);
#98=FACE_BOUND('',#1309,.T.);
#99=FACE_BOUND('',#1310,.T.);
#100=FACE_BOUND('',#1337,.T.);
#101=FACE_BOUND('',#1338,.T.);
#102=FACE_BOUND('',#1339,.T.);
#103=FACE_BOUND('',#1340,.T.);
#104=FACE_BOUND('',#1341,.T.);
#105=FACE_BOUND('',#1342,.T.);
#106=FACE_BOUND('',#1343,.T.);
#107=FACE_BOUND('',#1344,.T.);
#108=FACE_BOUND('',#1345,.T.);
#109=FACE_BOUND('',#1346,.T.);
#110=FACE_BOUND('',#1347,.T.);
#111=FACE_BOUND('',#1348,.T.);
#112=FACE_BOUND('',#1349,.T.);
#113=FACE_BOUND('',#1350,.T.);
#114=FACE_BOUND('',#1351,.T.);
#115=FACE_BOUND('',#1352,.T.);
#116=FACE_BOUND('',#1387,.T.);
#117=FACE_BOUND('',#1388,.T.);
#118=FACE_BOUND('',#1389,.T.);
#119=FACE_BOUND('',#1390,.T.);
#120=FACE_BOUND('',#1391,.T.);
#121=FACE_BOUND('',#1392,.T.);
#122=FACE_BOUND('',#1393,.T.);
#123=FACE_BOUND('',#1394,.T.);
#124=FACE_BOUND('',#1395,.T.);
#125=FACE_BOUND('',#1396,.T.);
#126=FACE_BOUND('',#1397,.T.);
#127=FACE_BOUND('',#1398,.T.);
#128=FACE_BOUND('',#1399,.T.);
#129=FACE_BOUND('',#1400,.T.);
#130=FACE_BOUND('',#1440,.T.);
#131=FACE_BOUND('',#1441,.T.);
#132=FACE_BOUND('',#1442,.T.);
#133=FACE_BOUND('',#1443,.T.);
#134=FACE_BOUND('',#1469,.T.);
#135=FACE_BOUND('',#1470,.T.);
#136=FACE_BOUND('',#1471,.T.);
#137=FACE_BOUND('',#1472,.T.);
#138=FACE_BOUND('',#1480,.T.);
#139=FACE_BOUND('',#1481,.T.);
#140=FACE_BOUND('',#1482,.T.);
#141=FACE_BOUND('',#1483,.T.);
#142=FACE_BOUND('',#1487,.T.);
#143=FACE_BOUND('',#1488,.T.);
#144=FACE_BOUND('',#1489,.T.);
#145=FACE_BOUND('',#1490,.T.);
#146=FACE_BOUND('',#1491,.T.);
#147=FACE_BOUND('',#1492,.T.);
#148=FACE_BOUND('',#1493,.T.);
#149=FACE_BOUND('',#1494,.T.);
#150=FACE_BOUND('',#1495,.T.);
#151=FACE_BOUND('',#1496,.T.);
#152=FACE_BOUND('',#1497,.T.);
#153=FACE_BOUND('',#1498,.T.);
#154=FACE_BOUND('',#1499,.T.);
#155=FACE_BOUND('',#1500,.T.);
#156=FACE_BOUND('',#1502,.T.);
#157=FACE_BOUND('',#1503,.T.);
#158=FACE_BOUND('',#1526,.T.);
#159=FACE_BOUND('',#1527,.T.);
#160=FACE_BOUND('',#1544,.T.);
#161=FACE_BOUND('',#1545,.T.);
#162=FACE_BOUND('',#1546,.T.);
#163=FACE_BOUND('',#1547,.T.);
#164=FACE_BOUND('',#1548,.T.);
#165=FACE_BOUND('',#1549,.T.);
#166=FACE_BOUND('',#1550,.T.);
#167=FACE_BOUND('',#1551,.T.);
#168=FACE_BOUND('',#1566,.T.);
#169=FACE_BOUND('',#1567,.T.);
#170=FACE_BOUND('',#1579,.T.);
#171=FACE_BOUND('',#1580,.T.);
#172=FACE_BOUND('',#1581,.T.);
#173=FACE_BOUND('',#1582,.T.);
#174=FACE_BOUND('',#1583,.T.);
#175=FACE_BOUND('',#1584,.T.);
#176=FACE_BOUND('',#1585,.T.);
#177=FACE_BOUND('',#1586,.T.);
#178=FACE_BOUND('',#1593,.T.);
#179=FACE_BOUND('',#1594,.T.);
#180=FACE_BOUND('',#1595,.T.);
#181=FACE_BOUND('',#1596,.T.);
#182=FACE_BOUND('',#1597,.T.);
#183=FACE_BOUND('',#1598,.T.);
#184=FACE_BOUND('',#1599,.T.);
#185=FACE_BOUND('',#1600,.T.);
#186=FACE_BOUND('',#1601,.T.);
#187=FACE_BOUND('',#1602,.T.);
#188=FACE_BOUND('',#1627,.T.);
#189=FACE_BOUND('',#1628,.T.);
#190=FACE_BOUND('',#1629,.T.);
#191=FACE_BOUND('',#1630,.T.);
#192=CYLINDRICAL_SURFACE('',#5903,3.6);
#193=CYLINDRICAL_SURFACE('',#5905,3.6);
#194=CYLINDRICAL_SURFACE('',#5910,3.3);
#195=CYLINDRICAL_SURFACE('',#5912,6.);
#196=CYLINDRICAL_SURFACE('',#5914,6.);
#197=CYLINDRICAL_SURFACE('',#5931,3.3);
#198=CYLINDRICAL_SURFACE('',#5934,2.4);
#199=CYLINDRICAL_SURFACE('',#5938,2.4);
#200=CYLINDRICAL_SURFACE('',#5950,5.7);
#201=CYLINDRICAL_SURFACE('',#5952,5.7);
#202=CYLINDRICAL_SURFACE('',#5955,4.8);
#203=CYLINDRICAL_SURFACE('',#5958,4.8);
#204=CYLINDRICAL_SURFACE('',#5961,4.8);
#205=CYLINDRICAL_SURFACE('',#5963,4.8);
#206=CYLINDRICAL_SURFACE('',#5966,6.);
#207=CYLINDRICAL_SURFACE('',#5968,6.);
#208=CYLINDRICAL_SURFACE('',#5972,2.4);
#209=CYLINDRICAL_SURFACE('',#5974,2.4);
#210=CYLINDRICAL_SURFACE('',#5978,2.4);
#211=CYLINDRICAL_SURFACE('',#5980,2.4);
#212=CYLINDRICAL_SURFACE('',#5983,0.6);
#213=CYLINDRICAL_SURFACE('',#5986,0.6);
#214=CYLINDRICAL_SURFACE('',#5990,0.6);
#215=CYLINDRICAL_SURFACE('',#5992,0.6);
#216=CYLINDRICAL_SURFACE('',#6001,1.75);
#217=CYLINDRICAL_SURFACE('',#6002,1.75);
#218=CYLINDRICAL_SURFACE('',#6004,6.);
#219=CYLINDRICAL_SURFACE('',#6006,4.8);
#220=CYLINDRICAL_SURFACE('',#6009,4.8);
#221=CYLINDRICAL_SURFACE('',#6011,4.8);
#222=CYLINDRICAL_SURFACE('',#6013,4.8);
#223=CYLINDRICAL_SURFACE('',#6014,6.);
#224=CYLINDRICAL_SURFACE('',#6037,2.4);
#225=CYLINDRICAL_SURFACE('',#6038,2.4);
#226=CYLINDRICAL_SURFACE('',#6039,2.4);
#227=CYLINDRICAL_SURFACE('',#6040,2.4);
#228=CYLINDRICAL_SURFACE('',#6085,2.4);
#229=CYLINDRICAL_SURFACE('',#6088,2.4);
#230=CYLINDRICAL_SURFACE('',#6099,6.);
#231=CYLINDRICAL_SURFACE('',#6102,6.);
#232=CYLINDRICAL_SURFACE('',#6110,4.8);
#233=CYLINDRICAL_SURFACE('',#6112,4.8);
#234=CYLINDRICAL_SURFACE('',#6117,3.6);
#235=CYLINDRICAL_SURFACE('',#6119,3.6);
#236=CYLINDRICAL_SURFACE('',#6128,2.4);
#237=CYLINDRICAL_SURFACE('',#6132,1.2);
#238=CYLINDRICAL_SURFACE('',#6133,1.2);
#239=CYLINDRICAL_SURFACE('',#6135,2.4);
#240=CYLINDRICAL_SURFACE('',#6137,2.4);
#241=CYLINDRICAL_SURFACE('',#6139,6.);
#242=CYLINDRICAL_SURFACE('',#6140,6.);
#243=CYLINDRICAL_SURFACE('',#6141,4.8);
#244=CYLINDRICAL_SURFACE('',#6142,4.8);
#245=CYLINDRICAL_SURFACE('',#6143,3.6);
#246=CYLINDRICAL_SURFACE('',#6145,6.);
#247=CYLINDRICAL_SURFACE('',#6147,2.4);
#248=CYLINDRICAL_SURFACE('',#6151,2.4);
#249=CYLINDRICAL_SURFACE('',#6154,2.4);
#250=CYLINDRICAL_SURFACE('',#6159,2.4);
#251=CYLINDRICAL_SURFACE('',#6162,2.4);
#252=CYLINDRICAL_SURFACE('',#6178,4.8);
#253=CYLINDRICAL_SURFACE('',#6179,2.4);
#254=CYLINDRICAL_SURFACE('',#6180,2.4);
#255=CYLINDRICAL_SURFACE('',#6192,4.8);
#256=CYLINDRICAL_SURFACE('',#6193,2.4);
#257=CYLINDRICAL_SURFACE('',#6194,2.4);
#258=CYLINDRICAL_SURFACE('',#6196,4.8);
#259=CYLINDRICAL_SURFACE('',#6200,4.8);
#260=CYLINDRICAL_SURFACE('',#6203,2.4);
#261=CYLINDRICAL_SURFACE('',#6204,2.4);
#262=CYLINDRICAL_SURFACE('',#6206,2.4);
#263=CYLINDRICAL_SURFACE('',#6209,2.4);
#264=CYLINDRICAL_SURFACE('',#6264,2.4);
#265=CYLINDRICAL_SURFACE('',#6269,3.3);
#266=CYLINDRICAL_SURFACE('',#6272,2.);
#267=CYLINDRICAL_SURFACE('',#6277,1.8);
#268=CYLINDRICAL_SURFACE('',#6278,1.8);
#269=CYLINDRICAL_SURFACE('',#6279,1.8);
#270=CYLINDRICAL_SURFACE('',#6280,1.8);
#271=CYLINDRICAL_SURFACE('',#6281,2.4);
#272=CYLINDRICAL_SURFACE('',#6282,2.4);
#273=CYLINDRICAL_SURFACE('',#6283,2.4);
#274=CYLINDRICAL_SURFACE('',#6305,2.4);
#275=CYLINDRICAL_SURFACE('',#6306,2.4);
#276=CYLINDRICAL_SURFACE('',#6311,3.3);
#277=CYLINDRICAL_SURFACE('',#6314,2.1);
#278=CYLINDRICAL_SURFACE('',#6315,2.4);
#279=CYLINDRICAL_SURFACE('',#6316,2.4);
#280=CYLINDRICAL_SURFACE('',#6355,12.);
#281=CYLINDRICAL_SURFACE('',#6356,12.);
#282=CYLINDRICAL_SURFACE('',#6357,12.);
#283=CYLINDRICAL_SURFACE('',#6358,12.);
#284=CYLINDRICAL_SURFACE('',#6359,2.4);
#285=CYLINDRICAL_SURFACE('',#6360,2.4);
#286=ELLIPSE('',#5902,3.7269942494763,3.6);
#287=ELLIPSE('',#5904,3.7269942494763,3.6);
#288=ELLIPSE('',#5908,3.6362999117714,3.3);
#289=ELLIPSE('',#5909,3.41641139535327,3.3);
#290=ELLIPSE('',#5911,6.07704583952017,6.);
#291=ELLIPSE('',#5913,6.07704583952017,6.);
#292=ELLIPSE('',#5920,5.90107422833747,5.7);
#293=ELLIPSE('',#5921,5.90107422833747,5.7);
#294=ELLIPSE('',#5922,3.10582854123025,3.);
#295=ELLIPSE('',#5923,3.10582854123025,3.);
#296=ELLIPSE('',#5924,3.7269942494763,3.6);
#297=ELLIPSE('',#5925,3.7269942494763,3.6);
#298=ELLIPSE('',#5926,3.7269942494763,3.6);
#299=ELLIPSE('',#5927,3.7269942494763,3.6);
#300=ELLIPSE('',#5929,3.6362999117714,3.3);
#301=ELLIPSE('',#5930,3.41641139535327,3.3);
#302=ELLIPSE('',#5932,2.4846628329842,2.4);
#303=ELLIPSE('',#5933,2.5310414709207,2.4);
#304=ELLIPSE('',#5936,2.5310414709207,2.4);
#305=ELLIPSE('',#5937,2.4846628329842,2.4);
#306=ELLIPSE('',#5939,2.4846628329842,2.4);
#307=ELLIPSE('',#5940,2.4846628329842,2.4);
#308=ELLIPSE('',#5942,4.9693256659684,4.8);
#309=ELLIPSE('',#5943,4.9693256659684,4.8);
#310=ELLIPSE('',#5944,4.9693256659684,4.8);
#311=ELLIPSE('',#5945,4.9693256659684,4.8);
#312=ELLIPSE('',#5946,5.90107422833747,5.7);
#313=ELLIPSE('',#5947,5.90107422833747,5.7);
#314=ELLIPSE('',#5949,5.90107422833747,5.7);
#315=ELLIPSE('',#5951,5.90107422833747,5.7);
#316=ELLIPSE('',#5954,4.9693256659684,4.8);
#317=ELLIPSE('',#5957,4.9693256659684,4.8);
#318=ELLIPSE('',#5960,4.9693256659684,4.8);
#319=ELLIPSE('',#5962,4.9693256659684,4.8);
#320=ELLIPSE('',#5965,6.07704583952017,6.);
#321=ELLIPSE('',#5967,6.07704583952017,6.);
#322=ELLIPSE('',#5993,1.81173331571765,1.75);
#323=ELLIPSE('',#5995,1.81173331571765,1.75);
#324=ELLIPSE('',#5997,1.81173331571765,1.75);
#325=ELLIPSE('',#5999,1.81173331571765,1.75);
#326=CIRCLE('',#5874,6.);
#327=CIRCLE('',#5875,6.);
#328=CIRCLE('',#5876,6.);
#329=CIRCLE('',#5877,6.);
#330=CIRCLE('',#5878,4.8);
#331=CIRCLE('',#5879,4.8);
#332=CIRCLE('',#5881,4.8);
#333=CIRCLE('',#5885,2.4);
#334=CIRCLE('',#5886,2.4);
#335=CIRCLE('',#5888,4.8);
#336=CIRCLE('',#5889,4.8);
#337=CIRCLE('',#5890,6.);
#338=CIRCLE('',#5891,6.);
#339=CIRCLE('',#5895,3.6);
#340=CIRCLE('',#5896,3.6);
#341=CIRCLE('',#5897,4.8);
#342=CIRCLE('',#5898,4.8);
#343=CIRCLE('',#5900,6.);
#344=CIRCLE('',#5915,2.4);
#345=CIRCLE('',#5916,2.4);
#346=CIRCLE('',#5969,2.4);
#347=CIRCLE('',#5970,2.4);
#348=CIRCLE('',#5971,2.4);
#349=CIRCLE('',#5973,2.4);
#350=CIRCLE('',#5975,2.4);
#351=CIRCLE('',#5976,2.4);
#352=CIRCLE('',#5977,2.4);
#353=CIRCLE('',#5979,2.4);
#354=CIRCLE('',#5981,0.6);
#355=CIRCLE('',#5982,0.6);
#356=CIRCLE('',#5984,0.6);
#357=CIRCLE('',#5985,0.6);
#358=CIRCLE('',#5987,0.6);
#359=CIRCLE('',#5988,0.6);
#360=CIRCLE('',#5989,0.6);
#361=CIRCLE('',#5991,0.6);
#362=CIRCLE('',#6003,6.);
#363=CIRCLE('',#6005,4.8);
#364=CIRCLE('',#6018,2.4);
#365=CIRCLE('',#6019,2.4);
#366=CIRCLE('',#6027,2.4);
#367=CIRCLE('',#6034,2.4);
#368=CIRCLE('',#6043,2.4);
#369=CIRCLE('',#6044,2.4);
#370=CIRCLE('',#6045,3.6);
#371=CIRCLE('',#6046,3.6);
#372=CIRCLE('',#6047,2.4);
#373=CIRCLE('',#6048,3.6);
#374=CIRCLE('',#6049,3.6);
#375=CIRCLE('',#6050,1.2);
#376=CIRCLE('',#6051,1.2);
#377=CIRCLE('',#6052,2.4);
#378=CIRCLE('',#6054,4.8);
#379=CIRCLE('',#6055,4.8);
#380=CIRCLE('',#6056,2.4);
#381=CIRCLE('',#6057,4.8);
#382=CIRCLE('',#6058,2.4);
#383=CIRCLE('',#6059,4.8);
#384=CIRCLE('',#6060,3.6);
#385=CIRCLE('',#6061,2.4);
#386=CIRCLE('',#6062,4.8);
#387=CIRCLE('',#6063,2.4);
#388=CIRCLE('',#6064,2.4);
#389=CIRCLE('',#6065,3.6);
#390=CIRCLE('',#6066,3.6);
#391=CIRCLE('',#6067,2.4);
#392=CIRCLE('',#6068,1.2);
#393=CIRCLE('',#6069,1.2);
#394=CIRCLE('',#6071,4.8);
#395=CIRCLE('',#6072,4.8);
#396=CIRCLE('',#6073,6.);
#397=CIRCLE('',#6074,6.);
#398=CIRCLE('',#6076,3.6);
#399=CIRCLE('',#6077,3.6);
#400=CIRCLE('',#6078,4.8);
#401=CIRCLE('',#6079,4.8);
#402=CIRCLE('',#6083,2.4);
#403=CIRCLE('',#6084,2.4);
#404=CIRCLE('',#6086,2.4);
#405=CIRCLE('',#6087,2.4);
#406=CIRCLE('',#6093,6.);
#407=CIRCLE('',#6094,6.);
#408=CIRCLE('',#6095,4.8);
#409=CIRCLE('',#6096,6.);
#410=CIRCLE('',#6098,6.);
#411=CIRCLE('',#6101,6.);
#412=CIRCLE('',#6104,6.);
#413=CIRCLE('',#6105,4.8);
#414=CIRCLE('',#6106,3.6);
#415=CIRCLE('',#6107,4.8);
#416=CIRCLE('',#6122,2.4);
#417=CIRCLE('',#6124,2.4);
#418=CIRCLE('',#6134,2.4);
#419=CIRCLE('',#6136,2.4);
#420=CIRCLE('',#6138,6.);
#421=CIRCLE('',#6144,6.);
#422=CIRCLE('',#6146,2.4);
#423=CIRCLE('',#6148,2.4);
#424=CIRCLE('',#6150,2.4);
#425=CIRCLE('',#6153,2.4);
#426=CIRCLE('',#6155,2.4);
#427=CIRCLE('',#6157,2.4);
#428=CIRCLE('',#6171,2.4);
#429=CIRCLE('',#6172,2.4);
#430=CIRCLE('',#6173,4.8);
#431=CIRCLE('',#6174,2.4);
#432=CIRCLE('',#6176,2.4);
#433=CIRCLE('',#6185,2.4);
#434=CIRCLE('',#6186,2.4);
#435=CIRCLE('',#6187,4.8);
#436=CIRCLE('',#6188,2.4);
#437=CIRCLE('',#6190,2.4);
#438=CIRCLE('',#6195,4.8);
#439=CIRCLE('',#6197,2.4);
#440=CIRCLE('',#6199,4.8);
#441=CIRCLE('',#6201,2.4);
#442=CIRCLE('',#6205,2.4);
#443=CIRCLE('',#6208,2.4);
#444=CIRCLE('',#6227,2.4);
#445=CIRCLE('',#6228,2.4);
#446=CIRCLE('',#6229,1.8);
#447=CIRCLE('',#6230,1.8);
#448=CIRCLE('',#6231,1.8);
#449=CIRCLE('',#6232,1.8);
#450=CIRCLE('',#6234,2.4);
#451=CIRCLE('',#6238,1.8);
#452=CIRCLE('',#6239,1.8);
#453=CIRCLE('',#6240,1.8);
#454=CIRCLE('',#6241,1.8);
#455=CIRCLE('',#6243,2.4);
#456=CIRCLE('',#6244,3.3);
#457=CIRCLE('',#6247,2.4);
#458=CIRCLE('',#6249,2.4);
#459=CIRCLE('',#6257,2.4);
#460=CIRCLE('',#6260,2.4);
#461=CIRCLE('',#6266,2.);
#462=CIRCLE('',#6268,3.3);
#463=CIRCLE('',#6270,2.);
#464=CIRCLE('',#6284,2.4);
#465=CIRCLE('',#6285,2.4);
#466=CIRCLE('',#6289,3.3);
#467=CIRCLE('',#6290,2.4);
#468=CIRCLE('',#6292,2.4);
#469=CIRCLE('',#6293,2.4);
#470=CIRCLE('',#6297,2.4);
#471=CIRCLE('',#6299,2.4);
#472=CIRCLE('',#6303,2.4);
#473=CIRCLE('',#6308,2.1);
#474=CIRCLE('',#6310,3.3);
#475=CIRCLE('',#6312,2.1);
#476=CIRCLE('',#6321,2.4);
#477=CIRCLE('',#6322,2.4);
#478=CIRCLE('',#6323,12.);
#479=CIRCLE('',#6324,12.);
#480=CIRCLE('',#6325,12.);
#481=CIRCLE('',#6326,12.);
#482=CIRCLE('',#6328,12.);
#483=CIRCLE('',#6329,12.);
#484=CIRCLE('',#6330,12.);
#485=CIRCLE('',#6331,12.);
#486=CIRCLE('',#6332,2.4);
#487=CIRCLE('',#6333,2.4);
#488=ADVANCED_FACE('',(#1004),#800,.T.);
#489=ADVANCED_FACE('',(#1005),#801,.F.);
#490=ADVANCED_FACE('',(#1006),#802,.T.);
#491=ADVANCED_FACE('',(#1007),#803,.T.);
#492=ADVANCED_FACE('',(#1008),#804,.T.);
#493=ADVANCED_FACE('',(#1009),#805,.F.);
#494=ADVANCED_FACE('',(#1010),#806,.F.);
#495=ADVANCED_FACE('',(#1011),#807,.T.);
#496=ADVANCED_FACE('',(#1012),#808,.T.);
#497=ADVANCED_FACE('',(#1013),#809,.T.);
#498=ADVANCED_FACE('',(#1014),#810,.T.);
#499=ADVANCED_FACE('',(#1015),#192,.F.);
#500=ADVANCED_FACE('',(#1016),#193,.F.);
#501=ADVANCED_FACE('',(#1017),#811,.T.);
#502=ADVANCED_FACE('',(#1018),#812,.T.);
#503=ADVANCED_FACE('',(#85,#86),#194,.F.);
#504=ADVANCED_FACE('',(#1019),#195,.T.);
#505=ADVANCED_FACE('',(#1020),#196,.T.);
#506=ADVANCED_FACE('',(#1021),#813,.F.);
#507=ADVANCED_FACE('',(#1022),#814,.F.);
#508=ADVANCED_FACE('',(#1023),#815,.F.);
#509=ADVANCED_FACE('',(#87,#88,#89,#90),#816,.T.);
#510=ADVANCED_FACE('',(#91,#92),#197,.F.);
#511=ADVANCED_FACE('',(#1024),#198,.F.);
#512=ADVANCED_FACE('',(#1025),#817,.T.);
#513=ADVANCED_FACE('',(#1026),#199,.F.);
#514=ADVANCED_FACE('',(#1027),#818,.T.);
#515=ADVANCED_FACE('',(#93,#94,#95),#819,.F.);
#516=ADVANCED_FACE('',(#96,#97),#200,.T.);
#517=ADVANCED_FACE('',(#98,#99),#201,.T.);
#518=ADVANCED_FACE('',(#1028),#820,.F.);
#519=ADVANCED_FACE('',(#1029),#202,.T.);
#520=ADVANCED_FACE('',(#1030),#821,.F.);
#521=ADVANCED_FACE('',(#1031),#203,.T.);
#522=ADVANCED_FACE('',(#1032),#822,.F.);
#523=ADVANCED_FACE('',(#1033),#204,.T.);
#524=ADVANCED_FACE('',(#1034),#205,.T.);
#525=ADVANCED_FACE('',(#1035),#823,.F.);
#526=ADVANCED_FACE('',(#1036),#206,.T.);
#527=ADVANCED_FACE('',(#1037),#207,.T.);
#528=ADVANCED_FACE('',(#1038),#73,.T.);
#529=ADVANCED_FACE('',(#1039),#208,.T.);
#530=ADVANCED_FACE('',(#1040),#209,.T.);
#531=ADVANCED_FACE('',(#1041),#74,.T.);
#532=ADVANCED_FACE('',(#1042),#75,.T.);
#533=ADVANCED_FACE('',(#1043),#210,.T.);
#534=ADVANCED_FACE('',(#1044),#211,.T.);
#535=ADVANCED_FACE('',(#1045),#76,.T.);
#536=ADVANCED_FACE('',(#1046),#212,.T.);
#537=ADVANCED_FACE('',(#1047),#77,.T.);
#538=ADVANCED_FACE('',(#1048),#213,.T.);
#539=ADVANCED_FACE('',(#1049),#78,.T.);
#540=ADVANCED_FACE('',(#1050),#79,.T.);
#541=ADVANCED_FACE('',(#1051),#214,.T.);
#542=ADVANCED_FACE('',(#1052),#215,.T.);
#543=ADVANCED_FACE('',(#1053),#80,.T.);
#544=ADVANCED_FACE('',(#100,#101),#81,.T.);
#545=ADVANCED_FACE('',(#102,#103),#82,.T.);
#546=ADVANCED_FACE('',(#104,#105),#824,.T.);
#547=ADVANCED_FACE('',(#106,#107),#825,.F.);
#548=ADVANCED_FACE('',(#108,#109),#826,.T.);
#549=ADVANCED_FACE('',(#110,#111),#827,.F.);
#550=ADVANCED_FACE('',(#112,#113),#216,.F.);
#551=ADVANCED_FACE('',(#114,#115),#217,.F.);
#552=ADVANCED_FACE('',(#1054),#218,.F.);
#553=ADVANCED_FACE('',(#1055),#219,.F.);
#554=ADVANCED_FACE('',(#1056),#828,.T.);
#555=ADVANCED_FACE('',(#1057),#829,.T.);
#556=ADVANCED_FACE('',(#1058),#220,.F.);
#557=ADVANCED_FACE('',(#1059),#830,.T.);
#558=ADVANCED_FACE('',(#1060),#221,.F.);
#559=ADVANCED_FACE('',(#1061),#831,.T.);
#560=ADVANCED_FACE('',(#1062),#222,.F.);
#561=ADVANCED_FACE('',(#1063),#223,.F.);
#562=ADVANCED_FACE('',(#1064),#832,.T.);
#563=ADVANCED_FACE('',(#1065),#833,.F.);
#564=ADVANCED_FACE('',(#1066),#834,.T.);
#565=ADVANCED_FACE('',(#1067),#835,.T.);
#566=ADVANCED_FACE('',(#1068),#836,.T.);
#567=ADVANCED_FACE('',(#1069),#837,.F.);
#568=ADVANCED_FACE('',(#1070),#838,.F.);
#569=ADVANCED_FACE('',(#1071),#839,.F.);
#570=ADVANCED_FACE('',(#1072),#840,.F.);
#571=ADVANCED_FACE('',(#1073),#841,.F.);
#572=ADVANCED_FACE('',(#1074),#842,.T.);
#573=ADVANCED_FACE('',(#1075),#843,.F.);
#574=ADVANCED_FACE('',(#1076),#844,.F.);
#575=ADVANCED_FACE('',(#1077),#845,.T.);
#576=ADVANCED_FACE('',(#1078),#846,.F.);
#577=ADVANCED_FACE('',(#1079),#847,.F.);
#578=ADVANCED_FACE('',(#1080),#848,.T.);
#579=ADVANCED_FACE('',(#1081),#849,.F.);
#580=ADVANCED_FACE('',(#1082),#224,.F.);
#581=ADVANCED_FACE('',(#1083),#225,.F.);
#582=ADVANCED_FACE('',(#1084),#226,.F.);
#583=ADVANCED_FACE('',(#1085),#227,.F.);
#584=ADVANCED_FACE('',(#1086),#850,.F.);
#585=ADVANCED_FACE('',(#1087),#851,.F.);
#586=ADVANCED_FACE('',(#116,#117,#118,#119,#120,#121,#122),#852,.F.);
#587=ADVANCED_FACE('',(#123,#124,#125,#126,#127,#128,#129),#853,.T.);
#588=ADVANCED_FACE('',(#1088),#854,.T.);
#589=ADVANCED_FACE('',(#1089),#855,.F.);
#590=ADVANCED_FACE('',(#1090),#856,.F.);
#591=ADVANCED_FACE('',(#1091),#857,.T.);
#592=ADVANCED_FACE('',(#1092),#228,.T.);
#593=ADVANCED_FACE('',(#1093),#229,.T.);
#594=ADVANCED_FACE('',(#1094),#858,.F.);
#595=ADVANCED_FACE('',(#1095),#859,.F.);
#596=ADVANCED_FACE('',(#1096),#860,.T.);
#597=ADVANCED_FACE('',(#1097),#861,.F.);
#598=ADVANCED_FACE('',(#1098),#862,.T.);
#599=ADVANCED_FACE('',(#1099),#230,.T.);
#600=ADVANCED_FACE('',(#1100),#863,.F.);
#601=ADVANCED_FACE('',(#1101),#231,.T.);
#602=ADVANCED_FACE('',(#1102),#864,.F.);
#603=ADVANCED_FACE('',(#1103),#865,.F.);
#604=ADVANCED_FACE('',(#1104),#866,.F.);
#605=ADVANCED_FACE('',(#1105),#232,.T.);
#606=ADVANCED_FACE('',(#1106),#867,.F.);
#607=ADVANCED_FACE('',(#1107),#233,.T.);
#608=ADVANCED_FACE('',(#1108),#868,.F.);
#609=ADVANCED_FACE('',(#1109),#869,.F.);
#610=ADVANCED_FACE('',(#1110),#870,.T.);
#611=ADVANCED_FACE('',(#1111),#871,.T.);
#612=ADVANCED_FACE('',(#1112),#234,.F.);
#613=ADVANCED_FACE('',(#1113),#872,.T.);
#614=ADVANCED_FACE('',(#1114),#235,.F.);
#615=ADVANCED_FACE('',(#1115),#873,.T.);
#616=ADVANCED_FACE('',(#1116),#874,.F.);
#617=ADVANCED_FACE('',(#1117),#875,.F.);
#618=ADVANCED_FACE('',(#1118),#876,.F.);
#619=ADVANCED_FACE('',(#1119),#877,.T.);
#620=ADVANCED_FACE('',(#1120),#878,.T.);
#621=ADVANCED_FACE('',(#1121),#236,.F.);
#622=ADVANCED_FACE('',(#1122),#879,.F.);
#623=ADVANCED_FACE('',(#1123),#880,.F.);
#624=ADVANCED_FACE('',(#1124),#881,.F.);
#625=ADVANCED_FACE('',(#1125),#237,.F.);
#626=ADVANCED_FACE('',(#1126),#238,.F.);
#627=ADVANCED_FACE('',(#130,#131),#239,.F.);
#628=ADVANCED_FACE('',(#132,#133),#240,.F.);
#629=ADVANCED_FACE('',(#1127),#241,.T.);
#630=ADVANCED_FACE('',(#1128),#242,.T.);
#631=ADVANCED_FACE('',(#1129),#243,.F.);
#632=ADVANCED_FACE('',(#1130),#244,.T.);
#633=ADVANCED_FACE('',(#1131),#245,.F.);
#634=ADVANCED_FACE('',(#1132),#246,.T.);
#635=ADVANCED_FACE('',(#1133),#247,.T.);
#636=ADVANCED_FACE('',(#1134),#34,.T.);
#637=ADVANCED_FACE('',(#1135),#248,.T.);
#638=ADVANCED_FACE('',(#1136),#35,.T.);
#639=ADVANCED_FACE('',(#1137),#249,.T.);
#640=ADVANCED_FACE('',(#1138),#36,.T.);
#641=ADVANCED_FACE('',(#1139),#37,.T.);
#642=ADVANCED_FACE('',(#1140),#250,.T.);
#643=ADVANCED_FACE('',(#1141),#882,.F.);
#644=ADVANCED_FACE('',(#1142),#883,.F.);
#645=ADVANCED_FACE('',(#1143),#251,.F.);
#646=ADVANCED_FACE('',(#1144),#884,.F.);
#647=ADVANCED_FACE('',(#1145),#885,.F.);
#648=ADVANCED_FACE('',(#1146),#886,.T.);
#649=ADVANCED_FACE('',(#1147),#887,.T.);
#650=ADVANCED_FACE('',(#1148),#888,.T.);
#651=ADVANCED_FACE('',(#1149),#889,.F.);
#652=ADVANCED_FACE('',(#1150),#890,.F.);
#653=ADVANCED_FACE('',(#1151),#891,.F.);
#654=ADVANCED_FACE('',(#134,#135),#892,.T.);
#655=ADVANCED_FACE('',(#136,#137),#893,.F.);
#656=ADVANCED_FACE('',(#1152),#252,.T.);
#657=ADVANCED_FACE('',(#1153),#253,.F.);
#658=ADVANCED_FACE('',(#1154),#254,.F.);
#659=ADVANCED_FACE('',(#1155),#894,.T.);
#660=ADVANCED_FACE('',(#1156),#895,.F.);
#661=ADVANCED_FACE('',(#1157),#896,.F.);
#662=ADVANCED_FACE('',(#1158),#897,.F.);
#663=ADVANCED_FACE('',(#138,#139),#898,.T.);
#664=ADVANCED_FACE('',(#140,#141),#899,.F.);
#665=ADVANCED_FACE('',(#1159),#255,.T.);
#666=ADVANCED_FACE('',(#1160),#256,.F.);
#667=ADVANCED_FACE('',(#1161),#257,.F.);
#668=ADVANCED_FACE('',(#142,#143),#258,.T.);
#669=ADVANCED_FACE('',(#144,#145),#900,.T.);
#670=ADVANCED_FACE('',(#146,#147),#259,.T.);
#671=ADVANCED_FACE('',(#148,#149),#901,.T.);
#672=ADVANCED_FACE('',(#150,#151),#260,.F.);
#673=ADVANCED_FACE('',(#152,#153),#261,.F.);
#674=ADVANCED_FACE('',(#154,#155),#262,.F.);
#675=ADVANCED_FACE('',(#1162),#902,.F.);
#676=ADVANCED_FACE('',(#156,#157),#263,.F.);
#677=ADVANCED_FACE('',(#1163),#903,.F.);
#678=ADVANCED_FACE('',(#1164),#904,.F.);
#679=ADVANCED_FACE('',(#1165),#905,.F.);
#680=ADVANCED_FACE('',(#1166),#906,.F.);
#681=ADVANCED_FACE('',(#1167),#907,.F.);
#682=ADVANCED_FACE('',(#1168),#908,.F.);
#683=ADVANCED_FACE('',(#1169),#909,.F.);
#684=ADVANCED_FACE('',(#1170),#910,.F.);
#685=ADVANCED_FACE('',(#1171),#911,.F.);
#686=ADVANCED_FACE('',(#1172),#912,.F.);
#687=ADVANCED_FACE('',(#1173),#913,.F.);
#688=ADVANCED_FACE('',(#1174),#914,.F.);
#689=ADVANCED_FACE('',(#1175),#915,.F.);
#690=ADVANCED_FACE('',(#1176),#916,.F.);
#691=ADVANCED_FACE('',(#1177),#917,.F.);
#692=ADVANCED_FACE('',(#1178),#918,.F.);
#693=ADVANCED_FACE('',(#1179),#919,.F.);
#694=ADVANCED_FACE('',(#1180),#920,.F.);
#695=ADVANCED_FACE('',(#1181),#921,.T.);
#696=ADVANCED_FACE('',(#1182),#922,.T.);
#697=ADVANCED_FACE('',(#1183),#923,.T.);
#698=ADVANCED_FACE('',(#1184),#924,.T.);
#699=ADVANCED_FACE('',(#158,#159),#925,.F.);
#700=ADVANCED_FACE('',(#1185),#926,.F.);
#701=ADVANCED_FACE('',(#1186),#927,.F.);
#702=ADVANCED_FACE('',(#1187),#928,.F.);
#703=ADVANCED_FACE('',(#1188),#929,.T.);
#704=ADVANCED_FACE('',(#1189),#930,.T.);
#705=ADVANCED_FACE('',(#1190),#931,.T.);
#706=ADVANCED_FACE('',(#1191),#932,.T.);
#707=ADVANCED_FACE('',(#1192),#933,.T.);
#708=ADVANCED_FACE('',(#1193),#934,.T.);
#709=ADVANCED_FACE('',(#1194),#935,.T.);
#710=ADVANCED_FACE('',(#1195),#936,.T.);
#711=ADVANCED_FACE('',(#1196),#937,.T.);
#712=ADVANCED_FACE('',(#1197),#938,.F.);
#713=ADVANCED_FACE('',(#1198),#939,.F.);
#714=ADVANCED_FACE('',(#1199),#264,.T.);
#715=ADVANCED_FACE('',(#1200),#940,.T.);
#716=ADVANCED_FACE('',(#160,#161),#941,.F.);
#717=ADVANCED_FACE('',(#162,#163),#265,.F.);
#718=ADVANCED_FACE('',(#164,#165),#942,.T.);
#719=ADVANCED_FACE('',(#166,#167),#266,.F.);
#720=ADVANCED_FACE('',(#1201),#943,.T.);
#721=ADVANCED_FACE('',(#1202),#944,.T.);
#722=ADVANCED_FACE('',(#1203),#945,.F.);
#723=ADVANCED_FACE('',(#1204),#946,.F.);
#724=ADVANCED_FACE('',(#1205),#267,.F.);
#725=ADVANCED_FACE('',(#1206),#268,.F.);
#726=ADVANCED_FACE('',(#1207),#269,.F.);
#727=ADVANCED_FACE('',(#1208),#270,.F.);
#728=ADVANCED_FACE('',(#1209),#271,.T.);
#729=ADVANCED_FACE('',(#1210),#272,.T.);
#730=ADVANCED_FACE('',(#1211),#273,.T.);
#731=ADVANCED_FACE('',(#1212),#947,.F.);
#732=ADVANCED_FACE('',(#1213),#948,.T.);
#733=ADVANCED_FACE('',(#1214),#949,.T.);
#734=ADVANCED_FACE('',(#168,#169),#950,.F.);
#735=ADVANCED_FACE('',(#1215),#951,.F.);
#736=ADVANCED_FACE('',(#1216),#952,.F.);
#737=ADVANCED_FACE('',(#1217),#953,.F.);
#738=ADVANCED_FACE('',(#1218),#954,.T.);
#739=ADVANCED_FACE('',(#1219),#955,.T.);
#740=ADVANCED_FACE('',(#1220),#956,.F.);
#741=ADVANCED_FACE('',(#1221),#957,.F.);
#742=ADVANCED_FACE('',(#1222),#958,.T.);
#743=ADVANCED_FACE('',(#1223),#274,.T.);
#744=ADVANCED_FACE('',(#1224),#275,.T.);
#745=ADVANCED_FACE('',(#1225),#959,.T.);
#746=ADVANCED_FACE('',(#170,#171),#960,.F.);
#747=ADVANCED_FACE('',(#172,#173),#276,.F.);
#748=ADVANCED_FACE('',(#174,#175),#961,.T.);
#749=ADVANCED_FACE('',(#176,#177),#277,.F.);
#750=ADVANCED_FACE('',(#1226),#278,.T.);
#751=ADVANCED_FACE('',(#1227),#279,.T.);
#752=ADVANCED_FACE('',(#1228),#962,.T.);
#753=ADVANCED_FACE('',(#1229),#963,.T.);
#754=ADVANCED_FACE('',(#1230),#964,.T.);
#755=ADVANCED_FACE('',(#1231),#965,.T.);
#756=ADVANCED_FACE('',(#178,#179,#180),#966,.F.);
#757=ADVANCED_FACE('',(#181,#182,#183,#184,#185,#186,#187),#967,.T.);
#758=ADVANCED_FACE('',(#1232),#968,.T.);
#759=ADVANCED_FACE('',(#1233),#969,.T.);
#760=ADVANCED_FACE('',(#1234),#970,.T.);
#761=ADVANCED_FACE('',(#1235),#971,.T.);
#762=ADVANCED_FACE('',(#1236),#972,.T.);
#763=ADVANCED_FACE('',(#1237),#973,.T.);
#764=ADVANCED_FACE('',(#1238),#974,.T.);
#765=ADVANCED_FACE('',(#1239),#975,.T.);
#766=ADVANCED_FACE('',(#1240),#976,.T.);
#767=ADVANCED_FACE('',(#1241),#977,.T.);
#768=ADVANCED_FACE('',(#1242),#978,.T.);
#769=ADVANCED_FACE('',(#1243),#979,.T.);
#770=ADVANCED_FACE('',(#1244),#980,.T.);
#771=ADVANCED_FACE('',(#1245),#981,.T.);
#772=ADVANCED_FACE('',(#1246),#982,.T.);
#773=ADVANCED_FACE('',(#1247),#983,.T.);
#774=ADVANCED_FACE('',(#1248),#984,.T.);
#775=ADVANCED_FACE('',(#1249),#985,.T.);
#776=ADVANCED_FACE('',(#1250),#986,.T.);
#777=ADVANCED_FACE('',(#1251),#987,.T.);
#778=ADVANCED_FACE('',(#1252),#280,.T.);
#779=ADVANCED_FACE('',(#1253),#281,.T.);
#780=ADVANCED_FACE('',(#1254),#282,.T.);
#781=ADVANCED_FACE('',(#1255),#283,.T.);
#782=ADVANCED_FACE('',(#188,#189),#284,.F.);
#783=ADVANCED_FACE('',(#190,#191),#285,.F.);
#784=ADVANCED_FACE('',(#1256),#988,.F.);
#785=ADVANCED_FACE('',(#1257),#989,.T.);
#786=ADVANCED_FACE('',(#1258),#990,.F.);
#787=ADVANCED_FACE('',(#1259),#991,.T.);
#788=ADVANCED_FACE('',(#1260),#992,.F.);
#789=ADVANCED_FACE('',(#1261),#993,.T.);
#790=ADVANCED_FACE('',(#1262),#994,.F.);
#791=ADVANCED_FACE('',(#1263),#995,.T.);
#792=ADVANCED_FACE('',(#1264),#996,.T.);
#793=ADVANCED_FACE('',(#1265),#997,.T.);
#794=ADVANCED_FACE('',(#1266),#998,.T.);
#795=ADVANCED_FACE('',(#1267),#999,.T.);
#796=ADVANCED_FACE('',(#1268),#1000,.T.);
#797=ADVANCED_FACE('',(#1269),#1001,.T.);
#798=ADVANCED_FACE('',(#1270),#1002,.T.);
#799=ADVANCED_FACE('',(#1271),#1003,.T.);
#800=PLANE('',#5873);
#801=PLANE('',#5880);
#802=PLANE('',#5882);
#803=PLANE('',#5883);
#804=PLANE('',#5884);
#805=PLANE('',#5887);
#806=PLANE('',#5892);
#807=PLANE('',#5893);
#808=PLANE('',#5894);
#809=PLANE('',#5899);
#810=PLANE('',#5901);
#811=PLANE('',#5906);
#812=PLANE('',#5907);
#813=PLANE('',#5917);
#814=PLANE('',#5918);
#815=PLANE('',#5919);
#816=PLANE('',#5928);
#817=PLANE('',#5935);
#818=PLANE('',#5941);
#819=PLANE('',#5948);
#820=PLANE('',#5953);
#821=PLANE('',#5956);
#822=PLANE('',#5959);
#823=PLANE('',#5964);
#824=PLANE('',#5994);
#825=PLANE('',#5996);
#826=PLANE('',#5998);
#827=PLANE('',#6000);
#828=PLANE('',#6007);
#829=PLANE('',#6008);
#830=PLANE('',#6010);
#831=PLANE('',#6012);
#832=PLANE('',#6015);
#833=PLANE('',#6016);
#834=PLANE('',#6017);
#835=PLANE('',#6020);
#836=PLANE('',#6021);
#837=PLANE('',#6022);
#838=PLANE('',#6023);
#839=PLANE('',#6024);
#840=PLANE('',#6025);
#841=PLANE('',#6026);
#842=PLANE('',#6028);
#843=PLANE('',#6029);
#844=PLANE('',#6030);
#845=PLANE('',#6031);
#846=PLANE('',#6032);
#847=PLANE('',#6033);
#848=PLANE('',#6035);
#849=PLANE('',#6036);
#850=PLANE('',#6041);
#851=PLANE('',#6042);
#852=PLANE('',#6053);
#853=PLANE('',#6070);
#854=PLANE('',#6075);
#855=PLANE('',#6080);
#856=PLANE('',#6081);
#857=PLANE('',#6082);
#858=PLANE('',#6089);
#859=PLANE('',#6090);
#860=PLANE('',#6091);
#861=PLANE('',#6092);
#862=PLANE('',#6097);
#863=PLANE('',#6100);
#864=PLANE('',#6103);
#865=PLANE('',#6108);
#866=PLANE('',#6109);
#867=PLANE('',#6111);
#868=PLANE('',#6113);
#869=PLANE('',#6114);
#870=PLANE('',#6115);
#871=PLANE('',#6116);
#872=PLANE('',#6118);
#873=PLANE('',#6120);
#874=PLANE('',#6121);
#875=PLANE('',#6123);
#876=PLANE('',#6125);
#877=PLANE('',#6126);
#878=PLANE('',#6127);
#879=PLANE('',#6129);
#880=PLANE('',#6130);
#881=PLANE('',#6131);
#882=PLANE('',#6160);
#883=PLANE('',#6161);
#884=PLANE('',#6163);
#885=PLANE('',#6164);
#886=PLANE('',#6165);
#887=PLANE('',#6166);
#888=PLANE('',#6167);
#889=PLANE('',#6168);
#890=PLANE('',#6169);
#891=PLANE('',#6170);
#892=PLANE('',#6175);
#893=PLANE('',#6177);
#894=PLANE('',#6181);
#895=PLANE('',#6182);
#896=PLANE('',#6183);
#897=PLANE('',#6184);
#898=PLANE('',#6189);
#899=PLANE('',#6191);
#900=PLANE('',#6198);
#901=PLANE('',#6202);
#902=PLANE('',#6207);
#903=PLANE('',#6210);
#904=PLANE('',#6211);
#905=PLANE('',#6212);
#906=PLANE('',#6213);
#907=PLANE('',#6214);
#908=PLANE('',#6215);
#909=PLANE('',#6216);
#910=PLANE('',#6217);
#911=PLANE('',#6218);
#912=PLANE('',#6219);
#913=PLANE('',#6220);
#914=PLANE('',#6221);
#915=PLANE('',#6222);
#916=PLANE('',#6223);
#917=PLANE('',#6224);
#918=PLANE('',#6225);
#919=PLANE('',#6226);
#920=PLANE('',#6233);
#921=PLANE('',#6235);
#922=PLANE('',#6236);
#923=PLANE('',#6237);
#924=PLANE('',#6242);
#925=PLANE('',#6245);
#926=PLANE('',#6246);
#927=PLANE('',#6248);
#928=PLANE('',#6250);
#929=PLANE('',#6251);
#930=PLANE('',#6252);
#931=PLANE('',#6253);
#932=PLANE('',#6254);
#933=PLANE('',#6255);
#934=PLANE('',#6256);
#935=PLANE('',#6258);
#936=PLANE('',#6259);
#937=PLANE('',#6261);
#938=PLANE('',#6262);
#939=PLANE('',#6263);
#940=PLANE('',#6265);
#941=PLANE('',#6267);
#942=PLANE('',#6271);
#943=PLANE('',#6273);
#944=PLANE('',#6274);
#945=PLANE('',#6275);
#946=PLANE('',#6276);
#947=PLANE('',#6286);
#948=PLANE('',#6287);
#949=PLANE('',#6288);
#950=PLANE('',#6291);
#951=PLANE('',#6294);
#952=PLANE('',#6295);
#953=PLANE('',#6296);
#954=PLANE('',#6298);
#955=PLANE('',#6300);
#956=PLANE('',#6301);
#957=PLANE('',#6302);
#958=PLANE('',#6304);
#959=PLANE('',#6307);
#960=PLANE('',#6309);
#961=PLANE('',#6313);
#962=PLANE('',#6317);
#963=PLANE('',#6318);
#964=PLANE('',#6319);
#965=PLANE('',#6320);
#966=PLANE('',#6327);
#967=PLANE('',#6334);
#968=PLANE('',#6335);
#969=PLANE('',#6336);
#970=PLANE('',#6337);
#971=PLANE('',#6338);
#972=PLANE('',#6339);
#973=PLANE('',#6340);
#974=PLANE('',#6341);
#975=PLANE('',#6342);
#976=PLANE('',#6343);
#977=PLANE('',#6344);
#978=PLANE('',#6345);
#979=PLANE('',#6346);
#980=PLANE('',#6347);
#981=PLANE('',#6348);
#982=PLANE('',#6349);
#983=PLANE('',#6350);
#984=PLANE('',#6351);
#985=PLANE('',#6352);
#986=PLANE('',#6353);
#987=PLANE('',#6354);
#988=PLANE('',#6361);
#989=PLANE('',#6362);
#990=PLANE('',#6363);
#991=PLANE('',#6364);
#992=PLANE('',#6365);
#993=PLANE('',#6366);
#994=PLANE('',#6367);
#995=PLANE('',#6368);
#996=PLANE('',#6369);
#997=PLANE('',#6370);
#998=PLANE('',#6371);
#999=PLANE('',#6372);
#1000=PLANE('',#6373);
#1001=PLANE('',#6374);
#1002=PLANE('',#6375);
#1003=PLANE('',#6376);
#1004=FACE_OUTER_BOUND('',#1272,.T.);
#1005=FACE_OUTER_BOUND('',#1273,.T.);
#1006=FACE_OUTER_BOUND('',#1274,.T.);
#1007=FACE_OUTER_BOUND('',#1275,.T.);
#1008=FACE_OUTER_BOUND('',#1276,.T.);
#1009=FACE_OUTER_BOUND('',#1277,.T.);
#1010=FACE_OUTER_BOUND('',#1278,.T.);
#1011=FACE_OUTER_BOUND('',#1279,.T.);
#1012=FACE_OUTER_BOUND('',#1280,.T.);
#1013=FACE_OUTER_BOUND('',#1281,.T.);
#1014=FACE_OUTER_BOUND('',#1282,.T.);
#1015=FACE_OUTER_BOUND('',#1283,.T.);
#1016=FACE_OUTER_BOUND('',#1284,.T.);
#1017=FACE_OUTER_BOUND('',#1285,.T.);
#1018=FACE_OUTER_BOUND('',#1286,.T.);
#1019=FACE_OUTER_BOUND('',#1289,.T.);
#1020=FACE_OUTER_BOUND('',#1290,.T.);
#1021=FACE_OUTER_BOUND('',#1291,.T.);
#1022=FACE_OUTER_BOUND('',#1292,.T.);
#1023=FACE_OUTER_BOUND('',#1293,.T.);
#1024=FACE_OUTER_BOUND('',#1300,.T.);
#1025=FACE_OUTER_BOUND('',#1301,.T.);
#1026=FACE_OUTER_BOUND('',#1302,.T.);
#1027=FACE_OUTER_BOUND('',#1303,.T.);
#1028=FACE_OUTER_BOUND('',#1311,.T.);
#1029=FACE_OUTER_BOUND('',#1312,.T.);
#1030=FACE_OUTER_BOUND('',#1313,.T.);
#1031=FACE_OUTER_BOUND('',#1314,.T.);
#1032=FACE_OUTER_BOUND('',#1315,.T.);
#1033=FACE_OUTER_BOUND('',#1316,.T.);
#1034=FACE_OUTER_BOUND('',#1317,.T.);
#1035=FACE_OUTER_BOUND('',#1318,.T.);
#1036=FACE_OUTER_BOUND('',#1319,.T.);
#1037=FACE_OUTER_BOUND('',#1320,.T.);
#1038=FACE_OUTER_BOUND('',#1321,.T.);
#1039=FACE_OUTER_BOUND('',#1322,.T.);
#1040=FACE_OUTER_BOUND('',#1323,.T.);
#1041=FACE_OUTER_BOUND('',#1324,.T.);
#1042=FACE_OUTER_BOUND('',#1325,.T.);
#1043=FACE_OUTER_BOUND('',#1326,.T.);
#1044=FACE_OUTER_BOUND('',#1327,.T.);
#1045=FACE_OUTER_BOUND('',#1328,.T.);
#1046=FACE_OUTER_BOUND('',#1329,.T.);
#1047=FACE_OUTER_BOUND('',#1330,.T.);
#1048=FACE_OUTER_BOUND('',#1331,.T.);
#1049=FACE_OUTER_BOUND('',#1332,.T.);
#1050=FACE_OUTER_BOUND('',#1333,.T.);
#1051=FACE_OUTER_BOUND('',#1334,.T.);
#1052=FACE_OUTER_BOUND('',#1335,.T.);
#1053=FACE_OUTER_BOUND('',#1336,.T.);
#1054=FACE_OUTER_BOUND('',#1353,.T.);
#1055=FACE_OUTER_BOUND('',#1354,.T.);
#1056=FACE_OUTER_BOUND('',#1355,.T.);
#1057=FACE_OUTER_BOUND('',#1356,.T.);
#1058=FACE_OUTER_BOUND('',#1357,.T.);
#1059=FACE_OUTER_BOUND('',#1358,.T.);
#1060=FACE_OUTER_BOUND('',#1359,.T.);
#1061=FACE_OUTER_BOUND('',#1360,.T.);
#1062=FACE_OUTER_BOUND('',#1361,.T.);
#1063=FACE_OUTER_BOUND('',#1362,.T.);
#1064=FACE_OUTER_BOUND('',#1363,.T.);
#1065=FACE_OUTER_BOUND('',#1364,.T.);
#1066=FACE_OUTER_BOUND('',#1365,.T.);
#1067=FACE_OUTER_BOUND('',#1366,.T.);
#1068=FACE_OUTER_BOUND('',#1367,.T.);
#1069=FACE_OUTER_BOUND('',#1368,.T.);
#1070=FACE_OUTER_BOUND('',#1369,.T.);
#1071=FACE_OUTER_BOUND('',#1370,.T.);
#1072=FACE_OUTER_BOUND('',#1371,.T.);
#1073=FACE_OUTER_BOUND('',#1372,.T.);
#1074=FACE_OUTER_BOUND('',#1373,.T.);
#1075=FACE_OUTER_BOUND('',#1374,.T.);
#1076=FACE_OUTER_BOUND('',#1375,.T.);
#1077=FACE_OUTER_BOUND('',#1376,.T.);
#1078=FACE_OUTER_BOUND('',#1377,.T.);
#1079=FACE_OUTER_BOUND('',#1378,.T.);
#1080=FACE_OUTER_BOUND('',#1379,.T.);
#1081=FACE_OUTER_BOUND('',#1380,.T.);
#1082=FACE_OUTER_BOUND('',#1381,.T.);
#1083=FACE_OUTER_BOUND('',#1382,.T.);
#1084=FACE_OUTER_BOUND('',#1383,.T.);
#1085=FACE_OUTER_BOUND('',#1384,.T.);
#1086=FACE_OUTER_BOUND('',#1385,.T.);
#1087=FACE_OUTER_BOUND('',#1386,.T.);
#1088=FACE_OUTER_BOUND('',#1401,.T.);
#1089=FACE_OUTER_BOUND('',#1402,.T.);
#1090=FACE_OUTER_BOUND('',#1403,.T.);
#1091=FACE_OUTER_BOUND('',#1404,.T.);
#1092=FACE_OUTER_BOUND('',#1405,.T.);
#1093=FACE_OUTER_BOUND('',#1406,.T.);
#1094=FACE_OUTER_BOUND('',#1407,.T.);
#1095=FACE_OUTER_BOUND('',#1408,.T.);
#1096=FACE_OUTER_BOUND('',#1409,.T.);
#1097=FACE_OUTER_BOUND('',#1410,.T.);
#1098=FACE_OUTER_BOUND('',#1411,.T.);
#1099=FACE_OUTER_BOUND('',#1412,.T.);
#1100=FACE_OUTER_BOUND('',#1413,.T.);
#1101=FACE_OUTER_BOUND('',#1414,.T.);
#1102=FACE_OUTER_BOUND('',#1415,.T.);
#1103=FACE_OUTER_BOUND('',#1416,.T.);
#1104=FACE_OUTER_BOUND('',#1417,.T.);
#1105=FACE_OUTER_BOUND('',#1418,.T.);
#1106=FACE_OUTER_BOUND('',#1419,.T.);
#1107=FACE_OUTER_BOUND('',#1420,.T.);
#1108=FACE_OUTER_BOUND('',#1421,.T.);
#1109=FACE_OUTER_BOUND('',#1422,.T.);
#1110=FACE_OUTER_BOUND('',#1423,.T.);
#1111=FACE_OUTER_BOUND('',#1424,.T.);
#1112=FACE_OUTER_BOUND('',#1425,.T.);
#1113=FACE_OUTER_BOUND('',#1426,.T.);
#1114=FACE_OUTER_BOUND('',#1427,.T.);
#1115=FACE_OUTER_BOUND('',#1428,.T.);
#1116=FACE_OUTER_BOUND('',#1429,.T.);
#1117=FACE_OUTER_BOUND('',#1430,.T.);
#1118=FACE_OUTER_BOUND('',#1431,.T.);
#1119=FACE_OUTER_BOUND('',#1432,.T.);
#1120=FACE_OUTER_BOUND('',#1433,.T.);
#1121=FACE_OUTER_BOUND('',#1434,.T.);
#1122=FACE_OUTER_BOUND('',#1435,.T.);
#1123=FACE_OUTER_BOUND('',#1436,.T.);
#1124=FACE_OUTER_BOUND('',#1437,.T.);
#1125=FACE_OUTER_BOUND('',#1438,.T.);
#1126=FACE_OUTER_BOUND('',#1439,.T.);
#1127=FACE_OUTER_BOUND('',#1444,.T.);
#1128=FACE_OUTER_BOUND('',#1445,.T.);
#1129=FACE_OUTER_BOUND('',#1446,.T.);
#1130=FACE_OUTER_BOUND('',#1447,.T.);
#1131=FACE_OUTER_BOUND('',#1448,.T.);
#1132=FACE_OUTER_BOUND('',#1449,.T.);
#1133=FACE_OUTER_BOUND('',#1450,.T.);
#1134=FACE_OUTER_BOUND('',#1451,.T.);
#1135=FACE_OUTER_BOUND('',#1452,.T.);
#1136=FACE_OUTER_BOUND('',#1453,.T.);
#1137=FACE_OUTER_BOUND('',#1454,.T.);
#1138=FACE_OUTER_BOUND('',#1455,.T.);
#1139=FACE_OUTER_BOUND('',#1456,.T.);
#1140=FACE_OUTER_BOUND('',#1457,.T.);
#1141=FACE_OUTER_BOUND('',#1458,.T.);
#1142=FACE_OUTER_BOUND('',#1459,.T.);
#1143=FACE_OUTER_BOUND('',#1460,.T.);
#1144=FACE_OUTER_BOUND('',#1461,.T.);
#1145=FACE_OUTER_BOUND('',#1462,.T.);
#1146=FACE_OUTER_BOUND('',#1463,.T.);
#1147=FACE_OUTER_BOUND('',#1464,.T.);
#1148=FACE_OUTER_BOUND('',#1465,.T.);
#1149=FACE_OUTER_BOUND('',#1466,.T.);
#1150=FACE_OUTER_BOUND('',#1467,.T.);
#1151=FACE_OUTER_BOUND('',#1468,.T.);
#1152=FACE_OUTER_BOUND('',#1473,.T.);
#1153=FACE_OUTER_BOUND('',#1474,.T.);
#1154=FACE_OUTER_BOUND('',#1475,.T.);
#1155=FACE_OUTER_BOUND('',#1476,.T.);
#1156=FACE_OUTER_BOUND('',#1477,.T.);
#1157=FACE_OUTER_BOUND('',#1478,.T.);
#1158=FACE_OUTER_BOUND('',#1479,.T.);
#1159=FACE_OUTER_BOUND('',#1484,.T.);
#1160=FACE_OUTER_BOUND('',#1485,.T.);
#1161=FACE_OUTER_BOUND('',#1486,.T.);
#1162=FACE_OUTER_BOUND('',#1501,.T.);
#1163=FACE_OUTER_BOUND('',#1504,.T.);
#1164=FACE_OUTER_BOUND('',#1505,.T.);
#1165=FACE_OUTER_BOUND('',#1506,.T.);
#1166=FACE_OUTER_BOUND('',#1507,.T.);
#1167=FACE_OUTER_BOUND('',#1508,.T.);
#1168=FACE_OUTER_BOUND('',#1509,.T.);
#1169=FACE_OUTER_BOUND('',#1510,.T.);
#1170=FACE_OUTER_BOUND('',#1511,.T.);
#1171=FACE_OUTER_BOUND('',#1512,.T.);
#1172=FACE_OUTER_BOUND('',#1513,.T.);
#1173=FACE_OUTER_BOUND('',#1514,.T.);
#1174=FACE_OUTER_BOUND('',#1515,.T.);
#1175=FACE_OUTER_BOUND('',#1516,.T.);
#1176=FACE_OUTER_BOUND('',#1517,.T.);
#1177=FACE_OUTER_BOUND('',#1518,.T.);
#1178=FACE_OUTER_BOUND('',#1519,.T.);
#1179=FACE_OUTER_BOUND('',#1520,.T.);
#1180=FACE_OUTER_BOUND('',#1521,.T.);
#1181=FACE_OUTER_BOUND('',#1522,.T.);
#1182=FACE_OUTER_BOUND('',#1523,.T.);
#1183=FACE_OUTER_BOUND('',#1524,.T.);
#1184=FACE_OUTER_BOUND('',#1525,.T.);
#1185=FACE_OUTER_BOUND('',#1528,.T.);
#1186=FACE_OUTER_BOUND('',#1529,.T.);
#1187=FACE_OUTER_BOUND('',#1530,.T.);
#1188=FACE_OUTER_BOUND('',#1531,.T.);
#1189=FACE_OUTER_BOUND('',#1532,.T.);
#1190=FACE_OUTER_BOUND('',#1533,.T.);
#1191=FACE_OUTER_BOUND('',#1534,.T.);
#1192=FACE_OUTER_BOUND('',#1535,.T.);
#1193=FACE_OUTER_BOUND('',#1536,.T.);
#1194=FACE_OUTER_BOUND('',#1537,.T.);
#1195=FACE_OUTER_BOUND('',#1538,.T.);
#1196=FACE_OUTER_BOUND('',#1539,.T.);
#1197=FACE_OUTER_BOUND('',#1540,.T.);
#1198=FACE_OUTER_BOUND('',#1541,.T.);
#1199=FACE_OUTER_BOUND('',#1542,.T.);
#1200=FACE_OUTER_BOUND('',#1543,.T.);
#1201=FACE_OUTER_BOUND('',#1552,.T.);
#1202=FACE_OUTER_BOUND('',#1553,.T.);
#1203=FACE_OUTER_BOUND('',#1554,.T.);
#1204=FACE_OUTER_BOUND('',#1555,.T.);
#1205=FACE_OUTER_BOUND('',#1556,.T.);
#1206=FACE_OUTER_BOUND('',#1557,.T.);
#1207=FACE_OUTER_BOUND('',#1558,.T.);
#1208=FACE_OUTER_BOUND('',#1559,.T.);
#1209=FACE_OUTER_BOUND('',#1560,.T.);
#1210=FACE_OUTER_BOUND('',#1561,.T.);
#1211=FACE_OUTER_BOUND('',#1562,.T.);
#1212=FACE_OUTER_BOUND('',#1563,.T.);
#1213=FACE_OUTER_BOUND('',#1564,.T.);
#1214=FACE_OUTER_BOUND('',#1565,.T.);
#1215=FACE_OUTER_BOUND('',#1568,.T.);
#1216=FACE_OUTER_BOUND('',#1569,.T.);
#1217=FACE_OUTER_BOUND('',#1570,.T.);
#1218=FACE_OUTER_BOUND('',#1571,.T.);
#1219=FACE_OUTER_BOUND('',#1572,.T.);
#1220=FACE_OUTER_BOUND('',#1573,.T.);
#1221=FACE_OUTER_BOUND('',#1574,.T.);
#1222=FACE_OUTER_BOUND('',#1575,.T.);
#1223=FACE_OUTER_BOUND('',#1576,.T.);
#1224=FACE_OUTER_BOUND('',#1577,.T.);
#1225=FACE_OUTER_BOUND('',#1578,.T.);
#1226=FACE_OUTER_BOUND('',#1587,.T.);
#1227=FACE_OUTER_BOUND('',#1588,.T.);
#1228=FACE_OUTER_BOUND('',#1589,.T.);
#1229=FACE_OUTER_BOUND('',#1590,.T.);
#1230=FACE_OUTER_BOUND('',#1591,.T.);
#1231=FACE_OUTER_BOUND('',#1592,.T.);
#1232=FACE_OUTER_BOUND('',#1603,.T.);
#1233=FACE_OUTER_BOUND('',#1604,.T.);
#1234=FACE_OUTER_BOUND('',#1605,.T.);
#1235=FACE_OUTER_BOUND('',#1606,.T.);
#1236=FACE_OUTER_BOUND('',#1607,.T.);
#1237=FACE_OUTER_BOUND('',#1608,.T.);
#1238=FACE_OUTER_BOUND('',#1609,.T.);
#1239=FACE_OUTER_BOUND('',#1610,.T.);
#1240=FACE_OUTER_BOUND('',#1611,.T.);
#1241=FACE_OUTER_BOUND('',#1612,.T.);
#1242=FACE_OUTER_BOUND('',#1613,.T.);
#1243=FACE_OUTER_BOUND('',#1614,.T.);
#1244=FACE_OUTER_BOUND('',#1615,.T.);
#1245=FACE_OUTER_BOUND('',#1616,.T.);
#1246=FACE_OUTER_BOUND('',#1617,.T.);
#1247=FACE_OUTER_BOUND('',#1618,.T.);
#1248=FACE_OUTER_BOUND('',#1619,.T.);
#1249=FACE_OUTER_BOUND('',#1620,.T.);
#1250=FACE_OUTER_BOUND('',#1621,.T.);
#1251=FACE_OUTER_BOUND('',#1622,.T.);
#1252=FACE_OUTER_BOUND('',#1623,.T.);
#1253=FACE_OUTER_BOUND('',#1624,.T.);
#1254=FACE_OUTER_BOUND('',#1625,.T.);
#1255=FACE_OUTER_BOUND('',#1626,.T.);
#1256=FACE_OUTER_BOUND('',#1631,.T.);
#1257=FACE_OUTER_BOUND('',#1632,.T.);
#1258=FACE_OUTER_BOUND('',#1633,.T.);
#1259=FACE_OUTER_BOUND('',#1634,.T.);
#1260=FACE_OUTER_BOUND('',#1635,.T.);
#1261=FACE_OUTER_BOUND('',#1636,.T.);
#1262=FACE_OUTER_BOUND('',#1637,.T.);
#1263=FACE_OUTER_BOUND('',#1638,.T.);
#1264=FACE_OUTER_BOUND('',#1639,.T.);
#1265=FACE_OUTER_BOUND('',#1640,.T.);
#1266=FACE_OUTER_BOUND('',#1641,.T.);
#1267=FACE_OUTER_BOUND('',#1642,.T.);
#1268=FACE_OUTER_BOUND('',#1643,.T.);
#1269=FACE_OUTER_BOUND('',#1644,.T.);
#1270=FACE_OUTER_BOUND('',#1645,.T.);
#1271=FACE_OUTER_BOUND('',#1646,.T.);
#1272=EDGE_LOOP('',(#1647,#1648,#1649,#1650,#1651,#1652,#1653,#1654,#1655,
#1656,#1657,#1658,#1659,#1660,#1661,#1662,#1663,#1664));
#1273=EDGE_LOOP('',(#1665,#1666,#1667,#1668,#1669,#1670,#1671,#1672,#1673,
#1674,#1675,#1676,#1677,#1678,#1679,#1680,#1681,#1682));
#1274=EDGE_LOOP('',(#1683,#1684,#1685,#1686));
#1275=EDGE_LOOP('',(#1687,#1688,#1689,#1690));
#1276=EDGE_LOOP('',(#1691,#1692,#1693,#1694,#1695,#1696,#1697,#1698,#1699,
#1700));
#1277=EDGE_LOOP('',(#1701,#1702,#1703,#1704,#1705,#1706,#1707,#1708,#1709,
#1710));
#1278=EDGE_LOOP('',(#1711,#1712,#1713,#1714,#1715,#1716,#1717,#1718,#1719,
#1720,#1721,#1722));
#1279=EDGE_LOOP('',(#1723,#1724,#1725,#1726));
#1280=EDGE_LOOP('',(#1727,#1728,#1729,#1730));
#1281=EDGE_LOOP('',(#1731,#1732,#1733,#1734,#1735,#1736,#1737,#1738,#1739,
#1740,#1741,#1742));
#1282=EDGE_LOOP('',(#1743,#1744,#1745,#1746));
#1283=EDGE_LOOP('',(#1747,#1748,#1749,#1750));
#1284=EDGE_LOOP('',(#1751,#1752,#1753,#1754));
#1285=EDGE_LOOP('',(#1755,#1756,#1757,#1758));
#1286=EDGE_LOOP('',(#1759,#1760,#1761,#1762,#1763,#1764,#1765,#1766,#1767,
#1768,#1769,#1770));
#1287=EDGE_LOOP('',(#1771));
#1288=EDGE_LOOP('',(#1772));
#1289=EDGE_LOOP('',(#1773,#1774,#1775,#1776));
#1290=EDGE_LOOP('',(#1777,#1778,#1779,#1780));
#1291=EDGE_LOOP('',(#1781,#1782,#1783,#1784,#1785,#1786,#1787,#1788,#1789,
#1790));
#1292=EDGE_LOOP('',(#1791,#1792,#1793,#1794));
#1293=EDGE_LOOP('',(#1795,#1796,#1797,#1798));
#1294=EDGE_LOOP('',(#1799));
#1295=EDGE_LOOP('',(#1800));
#1296=EDGE_LOOP('',(#1801,#1802,#1803,#1804,#1805,#1806,#1807,#1808));
#1297=EDGE_LOOP('',(#1809,#1810,#1811,#1812,#1813,#1814,#1815,#1816));
#1298=EDGE_LOOP('',(#1817));
#1299=EDGE_LOOP('',(#1818));
#1300=EDGE_LOOP('',(#1819,#1820,#1821));
#1301=EDGE_LOOP('',(#1822,#1823,#1824,#1825));
#1302=EDGE_LOOP('',(#1826,#1827,#1828));
#1303=EDGE_LOOP('',(#1829,#1830,#1831,#1832,#1833,#1834,#1835,#1836));
#1304=EDGE_LOOP('',(#1837,#1838,#1839,#1840,#1841,#1842,#1843,#1844,#1845,
#1846,#1847,#1848,#1849,#1850));
#1305=EDGE_LOOP('',(#1851));
#1306=EDGE_LOOP('',(#1852));
#1307=EDGE_LOOP('',(#1853));
#1308=EDGE_LOOP('',(#1854));
#1309=EDGE_LOOP('',(#1855));
#1310=EDGE_LOOP('',(#1856));
#1311=EDGE_LOOP('',(#1857,#1858,#1859,#1860));
#1312=EDGE_LOOP('',(#1861,#1862,#1863,#1864));
#1313=EDGE_LOOP('',(#1865,#1866,#1867,#1868));
#1314=EDGE_LOOP('',(#1869,#1870,#1871,#1872));
#1315=EDGE_LOOP('',(#1873,#1874,#1875,#1876));
#1316=EDGE_LOOP('',(#1877,#1878,#1879,#1880));
#1317=EDGE_LOOP('',(#1881,#1882,#1883,#1884));
#1318=EDGE_LOOP('',(#1885,#1886,#1887,#1888,#1889,#1890,#1891,#1892));
#1319=EDGE_LOOP('',(#1893,#1894,#1895,#1896));
#1320=EDGE_LOOP('',(#1897,#1898,#1899,#1900));
#1321=EDGE_LOOP('',(#1901,#1902,#1903,#1904));
#1322=EDGE_LOOP('',(#1905,#1906,#1907,#1908));
#1323=EDGE_LOOP('',(#1909,#1910,#1911,#1912));
#1324=EDGE_LOOP('',(#1913,#1914,#1915,#1916));
#1325=EDGE_LOOP('',(#1917,#1918,#1919,#1920));
#1326=EDGE_LOOP('',(#1921,#1922,#1923,#1924));
#1327=EDGE_LOOP('',(#1925,#1926,#1927,#1928));
#1328=EDGE_LOOP('',(#1929,#1930,#1931,#1932));
#1329=EDGE_LOOP('',(#1933,#1934,#1935,#1936));
#1330=EDGE_LOOP('',(#1937,#1938,#1939,#1940));
#1331=EDGE_LOOP('',(#1941,#1942,#1943,#1944));
#1332=EDGE_LOOP('',(#1945,#1946,#1947,#1948));
#1333=EDGE_LOOP('',(#1949,#1950,#1951,#1952));
#1334=EDGE_LOOP('',(#1953,#1954,#1955,#1956));
#1335=EDGE_LOOP('',(#1957,#1958,#1959,#1960));
#1336=EDGE_LOOP('',(#1961,#1962,#1963,#1964));
#1337=EDGE_LOOP('',(#1965));
#1338=EDGE_LOOP('',(#1966));
#1339=EDGE_LOOP('',(#1967));
#1340=EDGE_LOOP('',(#1968));
#1341=EDGE_LOOP('',(#1969));
#1342=EDGE_LOOP('',(#1970));
#1343=EDGE_LOOP('',(#1971));
#1344=EDGE_LOOP('',(#1972));
#1345=EDGE_LOOP('',(#1973));
#1346=EDGE_LOOP('',(#1974));
#1347=EDGE_LOOP('',(#1975));
#1348=EDGE_LOOP('',(#1976));
#1349=EDGE_LOOP('',(#1977));
#1350=EDGE_LOOP('',(#1978));
#1351=EDGE_LOOP('',(#1979));
#1352=EDGE_LOOP('',(#1980));
#1353=EDGE_LOOP('',(#1981,#1982,#1983,#1984));
#1354=EDGE_LOOP('',(#1985,#1986,#1987,#1988));
#1355=EDGE_LOOP('',(#1989,#1990,#1991,#1992));
#1356=EDGE_LOOP('',(#1993,#1994,#1995,#1996));
#1357=EDGE_LOOP('',(#1997,#1998,#1999,#2000));
#1358=EDGE_LOOP('',(#2001,#2002,#2003,#2004));
#1359=EDGE_LOOP('',(#2005,#2006,#2007,#2008));
#1360=EDGE_LOOP('',(#2009,#2010,#2011,#2012));
#1361=EDGE_LOOP('',(#2013,#2014,#2015,#2016));
#1362=EDGE_LOOP('',(#2017,#2018,#2019,#2020));
#1363=EDGE_LOOP('',(#2021,#2022,#2023,#2024));
#1364=EDGE_LOOP('',(#2025,#2026,#2027,#2028,#2029,#2030,#2031,#2032));
#1365=EDGE_LOOP('',(#2033,#2034,#2035,#2036,#2037,#2038,#2039,#2040));
#1366=EDGE_LOOP('',(#2041,#2042,#2043,#2044,#2045,#2046));
#1367=EDGE_LOOP('',(#2047,#2048,#2049,#2050));
#1368=EDGE_LOOP('',(#2051,#2052,#2053,#2054,#2055,#2056,#2057,#2058,#2059,
#2060,#2061,#2062));
#1369=EDGE_LOOP('',(#2063,#2064,#2065,#2066,#2067,#2068,#2069,#2070));
#1370=EDGE_LOOP('',(#2071,#2072,#2073,#2074,#2075,#2076,#2077,#2078));
#1371=EDGE_LOOP('',(#2079,#2080,#2081,#2082));
#1372=EDGE_LOOP('',(#2083,#2084,#2085,#2086));
#1373=EDGE_LOOP('',(#2087,#2088,#2089,#2090,#2091));
#1374=EDGE_LOOP('',(#2092,#2093,#2094,#2095));
#1375=EDGE_LOOP('',(#2096,#2097,#2098,#2099));
#1376=EDGE_LOOP('',(#2100,#2101,#2102,#2103));
#1377=EDGE_LOOP('',(#2104,#2105,#2106,#2107));
#1378=EDGE_LOOP('',(#2108,#2109,#2110,#2111));
#1379=EDGE_LOOP('',(#2112,#2113,#2114,#2115,#2116));
#1380=EDGE_LOOP('',(#2117,#2118,#2119,#2120));
#1381=EDGE_LOOP('',(#2121,#2122,#2123,#2124));
#1382=EDGE_LOOP('',(#2125,#2126,#2127,#2128));
#1383=EDGE_LOOP('',(#2129,#2130,#2131,#2132));
#1384=EDGE_LOOP('',(#2133,#2134,#2135,#2136));
#1385=EDGE_LOOP('',(#2137,#2138,#2139,#2140));
#1386=EDGE_LOOP('',(#2141,#2142,#2143,#2144));
#1387=EDGE_LOOP('',(#2145,#2146,#2147,#2148));
#1388=EDGE_LOOP('',(#2149,#2150,#2151,#2152));
#1389=EDGE_LOOP('',(#2153,#2154,#2155,#2156));
#1390=EDGE_LOOP('',(#2157,#2158,#2159,#2160));
#1391=EDGE_LOOP('',(#2161));
#1392=EDGE_LOOP('',(#2162));
#1393=EDGE_LOOP('',(#2163,#2164,#2165,#2166,#2167,#2168,#2169,#2170,#2171,
#2172,#2173,#2174,#2175,#2176,#2177,#2178,#2179,#2180,#2181,#2182,#2183,
#2184,#2185,#2186,#2187,#2188,#2189,#2190));
#1394=EDGE_LOOP('',(#2191,#2192,#2193,#2194));
#1395=EDGE_LOOP('',(#2195,#2196,#2197,#2198));
#1396=EDGE_LOOP('',(#2199,#2200,#2201,#2202));
#1397=EDGE_LOOP('',(#2203,#2204,#2205,#2206));
#1398=EDGE_LOOP('',(#2207));
#1399=EDGE_LOOP('',(#2208));
#1400=EDGE_LOOP('',(#2209,#2210,#2211,#2212,#2213,#2214,#2215,#2216,#2217,
#2218,#2219,#2220,#2221,#2222,#2223,#2224,#2225,#2226,#2227,#2228,#2229,
#2230,#2231,#2232,#2233,#2234,#2235,#2236,#2237,#2238,#2239,#2240,#2241,
#2242,#2243,#2244,#2245,#2246));
#1401=EDGE_LOOP('',(#2247,#2248,#2249,#2250,#2251,#2252,#2253,#2254,#2255,
#2256,#2257,#2258));
#1402=EDGE_LOOP('',(#2259,#2260,#2261,#2262,#2263,#2264,#2265,#2266,#2267,
#2268,#2269,#2270));
#1403=EDGE_LOOP('',(#2271,#2272,#2273,#2274));
#1404=EDGE_LOOP('',(#2275,#2276,#2277,#2278));
#1405=EDGE_LOOP('',(#2279,#2280,#2281,#2282));
#1406=EDGE_LOOP('',(#2283,#2284,#2285,#2286));
#1407=EDGE_LOOP('',(#2287,#2288,#2289,#2290));
#1408=EDGE_LOOP('',(#2291,#2292,#2293,#2294));
#1409=EDGE_LOOP('',(#2295,#2296,#2297,#2298));
#1410=EDGE_LOOP('',(#2299,#2300,#2301,#2302));
#1411=EDGE_LOOP('',(#2303,#2304,#2305,#2306,#2307,#2308,#2309,#2310,#2311,
#2312,#2313,#2314));
#1412=EDGE_LOOP('',(#2315,#2316,#2317,#2318));
#1413=EDGE_LOOP('',(#2319,#2320,#2321,#2322));
#1414=EDGE_LOOP('',(#2323,#2324,#2325,#2326));
#1415=EDGE_LOOP('',(#2327,#2328,#2329,#2330));
#1416=EDGE_LOOP('',(#2331,#2332,#2333,#2334,#2335,#2336,#2337,#2338,#2339,
#2340,#2341,#2342));
#1417=EDGE_LOOP('',(#2343,#2344,#2345,#2346));
#1418=EDGE_LOOP('',(#2347,#2348,#2349,#2350));
#1419=EDGE_LOOP('',(#2351,#2352,#2353,#2354));
#1420=EDGE_LOOP('',(#2355,#2356,#2357,#2358));
#1421=EDGE_LOOP('',(#2359,#2360,#2361,#2362));
#1422=EDGE_LOOP('',(#2363,#2364,#2365,#2366));
#1423=EDGE_LOOP('',(#2367,#2368,#2369,#2370));
#1424=EDGE_LOOP('',(#2371,#2372,#2373,#2374));
#1425=EDGE_LOOP('',(#2375,#2376,#2377,#2378));
#1426=EDGE_LOOP('',(#2379,#2380,#2381,#2382));
#1427=EDGE_LOOP('',(#2383,#2384,#2385,#2386));
#1428=EDGE_LOOP('',(#2387,#2388,#2389,#2390));
#1429=EDGE_LOOP('',(#2391,#2392,#2393,#2394,#2395,#2396,#2397,#2398,#2399,
#2400));
#1430=EDGE_LOOP('',(#2401,#2402,#2403,#2404,#2405,#2406,#2407,#2408,#2409));
#1431=EDGE_LOOP('',(#2410,#2411,#2412,#2413,#2414,#2415,#2416,#2417,#2418,
#2419,#2420));
#1432=EDGE_LOOP('',(#2421,#2422,#2423,#2424));
#1433=EDGE_LOOP('',(#2425,#2426,#2427,#2428));
#1434=EDGE_LOOP('',(#2429,#2430,#2431,#2432));
#1435=EDGE_LOOP('',(#2433,#2434,#2435,#2436));
#1436=EDGE_LOOP('',(#2437,#2438,#2439,#2440));
#1437=EDGE_LOOP('',(#2441,#2442,#2443,#2444));
#1438=EDGE_LOOP('',(#2445,#2446,#2447,#2448));
#1439=EDGE_LOOP('',(#2449,#2450,#2451,#2452));
#1440=EDGE_LOOP('',(#2453));
#1441=EDGE_LOOP('',(#2454));
#1442=EDGE_LOOP('',(#2455));
#1443=EDGE_LOOP('',(#2456));
#1444=EDGE_LOOP('',(#2457,#2458,#2459,#2460));
#1445=EDGE_LOOP('',(#2461,#2462,#2463,#2464));
#1446=EDGE_LOOP('',(#2465,#2466,#2467,#2468));
#1447=EDGE_LOOP('',(#2469,#2470,#2471,#2472));
#1448=EDGE_LOOP('',(#2473,#2474,#2475,#2476));
#1449=EDGE_LOOP('',(#2477,#2478,#2479,#2480));
#1450=EDGE_LOOP('',(#2481,#2482,#2483,#2484));
#1451=EDGE_LOOP('',(#2485,#2486,#2487,#2488));
#1452=EDGE_LOOP('',(#2489,#2490,#2491,#2492));
#1453=EDGE_LOOP('',(#2493,#2494,#2495,#2496));
#1454=EDGE_LOOP('',(#2497,#2498,#2499,#2500));
#1455=EDGE_LOOP('',(#2501,#2502,#2503,#2504));
#1456=EDGE_LOOP('',(#2505,#2506,#2507,#2508));
#1457=EDGE_LOOP('',(#2509,#2510,#2511,#2512));
#1458=EDGE_LOOP('',(#2513,#2514,#2515,#2516));
#1459=EDGE_LOOP('',(#2517,#2518,#2519,#2520,#2521,#2522,#2523,#2524,#2525));
#1460=EDGE_LOOP('',(#2526,#2527,#2528,#2529));
#1461=EDGE_LOOP('',(#2530,#2531,#2532,#2533,#2534,#2535,#2536,#2537,#2538,
#2539,#2540));
#1462=EDGE_LOOP('',(#2541,#2542,#2543,#2544,#2545,#2546,#2547,#2548,#2549,
#2550));
#1463=EDGE_LOOP('',(#2551,#2552,#2553,#2554));
#1464=EDGE_LOOP('',(#2555,#2556,#2557,#2558));
#1465=EDGE_LOOP('',(#2559));
#1466=EDGE_LOOP('',(#2560,#2561,#2562,#2563));
#1467=EDGE_LOOP('',(#2564,#2565,#2566,#2567));
#1468=EDGE_LOOP('',(#2568,#2569,#2570,#2571));
#1469=EDGE_LOOP('',(#2572));
#1470=EDGE_LOOP('',(#2573,#2574,#2575,#2576,#2577,#2578,#2579));
#1471=EDGE_LOOP('',(#2580));
#1472=EDGE_LOOP('',(#2581,#2582,#2583,#2584));
#1473=EDGE_LOOP('',(#2585,#2586,#2587,#2588));
#1474=EDGE_LOOP('',(#2589,#2590,#2591,#2592));
#1475=EDGE_LOOP('',(#2593,#2594,#2595,#2596));
#1476=EDGE_LOOP('',(#2597));
#1477=EDGE_LOOP('',(#2598,#2599,#2600,#2601));
#1478=EDGE_LOOP('',(#2602,#2603,#2604,#2605));
#1479=EDGE_LOOP('',(#2606,#2607,#2608,#2609));
#1480=EDGE_LOOP('',(#2610));
#1481=EDGE_LOOP('',(#2611,#2612,#2613,#2614,#2615,#2616,#2617));
#1482=EDGE_LOOP('',(#2618));
#1483=EDGE_LOOP('',(#2619,#2620,#2621,#2622));
#1484=EDGE_LOOP('',(#2623,#2624,#2625,#2626));
#1485=EDGE_LOOP('',(#2627,#2628,#2629,#2630));
#1486=EDGE_LOOP('',(#2631,#2632,#2633,#2634));
#1487=EDGE_LOOP('',(#2635));
#1488=EDGE_LOOP('',(#2636));
#1489=EDGE_LOOP('',(#2637));
#1490=EDGE_LOOP('',(#2638));
#1491=EDGE_LOOP('',(#2639));
#1492=EDGE_LOOP('',(#2640));
#1493=EDGE_LOOP('',(#2641));
#1494=EDGE_LOOP('',(#2642));
#1495=EDGE_LOOP('',(#2643));
#1496=EDGE_LOOP('',(#2644));
#1497=EDGE_LOOP('',(#2645));
#1498=EDGE_LOOP('',(#2646));
#1499=EDGE_LOOP('',(#2647));
#1500=EDGE_LOOP('',(#2648));
#1501=EDGE_LOOP('',(#2649));
#1502=EDGE_LOOP('',(#2650));
#1503=EDGE_LOOP('',(#2651));
#1504=EDGE_LOOP('',(#2652));
#1505=EDGE_LOOP('',(#2653,#2654,#2655,#2656));
#1506=EDGE_LOOP('',(#2657,#2658,#2659,#2660));
#1507=EDGE_LOOP('',(#2661,#2662,#2663,#2664));
#1508=EDGE_LOOP('',(#2665,#2666,#2667,#2668));
#1509=EDGE_LOOP('',(#2669,#2670,#2671,#2672));
#1510=EDGE_LOOP('',(#2673,#2674,#2675,#2676));
#1511=EDGE_LOOP('',(#2677,#2678,#2679,#2680));
#1512=EDGE_LOOP('',(#2681,#2682,#2683,#2684));
#1513=EDGE_LOOP('',(#2685,#2686,#2687,#2688));
#1514=EDGE_LOOP('',(#2689,#2690,#2691,#2692));
#1515=EDGE_LOOP('',(#2693,#2694,#2695,#2696));
#1516=EDGE_LOOP('',(#2697,#2698,#2699,#2700));
#1517=EDGE_LOOP('',(#2701,#2702,#2703,#2704));
#1518=EDGE_LOOP('',(#2705,#2706,#2707,#2708));
#1519=EDGE_LOOP('',(#2709,#2710,#2711,#2712));
#1520=EDGE_LOOP('',(#2713,#2714,#2715,#2716));
#1521=EDGE_LOOP('',(#2717,#2718,#2719,#2720,#2721,#2722,#2723,#2724,#2725,
#2726,#2727,#2728,#2729,#2730,#2731,#2732,#2733,#2734));
#1522=EDGE_LOOP('',(#2735,#2736,#2737,#2738,#2739,#2740,#2741,#2742,#2743,
#2744,#2745));
#1523=EDGE_LOOP('',(#2746,#2747,#2748,#2749,#2750,#2751));
#1524=EDGE_LOOP('',(#2752,#2753,#2754,#2755,#2756,#2757));
#1525=EDGE_LOOP('',(#2758,#2759,#2760,#2761,#2762,#2763,#2764,#2765,#2766,
#2767,#2768,#2769,#2770,#2771,#2772,#2773));
#1526=EDGE_LOOP('',(#2774,#2775,#2776,#2777,#2778,#2779,#2780));
#1527=EDGE_LOOP('',(#2781));
#1528=EDGE_LOOP('',(#2782,#2783,#2784,#2785));
#1529=EDGE_LOOP('',(#2786,#2787,#2788,#2789,#2790));
#1530=EDGE_LOOP('',(#2791,#2792,#2793,#2794,#2795));
#1531=EDGE_LOOP('',(#2796,#2797,#2798,#2799));
#1532=EDGE_LOOP('',(#2800,#2801,#2802,#2803));
#1533=EDGE_LOOP('',(#2804,#2805,#2806,#2807));
#1534=EDGE_LOOP('',(#2808,#2809,#2810,#2811));
#1535=EDGE_LOOP('',(#2812,#2813,#2814,#2815));
#1536=EDGE_LOOP('',(#2816,#2817,#2818,#2819));
#1537=EDGE_LOOP('',(#2820,#2821,#2822,#2823,#2824,#2825));
#1538=EDGE_LOOP('',(#2826,#2827,#2828,#2829));
#1539=EDGE_LOOP('',(#2830,#2831,#2832,#2833,#2834,#2835,#2836,#2837,#2838));
#1540=EDGE_LOOP('',(#2839,#2840,#2841,#2842));
#1541=EDGE_LOOP('',(#2843,#2844,#2845,#2846,#2847));
#1542=EDGE_LOOP('',(#2848,#2849,#2850,#2851));
#1543=EDGE_LOOP('',(#2852,#2853,#2854,#2855));
#1544=EDGE_LOOP('',(#2856));
#1545=EDGE_LOOP('',(#2857,#2858,#2859,#2860));
#1546=EDGE_LOOP('',(#2861));
#1547=EDGE_LOOP('',(#2862));
#1548=EDGE_LOOP('',(#2863));
#1549=EDGE_LOOP('',(#2864));
#1550=EDGE_LOOP('',(#2865));
#1551=EDGE_LOOP('',(#2866));
#1552=EDGE_LOOP('',(#2867,#2868,#2869,#2870,#2871,#2872));
#1553=EDGE_LOOP('',(#2873,#2874,#2875,#2876,#2877,#2878));
#1554=EDGE_LOOP('',(#2879,#2880,#2881,#2882));
#1555=EDGE_LOOP('',(#2883,#2884,#2885,#2886));
#1556=EDGE_LOOP('',(#2887,#2888,#2889,#2890));
#1557=EDGE_LOOP('',(#2891,#2892,#2893,#2894));
#1558=EDGE_LOOP('',(#2895,#2896,#2897,#2898));
#1559=EDGE_LOOP('',(#2899,#2900,#2901,#2902));
#1560=EDGE_LOOP('',(#2903,#2904,#2905,#2906));
#1561=EDGE_LOOP('',(#2907,#2908,#2909,#2910));
#1562=EDGE_LOOP('',(#2911,#2912,#2913,#2914));
#1563=EDGE_LOOP('',(#2915,#2916,#2917,#2918,#2919,#2920));
#1564=EDGE_LOOP('',(#2921,#2922,#2923,#2924));
#1565=EDGE_LOOP('',(#2925,#2926,#2927,#2928));
#1566=EDGE_LOOP('',(#2929));
#1567=EDGE_LOOP('',(#2930,#2931,#2932,#2933,#2934,#2935,#2936));
#1568=EDGE_LOOP('',(#2937,#2938,#2939,#2940,#2941,#2942));
#1569=EDGE_LOOP('',(#2943,#2944,#2945,#2946));
#1570=EDGE_LOOP('',(#2947,#2948,#2949,#2950));
#1571=EDGE_LOOP('',(#2951,#2952,#2953,#2954,#2955,#2956,#2957,#2958,#2959));
#1572=EDGE_LOOP('',(#2960,#2961,#2962,#2963,#2964,#2965,#2966,#2967,#2968,
#2969,#2970));
#1573=EDGE_LOOP('',(#2971,#2972,#2973,#2974));
#1574=EDGE_LOOP('',(#2975,#2976,#2977,#2978,#2979));
#1575=EDGE_LOOP('',(#2980,#2981,#2982,#2983,#2984,#2985));
#1576=EDGE_LOOP('',(#2986,#2987,#2988,#2989));
#1577=EDGE_LOOP('',(#2990,#2991,#2992,#2993));
#1578=EDGE_LOOP('',(#2994,#2995,#2996,#2997));
#1579=EDGE_LOOP('',(#2998));
#1580=EDGE_LOOP('',(#2999,#3000,#3001,#3002));
#1581=EDGE_LOOP('',(#3003));
#1582=EDGE_LOOP('',(#3004));
#1583=EDGE_LOOP('',(#3005));
#1584=EDGE_LOOP('',(#3006));
#1585=EDGE_LOOP('',(#3007));
#1586=EDGE_LOOP('',(#3008));
#1587=EDGE_LOOP('',(#3009,#3010,#3011,#3012));
#1588=EDGE_LOOP('',(#3013,#3014,#3015,#3016));
#1589=EDGE_LOOP('',(#3017,#3018,#3019,#3020));
#1590=EDGE_LOOP('',(#3021,#3022,#3023,#3024));
#1591=EDGE_LOOP('',(#3025,#3026,#3027,#3028));
#1592=EDGE_LOOP('',(#3029,#3030,#3031,#3032));
#1593=EDGE_LOOP('',(#3033));
#1594=EDGE_LOOP('',(#3034));
#1595=EDGE_LOOP('',(#3035,#3036,#3037,#3038,#3039,#3040,#3041,#3042));
#1596=EDGE_LOOP('',(#3043,#3044,#3045,#3046));
#1597=EDGE_LOOP('',(#3047,#3048,#3049,#3050));
#1598=EDGE_LOOP('',(#3051,#3052,#3053,#3054));
#1599=EDGE_LOOP('',(#3055,#3056,#3057,#3058));
#1600=EDGE_LOOP('',(#3059,#3060,#3061,#3062,#3063,#3064,#3065,#3066));
#1601=EDGE_LOOP('',(#3067));
#1602=EDGE_LOOP('',(#3068));
#1603=EDGE_LOOP('',(#3069,#3070,#3071,#3072));
#1604=EDGE_LOOP('',(#3073,#3074,#3075,#3076,#3077,#3078,#3079,#3080));
#1605=EDGE_LOOP('',(#3081,#3082,#3083,#3084));
#1606=EDGE_LOOP('',(#3085,#3086,#3087,#3088,#3089,#3090,#3091,#3092));
#1607=EDGE_LOOP('',(#3093,#3094,#3095,#3096));
#1608=EDGE_LOOP('',(#3097,#3098,#3099,#3100));
#1609=EDGE_LOOP('',(#3101,#3102,#3103,#3104,#3105,#3106,#3107,#3108));
#1610=EDGE_LOOP('',(#3109,#3110,#3111,#3112,#3113,#3114,#3115,#3116));
#1611=EDGE_LOOP('',(#3117,#3118,#3119,#3120));
#1612=EDGE_LOOP('',(#3121,#3122,#3123,#3124));
#1613=EDGE_LOOP('',(#3125,#3126,#3127,#3128));
#1614=EDGE_LOOP('',(#3129,#3130,#3131,#3132,#3133,#3134,#3135,#3136));
#1615=EDGE_LOOP('',(#3137,#3138,#3139,#3140,#3141,#3142,#3143,#3144));
#1616=EDGE_LOOP('',(#3145,#3146,#3147,#3148));
#1617=EDGE_LOOP('',(#3149,#3150,#3151,#3152));
#1618=EDGE_LOOP('',(#3153,#3154,#3155,#3156));
#1619=EDGE_LOOP('',(#3157,#3158,#3159,#3160,#3161,#3162,#3163,#3164));
#1620=EDGE_LOOP('',(#3165,#3166,#3167,#3168,#3169,#3170,#3171,#3172));
#1621=EDGE_LOOP('',(#3173,#3174,#3175,#3176));
#1622=EDGE_LOOP('',(#3177,#3178,#3179,#3180));
#1623=EDGE_LOOP('',(#3181,#3182,#3183,#3184));
#1624=EDGE_LOOP('',(#3185,#3186,#3187,#3188));
#1625=EDGE_LOOP('',(#3189,#3190,#3191,#3192));
#1626=EDGE_LOOP('',(#3193,#3194,#3195,#3196));
#1627=EDGE_LOOP('',(#3197));
#1628=EDGE_LOOP('',(#3198));
#1629=EDGE_LOOP('',(#3199));
#1630=EDGE_LOOP('',(#3200));
#1631=EDGE_LOOP('',(#3201,#3202,#3203,#3204));
#1632=EDGE_LOOP('',(#3205,#3206,#3207,#3208));
#1633=EDGE_LOOP('',(#3209,#3210,#3211,#3212));
#1634=EDGE_LOOP('',(#3213,#3214,#3215,#3216));
#1635=EDGE_LOOP('',(#3217,#3218,#3219,#3220));
#1636=EDGE_LOOP('',(#3221,#3222,#3223,#3224));
#1637=EDGE_LOOP('',(#3225,#3226,#3227,#3228));
#1638=EDGE_LOOP('',(#3229,#3230,#3231,#3232));
#1639=EDGE_LOOP('',(#3233,#3234,#3235,#3236));
#1640=EDGE_LOOP('',(#3237,#3238,#3239,#3240));
#1641=EDGE_LOOP('',(#3241,#3242,#3243,#3244));
#1642=EDGE_LOOP('',(#3245,#3246,#3247,#3248));
#1643=EDGE_LOOP('',(#3249,#3250,#3251,#3252));
#1644=EDGE_LOOP('',(#3253,#3254,#3255,#3256));
#1645=EDGE_LOOP('',(#3257,#3258,#3259,#3260));
#1646=EDGE_LOOP('',(#3261,#3262,#3263,#3264));
#1647=ORIENTED_EDGE('',*,*,#3811,.T.);
#1648=ORIENTED_EDGE('',*,*,#3812,.F.);
#1649=ORIENTED_EDGE('',*,*,#3813,.T.);
#1650=ORIENTED_EDGE('',*,*,#3814,.F.);
#1651=ORIENTED_EDGE('',*,*,#3815,.F.);
#1652=ORIENTED_EDGE('',*,*,#3816,.F.);
#1653=ORIENTED_EDGE('',*,*,#3817,.T.);
#1654=ORIENTED_EDGE('',*,*,#3818,.F.);
#1655=ORIENTED_EDGE('',*,*,#3819,.T.);
#1656=ORIENTED_EDGE('',*,*,#3820,.F.);
#1657=ORIENTED_EDGE('',*,*,#3821,.T.);
#1658=ORIENTED_EDGE('',*,*,#3822,.F.);
#1659=ORIENTED_EDGE('',*,*,#3823,.F.);
#1660=ORIENTED_EDGE('',*,*,#3824,.F.);
#1661=ORIENTED_EDGE('',*,*,#3825,.T.);
#1662=ORIENTED_EDGE('',*,*,#3826,.F.);
#1663=ORIENTED_EDGE('',*,*,#3827,.F.);
#1664=ORIENTED_EDGE('',*,*,#3828,.F.);
#1665=ORIENTED_EDGE('',*,*,#3829,.F.);
#1666=ORIENTED_EDGE('',*,*,#3830,.F.);
#1667=ORIENTED_EDGE('',*,*,#3831,.T.);
#1668=ORIENTED_EDGE('',*,*,#3832,.T.);
#1669=ORIENTED_EDGE('',*,*,#3833,.T.);
#1670=ORIENTED_EDGE('',*,*,#3834,.F.);
#1671=ORIENTED_EDGE('',*,*,#3835,.T.);
#1672=ORIENTED_EDGE('',*,*,#3836,.F.);
#1673=ORIENTED_EDGE('',*,*,#3837,.F.);
#1674=ORIENTED_EDGE('',*,*,#3838,.T.);
#1675=ORIENTED_EDGE('',*,*,#3839,.F.);
#1676=ORIENTED_EDGE('',*,*,#3840,.F.);
#1677=ORIENTED_EDGE('',*,*,#3841,.F.);
#1678=ORIENTED_EDGE('',*,*,#3842,.F.);
#1679=ORIENTED_EDGE('',*,*,#3843,.F.);
#1680=ORIENTED_EDGE('',*,*,#3815,.T.);
#1681=ORIENTED_EDGE('',*,*,#3844,.F.);
#1682=ORIENTED_EDGE('',*,*,#3845,.F.);
#1683=ORIENTED_EDGE('',*,*,#3846,.F.);
#1684=ORIENTED_EDGE('',*,*,#3847,.F.);
#1685=ORIENTED_EDGE('',*,*,#3848,.T.);
#1686=ORIENTED_EDGE('',*,*,#3813,.F.);
#1687=ORIENTED_EDGE('',*,*,#3849,.F.);
#1688=ORIENTED_EDGE('',*,*,#3845,.T.);
#1689=ORIENTED_EDGE('',*,*,#3850,.T.);
#1690=ORIENTED_EDGE('',*,*,#3847,.T.);
#1691=ORIENTED_EDGE('',*,*,#3851,.T.);
#1692=ORIENTED_EDGE('',*,*,#3852,.T.);
#1693=ORIENTED_EDGE('',*,*,#3853,.T.);
#1694=ORIENTED_EDGE('',*,*,#3854,.F.);
#1695=ORIENTED_EDGE('',*,*,#3855,.T.);
#1696=ORIENTED_EDGE('',*,*,#3856,.T.);
#1697=ORIENTED_EDGE('',*,*,#3838,.F.);
#1698=ORIENTED_EDGE('',*,*,#3857,.F.);
#1699=ORIENTED_EDGE('',*,*,#3858,.T.);
#1700=ORIENTED_EDGE('',*,*,#3859,.T.);
#1701=ORIENTED_EDGE('',*,*,#3860,.F.);
#1702=ORIENTED_EDGE('',*,*,#3861,.T.);
#1703=ORIENTED_EDGE('',*,*,#3862,.F.);
#1704=ORIENTED_EDGE('',*,*,#3863,.T.);
#1705=ORIENTED_EDGE('',*,*,#3864,.F.);
#1706=ORIENTED_EDGE('',*,*,#3834,.T.);
#1707=ORIENTED_EDGE('',*,*,#3865,.T.);
#1708=ORIENTED_EDGE('',*,*,#3866,.T.);
#1709=ORIENTED_EDGE('',*,*,#3867,.T.);
#1710=ORIENTED_EDGE('',*,*,#3868,.T.);
#1711=ORIENTED_EDGE('',*,*,#3869,.F.);
#1712=ORIENTED_EDGE('',*,*,#3870,.F.);
#1713=ORIENTED_EDGE('',*,*,#3871,.F.);
#1714=ORIENTED_EDGE('',*,*,#3872,.F.);
#1715=ORIENTED_EDGE('',*,*,#3873,.F.);
#1716=ORIENTED_EDGE('',*,*,#3874,.F.);
#1717=ORIENTED_EDGE('',*,*,#3875,.T.);
#1718=ORIENTED_EDGE('',*,*,#3868,.F.);
#1719=ORIENTED_EDGE('',*,*,#3876,.F.);
#1720=ORIENTED_EDGE('',*,*,#3877,.F.);
#1721=ORIENTED_EDGE('',*,*,#3878,.F.);
#1722=ORIENTED_EDGE('',*,*,#3879,.F.);
#1723=ORIENTED_EDGE('',*,*,#3880,.T.);
#1724=ORIENTED_EDGE('',*,*,#3881,.T.);
#1725=ORIENTED_EDGE('',*,*,#3874,.T.);
#1726=ORIENTED_EDGE('',*,*,#3882,.F.);
#1727=ORIENTED_EDGE('',*,*,#3836,.T.);
#1728=ORIENTED_EDGE('',*,*,#3883,.T.);
#1729=ORIENTED_EDGE('',*,*,#3884,.T.);
#1730=ORIENTED_EDGE('',*,*,#3885,.T.);
#1731=ORIENTED_EDGE('',*,*,#3886,.F.);
#1732=ORIENTED_EDGE('',*,*,#3819,.F.);
#1733=ORIENTED_EDGE('',*,*,#3887,.F.);
#1734=ORIENTED_EDGE('',*,*,#3888,.F.);
#1735=ORIENTED_EDGE('',*,*,#3889,.F.);
#1736=ORIENTED_EDGE('',*,*,#3853,.F.);
#1737=ORIENTED_EDGE('',*,*,#3890,.T.);
#1738=ORIENTED_EDGE('',*,*,#3880,.F.);
#1739=ORIENTED_EDGE('',*,*,#3891,.F.);
#1740=ORIENTED_EDGE('',*,*,#3892,.F.);
#1741=ORIENTED_EDGE('',*,*,#3893,.F.);
#1742=ORIENTED_EDGE('',*,*,#3894,.F.);
#1743=ORIENTED_EDGE('',*,*,#3884,.F.);
#1744=ORIENTED_EDGE('',*,*,#3895,.T.);
#1745=ORIENTED_EDGE('',*,*,#3858,.F.);
#1746=ORIENTED_EDGE('',*,*,#3896,.T.);
#1747=ORIENTED_EDGE('',*,*,#3887,.T.);
#1748=ORIENTED_EDGE('',*,*,#3818,.T.);
#1749=ORIENTED_EDGE('',*,*,#3897,.T.);
#1750=ORIENTED_EDGE('',*,*,#3898,.T.);
#1751=ORIENTED_EDGE('',*,*,#3889,.T.);
#1752=ORIENTED_EDGE('',*,*,#3899,.T.);
#1753=ORIENTED_EDGE('',*,*,#3900,.T.);
#1754=ORIENTED_EDGE('',*,*,#3854,.T.);
#1755=ORIENTED_EDGE('',*,*,#3899,.F.);
#1756=ORIENTED_EDGE('',*,*,#3888,.T.);
#1757=ORIENTED_EDGE('',*,*,#3898,.F.);
#1758=ORIENTED_EDGE('',*,*,#3901,.T.);
#1759=ORIENTED_EDGE('',*,*,#3902,.T.);
#1760=ORIENTED_EDGE('',*,*,#3903,.F.);
#1761=ORIENTED_EDGE('',*,*,#3839,.T.);
#1762=ORIENTED_EDGE('',*,*,#3856,.F.);
#1763=ORIENTED_EDGE('',*,*,#3904,.T.);
#1764=ORIENTED_EDGE('',*,*,#3905,.F.);
#1765=ORIENTED_EDGE('',*,*,#3906,.F.);
#1766=ORIENTED_EDGE('',*,*,#3907,.T.);
#1767=ORIENTED_EDGE('',*,*,#3908,.T.);
#1768=ORIENTED_EDGE('',*,*,#3816,.T.);
#1769=ORIENTED_EDGE('',*,*,#3843,.T.);
#1770=ORIENTED_EDGE('',*,*,#3909,.F.);
#1771=ORIENTED_EDGE('',*,*,#3910,.T.);
#1772=ORIENTED_EDGE('',*,*,#3911,.T.);
#1773=ORIENTED_EDGE('',*,*,#3912,.F.);
#1774=ORIENTED_EDGE('',*,*,#3913,.T.);
#1775=ORIENTED_EDGE('',*,*,#3914,.F.);
#1776=ORIENTED_EDGE('',*,*,#3878,.T.);
#1777=ORIENTED_EDGE('',*,*,#3867,.F.);
#1778=ORIENTED_EDGE('',*,*,#3915,.T.);
#1779=ORIENTED_EDGE('',*,*,#3916,.F.);
#1780=ORIENTED_EDGE('',*,*,#3876,.T.);
#1781=ORIENTED_EDGE('',*,*,#3830,.T.);
#1782=ORIENTED_EDGE('',*,*,#3917,.T.);
#1783=ORIENTED_EDGE('',*,*,#3918,.T.);
#1784=ORIENTED_EDGE('',*,*,#3919,.T.);
#1785=ORIENTED_EDGE('',*,*,#3920,.T.);
#1786=ORIENTED_EDGE('',*,*,#3921,.T.);
#1787=ORIENTED_EDGE('',*,*,#3879,.T.);
#1788=ORIENTED_EDGE('',*,*,#3914,.T.);
#1789=ORIENTED_EDGE('',*,*,#3922,.T.);
#1790=ORIENTED_EDGE('',*,*,#3923,.T.);
#1791=ORIENTED_EDGE('',*,*,#3916,.T.);
#1792=ORIENTED_EDGE('',*,*,#3924,.T.);
#1793=ORIENTED_EDGE('',*,*,#3912,.T.);
#1794=ORIENTED_EDGE('',*,*,#3877,.T.);
#1795=ORIENTED_EDGE('',*,*,#3925,.T.);
#1796=ORIENTED_EDGE('',*,*,#3926,.T.);
#1797=ORIENTED_EDGE('',*,*,#3927,.T.);
#1798=ORIENTED_EDGE('',*,*,#3832,.F.);
#1799=ORIENTED_EDGE('',*,*,#3928,.T.);
#1800=ORIENTED_EDGE('',*,*,#3929,.T.);
#1801=ORIENTED_EDGE('',*,*,#3930,.T.);
#1802=ORIENTED_EDGE('',*,*,#3931,.T.);
#1803=ORIENTED_EDGE('',*,*,#3932,.T.);
#1804=ORIENTED_EDGE('',*,*,#3933,.T.);
#1805=ORIENTED_EDGE('',*,*,#3934,.T.);
#1806=ORIENTED_EDGE('',*,*,#3935,.T.);
#1807=ORIENTED_EDGE('',*,*,#3936,.T.);
#1808=ORIENTED_EDGE('',*,*,#3937,.T.);
#1809=ORIENTED_EDGE('',*,*,#3938,.T.);
#1810=ORIENTED_EDGE('',*,*,#3939,.T.);
#1811=ORIENTED_EDGE('',*,*,#3940,.T.);
#1812=ORIENTED_EDGE('',*,*,#3941,.T.);
#1813=ORIENTED_EDGE('',*,*,#3942,.T.);
#1814=ORIENTED_EDGE('',*,*,#3943,.T.);
#1815=ORIENTED_EDGE('',*,*,#3944,.T.);
#1816=ORIENTED_EDGE('',*,*,#3945,.T.);
#1817=ORIENTED_EDGE('',*,*,#3946,.T.);
#1818=ORIENTED_EDGE('',*,*,#3947,.F.);
#1819=ORIENTED_EDGE('',*,*,#3948,.T.);
#1820=ORIENTED_EDGE('',*,*,#3949,.T.);
#1821=ORIENTED_EDGE('',*,*,#3950,.F.);
#1822=ORIENTED_EDGE('',*,*,#3950,.T.);
#1823=ORIENTED_EDGE('',*,*,#3951,.T.);
#1824=ORIENTED_EDGE('',*,*,#3952,.F.);
#1825=ORIENTED_EDGE('',*,*,#3953,.T.);
#1826=ORIENTED_EDGE('',*,*,#3952,.T.);
#1827=ORIENTED_EDGE('',*,*,#3954,.T.);
#1828=ORIENTED_EDGE('',*,*,#3955,.T.);
#1829=ORIENTED_EDGE('',*,*,#3956,.F.);
#1830=ORIENTED_EDGE('',*,*,#3948,.F.);
#1831=ORIENTED_EDGE('',*,*,#3953,.F.);
#1832=ORIENTED_EDGE('',*,*,#3955,.F.);
#1833=ORIENTED_EDGE('',*,*,#3957,.F.);
#1834=ORIENTED_EDGE('',*,*,#3958,.F.);
#1835=ORIENTED_EDGE('',*,*,#3959,.F.);
#1836=ORIENTED_EDGE('',*,*,#3960,.F.);
#1837=ORIENTED_EDGE('',*,*,#3904,.F.);
#1838=ORIENTED_EDGE('',*,*,#3855,.F.);
#1839=ORIENTED_EDGE('',*,*,#3900,.F.);
#1840=ORIENTED_EDGE('',*,*,#3901,.F.);
#1841=ORIENTED_EDGE('',*,*,#3897,.F.);
#1842=ORIENTED_EDGE('',*,*,#3817,.F.);
#1843=ORIENTED_EDGE('',*,*,#3908,.F.);
#1844=ORIENTED_EDGE('',*,*,#3961,.F.);
#1845=ORIENTED_EDGE('',*,*,#3962,.F.);
#1846=ORIENTED_EDGE('',*,*,#3963,.F.);
#1847=ORIENTED_EDGE('',*,*,#3964,.F.);
#1848=ORIENTED_EDGE('',*,*,#3965,.F.);
#1849=ORIENTED_EDGE('',*,*,#3966,.F.);
#1850=ORIENTED_EDGE('',*,*,#3967,.F.);
#1851=ORIENTED_EDGE('',*,*,#3968,.T.);
#1852=ORIENTED_EDGE('',*,*,#3969,.T.);
#1853=ORIENTED_EDGE('',*,*,#3969,.F.);
#1854=ORIENTED_EDGE('',*,*,#3970,.F.);
#1855=ORIENTED_EDGE('',*,*,#3968,.F.);
#1856=ORIENTED_EDGE('',*,*,#3971,.F.);
#1857=ORIENTED_EDGE('',*,*,#3972,.T.);
#1858=ORIENTED_EDGE('',*,*,#3962,.T.);
#1859=ORIENTED_EDGE('',*,*,#3973,.F.);
#1860=ORIENTED_EDGE('',*,*,#3974,.F.);
#1861=ORIENTED_EDGE('',*,*,#3975,.T.);
#1862=ORIENTED_EDGE('',*,*,#3963,.T.);
#1863=ORIENTED_EDGE('',*,*,#3972,.F.);
#1864=ORIENTED_EDGE('',*,*,#3976,.F.);
#1865=ORIENTED_EDGE('',*,*,#3977,.T.);
#1866=ORIENTED_EDGE('',*,*,#3964,.T.);
#1867=ORIENTED_EDGE('',*,*,#3975,.F.);
#1868=ORIENTED_EDGE('',*,*,#3978,.F.);
#1869=ORIENTED_EDGE('',*,*,#3979,.T.);
#1870=ORIENTED_EDGE('',*,*,#3965,.T.);
#1871=ORIENTED_EDGE('',*,*,#3977,.F.);
#1872=ORIENTED_EDGE('',*,*,#3980,.F.);
#1873=ORIENTED_EDGE('',*,*,#3981,.T.);
#1874=ORIENTED_EDGE('',*,*,#3966,.T.);
#1875=ORIENTED_EDGE('',*,*,#3979,.F.);
#1876=ORIENTED_EDGE('',*,*,#3982,.F.);
#1877=ORIENTED_EDGE('',*,*,#3905,.T.);
#1878=ORIENTED_EDGE('',*,*,#3967,.T.);
#1879=ORIENTED_EDGE('',*,*,#3981,.F.);
#1880=ORIENTED_EDGE('',*,*,#3983,.F.);
#1881=ORIENTED_EDGE('',*,*,#3973,.T.);
#1882=ORIENTED_EDGE('',*,*,#3961,.T.);
#1883=ORIENTED_EDGE('',*,*,#3907,.F.);
#1884=ORIENTED_EDGE('',*,*,#3984,.F.);
#1885=ORIENTED_EDGE('',*,*,#3974,.T.);
#1886=ORIENTED_EDGE('',*,*,#3984,.T.);
#1887=ORIENTED_EDGE('',*,*,#3906,.T.);
#1888=ORIENTED_EDGE('',*,*,#3983,.T.);
#1889=ORIENTED_EDGE('',*,*,#3982,.T.);
#1890=ORIENTED_EDGE('',*,*,#3980,.T.);
#1891=ORIENTED_EDGE('',*,*,#3978,.T.);
#1892=ORIENTED_EDGE('',*,*,#3976,.T.);
#1893=ORIENTED_EDGE('',*,*,#3923,.F.);
#1894=ORIENTED_EDGE('',*,*,#3985,.T.);
#1895=ORIENTED_EDGE('',*,*,#3925,.F.);
#1896=ORIENTED_EDGE('',*,*,#3831,.F.);
#1897=ORIENTED_EDGE('',*,*,#3927,.F.);
#1898=ORIENTED_EDGE('',*,*,#3986,.T.);
#1899=ORIENTED_EDGE('',*,*,#3865,.F.);
#1900=ORIENTED_EDGE('',*,*,#3833,.F.);
#1901=ORIENTED_EDGE('',*,*,#3987,.F.);
#1902=ORIENTED_EDGE('',*,*,#3913,.F.);
#1903=ORIENTED_EDGE('',*,*,#3988,.F.);
#1904=ORIENTED_EDGE('',*,*,#3943,.F.);
#1905=ORIENTED_EDGE('',*,*,#3988,.T.);
#1906=ORIENTED_EDGE('',*,*,#3924,.F.);
#1907=ORIENTED_EDGE('',*,*,#3989,.F.);
#1908=ORIENTED_EDGE('',*,*,#3944,.F.);
#1909=ORIENTED_EDGE('',*,*,#3987,.T.);
#1910=ORIENTED_EDGE('',*,*,#3942,.F.);
#1911=ORIENTED_EDGE('',*,*,#3990,.F.);
#1912=ORIENTED_EDGE('',*,*,#3922,.F.);
#1913=ORIENTED_EDGE('',*,*,#3989,.T.);
#1914=ORIENTED_EDGE('',*,*,#3915,.F.);
#1915=ORIENTED_EDGE('',*,*,#3991,.F.);
#1916=ORIENTED_EDGE('',*,*,#3945,.F.);
#1917=ORIENTED_EDGE('',*,*,#3990,.T.);
#1918=ORIENTED_EDGE('',*,*,#3941,.F.);
#1919=ORIENTED_EDGE('',*,*,#3992,.F.);
#1920=ORIENTED_EDGE('',*,*,#3985,.F.);
#1921=ORIENTED_EDGE('',*,*,#3991,.T.);
#1922=ORIENTED_EDGE('',*,*,#3866,.F.);
#1923=ORIENTED_EDGE('',*,*,#3993,.F.);
#1924=ORIENTED_EDGE('',*,*,#3938,.F.);
#1925=ORIENTED_EDGE('',*,*,#3992,.T.);
#1926=ORIENTED_EDGE('',*,*,#3940,.F.);
#1927=ORIENTED_EDGE('',*,*,#3994,.F.);
#1928=ORIENTED_EDGE('',*,*,#3926,.F.);
#1929=ORIENTED_EDGE('',*,*,#3993,.T.);
#1930=ORIENTED_EDGE('',*,*,#3986,.F.);
#1931=ORIENTED_EDGE('',*,*,#3994,.T.);
#1932=ORIENTED_EDGE('',*,*,#3939,.F.);
#1933=ORIENTED_EDGE('',*,*,#3995,.F.);
#1934=ORIENTED_EDGE('',*,*,#3957,.T.);
#1935=ORIENTED_EDGE('',*,*,#3996,.F.);
#1936=ORIENTED_EDGE('',*,*,#3934,.F.);
#1937=ORIENTED_EDGE('',*,*,#3996,.T.);
#1938=ORIENTED_EDGE('',*,*,#3954,.F.);
#1939=ORIENTED_EDGE('',*,*,#3997,.F.);
#1940=ORIENTED_EDGE('',*,*,#3935,.F.);
#1941=ORIENTED_EDGE('',*,*,#3997,.T.);
#1942=ORIENTED_EDGE('',*,*,#3951,.F.);
#1943=ORIENTED_EDGE('',*,*,#3998,.F.);
#1944=ORIENTED_EDGE('',*,*,#3936,.F.);
#1945=ORIENTED_EDGE('',*,*,#3995,.T.);
#1946=ORIENTED_EDGE('',*,*,#3933,.F.);
#1947=ORIENTED_EDGE('',*,*,#3999,.F.);
#1948=ORIENTED_EDGE('',*,*,#3958,.T.);
#1949=ORIENTED_EDGE('',*,*,#3998,.T.);
#1950=ORIENTED_EDGE('',*,*,#3949,.F.);
#1951=ORIENTED_EDGE('',*,*,#4000,.F.);
#1952=ORIENTED_EDGE('',*,*,#3937,.F.);
#1953=ORIENTED_EDGE('',*,*,#3999,.T.);
#1954=ORIENTED_EDGE('',*,*,#3932,.F.);
#1955=ORIENTED_EDGE('',*,*,#4001,.F.);
#1956=ORIENTED_EDGE('',*,*,#3959,.T.);
#1957=ORIENTED_EDGE('',*,*,#4000,.T.);
#1958=ORIENTED_EDGE('',*,*,#3956,.T.);
#1959=ORIENTED_EDGE('',*,*,#4002,.F.);
#1960=ORIENTED_EDGE('',*,*,#3930,.F.);
#1961=ORIENTED_EDGE('',*,*,#4001,.T.);
#1962=ORIENTED_EDGE('',*,*,#3931,.F.);
#1963=ORIENTED_EDGE('',*,*,#4002,.T.);
#1964=ORIENTED_EDGE('',*,*,#3960,.T.);
#1965=ORIENTED_EDGE('',*,*,#3928,.F.);
#1966=ORIENTED_EDGE('',*,*,#3910,.F.);
#1967=ORIENTED_EDGE('',*,*,#3929,.F.);
#1968=ORIENTED_EDGE('',*,*,#3946,.F.);
#1969=ORIENTED_EDGE('',*,*,#4003,.T.);
#1970=ORIENTED_EDGE('',*,*,#3947,.T.);
#1971=ORIENTED_EDGE('',*,*,#4004,.F.);
#1972=ORIENTED_EDGE('',*,*,#3971,.T.);
#1973=ORIENTED_EDGE('',*,*,#4005,.T.);
#1974=ORIENTED_EDGE('',*,*,#3911,.F.);
#1975=ORIENTED_EDGE('',*,*,#4006,.F.);
#1976=ORIENTED_EDGE('',*,*,#3970,.T.);
#1977=ORIENTED_EDGE('',*,*,#4006,.T.);
#1978=ORIENTED_EDGE('',*,*,#4005,.F.);
#1979=ORIENTED_EDGE('',*,*,#4004,.T.);
#1980=ORIENTED_EDGE('',*,*,#4003,.F.);
#1981=ORIENTED_EDGE('',*,*,#3903,.T.);
#1982=ORIENTED_EDGE('',*,*,#4007,.F.);
#1983=ORIENTED_EDGE('',*,*,#4008,.F.);
#1984=ORIENTED_EDGE('',*,*,#3840,.T.);
#1985=ORIENTED_EDGE('',*,*,#3909,.T.);
#1986=ORIENTED_EDGE('',*,*,#3842,.T.);
#1987=ORIENTED_EDGE('',*,*,#4009,.F.);
#1988=ORIENTED_EDGE('',*,*,#4010,.F.);
#1989=ORIENTED_EDGE('',*,*,#4010,.T.);
#1990=ORIENTED_EDGE('',*,*,#4011,.F.);
#1991=ORIENTED_EDGE('',*,*,#4007,.T.);
#1992=ORIENTED_EDGE('',*,*,#3902,.F.);
#1993=ORIENTED_EDGE('',*,*,#4011,.T.);
#1994=ORIENTED_EDGE('',*,*,#4009,.T.);
#1995=ORIENTED_EDGE('',*,*,#3841,.T.);
#1996=ORIENTED_EDGE('',*,*,#4008,.T.);
#1997=ORIENTED_EDGE('',*,*,#3873,.T.);
#1998=ORIENTED_EDGE('',*,*,#4012,.F.);
#1999=ORIENTED_EDGE('',*,*,#3891,.T.);
#2000=ORIENTED_EDGE('',*,*,#3882,.T.);
#2001=ORIENTED_EDGE('',*,*,#3872,.T.);
#2002=ORIENTED_EDGE('',*,*,#4013,.F.);
#2003=ORIENTED_EDGE('',*,*,#3892,.T.);
#2004=ORIENTED_EDGE('',*,*,#4012,.T.);
#2005=ORIENTED_EDGE('',*,*,#3871,.T.);
#2006=ORIENTED_EDGE('',*,*,#4014,.F.);
#2007=ORIENTED_EDGE('',*,*,#3893,.T.);
#2008=ORIENTED_EDGE('',*,*,#4013,.T.);
#2009=ORIENTED_EDGE('',*,*,#4015,.F.);
#2010=ORIENTED_EDGE('',*,*,#3894,.T.);
#2011=ORIENTED_EDGE('',*,*,#4014,.T.);
#2012=ORIENTED_EDGE('',*,*,#3870,.T.);
#2013=ORIENTED_EDGE('',*,*,#3814,.T.);
#2014=ORIENTED_EDGE('',*,*,#3848,.F.);
#2015=ORIENTED_EDGE('',*,*,#3850,.F.);
#2016=ORIENTED_EDGE('',*,*,#3844,.T.);
#2017=ORIENTED_EDGE('',*,*,#3857,.T.);
#2018=ORIENTED_EDGE('',*,*,#3837,.T.);
#2019=ORIENTED_EDGE('',*,*,#3885,.F.);
#2020=ORIENTED_EDGE('',*,*,#3896,.F.);
#2021=ORIENTED_EDGE('',*,*,#3862,.T.);
#2022=ORIENTED_EDGE('',*,*,#4016,.T.);
#2023=ORIENTED_EDGE('',*,*,#4017,.F.);
#2024=ORIENTED_EDGE('',*,*,#4018,.T.);
#2025=ORIENTED_EDGE('',*,*,#4019,.F.);
#2026=ORIENTED_EDGE('',*,*,#4020,.T.);
#2027=ORIENTED_EDGE('',*,*,#3860,.T.);
#2028=ORIENTED_EDGE('',*,*,#3875,.F.);
#2029=ORIENTED_EDGE('',*,*,#3881,.F.);
#2030=ORIENTED_EDGE('',*,*,#3890,.F.);
#2031=ORIENTED_EDGE('',*,*,#3852,.F.);
#2032=ORIENTED_EDGE('',*,*,#4021,.F.);
#2033=ORIENTED_EDGE('',*,*,#3864,.T.);
#2034=ORIENTED_EDGE('',*,*,#4022,.T.);
#2035=ORIENTED_EDGE('',*,*,#4023,.F.);
#2036=ORIENTED_EDGE('',*,*,#4024,.F.);
#2037=ORIENTED_EDGE('',*,*,#3859,.F.);
#2038=ORIENTED_EDGE('',*,*,#3895,.F.);
#2039=ORIENTED_EDGE('',*,*,#3883,.F.);
#2040=ORIENTED_EDGE('',*,*,#3835,.F.);
#2041=ORIENTED_EDGE('',*,*,#4019,.T.);
#2042=ORIENTED_EDGE('',*,*,#4025,.T.);
#2043=ORIENTED_EDGE('',*,*,#4023,.T.);
#2044=ORIENTED_EDGE('',*,*,#4026,.T.);
#2045=ORIENTED_EDGE('',*,*,#4017,.T.);
#2046=ORIENTED_EDGE('',*,*,#4027,.T.);
#2047=ORIENTED_EDGE('',*,*,#4021,.T.);
#2048=ORIENTED_EDGE('',*,*,#3851,.F.);
#2049=ORIENTED_EDGE('',*,*,#4024,.T.);
#2050=ORIENTED_EDGE('',*,*,#4025,.F.);
#2051=ORIENTED_EDGE('',*,*,#4028,.F.);
#2052=ORIENTED_EDGE('',*,*,#4029,.T.);
#2053=ORIENTED_EDGE('',*,*,#3919,.F.);
#2054=ORIENTED_EDGE('',*,*,#4030,.T.);
#2055=ORIENTED_EDGE('',*,*,#4031,.F.);
#2056=ORIENTED_EDGE('',*,*,#4032,.T.);
#2057=ORIENTED_EDGE('',*,*,#3827,.T.);
#2058=ORIENTED_EDGE('',*,*,#4033,.T.);
#2059=ORIENTED_EDGE('',*,*,#4034,.F.);
#2060=ORIENTED_EDGE('',*,*,#4035,.T.);
#2061=ORIENTED_EDGE('',*,*,#3823,.T.);
#2062=ORIENTED_EDGE('',*,*,#4036,.T.);
#2063=ORIENTED_EDGE('',*,*,#4037,.F.);
#2064=ORIENTED_EDGE('',*,*,#4038,.T.);
#2065=ORIENTED_EDGE('',*,*,#3917,.F.);
#2066=ORIENTED_EDGE('',*,*,#3829,.T.);
#2067=ORIENTED_EDGE('',*,*,#3849,.T.);
#2068=ORIENTED_EDGE('',*,*,#3846,.T.);
#2069=ORIENTED_EDGE('',*,*,#3812,.T.);
#2070=ORIENTED_EDGE('',*,*,#4039,.F.);
#2071=ORIENTED_EDGE('',*,*,#3921,.F.);
#2072=ORIENTED_EDGE('',*,*,#4040,.T.);
#2073=ORIENTED_EDGE('',*,*,#4041,.F.);
#2074=ORIENTED_EDGE('',*,*,#4042,.F.);
#2075=ORIENTED_EDGE('',*,*,#3820,.T.);
#2076=ORIENTED_EDGE('',*,*,#3886,.T.);
#2077=ORIENTED_EDGE('',*,*,#4015,.T.);
#2078=ORIENTED_EDGE('',*,*,#3869,.T.);
#2079=ORIENTED_EDGE('',*,*,#3822,.T.);
#2080=ORIENTED_EDGE('',*,*,#4043,.T.);
#2081=ORIENTED_EDGE('',*,*,#4044,.T.);
#2082=ORIENTED_EDGE('',*,*,#4036,.F.);
#2083=ORIENTED_EDGE('',*,*,#4043,.F.);
#2084=ORIENTED_EDGE('',*,*,#3821,.F.);
#2085=ORIENTED_EDGE('',*,*,#4042,.T.);
#2086=ORIENTED_EDGE('',*,*,#4045,.F.);
#2087=ORIENTED_EDGE('',*,*,#4044,.F.);
#2088=ORIENTED_EDGE('',*,*,#4045,.T.);
#2089=ORIENTED_EDGE('',*,*,#4041,.T.);
#2090=ORIENTED_EDGE('',*,*,#4046,.T.);
#2091=ORIENTED_EDGE('',*,*,#4028,.T.);
#2092=ORIENTED_EDGE('',*,*,#3826,.T.);
#2093=ORIENTED_EDGE('',*,*,#4047,.T.);
#2094=ORIENTED_EDGE('',*,*,#4048,.T.);
#2095=ORIENTED_EDGE('',*,*,#4033,.F.);
#2096=ORIENTED_EDGE('',*,*,#4049,.T.);
#2097=ORIENTED_EDGE('',*,*,#4050,.T.);
#2098=ORIENTED_EDGE('',*,*,#3824,.T.);
#2099=ORIENTED_EDGE('',*,*,#4035,.F.);
#2100=ORIENTED_EDGE('',*,*,#4049,.F.);
#2101=ORIENTED_EDGE('',*,*,#4034,.T.);
#2102=ORIENTED_EDGE('',*,*,#4048,.F.);
#2103=ORIENTED_EDGE('',*,*,#4051,.T.);
#2104=ORIENTED_EDGE('',*,*,#4050,.F.);
#2105=ORIENTED_EDGE('',*,*,#4051,.F.);
#2106=ORIENTED_EDGE('',*,*,#4047,.F.);
#2107=ORIENTED_EDGE('',*,*,#3825,.F.);
#2108=ORIENTED_EDGE('',*,*,#4052,.T.);
#2109=ORIENTED_EDGE('',*,*,#4053,.T.);
#2110=ORIENTED_EDGE('',*,*,#3828,.T.);
#2111=ORIENTED_EDGE('',*,*,#4032,.F.);
#2112=ORIENTED_EDGE('',*,*,#4052,.F.);
#2113=ORIENTED_EDGE('',*,*,#4031,.T.);
#2114=ORIENTED_EDGE('',*,*,#4054,.T.);
#2115=ORIENTED_EDGE('',*,*,#4037,.T.);
#2116=ORIENTED_EDGE('',*,*,#4055,.T.);
#2117=ORIENTED_EDGE('',*,*,#4053,.F.);
#2118=ORIENTED_EDGE('',*,*,#4055,.F.);
#2119=ORIENTED_EDGE('',*,*,#4039,.T.);
#2120=ORIENTED_EDGE('',*,*,#3811,.F.);
#2121=ORIENTED_EDGE('',*,*,#3920,.F.);
#2122=ORIENTED_EDGE('',*,*,#4029,.F.);
#2123=ORIENTED_EDGE('',*,*,#4046,.F.);
#2124=ORIENTED_EDGE('',*,*,#4040,.F.);
#2125=ORIENTED_EDGE('',*,*,#3918,.F.);
#2126=ORIENTED_EDGE('',*,*,#4038,.F.);
#2127=ORIENTED_EDGE('',*,*,#4054,.F.);
#2128=ORIENTED_EDGE('',*,*,#4030,.F.);
#2129=ORIENTED_EDGE('',*,*,#4027,.F.);
#2130=ORIENTED_EDGE('',*,*,#4016,.F.);
#2131=ORIENTED_EDGE('',*,*,#3861,.F.);
#2132=ORIENTED_EDGE('',*,*,#4020,.F.);
#2133=ORIENTED_EDGE('',*,*,#4026,.F.);
#2134=ORIENTED_EDGE('',*,*,#4022,.F.);
#2135=ORIENTED_EDGE('',*,*,#3863,.F.);
#2136=ORIENTED_EDGE('',*,*,#4018,.F.);
#2137=ORIENTED_EDGE('',*,*,#4056,.F.);
#2138=ORIENTED_EDGE('',*,*,#4057,.F.);
#2139=ORIENTED_EDGE('',*,*,#4058,.T.);
#2140=ORIENTED_EDGE('',*,*,#4059,.T.);
#2141=ORIENTED_EDGE('',*,*,#4060,.F.);
#2142=ORIENTED_EDGE('',*,*,#4061,.T.);
#2143=ORIENTED_EDGE('',*,*,#4062,.T.);
#2144=ORIENTED_EDGE('',*,*,#4063,.F.);
#2145=ORIENTED_EDGE('',*,*,#4064,.T.);
#2146=ORIENTED_EDGE('',*,*,#4065,.T.);
#2147=ORIENTED_EDGE('',*,*,#4066,.T.);
#2148=ORIENTED_EDGE('',*,*,#4067,.T.);
#2149=ORIENTED_EDGE('',*,*,#4068,.T.);
#2150=ORIENTED_EDGE('',*,*,#4069,.T.);
#2151=ORIENTED_EDGE('',*,*,#4070,.T.);
#2152=ORIENTED_EDGE('',*,*,#4071,.T.);
#2153=ORIENTED_EDGE('',*,*,#4072,.T.);
#2154=ORIENTED_EDGE('',*,*,#4073,.T.);
#2155=ORIENTED_EDGE('',*,*,#4074,.T.);
#2156=ORIENTED_EDGE('',*,*,#4075,.T.);
#2157=ORIENTED_EDGE('',*,*,#4076,.T.);
#2158=ORIENTED_EDGE('',*,*,#4077,.T.);
#2159=ORIENTED_EDGE('',*,*,#4078,.T.);
#2160=ORIENTED_EDGE('',*,*,#4079,.T.);
#2161=ORIENTED_EDGE('',*,*,#4080,.T.);
#2162=ORIENTED_EDGE('',*,*,#4081,.T.);
#2163=ORIENTED_EDGE('',*,*,#4082,.F.);
#2164=ORIENTED_EDGE('',*,*,#4083,.T.);
#2165=ORIENTED_EDGE('',*,*,#4084,.T.);
#2166=ORIENTED_EDGE('',*,*,#4085,.T.);
#2167=ORIENTED_EDGE('',*,*,#4086,.T.);
#2168=ORIENTED_EDGE('',*,*,#4087,.T.);
#2169=ORIENTED_EDGE('',*,*,#4088,.F.);
#2170=ORIENTED_EDGE('',*,*,#4089,.F.);
#2171=ORIENTED_EDGE('',*,*,#4090,.F.);
#2172=ORIENTED_EDGE('',*,*,#4091,.F.);
#2173=ORIENTED_EDGE('',*,*,#4092,.F.);
#2174=ORIENTED_EDGE('',*,*,#4093,.F.);
#2175=ORIENTED_EDGE('',*,*,#4094,.T.);
#2176=ORIENTED_EDGE('',*,*,#4095,.T.);
#2177=ORIENTED_EDGE('',*,*,#4096,.T.);
#2178=ORIENTED_EDGE('',*,*,#4097,.T.);
#2179=ORIENTED_EDGE('',*,*,#4098,.T.);
#2180=ORIENTED_EDGE('',*,*,#4099,.F.);
#2181=ORIENTED_EDGE('',*,*,#4100,.F.);
#2182=ORIENTED_EDGE('',*,*,#4101,.F.);
#2183=ORIENTED_EDGE('',*,*,#4102,.F.);
#2184=ORIENTED_EDGE('',*,*,#4103,.T.);
#2185=ORIENTED_EDGE('',*,*,#4104,.T.);
#2186=ORIENTED_EDGE('',*,*,#4105,.T.);
#2187=ORIENTED_EDGE('',*,*,#4106,.T.);
#2188=ORIENTED_EDGE('',*,*,#4107,.T.);
#2189=ORIENTED_EDGE('',*,*,#4108,.F.);
#2190=ORIENTED_EDGE('',*,*,#4109,.F.);
#2191=ORIENTED_EDGE('',*,*,#4110,.F.);
#2192=ORIENTED_EDGE('',*,*,#4111,.F.);
#2193=ORIENTED_EDGE('',*,*,#4112,.F.);
#2194=ORIENTED_EDGE('',*,*,#4113,.F.);
#2195=ORIENTED_EDGE('',*,*,#4114,.F.);
#2196=ORIENTED_EDGE('',*,*,#4115,.F.);
#2197=ORIENTED_EDGE('',*,*,#4116,.F.);
#2198=ORIENTED_EDGE('',*,*,#4117,.F.);
#2199=ORIENTED_EDGE('',*,*,#4118,.F.);
#2200=ORIENTED_EDGE('',*,*,#4119,.F.);
#2201=ORIENTED_EDGE('',*,*,#4120,.F.);
#2202=ORIENTED_EDGE('',*,*,#4121,.F.);
#2203=ORIENTED_EDGE('',*,*,#4122,.F.);
#2204=ORIENTED_EDGE('',*,*,#4123,.F.);
#2205=ORIENTED_EDGE('',*,*,#4124,.F.);
#2206=ORIENTED_EDGE('',*,*,#4125,.F.);
#2207=ORIENTED_EDGE('',*,*,#4126,.F.);
#2208=ORIENTED_EDGE('',*,*,#4127,.F.);
#2209=ORIENTED_EDGE('',*,*,#4128,.F.);
#2210=ORIENTED_EDGE('',*,*,#4129,.T.);
#2211=ORIENTED_EDGE('',*,*,#4130,.T.);
#2212=ORIENTED_EDGE('',*,*,#4131,.T.);
#2213=ORIENTED_EDGE('',*,*,#4132,.F.);
#2214=ORIENTED_EDGE('',*,*,#4133,.F.);
#2215=ORIENTED_EDGE('',*,*,#4134,.F.);
#2216=ORIENTED_EDGE('',*,*,#4135,.T.);
#2217=ORIENTED_EDGE('',*,*,#4136,.T.);
#2218=ORIENTED_EDGE('',*,*,#4137,.T.);
#2219=ORIENTED_EDGE('',*,*,#4138,.T.);
#2220=ORIENTED_EDGE('',*,*,#4139,.T.);
#2221=ORIENTED_EDGE('',*,*,#4140,.T.);
#2222=ORIENTED_EDGE('',*,*,#4141,.T.);
#2223=ORIENTED_EDGE('',*,*,#4142,.T.);
#2224=ORIENTED_EDGE('',*,*,#4143,.F.);
#2225=ORIENTED_EDGE('',*,*,#4144,.F.);
#2226=ORIENTED_EDGE('',*,*,#4145,.T.);
#2227=ORIENTED_EDGE('',*,*,#4146,.T.);
#2228=ORIENTED_EDGE('',*,*,#4147,.T.);
#2229=ORIENTED_EDGE('',*,*,#4148,.F.);
#2230=ORIENTED_EDGE('',*,*,#4149,.T.);
#2231=ORIENTED_EDGE('',*,*,#4150,.F.);
#2232=ORIENTED_EDGE('',*,*,#4151,.F.);
#2233=ORIENTED_EDGE('',*,*,#4152,.T.);
#2234=ORIENTED_EDGE('',*,*,#4153,.T.);
#2235=ORIENTED_EDGE('',*,*,#4154,.T.);
#2236=ORIENTED_EDGE('',*,*,#4155,.T.);
#2237=ORIENTED_EDGE('',*,*,#4156,.T.);
#2238=ORIENTED_EDGE('',*,*,#4157,.F.);
#2239=ORIENTED_EDGE('',*,*,#4158,.F.);
#2240=ORIENTED_EDGE('',*,*,#4159,.T.);
#2241=ORIENTED_EDGE('',*,*,#4160,.F.);
#2242=ORIENTED_EDGE('',*,*,#4161,.T.);
#2243=ORIENTED_EDGE('',*,*,#4162,.F.);
#2244=ORIENTED_EDGE('',*,*,#4163,.T.);
#2245=ORIENTED_EDGE('',*,*,#4164,.F.);
#2246=ORIENTED_EDGE('',*,*,#4165,.F.);
#2247=ORIENTED_EDGE('',*,*,#4166,.F.);
#2248=ORIENTED_EDGE('',*,*,#4167,.T.);
#2249=ORIENTED_EDGE('',*,*,#4168,.T.);
#2250=ORIENTED_EDGE('',*,*,#4169,.T.);
#2251=ORIENTED_EDGE('',*,*,#4170,.T.);
#2252=ORIENTED_EDGE('',*,*,#4171,.T.);
#2253=ORIENTED_EDGE('',*,*,#4172,.F.);
#2254=ORIENTED_EDGE('',*,*,#4173,.T.);
#2255=ORIENTED_EDGE('',*,*,#4174,.T.);
#2256=ORIENTED_EDGE('',*,*,#4175,.T.);
#2257=ORIENTED_EDGE('',*,*,#4176,.T.);
#2258=ORIENTED_EDGE('',*,*,#4057,.T.);
#2259=ORIENTED_EDGE('',*,*,#4177,.F.);
#2260=ORIENTED_EDGE('',*,*,#4178,.T.);
#2261=ORIENTED_EDGE('',*,*,#4179,.T.);
#2262=ORIENTED_EDGE('',*,*,#4180,.T.);
#2263=ORIENTED_EDGE('',*,*,#4181,.T.);
#2264=ORIENTED_EDGE('',*,*,#4182,.T.);
#2265=ORIENTED_EDGE('',*,*,#4183,.T.);
#2266=ORIENTED_EDGE('',*,*,#4184,.T.);
#2267=ORIENTED_EDGE('',*,*,#4185,.F.);
#2268=ORIENTED_EDGE('',*,*,#4186,.F.);
#2269=ORIENTED_EDGE('',*,*,#4187,.F.);
#2270=ORIENTED_EDGE('',*,*,#4188,.F.);
#2271=ORIENTED_EDGE('',*,*,#4167,.F.);
#2272=ORIENTED_EDGE('',*,*,#4189,.T.);
#2273=ORIENTED_EDGE('',*,*,#4177,.T.);
#2274=ORIENTED_EDGE('',*,*,#4190,.F.);
#2275=ORIENTED_EDGE('',*,*,#4191,.F.);
#2276=ORIENTED_EDGE('',*,*,#4156,.F.);
#2277=ORIENTED_EDGE('',*,*,#4192,.F.);
#2278=ORIENTED_EDGE('',*,*,#4179,.F.);
#2279=ORIENTED_EDGE('',*,*,#4083,.F.);
#2280=ORIENTED_EDGE('',*,*,#4193,.T.);
#2281=ORIENTED_EDGE('',*,*,#4059,.F.);
#2282=ORIENTED_EDGE('',*,*,#4194,.T.);
#2283=ORIENTED_EDGE('',*,*,#4061,.F.);
#2284=ORIENTED_EDGE('',*,*,#4195,.T.);
#2285=ORIENTED_EDGE('',*,*,#4098,.F.);
#2286=ORIENTED_EDGE('',*,*,#4196,.F.);
#2287=ORIENTED_EDGE('',*,*,#4197,.F.);
#2288=ORIENTED_EDGE('',*,*,#4198,.T.);
#2289=ORIENTED_EDGE('',*,*,#4199,.F.);
#2290=ORIENTED_EDGE('',*,*,#4173,.F.);
#2291=ORIENTED_EDGE('',*,*,#4200,.T.);
#2292=ORIENTED_EDGE('',*,*,#4201,.T.);
#2293=ORIENTED_EDGE('',*,*,#4202,.F.);
#2294=ORIENTED_EDGE('',*,*,#4203,.F.);
#2295=ORIENTED_EDGE('',*,*,#4152,.F.);
#2296=ORIENTED_EDGE('',*,*,#4204,.F.);
#2297=ORIENTED_EDGE('',*,*,#4183,.F.);
#2298=ORIENTED_EDGE('',*,*,#4205,.T.);
#2299=ORIENTED_EDGE('',*,*,#4185,.T.);
#2300=ORIENTED_EDGE('',*,*,#4206,.T.);
#2301=ORIENTED_EDGE('',*,*,#4171,.F.);
#2302=ORIENTED_EDGE('',*,*,#4207,.T.);
#2303=ORIENTED_EDGE('',*,*,#4208,.T.);
#2304=ORIENTED_EDGE('',*,*,#4063,.T.);
#2305=ORIENTED_EDGE('',*,*,#4209,.T.);
#2306=ORIENTED_EDGE('',*,*,#4210,.T.);
#2307=ORIENTED_EDGE('',*,*,#4211,.T.);
#2308=ORIENTED_EDGE('',*,*,#4203,.T.);
#2309=ORIENTED_EDGE('',*,*,#4212,.T.);
#2310=ORIENTED_EDGE('',*,*,#4213,.T.);
#2311=ORIENTED_EDGE('',*,*,#4214,.T.);
#2312=ORIENTED_EDGE('',*,*,#4215,.T.);
#2313=ORIENTED_EDGE('',*,*,#4216,.T.);
#2314=ORIENTED_EDGE('',*,*,#4217,.T.);
#2315=ORIENTED_EDGE('',*,*,#4199,.T.);
#2316=ORIENTED_EDGE('',*,*,#4218,.T.);
#2317=ORIENTED_EDGE('',*,*,#4219,.F.);
#2318=ORIENTED_EDGE('',*,*,#4174,.F.);
#2319=ORIENTED_EDGE('',*,*,#4219,.T.);
#2320=ORIENTED_EDGE('',*,*,#4220,.T.);
#2321=ORIENTED_EDGE('',*,*,#4221,.F.);
#2322=ORIENTED_EDGE('',*,*,#4175,.F.);
#2323=ORIENTED_EDGE('',*,*,#4221,.T.);
#2324=ORIENTED_EDGE('',*,*,#4222,.T.);
#2325=ORIENTED_EDGE('',*,*,#4058,.F.);
#2326=ORIENTED_EDGE('',*,*,#4176,.F.);
#2327=ORIENTED_EDGE('',*,*,#4223,.T.);
#2328=ORIENTED_EDGE('',*,*,#4224,.T.);
#2329=ORIENTED_EDGE('',*,*,#4225,.T.);
#2330=ORIENTED_EDGE('',*,*,#4210,.F.);
#2331=ORIENTED_EDGE('',*,*,#4226,.T.);
#2332=ORIENTED_EDGE('',*,*,#4227,.T.);
#2333=ORIENTED_EDGE('',*,*,#4228,.F.);
#2334=ORIENTED_EDGE('',*,*,#4229,.T.);
#2335=ORIENTED_EDGE('',*,*,#4230,.F.);
#2336=ORIENTED_EDGE('',*,*,#4231,.T.);
#2337=ORIENTED_EDGE('',*,*,#4232,.F.);
#2338=ORIENTED_EDGE('',*,*,#4233,.T.);
#2339=ORIENTED_EDGE('',*,*,#4234,.T.);
#2340=ORIENTED_EDGE('',*,*,#4235,.T.);
#2341=ORIENTED_EDGE('',*,*,#4236,.T.);
#2342=ORIENTED_EDGE('',*,*,#4237,.T.);
#2343=ORIENTED_EDGE('',*,*,#4232,.T.);
#2344=ORIENTED_EDGE('',*,*,#4238,.T.);
#2345=ORIENTED_EDGE('',*,*,#4213,.F.);
#2346=ORIENTED_EDGE('',*,*,#4239,.T.);
#2347=ORIENTED_EDGE('',*,*,#4170,.F.);
#2348=ORIENTED_EDGE('',*,*,#4240,.T.);
#2349=ORIENTED_EDGE('',*,*,#4186,.T.);
#2350=ORIENTED_EDGE('',*,*,#4207,.F.);
#2351=ORIENTED_EDGE('',*,*,#4169,.F.);
#2352=ORIENTED_EDGE('',*,*,#4241,.T.);
#2353=ORIENTED_EDGE('',*,*,#4187,.T.);
#2354=ORIENTED_EDGE('',*,*,#4240,.F.);
#2355=ORIENTED_EDGE('',*,*,#4168,.F.);
#2356=ORIENTED_EDGE('',*,*,#4190,.T.);
#2357=ORIENTED_EDGE('',*,*,#4188,.T.);
#2358=ORIENTED_EDGE('',*,*,#4241,.F.);
#2359=ORIENTED_EDGE('',*,*,#4228,.T.);
#2360=ORIENTED_EDGE('',*,*,#4242,.T.);
#2361=ORIENTED_EDGE('',*,*,#4217,.F.);
#2362=ORIENTED_EDGE('',*,*,#4243,.T.);
#2363=ORIENTED_EDGE('',*,*,#4230,.T.);
#2364=ORIENTED_EDGE('',*,*,#4244,.T.);
#2365=ORIENTED_EDGE('',*,*,#4215,.F.);
#2366=ORIENTED_EDGE('',*,*,#4245,.T.);
#2367=ORIENTED_EDGE('',*,*,#4138,.F.);
#2368=ORIENTED_EDGE('',*,*,#4246,.T.);
#2369=ORIENTED_EDGE('',*,*,#4236,.F.);
#2370=ORIENTED_EDGE('',*,*,#4247,.T.);
#2371=ORIENTED_EDGE('',*,*,#4248,.T.);
#2372=ORIENTED_EDGE('',*,*,#4226,.F.);
#2373=ORIENTED_EDGE('',*,*,#4249,.T.);
#2374=ORIENTED_EDGE('',*,*,#4136,.F.);
#2375=ORIENTED_EDGE('',*,*,#4250,.F.);
#2376=ORIENTED_EDGE('',*,*,#4180,.F.);
#2377=ORIENTED_EDGE('',*,*,#4192,.T.);
#2378=ORIENTED_EDGE('',*,*,#4155,.F.);
#2379=ORIENTED_EDGE('',*,*,#4251,.F.);
#2380=ORIENTED_EDGE('',*,*,#4181,.F.);
#2381=ORIENTED_EDGE('',*,*,#4250,.T.);
#2382=ORIENTED_EDGE('',*,*,#4154,.F.);
#2383=ORIENTED_EDGE('',*,*,#4205,.F.);
#2384=ORIENTED_EDGE('',*,*,#4182,.F.);
#2385=ORIENTED_EDGE('',*,*,#4251,.T.);
#2386=ORIENTED_EDGE('',*,*,#4153,.F.);
#2387=ORIENTED_EDGE('',*,*,#4140,.F.);
#2388=ORIENTED_EDGE('',*,*,#4252,.T.);
#2389=ORIENTED_EDGE('',*,*,#4234,.F.);
#2390=ORIENTED_EDGE('',*,*,#4253,.T.);
#2391=ORIENTED_EDGE('',*,*,#4090,.T.);
#2392=ORIENTED_EDGE('',*,*,#4254,.T.);
#2393=ORIENTED_EDGE('',*,*,#4149,.F.);
#2394=ORIENTED_EDGE('',*,*,#4255,.F.);
#2395=ORIENTED_EDGE('',*,*,#4256,.F.);
#2396=ORIENTED_EDGE('',*,*,#4257,.T.);
#2397=ORIENTED_EDGE('',*,*,#4142,.F.);
#2398=ORIENTED_EDGE('',*,*,#4258,.T.);
#2399=ORIENTED_EDGE('',*,*,#4259,.T.);
#2400=ORIENTED_EDGE('',*,*,#4260,.F.);
#2401=ORIENTED_EDGE('',*,*,#4088,.T.);
#2402=ORIENTED_EDGE('',*,*,#4261,.T.);
#2403=ORIENTED_EDGE('',*,*,#4197,.T.);
#2404=ORIENTED_EDGE('',*,*,#4172,.T.);
#2405=ORIENTED_EDGE('',*,*,#4206,.F.);
#2406=ORIENTED_EDGE('',*,*,#4184,.F.);
#2407=ORIENTED_EDGE('',*,*,#4204,.T.);
#2408=ORIENTED_EDGE('',*,*,#4151,.T.);
#2409=ORIENTED_EDGE('',*,*,#4262,.T.);
#2410=ORIENTED_EDGE('',*,*,#4202,.T.);
#2411=ORIENTED_EDGE('',*,*,#4263,.T.);
#2412=ORIENTED_EDGE('',*,*,#4093,.T.);
#2413=ORIENTED_EDGE('',*,*,#4264,.T.);
#2414=ORIENTED_EDGE('',*,*,#4265,.T.);
#2415=ORIENTED_EDGE('',*,*,#4258,.F.);
#2416=ORIENTED_EDGE('',*,*,#4141,.F.);
#2417=ORIENTED_EDGE('',*,*,#4253,.F.);
#2418=ORIENTED_EDGE('',*,*,#4233,.F.);
#2419=ORIENTED_EDGE('',*,*,#4239,.F.);
#2420=ORIENTED_EDGE('',*,*,#4212,.F.);
#2421=ORIENTED_EDGE('',*,*,#4266,.T.);
#2422=ORIENTED_EDGE('',*,*,#4267,.T.);
#2423=ORIENTED_EDGE('',*,*,#4264,.F.);
#2424=ORIENTED_EDGE('',*,*,#4092,.T.);
#2425=ORIENTED_EDGE('',*,*,#4260,.T.);
#2426=ORIENTED_EDGE('',*,*,#4268,.T.);
#2427=ORIENTED_EDGE('',*,*,#4266,.F.);
#2428=ORIENTED_EDGE('',*,*,#4091,.T.);
#2429=ORIENTED_EDGE('',*,*,#4150,.T.);
#2430=ORIENTED_EDGE('',*,*,#4254,.F.);
#2431=ORIENTED_EDGE('',*,*,#4089,.T.);
#2432=ORIENTED_EDGE('',*,*,#4262,.F.);
#2433=ORIENTED_EDGE('',*,*,#4162,.T.);
#2434=ORIENTED_EDGE('',*,*,#4269,.T.);
#2435=ORIENTED_EDGE('',*,*,#4105,.F.);
#2436=ORIENTED_EDGE('',*,*,#4270,.T.);
#2437=ORIENTED_EDGE('',*,*,#4103,.F.);
#2438=ORIENTED_EDGE('',*,*,#4271,.T.);
#2439=ORIENTED_EDGE('',*,*,#4164,.T.);
#2440=ORIENTED_EDGE('',*,*,#4272,.T.);
#2441=ORIENTED_EDGE('',*,*,#4160,.T.);
#2442=ORIENTED_EDGE('',*,*,#4273,.T.);
#2443=ORIENTED_EDGE('',*,*,#4107,.F.);
#2444=ORIENTED_EDGE('',*,*,#4274,.T.);
#2445=ORIENTED_EDGE('',*,*,#4106,.F.);
#2446=ORIENTED_EDGE('',*,*,#4269,.F.);
#2447=ORIENTED_EDGE('',*,*,#4161,.F.);
#2448=ORIENTED_EDGE('',*,*,#4274,.F.);
#2449=ORIENTED_EDGE('',*,*,#4104,.F.);
#2450=ORIENTED_EDGE('',*,*,#4272,.F.);
#2451=ORIENTED_EDGE('',*,*,#4163,.F.);
#2452=ORIENTED_EDGE('',*,*,#4270,.F.);
#2453=ORIENTED_EDGE('',*,*,#4080,.F.);
#2454=ORIENTED_EDGE('',*,*,#4275,.F.);
#2455=ORIENTED_EDGE('',*,*,#4081,.F.);
#2456=ORIENTED_EDGE('',*,*,#4276,.F.);
#2457=ORIENTED_EDGE('',*,*,#4062,.F.);
#2458=ORIENTED_EDGE('',*,*,#4277,.T.);
#2459=ORIENTED_EDGE('',*,*,#4223,.F.);
#2460=ORIENTED_EDGE('',*,*,#4209,.F.);
#2461=ORIENTED_EDGE('',*,*,#4216,.F.);
#2462=ORIENTED_EDGE('',*,*,#4244,.F.);
#2463=ORIENTED_EDGE('',*,*,#4229,.F.);
#2464=ORIENTED_EDGE('',*,*,#4243,.F.);
#2465=ORIENTED_EDGE('',*,*,#4237,.F.);
#2466=ORIENTED_EDGE('',*,*,#4246,.F.);
#2467=ORIENTED_EDGE('',*,*,#4137,.F.);
#2468=ORIENTED_EDGE('',*,*,#4249,.F.);
#2469=ORIENTED_EDGE('',*,*,#4214,.F.);
#2470=ORIENTED_EDGE('',*,*,#4238,.F.);
#2471=ORIENTED_EDGE('',*,*,#4231,.F.);
#2472=ORIENTED_EDGE('',*,*,#4245,.F.);
#2473=ORIENTED_EDGE('',*,*,#4235,.F.);
#2474=ORIENTED_EDGE('',*,*,#4252,.F.);
#2475=ORIENTED_EDGE('',*,*,#4139,.F.);
#2476=ORIENTED_EDGE('',*,*,#4247,.F.);
#2477=ORIENTED_EDGE('',*,*,#4225,.F.);
#2478=ORIENTED_EDGE('',*,*,#4278,.T.);
#2479=ORIENTED_EDGE('',*,*,#4200,.F.);
#2480=ORIENTED_EDGE('',*,*,#4211,.F.);
#2481=ORIENTED_EDGE('',*,*,#4261,.F.);
#2482=ORIENTED_EDGE('',*,*,#4087,.F.);
#2483=ORIENTED_EDGE('',*,*,#4279,.F.);
#2484=ORIENTED_EDGE('',*,*,#4198,.F.);
#2485=ORIENTED_EDGE('',*,*,#4279,.T.);
#2486=ORIENTED_EDGE('',*,*,#4086,.F.);
#2487=ORIENTED_EDGE('',*,*,#4280,.F.);
#2488=ORIENTED_EDGE('',*,*,#4218,.F.);
#2489=ORIENTED_EDGE('',*,*,#4280,.T.);
#2490=ORIENTED_EDGE('',*,*,#4085,.F.);
#2491=ORIENTED_EDGE('',*,*,#4281,.F.);
#2492=ORIENTED_EDGE('',*,*,#4220,.F.);
#2493=ORIENTED_EDGE('',*,*,#4281,.T.);
#2494=ORIENTED_EDGE('',*,*,#4084,.F.);
#2495=ORIENTED_EDGE('',*,*,#4194,.F.);
#2496=ORIENTED_EDGE('',*,*,#4222,.F.);
#2497=ORIENTED_EDGE('',*,*,#4263,.F.);
#2498=ORIENTED_EDGE('',*,*,#4201,.F.);
#2499=ORIENTED_EDGE('',*,*,#4282,.F.);
#2500=ORIENTED_EDGE('',*,*,#4094,.F.);
#2501=ORIENTED_EDGE('',*,*,#4196,.T.);
#2502=ORIENTED_EDGE('',*,*,#4097,.F.);
#2503=ORIENTED_EDGE('',*,*,#4283,.F.);
#2504=ORIENTED_EDGE('',*,*,#4277,.F.);
#2505=ORIENTED_EDGE('',*,*,#4282,.T.);
#2506=ORIENTED_EDGE('',*,*,#4278,.F.);
#2507=ORIENTED_EDGE('',*,*,#4284,.F.);
#2508=ORIENTED_EDGE('',*,*,#4095,.F.);
#2509=ORIENTED_EDGE('',*,*,#4283,.T.);
#2510=ORIENTED_EDGE('',*,*,#4096,.F.);
#2511=ORIENTED_EDGE('',*,*,#4284,.T.);
#2512=ORIENTED_EDGE('',*,*,#4224,.F.);
#2513=ORIENTED_EDGE('',*,*,#4159,.F.);
#2514=ORIENTED_EDGE('',*,*,#4285,.T.);
#2515=ORIENTED_EDGE('',*,*,#4108,.T.);
#2516=ORIENTED_EDGE('',*,*,#4273,.F.);
#2517=ORIENTED_EDGE('',*,*,#4286,.T.);
#2518=ORIENTED_EDGE('',*,*,#4157,.T.);
#2519=ORIENTED_EDGE('',*,*,#4191,.T.);
#2520=ORIENTED_EDGE('',*,*,#4178,.F.);
#2521=ORIENTED_EDGE('',*,*,#4189,.F.);
#2522=ORIENTED_EDGE('',*,*,#4166,.T.);
#2523=ORIENTED_EDGE('',*,*,#4056,.T.);
#2524=ORIENTED_EDGE('',*,*,#4193,.F.);
#2525=ORIENTED_EDGE('',*,*,#4082,.T.);
#2526=ORIENTED_EDGE('',*,*,#4109,.T.);
#2527=ORIENTED_EDGE('',*,*,#4285,.F.);
#2528=ORIENTED_EDGE('',*,*,#4158,.T.);
#2529=ORIENTED_EDGE('',*,*,#4286,.F.);
#2530=ORIENTED_EDGE('',*,*,#4135,.F.);
#2531=ORIENTED_EDGE('',*,*,#4287,.T.);
#2532=ORIENTED_EDGE('',*,*,#4288,.T.);
#2533=ORIENTED_EDGE('',*,*,#4289,.F.);
#2534=ORIENTED_EDGE('',*,*,#4099,.T.);
#2535=ORIENTED_EDGE('',*,*,#4195,.F.);
#2536=ORIENTED_EDGE('',*,*,#4060,.T.);
#2537=ORIENTED_EDGE('',*,*,#4208,.F.);
#2538=ORIENTED_EDGE('',*,*,#4242,.F.);
#2539=ORIENTED_EDGE('',*,*,#4227,.F.);
#2540=ORIENTED_EDGE('',*,*,#4248,.F.);
#2541=ORIENTED_EDGE('',*,*,#4102,.T.);
#2542=ORIENTED_EDGE('',*,*,#4290,.T.);
#2543=ORIENTED_EDGE('',*,*,#4291,.T.);
#2544=ORIENTED_EDGE('',*,*,#4287,.F.);
#2545=ORIENTED_EDGE('',*,*,#4134,.T.);
#2546=ORIENTED_EDGE('',*,*,#4292,.T.);
#2547=ORIENTED_EDGE('',*,*,#4293,.F.);
#2548=ORIENTED_EDGE('',*,*,#4294,.F.);
#2549=ORIENTED_EDGE('',*,*,#4165,.T.);
#2550=ORIENTED_EDGE('',*,*,#4271,.F.);
#2551=ORIENTED_EDGE('',*,*,#4290,.F.);
#2552=ORIENTED_EDGE('',*,*,#4101,.T.);
#2553=ORIENTED_EDGE('',*,*,#4295,.T.);
#2554=ORIENTED_EDGE('',*,*,#4296,.T.);
#2555=ORIENTED_EDGE('',*,*,#4295,.F.);
#2556=ORIENTED_EDGE('',*,*,#4100,.T.);
#2557=ORIENTED_EDGE('',*,*,#4289,.T.);
#2558=ORIENTED_EDGE('',*,*,#4297,.T.);
#2559=ORIENTED_EDGE('',*,*,#4275,.T.);
#2560=ORIENTED_EDGE('',*,*,#4148,.T.);
#2561=ORIENTED_EDGE('',*,*,#4298,.T.);
#2562=ORIENTED_EDGE('',*,*,#4299,.F.);
#2563=ORIENTED_EDGE('',*,*,#4255,.T.);
#2564=ORIENTED_EDGE('',*,*,#4300,.F.);
#2565=ORIENTED_EDGE('',*,*,#4301,.T.);
#2566=ORIENTED_EDGE('',*,*,#4144,.T.);
#2567=ORIENTED_EDGE('',*,*,#4302,.F.);
#2568=ORIENTED_EDGE('',*,*,#4143,.T.);
#2569=ORIENTED_EDGE('',*,*,#4257,.F.);
#2570=ORIENTED_EDGE('',*,*,#4303,.F.);
#2571=ORIENTED_EDGE('',*,*,#4302,.T.);
#2572=ORIENTED_EDGE('',*,*,#4304,.F.);
#2573=ORIENTED_EDGE('',*,*,#4299,.T.);
#2574=ORIENTED_EDGE('',*,*,#4305,.T.);
#2575=ORIENTED_EDGE('',*,*,#4306,.F.);
#2576=ORIENTED_EDGE('',*,*,#4307,.T.);
#2577=ORIENTED_EDGE('',*,*,#4300,.T.);
#2578=ORIENTED_EDGE('',*,*,#4303,.T.);
#2579=ORIENTED_EDGE('',*,*,#4256,.T.);
#2580=ORIENTED_EDGE('',*,*,#4308,.T.);
#2581=ORIENTED_EDGE('',*,*,#4259,.F.);
#2582=ORIENTED_EDGE('',*,*,#4265,.F.);
#2583=ORIENTED_EDGE('',*,*,#4267,.F.);
#2584=ORIENTED_EDGE('',*,*,#4268,.F.);
#2585=ORIENTED_EDGE('',*,*,#4146,.F.);
#2586=ORIENTED_EDGE('',*,*,#4309,.T.);
#2587=ORIENTED_EDGE('',*,*,#4306,.T.);
#2588=ORIENTED_EDGE('',*,*,#4310,.T.);
#2589=ORIENTED_EDGE('',*,*,#4307,.F.);
#2590=ORIENTED_EDGE('',*,*,#4309,.F.);
#2591=ORIENTED_EDGE('',*,*,#4145,.F.);
#2592=ORIENTED_EDGE('',*,*,#4301,.F.);
#2593=ORIENTED_EDGE('',*,*,#4147,.F.);
#2594=ORIENTED_EDGE('',*,*,#4310,.F.);
#2595=ORIENTED_EDGE('',*,*,#4305,.F.);
#2596=ORIENTED_EDGE('',*,*,#4298,.F.);
#2597=ORIENTED_EDGE('',*,*,#4276,.T.);
#2598=ORIENTED_EDGE('',*,*,#4128,.T.);
#2599=ORIENTED_EDGE('',*,*,#4294,.T.);
#2600=ORIENTED_EDGE('',*,*,#4311,.F.);
#2601=ORIENTED_EDGE('',*,*,#4312,.T.);
#2602=ORIENTED_EDGE('',*,*,#4313,.F.);
#2603=ORIENTED_EDGE('',*,*,#4314,.F.);
#2604=ORIENTED_EDGE('',*,*,#4132,.T.);
#2605=ORIENTED_EDGE('',*,*,#4315,.T.);
#2606=ORIENTED_EDGE('',*,*,#4133,.T.);
#2607=ORIENTED_EDGE('',*,*,#4314,.T.);
#2608=ORIENTED_EDGE('',*,*,#4316,.F.);
#2609=ORIENTED_EDGE('',*,*,#4292,.F.);
#2610=ORIENTED_EDGE('',*,*,#4317,.F.);
#2611=ORIENTED_EDGE('',*,*,#4311,.T.);
#2612=ORIENTED_EDGE('',*,*,#4293,.T.);
#2613=ORIENTED_EDGE('',*,*,#4316,.T.);
#2614=ORIENTED_EDGE('',*,*,#4313,.T.);
#2615=ORIENTED_EDGE('',*,*,#4318,.T.);
#2616=ORIENTED_EDGE('',*,*,#4319,.F.);
#2617=ORIENTED_EDGE('',*,*,#4320,.T.);
#2618=ORIENTED_EDGE('',*,*,#4321,.T.);
#2619=ORIENTED_EDGE('',*,*,#4291,.F.);
#2620=ORIENTED_EDGE('',*,*,#4296,.F.);
#2621=ORIENTED_EDGE('',*,*,#4297,.F.);
#2622=ORIENTED_EDGE('',*,*,#4288,.F.);
#2623=ORIENTED_EDGE('',*,*,#4130,.F.);
#2624=ORIENTED_EDGE('',*,*,#4322,.T.);
#2625=ORIENTED_EDGE('',*,*,#4319,.T.);
#2626=ORIENTED_EDGE('',*,*,#4323,.T.);
#2627=ORIENTED_EDGE('',*,*,#4318,.F.);
#2628=ORIENTED_EDGE('',*,*,#4315,.F.);
#2629=ORIENTED_EDGE('',*,*,#4131,.F.);
#2630=ORIENTED_EDGE('',*,*,#4323,.F.);
#2631=ORIENTED_EDGE('',*,*,#4129,.F.);
#2632=ORIENTED_EDGE('',*,*,#4312,.F.);
#2633=ORIENTED_EDGE('',*,*,#4320,.F.);
#2634=ORIENTED_EDGE('',*,*,#4322,.F.);
#2635=ORIENTED_EDGE('',*,*,#4324,.T.);
#2636=ORIENTED_EDGE('',*,*,#4127,.T.);
#2637=ORIENTED_EDGE('',*,*,#4325,.T.);
#2638=ORIENTED_EDGE('',*,*,#4324,.F.);
#2639=ORIENTED_EDGE('',*,*,#4326,.T.);
#2640=ORIENTED_EDGE('',*,*,#4126,.T.);
#2641=ORIENTED_EDGE('',*,*,#4327,.T.);
#2642=ORIENTED_EDGE('',*,*,#4326,.F.);
#2643=ORIENTED_EDGE('',*,*,#4317,.T.);
#2644=ORIENTED_EDGE('',*,*,#4321,.F.);
#2645=ORIENTED_EDGE('',*,*,#4304,.T.);
#2646=ORIENTED_EDGE('',*,*,#4308,.F.);
#2647=ORIENTED_EDGE('',*,*,#4328,.F.);
#2648=ORIENTED_EDGE('',*,*,#4327,.F.);
#2649=ORIENTED_EDGE('',*,*,#4328,.T.);
#2650=ORIENTED_EDGE('',*,*,#4329,.F.);
#2651=ORIENTED_EDGE('',*,*,#4325,.F.);
#2652=ORIENTED_EDGE('',*,*,#4329,.T.);
#2653=ORIENTED_EDGE('',*,*,#4330,.F.);
#2654=ORIENTED_EDGE('',*,*,#4122,.T.);
#2655=ORIENTED_EDGE('',*,*,#4331,.T.);
#2656=ORIENTED_EDGE('',*,*,#4077,.F.);
#2657=ORIENTED_EDGE('',*,*,#4331,.F.);
#2658=ORIENTED_EDGE('',*,*,#4125,.T.);
#2659=ORIENTED_EDGE('',*,*,#4332,.T.);
#2660=ORIENTED_EDGE('',*,*,#4078,.F.);
#2661=ORIENTED_EDGE('',*,*,#4332,.F.);
#2662=ORIENTED_EDGE('',*,*,#4124,.T.);
#2663=ORIENTED_EDGE('',*,*,#4333,.T.);
#2664=ORIENTED_EDGE('',*,*,#4079,.F.);
#2665=ORIENTED_EDGE('',*,*,#4333,.F.);
#2666=ORIENTED_EDGE('',*,*,#4123,.T.);
#2667=ORIENTED_EDGE('',*,*,#4330,.T.);
#2668=ORIENTED_EDGE('',*,*,#4076,.F.);
#2669=ORIENTED_EDGE('',*,*,#4334,.T.);
#2670=ORIENTED_EDGE('',*,*,#4118,.T.);
#2671=ORIENTED_EDGE('',*,*,#4335,.F.);
#2672=ORIENTED_EDGE('',*,*,#4073,.F.);
#2673=ORIENTED_EDGE('',*,*,#4336,.T.);
#2674=ORIENTED_EDGE('',*,*,#4119,.T.);
#2675=ORIENTED_EDGE('',*,*,#4334,.F.);
#2676=ORIENTED_EDGE('',*,*,#4072,.F.);
#2677=ORIENTED_EDGE('',*,*,#4337,.T.);
#2678=ORIENTED_EDGE('',*,*,#4120,.T.);
#2679=ORIENTED_EDGE('',*,*,#4336,.F.);
#2680=ORIENTED_EDGE('',*,*,#4075,.F.);
#2681=ORIENTED_EDGE('',*,*,#4335,.T.);
#2682=ORIENTED_EDGE('',*,*,#4121,.T.);
#2683=ORIENTED_EDGE('',*,*,#4337,.F.);
#2684=ORIENTED_EDGE('',*,*,#4074,.F.);
#2685=ORIENTED_EDGE('',*,*,#4338,.F.);
#2686=ORIENTED_EDGE('',*,*,#4114,.T.);
#2687=ORIENTED_EDGE('',*,*,#4339,.T.);
#2688=ORIENTED_EDGE('',*,*,#4069,.F.);
#2689=ORIENTED_EDGE('',*,*,#4339,.F.);
#2690=ORIENTED_EDGE('',*,*,#4117,.T.);
#2691=ORIENTED_EDGE('',*,*,#4340,.T.);
#2692=ORIENTED_EDGE('',*,*,#4070,.F.);
#2693=ORIENTED_EDGE('',*,*,#4340,.F.);
#2694=ORIENTED_EDGE('',*,*,#4116,.T.);
#2695=ORIENTED_EDGE('',*,*,#4341,.T.);
#2696=ORIENTED_EDGE('',*,*,#4071,.F.);
#2697=ORIENTED_EDGE('',*,*,#4341,.F.);
#2698=ORIENTED_EDGE('',*,*,#4115,.T.);
#2699=ORIENTED_EDGE('',*,*,#4338,.T.);
#2700=ORIENTED_EDGE('',*,*,#4068,.F.);
#2701=ORIENTED_EDGE('',*,*,#4342,.T.);
#2702=ORIENTED_EDGE('',*,*,#4110,.T.);
#2703=ORIENTED_EDGE('',*,*,#4343,.F.);
#2704=ORIENTED_EDGE('',*,*,#4065,.F.);
#2705=ORIENTED_EDGE('',*,*,#4344,.T.);
#2706=ORIENTED_EDGE('',*,*,#4111,.T.);
#2707=ORIENTED_EDGE('',*,*,#4342,.F.);
#2708=ORIENTED_EDGE('',*,*,#4064,.F.);
#2709=ORIENTED_EDGE('',*,*,#4345,.T.);
#2710=ORIENTED_EDGE('',*,*,#4112,.T.);
#2711=ORIENTED_EDGE('',*,*,#4344,.F.);
#2712=ORIENTED_EDGE('',*,*,#4067,.F.);
#2713=ORIENTED_EDGE('',*,*,#4343,.T.);
#2714=ORIENTED_EDGE('',*,*,#4113,.T.);
#2715=ORIENTED_EDGE('',*,*,#4345,.F.);
#2716=ORIENTED_EDGE('',*,*,#4066,.F.);
#2717=ORIENTED_EDGE('',*,*,#4346,.F.);
#2718=ORIENTED_EDGE('',*,*,#4347,.T.);
#2719=ORIENTED_EDGE('',*,*,#4348,.T.);
#2720=ORIENTED_EDGE('',*,*,#4349,.T.);
#2721=ORIENTED_EDGE('',*,*,#4350,.F.);
#2722=ORIENTED_EDGE('',*,*,#4351,.F.);
#2723=ORIENTED_EDGE('',*,*,#4352,.F.);
#2724=ORIENTED_EDGE('',*,*,#4353,.T.);
#2725=ORIENTED_EDGE('',*,*,#4354,.T.);
#2726=ORIENTED_EDGE('',*,*,#4355,.T.);
#2727=ORIENTED_EDGE('',*,*,#4356,.F.);
#2728=ORIENTED_EDGE('',*,*,#4357,.F.);
#2729=ORIENTED_EDGE('',*,*,#4358,.F.);
#2730=ORIENTED_EDGE('',*,*,#4359,.T.);
#2731=ORIENTED_EDGE('',*,*,#4360,.T.);
#2732=ORIENTED_EDGE('',*,*,#4361,.T.);
#2733=ORIENTED_EDGE('',*,*,#4362,.F.);
#2734=ORIENTED_EDGE('',*,*,#4363,.F.);
#2735=ORIENTED_EDGE('',*,*,#4364,.T.);
#2736=ORIENTED_EDGE('',*,*,#4365,.T.);
#2737=ORIENTED_EDGE('',*,*,#4366,.F.);
#2738=ORIENTED_EDGE('',*,*,#4367,.T.);
#2739=ORIENTED_EDGE('',*,*,#4368,.T.);
#2740=ORIENTED_EDGE('',*,*,#4369,.F.);
#2741=ORIENTED_EDGE('',*,*,#4370,.T.);
#2742=ORIENTED_EDGE('',*,*,#4347,.F.);
#2743=ORIENTED_EDGE('',*,*,#4371,.F.);
#2744=ORIENTED_EDGE('',*,*,#4372,.T.);
#2745=ORIENTED_EDGE('',*,*,#4373,.T.);
#2746=ORIENTED_EDGE('',*,*,#4374,.T.);
#2747=ORIENTED_EDGE('',*,*,#4375,.F.);
#2748=ORIENTED_EDGE('',*,*,#4362,.T.);
#2749=ORIENTED_EDGE('',*,*,#4376,.T.);
#2750=ORIENTED_EDGE('',*,*,#4377,.F.);
#2751=ORIENTED_EDGE('',*,*,#4378,.T.);
#2752=ORIENTED_EDGE('',*,*,#4379,.T.);
#2753=ORIENTED_EDGE('',*,*,#4380,.F.);
#2754=ORIENTED_EDGE('',*,*,#4356,.T.);
#2755=ORIENTED_EDGE('',*,*,#4381,.T.);
#2756=ORIENTED_EDGE('',*,*,#4382,.F.);
#2757=ORIENTED_EDGE('',*,*,#4383,.T.);
#2758=ORIENTED_EDGE('',*,*,#4384,.F.);
#2759=ORIENTED_EDGE('',*,*,#4377,.T.);
#2760=ORIENTED_EDGE('',*,*,#4385,.T.);
#2761=ORIENTED_EDGE('',*,*,#4386,.F.);
#2762=ORIENTED_EDGE('',*,*,#4387,.T.);
#2763=ORIENTED_EDGE('',*,*,#4388,.T.);
#2764=ORIENTED_EDGE('',*,*,#4389,.F.);
#2765=ORIENTED_EDGE('',*,*,#4382,.T.);
#2766=ORIENTED_EDGE('',*,*,#4390,.T.);
#2767=ORIENTED_EDGE('',*,*,#4391,.F.);
#2768=ORIENTED_EDGE('',*,*,#4392,.T.);
#2769=ORIENTED_EDGE('',*,*,#4393,.T.);
#2770=ORIENTED_EDGE('',*,*,#4394,.F.);
#2771=ORIENTED_EDGE('',*,*,#4395,.T.);
#2772=ORIENTED_EDGE('',*,*,#4396,.F.);
#2773=ORIENTED_EDGE('',*,*,#4364,.F.);
#2774=ORIENTED_EDGE('',*,*,#4397,.T.);
#2775=ORIENTED_EDGE('',*,*,#4398,.T.);
#2776=ORIENTED_EDGE('',*,*,#4369,.T.);
#2777=ORIENTED_EDGE('',*,*,#4399,.T.);
#2778=ORIENTED_EDGE('',*,*,#4400,.T.);
#2779=ORIENTED_EDGE('',*,*,#4401,.T.);
#2780=ORIENTED_EDGE('',*,*,#4402,.T.);
#2781=ORIENTED_EDGE('',*,*,#4403,.F.);
#2782=ORIENTED_EDGE('',*,*,#4379,.F.);
#2783=ORIENTED_EDGE('',*,*,#4404,.T.);
#2784=ORIENTED_EDGE('',*,*,#4405,.F.);
#2785=ORIENTED_EDGE('',*,*,#4406,.F.);
#2786=ORIENTED_EDGE('',*,*,#4407,.F.);
#2787=ORIENTED_EDGE('',*,*,#4408,.F.);
#2788=ORIENTED_EDGE('',*,*,#4409,.F.);
#2789=ORIENTED_EDGE('',*,*,#4410,.F.);
#2790=ORIENTED_EDGE('',*,*,#4411,.T.);
#2791=ORIENTED_EDGE('',*,*,#4374,.F.);
#2792=ORIENTED_EDGE('',*,*,#4412,.T.);
#2793=ORIENTED_EDGE('',*,*,#4372,.F.);
#2794=ORIENTED_EDGE('',*,*,#4413,.F.);
#2795=ORIENTED_EDGE('',*,*,#4414,.F.);
#2796=ORIENTED_EDGE('',*,*,#4383,.F.);
#2797=ORIENTED_EDGE('',*,*,#4389,.T.);
#2798=ORIENTED_EDGE('',*,*,#4415,.F.);
#2799=ORIENTED_EDGE('',*,*,#4404,.F.);
#2800=ORIENTED_EDGE('',*,*,#4416,.F.);
#2801=ORIENTED_EDGE('',*,*,#4411,.F.);
#2802=ORIENTED_EDGE('',*,*,#4417,.F.);
#2803=ORIENTED_EDGE('',*,*,#4394,.T.);
#2804=ORIENTED_EDGE('',*,*,#4378,.F.);
#2805=ORIENTED_EDGE('',*,*,#4384,.T.);
#2806=ORIENTED_EDGE('',*,*,#4373,.F.);
#2807=ORIENTED_EDGE('',*,*,#4412,.F.);
#2808=ORIENTED_EDGE('',*,*,#4357,.T.);
#2809=ORIENTED_EDGE('',*,*,#4380,.T.);
#2810=ORIENTED_EDGE('',*,*,#4406,.T.);
#2811=ORIENTED_EDGE('',*,*,#4418,.T.);
#2812=ORIENTED_EDGE('',*,*,#4419,.F.);
#2813=ORIENTED_EDGE('',*,*,#4408,.T.);
#2814=ORIENTED_EDGE('',*,*,#4420,.T.);
#2815=ORIENTED_EDGE('',*,*,#4351,.T.);
#2816=ORIENTED_EDGE('',*,*,#4421,.F.);
#2817=ORIENTED_EDGE('',*,*,#4363,.T.);
#2818=ORIENTED_EDGE('',*,*,#4375,.T.);
#2819=ORIENTED_EDGE('',*,*,#4414,.T.);
#2820=ORIENTED_EDGE('',*,*,#4396,.T.);
#2821=ORIENTED_EDGE('',*,*,#4422,.T.);
#2822=ORIENTED_EDGE('',*,*,#4423,.T.);
#2823=ORIENTED_EDGE('',*,*,#4424,.F.);
#2824=ORIENTED_EDGE('',*,*,#4425,.T.);
#2825=ORIENTED_EDGE('',*,*,#4365,.F.);
#2826=ORIENTED_EDGE('',*,*,#4426,.F.);
#2827=ORIENTED_EDGE('',*,*,#4424,.T.);
#2828=ORIENTED_EDGE('',*,*,#4427,.T.);
#2829=ORIENTED_EDGE('',*,*,#4401,.F.);
#2830=ORIENTED_EDGE('',*,*,#4428,.F.);
#2831=ORIENTED_EDGE('',*,*,#4349,.F.);
#2832=ORIENTED_EDGE('',*,*,#4429,.T.);
#2833=ORIENTED_EDGE('',*,*,#4397,.F.);
#2834=ORIENTED_EDGE('',*,*,#4430,.T.);
#2835=ORIENTED_EDGE('',*,*,#4422,.F.);
#2836=ORIENTED_EDGE('',*,*,#4395,.F.);
#2837=ORIENTED_EDGE('',*,*,#4417,.T.);
#2838=ORIENTED_EDGE('',*,*,#4410,.T.);
#2839=ORIENTED_EDGE('',*,*,#4431,.T.);
#2840=ORIENTED_EDGE('',*,*,#4399,.F.);
#2841=ORIENTED_EDGE('',*,*,#4368,.F.);
#2842=ORIENTED_EDGE('',*,*,#4432,.T.);
#2843=ORIENTED_EDGE('',*,*,#4431,.F.);
#2844=ORIENTED_EDGE('',*,*,#4433,.T.);
#2845=ORIENTED_EDGE('',*,*,#4434,.T.);
#2846=ORIENTED_EDGE('',*,*,#4426,.T.);
#2847=ORIENTED_EDGE('',*,*,#4400,.F.);
#2848=ORIENTED_EDGE('',*,*,#4402,.F.);
#2849=ORIENTED_EDGE('',*,*,#4427,.F.);
#2850=ORIENTED_EDGE('',*,*,#4423,.F.);
#2851=ORIENTED_EDGE('',*,*,#4430,.F.);
#2852=ORIENTED_EDGE('',*,*,#4425,.F.);
#2853=ORIENTED_EDGE('',*,*,#4434,.F.);
#2854=ORIENTED_EDGE('',*,*,#4435,.T.);
#2855=ORIENTED_EDGE('',*,*,#4366,.T.);
#2856=ORIENTED_EDGE('',*,*,#4436,.T.);
#2857=ORIENTED_EDGE('',*,*,#4435,.F.);
#2858=ORIENTED_EDGE('',*,*,#4433,.F.);
#2859=ORIENTED_EDGE('',*,*,#4432,.F.);
#2860=ORIENTED_EDGE('',*,*,#4367,.F.);
#2861=ORIENTED_EDGE('',*,*,#4437,.T.);
#2862=ORIENTED_EDGE('',*,*,#4403,.T.);
#2863=ORIENTED_EDGE('',*,*,#4437,.F.);
#2864=ORIENTED_EDGE('',*,*,#4438,.F.);
#2865=ORIENTED_EDGE('',*,*,#4438,.T.);
#2866=ORIENTED_EDGE('',*,*,#4436,.F.);
#2867=ORIENTED_EDGE('',*,*,#4415,.T.);
#2868=ORIENTED_EDGE('',*,*,#4388,.F.);
#2869=ORIENTED_EDGE('',*,*,#4439,.T.);
#2870=ORIENTED_EDGE('',*,*,#4358,.T.);
#2871=ORIENTED_EDGE('',*,*,#4418,.F.);
#2872=ORIENTED_EDGE('',*,*,#4405,.T.);
#2873=ORIENTED_EDGE('',*,*,#4416,.T.);
#2874=ORIENTED_EDGE('',*,*,#4393,.F.);
#2875=ORIENTED_EDGE('',*,*,#4440,.T.);
#2876=ORIENTED_EDGE('',*,*,#4352,.T.);
#2877=ORIENTED_EDGE('',*,*,#4420,.F.);
#2878=ORIENTED_EDGE('',*,*,#4407,.T.);
#2879=ORIENTED_EDGE('',*,*,#4391,.T.);
#2880=ORIENTED_EDGE('',*,*,#4441,.T.);
#2881=ORIENTED_EDGE('',*,*,#4354,.F.);
#2882=ORIENTED_EDGE('',*,*,#4442,.T.);
#2883=ORIENTED_EDGE('',*,*,#4386,.T.);
#2884=ORIENTED_EDGE('',*,*,#4443,.T.);
#2885=ORIENTED_EDGE('',*,*,#4360,.F.);
#2886=ORIENTED_EDGE('',*,*,#4444,.T.);
#2887=ORIENTED_EDGE('',*,*,#4361,.F.);
#2888=ORIENTED_EDGE('',*,*,#4443,.F.);
#2889=ORIENTED_EDGE('',*,*,#4385,.F.);
#2890=ORIENTED_EDGE('',*,*,#4376,.F.);
#2891=ORIENTED_EDGE('',*,*,#4359,.F.);
#2892=ORIENTED_EDGE('',*,*,#4439,.F.);
#2893=ORIENTED_EDGE('',*,*,#4387,.F.);
#2894=ORIENTED_EDGE('',*,*,#4444,.F.);
#2895=ORIENTED_EDGE('',*,*,#4355,.F.);
#2896=ORIENTED_EDGE('',*,*,#4441,.F.);
#2897=ORIENTED_EDGE('',*,*,#4390,.F.);
#2898=ORIENTED_EDGE('',*,*,#4381,.F.);
#2899=ORIENTED_EDGE('',*,*,#4353,.F.);
#2900=ORIENTED_EDGE('',*,*,#4440,.F.);
#2901=ORIENTED_EDGE('',*,*,#4392,.F.);
#2902=ORIENTED_EDGE('',*,*,#4442,.F.);
#2903=ORIENTED_EDGE('',*,*,#4370,.F.);
#2904=ORIENTED_EDGE('',*,*,#4398,.F.);
#2905=ORIENTED_EDGE('',*,*,#4429,.F.);
#2906=ORIENTED_EDGE('',*,*,#4348,.F.);
#2907=ORIENTED_EDGE('',*,*,#4346,.T.);
#2908=ORIENTED_EDGE('',*,*,#4421,.T.);
#2909=ORIENTED_EDGE('',*,*,#4413,.T.);
#2910=ORIENTED_EDGE('',*,*,#4371,.T.);
#2911=ORIENTED_EDGE('',*,*,#4350,.T.);
#2912=ORIENTED_EDGE('',*,*,#4428,.T.);
#2913=ORIENTED_EDGE('',*,*,#4409,.T.);
#2914=ORIENTED_EDGE('',*,*,#4419,.T.);
#2915=ORIENTED_EDGE('',*,*,#4445,.F.);
#2916=ORIENTED_EDGE('',*,*,#4446,.T.);
#2917=ORIENTED_EDGE('',*,*,#4447,.T.);
#2918=ORIENTED_EDGE('',*,*,#4448,.T.);
#2919=ORIENTED_EDGE('',*,*,#4449,.F.);
#2920=ORIENTED_EDGE('',*,*,#4450,.F.);
#2921=ORIENTED_EDGE('',*,*,#4451,.F.);
#2922=ORIENTED_EDGE('',*,*,#4452,.T.);
#2923=ORIENTED_EDGE('',*,*,#4453,.F.);
#2924=ORIENTED_EDGE('',*,*,#4454,.F.);
#2925=ORIENTED_EDGE('',*,*,#4455,.F.);
#2926=ORIENTED_EDGE('',*,*,#4456,.F.);
#2927=ORIENTED_EDGE('',*,*,#4457,.T.);
#2928=ORIENTED_EDGE('',*,*,#4458,.T.);
#2929=ORIENTED_EDGE('',*,*,#4459,.T.);
#2930=ORIENTED_EDGE('',*,*,#4460,.T.);
#2931=ORIENTED_EDGE('',*,*,#4461,.T.);
#2932=ORIENTED_EDGE('',*,*,#4462,.T.);
#2933=ORIENTED_EDGE('',*,*,#4463,.T.);
#2934=ORIENTED_EDGE('',*,*,#4464,.T.);
#2935=ORIENTED_EDGE('',*,*,#4465,.T.);
#2936=ORIENTED_EDGE('',*,*,#4456,.T.);
#2937=ORIENTED_EDGE('',*,*,#4466,.F.);
#2938=ORIENTED_EDGE('',*,*,#4467,.F.);
#2939=ORIENTED_EDGE('',*,*,#4468,.F.);
#2940=ORIENTED_EDGE('',*,*,#4469,.F.);
#2941=ORIENTED_EDGE('',*,*,#4470,.F.);
#2942=ORIENTED_EDGE('',*,*,#4471,.T.);
#2943=ORIENTED_EDGE('',*,*,#4472,.F.);
#2944=ORIENTED_EDGE('',*,*,#4471,.F.);
#2945=ORIENTED_EDGE('',*,*,#4473,.F.);
#2946=ORIENTED_EDGE('',*,*,#4453,.T.);
#2947=ORIENTED_EDGE('',*,*,#4474,.F.);
#2948=ORIENTED_EDGE('',*,*,#4450,.T.);
#2949=ORIENTED_EDGE('',*,*,#4475,.F.);
#2950=ORIENTED_EDGE('',*,*,#4468,.T.);
#2951=ORIENTED_EDGE('',*,*,#4476,.T.);
#2952=ORIENTED_EDGE('',*,*,#4446,.F.);
#2953=ORIENTED_EDGE('',*,*,#4477,.F.);
#2954=ORIENTED_EDGE('',*,*,#4466,.T.);
#2955=ORIENTED_EDGE('',*,*,#4472,.T.);
#2956=ORIENTED_EDGE('',*,*,#4452,.F.);
#2957=ORIENTED_EDGE('',*,*,#4478,.F.);
#2958=ORIENTED_EDGE('',*,*,#4479,.T.);
#2959=ORIENTED_EDGE('',*,*,#4464,.F.);
#2960=ORIENTED_EDGE('',*,*,#4454,.T.);
#2961=ORIENTED_EDGE('',*,*,#4473,.T.);
#2962=ORIENTED_EDGE('',*,*,#4470,.T.);
#2963=ORIENTED_EDGE('',*,*,#4480,.F.);
#2964=ORIENTED_EDGE('',*,*,#4448,.F.);
#2965=ORIENTED_EDGE('',*,*,#4481,.T.);
#2966=ORIENTED_EDGE('',*,*,#4462,.F.);
#2967=ORIENTED_EDGE('',*,*,#4482,.T.);
#2968=ORIENTED_EDGE('',*,*,#4483,.T.);
#2969=ORIENTED_EDGE('',*,*,#4484,.F.);
#2970=ORIENTED_EDGE('',*,*,#4485,.T.);
#2971=ORIENTED_EDGE('',*,*,#4486,.T.);
#2972=ORIENTED_EDGE('',*,*,#4487,.T.);
#2973=ORIENTED_EDGE('',*,*,#4482,.F.);
#2974=ORIENTED_EDGE('',*,*,#4461,.F.);
#2975=ORIENTED_EDGE('',*,*,#4486,.F.);
#2976=ORIENTED_EDGE('',*,*,#4460,.F.);
#2977=ORIENTED_EDGE('',*,*,#4455,.T.);
#2978=ORIENTED_EDGE('',*,*,#4488,.T.);
#2979=ORIENTED_EDGE('',*,*,#4489,.T.);
#2980=ORIENTED_EDGE('',*,*,#4458,.F.);
#2981=ORIENTED_EDGE('',*,*,#4490,.T.);
#2982=ORIENTED_EDGE('',*,*,#4478,.T.);
#2983=ORIENTED_EDGE('',*,*,#4451,.T.);
#2984=ORIENTED_EDGE('',*,*,#4485,.F.);
#2985=ORIENTED_EDGE('',*,*,#4491,.T.);
#2986=ORIENTED_EDGE('',*,*,#4465,.F.);
#2987=ORIENTED_EDGE('',*,*,#4479,.F.);
#2988=ORIENTED_EDGE('',*,*,#4490,.F.);
#2989=ORIENTED_EDGE('',*,*,#4457,.F.);
#2990=ORIENTED_EDGE('',*,*,#4476,.F.);
#2991=ORIENTED_EDGE('',*,*,#4463,.F.);
#2992=ORIENTED_EDGE('',*,*,#4481,.F.);
#2993=ORIENTED_EDGE('',*,*,#4447,.F.);
#2994=ORIENTED_EDGE('',*,*,#4491,.F.);
#2995=ORIENTED_EDGE('',*,*,#4484,.T.);
#2996=ORIENTED_EDGE('',*,*,#4492,.T.);
#2997=ORIENTED_EDGE('',*,*,#4488,.F.);
#2998=ORIENTED_EDGE('',*,*,#4493,.T.);
#2999=ORIENTED_EDGE('',*,*,#4492,.F.);
#3000=ORIENTED_EDGE('',*,*,#4483,.F.);
#3001=ORIENTED_EDGE('',*,*,#4487,.F.);
#3002=ORIENTED_EDGE('',*,*,#4489,.F.);
#3003=ORIENTED_EDGE('',*,*,#4494,.F.);
#3004=ORIENTED_EDGE('',*,*,#4459,.F.);
#3005=ORIENTED_EDGE('',*,*,#4494,.T.);
#3006=ORIENTED_EDGE('',*,*,#4495,.T.);
#3007=ORIENTED_EDGE('',*,*,#4495,.F.);
#3008=ORIENTED_EDGE('',*,*,#4493,.F.);
#3009=ORIENTED_EDGE('',*,*,#4467,.T.);
#3010=ORIENTED_EDGE('',*,*,#4477,.T.);
#3011=ORIENTED_EDGE('',*,*,#4445,.T.);
#3012=ORIENTED_EDGE('',*,*,#4474,.T.);
#3013=ORIENTED_EDGE('',*,*,#4469,.T.);
#3014=ORIENTED_EDGE('',*,*,#4475,.T.);
#3015=ORIENTED_EDGE('',*,*,#4449,.T.);
#3016=ORIENTED_EDGE('',*,*,#4480,.T.);
#3017=ORIENTED_EDGE('',*,*,#4496,.F.);
#3018=ORIENTED_EDGE('',*,*,#4497,.T.);
#3019=ORIENTED_EDGE('',*,*,#4498,.T.);
#3020=ORIENTED_EDGE('',*,*,#4499,.T.);
#3021=ORIENTED_EDGE('',*,*,#4500,.F.);
#3022=ORIENTED_EDGE('',*,*,#4501,.T.);
#3023=ORIENTED_EDGE('',*,*,#4502,.T.);
#3024=ORIENTED_EDGE('',*,*,#4503,.T.);
#3025=ORIENTED_EDGE('',*,*,#4504,.F.);
#3026=ORIENTED_EDGE('',*,*,#4505,.T.);
#3027=ORIENTED_EDGE('',*,*,#4506,.T.);
#3028=ORIENTED_EDGE('',*,*,#4507,.T.);
#3029=ORIENTED_EDGE('',*,*,#4508,.T.);
#3030=ORIENTED_EDGE('',*,*,#4509,.T.);
#3031=ORIENTED_EDGE('',*,*,#4510,.F.);
#3032=ORIENTED_EDGE('',*,*,#4511,.T.);
#3033=ORIENTED_EDGE('',*,*,#4512,.T.);
#3034=ORIENTED_EDGE('',*,*,#4513,.T.);
#3035=ORIENTED_EDGE('',*,*,#4498,.F.);
#3036=ORIENTED_EDGE('',*,*,#4514,.T.);
#3037=ORIENTED_EDGE('',*,*,#4508,.F.);
#3038=ORIENTED_EDGE('',*,*,#4515,.T.);
#3039=ORIENTED_EDGE('',*,*,#4506,.F.);
#3040=ORIENTED_EDGE('',*,*,#4516,.T.);
#3041=ORIENTED_EDGE('',*,*,#4502,.F.);
#3042=ORIENTED_EDGE('',*,*,#4517,.T.);
#3043=ORIENTED_EDGE('',*,*,#4518,.F.);
#3044=ORIENTED_EDGE('',*,*,#4519,.T.);
#3045=ORIENTED_EDGE('',*,*,#4520,.F.);
#3046=ORIENTED_EDGE('',*,*,#4521,.F.);
#3047=ORIENTED_EDGE('',*,*,#4522,.F.);
#3048=ORIENTED_EDGE('',*,*,#4523,.T.);
#3049=ORIENTED_EDGE('',*,*,#4524,.F.);
#3050=ORIENTED_EDGE('',*,*,#4525,.F.);
#3051=ORIENTED_EDGE('',*,*,#4526,.F.);
#3052=ORIENTED_EDGE('',*,*,#4527,.T.);
#3053=ORIENTED_EDGE('',*,*,#4528,.F.);
#3054=ORIENTED_EDGE('',*,*,#4529,.F.);
#3055=ORIENTED_EDGE('',*,*,#4530,.F.);
#3056=ORIENTED_EDGE('',*,*,#4531,.T.);
#3057=ORIENTED_EDGE('',*,*,#4532,.F.);
#3058=ORIENTED_EDGE('',*,*,#4533,.F.);
#3059=ORIENTED_EDGE('',*,*,#4496,.T.);
#3060=ORIENTED_EDGE('',*,*,#4534,.T.);
#3061=ORIENTED_EDGE('',*,*,#4500,.T.);
#3062=ORIENTED_EDGE('',*,*,#4535,.T.);
#3063=ORIENTED_EDGE('',*,*,#4504,.T.);
#3064=ORIENTED_EDGE('',*,*,#4536,.T.);
#3065=ORIENTED_EDGE('',*,*,#4510,.T.);
#3066=ORIENTED_EDGE('',*,*,#4537,.T.);
#3067=ORIENTED_EDGE('',*,*,#4538,.F.);
#3068=ORIENTED_EDGE('',*,*,#4539,.F.);
#3069=ORIENTED_EDGE('',*,*,#4540,.T.);
#3070=ORIENTED_EDGE('',*,*,#4541,.T.);
#3071=ORIENTED_EDGE('',*,*,#4542,.F.);
#3072=ORIENTED_EDGE('',*,*,#4543,.T.);
#3073=ORIENTED_EDGE('',*,*,#4544,.F.);
#3074=ORIENTED_EDGE('',*,*,#4545,.T.);
#3075=ORIENTED_EDGE('',*,*,#4546,.F.);
#3076=ORIENTED_EDGE('',*,*,#4547,.T.);
#3077=ORIENTED_EDGE('',*,*,#4532,.T.);
#3078=ORIENTED_EDGE('',*,*,#4548,.T.);
#3079=ORIENTED_EDGE('',*,*,#4549,.T.);
#3080=ORIENTED_EDGE('',*,*,#4540,.F.);
#3081=ORIENTED_EDGE('',*,*,#4550,.F.);
#3082=ORIENTED_EDGE('',*,*,#4551,.T.);
#3083=ORIENTED_EDGE('',*,*,#4544,.T.);
#3084=ORIENTED_EDGE('',*,*,#4543,.F.);
#3085=ORIENTED_EDGE('',*,*,#4552,.F.);
#3086=ORIENTED_EDGE('',*,*,#4553,.T.);
#3087=ORIENTED_EDGE('',*,*,#4550,.T.);
#3088=ORIENTED_EDGE('',*,*,#4542,.T.);
#3089=ORIENTED_EDGE('',*,*,#4554,.F.);
#3090=ORIENTED_EDGE('',*,*,#4555,.T.);
#3091=ORIENTED_EDGE('',*,*,#4530,.T.);
#3092=ORIENTED_EDGE('',*,*,#4556,.T.);
#3093=ORIENTED_EDGE('',*,*,#4549,.F.);
#3094=ORIENTED_EDGE('',*,*,#4557,.T.);
#3095=ORIENTED_EDGE('',*,*,#4554,.T.);
#3096=ORIENTED_EDGE('',*,*,#4541,.F.);
#3097=ORIENTED_EDGE('',*,*,#4558,.T.);
#3098=ORIENTED_EDGE('',*,*,#4559,.T.);
#3099=ORIENTED_EDGE('',*,*,#4560,.F.);
#3100=ORIENTED_EDGE('',*,*,#4561,.T.);
#3101=ORIENTED_EDGE('',*,*,#4562,.F.);
#3102=ORIENTED_EDGE('',*,*,#4563,.T.);
#3103=ORIENTED_EDGE('',*,*,#4564,.F.);
#3104=ORIENTED_EDGE('',*,*,#4560,.T.);
#3105=ORIENTED_EDGE('',*,*,#4565,.T.);
#3106=ORIENTED_EDGE('',*,*,#4566,.T.);
#3107=ORIENTED_EDGE('',*,*,#4526,.T.);
#3108=ORIENTED_EDGE('',*,*,#4567,.T.);
#3109=ORIENTED_EDGE('',*,*,#4568,.T.);
#3110=ORIENTED_EDGE('',*,*,#4569,.T.);
#3111=ORIENTED_EDGE('',*,*,#4570,.F.);
#3112=ORIENTED_EDGE('',*,*,#4571,.T.);
#3113=ORIENTED_EDGE('',*,*,#4528,.T.);
#3114=ORIENTED_EDGE('',*,*,#4572,.T.);
#3115=ORIENTED_EDGE('',*,*,#4573,.F.);
#3116=ORIENTED_EDGE('',*,*,#4558,.F.);
#3117=ORIENTED_EDGE('',*,*,#4573,.T.);
#3118=ORIENTED_EDGE('',*,*,#4574,.T.);
#3119=ORIENTED_EDGE('',*,*,#4565,.F.);
#3120=ORIENTED_EDGE('',*,*,#4559,.F.);
#3121=ORIENTED_EDGE('',*,*,#4564,.T.);
#3122=ORIENTED_EDGE('',*,*,#4575,.T.);
#3123=ORIENTED_EDGE('',*,*,#4568,.F.);
#3124=ORIENTED_EDGE('',*,*,#4561,.F.);
#3125=ORIENTED_EDGE('',*,*,#4576,.T.);
#3126=ORIENTED_EDGE('',*,*,#4577,.T.);
#3127=ORIENTED_EDGE('',*,*,#4578,.F.);
#3128=ORIENTED_EDGE('',*,*,#4579,.T.);
#3129=ORIENTED_EDGE('',*,*,#4580,.F.);
#3130=ORIENTED_EDGE('',*,*,#4581,.T.);
#3131=ORIENTED_EDGE('',*,*,#4582,.T.);
#3132=ORIENTED_EDGE('',*,*,#4576,.F.);
#3133=ORIENTED_EDGE('',*,*,#4583,.F.);
#3134=ORIENTED_EDGE('',*,*,#4584,.T.);
#3135=ORIENTED_EDGE('',*,*,#4522,.T.);
#3136=ORIENTED_EDGE('',*,*,#4585,.T.);
#3137=ORIENTED_EDGE('',*,*,#4586,.F.);
#3138=ORIENTED_EDGE('',*,*,#4587,.T.);
#3139=ORIENTED_EDGE('',*,*,#4588,.F.);
#3140=ORIENTED_EDGE('',*,*,#4589,.T.);
#3141=ORIENTED_EDGE('',*,*,#4524,.T.);
#3142=ORIENTED_EDGE('',*,*,#4590,.T.);
#3143=ORIENTED_EDGE('',*,*,#4591,.T.);
#3144=ORIENTED_EDGE('',*,*,#4578,.T.);
#3145=ORIENTED_EDGE('',*,*,#4591,.F.);
#3146=ORIENTED_EDGE('',*,*,#4592,.T.);
#3147=ORIENTED_EDGE('',*,*,#4583,.T.);
#3148=ORIENTED_EDGE('',*,*,#4579,.F.);
#3149=ORIENTED_EDGE('',*,*,#4582,.F.);
#3150=ORIENTED_EDGE('',*,*,#4593,.T.);
#3151=ORIENTED_EDGE('',*,*,#4586,.T.);
#3152=ORIENTED_EDGE('',*,*,#4577,.F.);
#3153=ORIENTED_EDGE('',*,*,#4594,.T.);
#3154=ORIENTED_EDGE('',*,*,#4595,.T.);
#3155=ORIENTED_EDGE('',*,*,#4596,.F.);
#3156=ORIENTED_EDGE('',*,*,#4597,.T.);
#3157=ORIENTED_EDGE('',*,*,#4598,.F.);
#3158=ORIENTED_EDGE('',*,*,#4599,.T.);
#3159=ORIENTED_EDGE('',*,*,#4600,.F.);
#3160=ORIENTED_EDGE('',*,*,#4594,.F.);
#3161=ORIENTED_EDGE('',*,*,#4601,.T.);
#3162=ORIENTED_EDGE('',*,*,#4602,.T.);
#3163=ORIENTED_EDGE('',*,*,#4518,.T.);
#3164=ORIENTED_EDGE('',*,*,#4603,.T.);
#3165=ORIENTED_EDGE('',*,*,#4604,.T.);
#3166=ORIENTED_EDGE('',*,*,#4605,.T.);
#3167=ORIENTED_EDGE('',*,*,#4606,.F.);
#3168=ORIENTED_EDGE('',*,*,#4607,.T.);
#3169=ORIENTED_EDGE('',*,*,#4520,.T.);
#3170=ORIENTED_EDGE('',*,*,#4608,.T.);
#3171=ORIENTED_EDGE('',*,*,#4609,.F.);
#3172=ORIENTED_EDGE('',*,*,#4596,.T.);
#3173=ORIENTED_EDGE('',*,*,#4609,.T.);
#3174=ORIENTED_EDGE('',*,*,#4610,.T.);
#3175=ORIENTED_EDGE('',*,*,#4601,.F.);
#3176=ORIENTED_EDGE('',*,*,#4597,.F.);
#3177=ORIENTED_EDGE('',*,*,#4600,.T.);
#3178=ORIENTED_EDGE('',*,*,#4611,.T.);
#3179=ORIENTED_EDGE('',*,*,#4604,.F.);
#3180=ORIENTED_EDGE('',*,*,#4595,.F.);
#3181=ORIENTED_EDGE('',*,*,#4514,.F.);
#3182=ORIENTED_EDGE('',*,*,#4497,.F.);
#3183=ORIENTED_EDGE('',*,*,#4537,.F.);
#3184=ORIENTED_EDGE('',*,*,#4509,.F.);
#3185=ORIENTED_EDGE('',*,*,#4517,.F.);
#3186=ORIENTED_EDGE('',*,*,#4501,.F.);
#3187=ORIENTED_EDGE('',*,*,#4534,.F.);
#3188=ORIENTED_EDGE('',*,*,#4499,.F.);
#3189=ORIENTED_EDGE('',*,*,#4516,.F.);
#3190=ORIENTED_EDGE('',*,*,#4505,.F.);
#3191=ORIENTED_EDGE('',*,*,#4535,.F.);
#3192=ORIENTED_EDGE('',*,*,#4503,.F.);
#3193=ORIENTED_EDGE('',*,*,#4515,.F.);
#3194=ORIENTED_EDGE('',*,*,#4511,.F.);
#3195=ORIENTED_EDGE('',*,*,#4536,.F.);
#3196=ORIENTED_EDGE('',*,*,#4507,.F.);
#3197=ORIENTED_EDGE('',*,*,#4539,.T.);
#3198=ORIENTED_EDGE('',*,*,#4513,.F.);
#3199=ORIENTED_EDGE('',*,*,#4538,.T.);
#3200=ORIENTED_EDGE('',*,*,#4512,.F.);
#3201=ORIENTED_EDGE('',*,*,#4606,.T.);
#3202=ORIENTED_EDGE('',*,*,#4612,.T.);
#3203=ORIENTED_EDGE('',*,*,#4598,.T.);
#3204=ORIENTED_EDGE('',*,*,#4613,.F.);
#3205=ORIENTED_EDGE('',*,*,#4521,.T.);
#3206=ORIENTED_EDGE('',*,*,#4607,.F.);
#3207=ORIENTED_EDGE('',*,*,#4613,.T.);
#3208=ORIENTED_EDGE('',*,*,#4603,.F.);
#3209=ORIENTED_EDGE('',*,*,#4588,.T.);
#3210=ORIENTED_EDGE('',*,*,#4614,.T.);
#3211=ORIENTED_EDGE('',*,*,#4580,.T.);
#3212=ORIENTED_EDGE('',*,*,#4615,.F.);
#3213=ORIENTED_EDGE('',*,*,#4525,.T.);
#3214=ORIENTED_EDGE('',*,*,#4589,.F.);
#3215=ORIENTED_EDGE('',*,*,#4615,.T.);
#3216=ORIENTED_EDGE('',*,*,#4585,.F.);
#3217=ORIENTED_EDGE('',*,*,#4570,.T.);
#3218=ORIENTED_EDGE('',*,*,#4616,.T.);
#3219=ORIENTED_EDGE('',*,*,#4562,.T.);
#3220=ORIENTED_EDGE('',*,*,#4617,.F.);
#3221=ORIENTED_EDGE('',*,*,#4529,.T.);
#3222=ORIENTED_EDGE('',*,*,#4571,.F.);
#3223=ORIENTED_EDGE('',*,*,#4617,.T.);
#3224=ORIENTED_EDGE('',*,*,#4567,.F.);
#3225=ORIENTED_EDGE('',*,*,#4546,.T.);
#3226=ORIENTED_EDGE('',*,*,#4618,.T.);
#3227=ORIENTED_EDGE('',*,*,#4552,.T.);
#3228=ORIENTED_EDGE('',*,*,#4619,.F.);
#3229=ORIENTED_EDGE('',*,*,#4619,.T.);
#3230=ORIENTED_EDGE('',*,*,#4556,.F.);
#3231=ORIENTED_EDGE('',*,*,#4533,.T.);
#3232=ORIENTED_EDGE('',*,*,#4547,.F.);
#3233=ORIENTED_EDGE('',*,*,#4587,.F.);
#3234=ORIENTED_EDGE('',*,*,#4593,.F.);
#3235=ORIENTED_EDGE('',*,*,#4581,.F.);
#3236=ORIENTED_EDGE('',*,*,#4614,.F.);
#3237=ORIENTED_EDGE('',*,*,#4569,.F.);
#3238=ORIENTED_EDGE('',*,*,#4575,.F.);
#3239=ORIENTED_EDGE('',*,*,#4563,.F.);
#3240=ORIENTED_EDGE('',*,*,#4616,.F.);
#3241=ORIENTED_EDGE('',*,*,#4545,.F.);
#3242=ORIENTED_EDGE('',*,*,#4551,.F.);
#3243=ORIENTED_EDGE('',*,*,#4553,.F.);
#3244=ORIENTED_EDGE('',*,*,#4618,.F.);
#3245=ORIENTED_EDGE('',*,*,#4605,.F.);
#3246=ORIENTED_EDGE('',*,*,#4611,.F.);
#3247=ORIENTED_EDGE('',*,*,#4599,.F.);
#3248=ORIENTED_EDGE('',*,*,#4612,.F.);
#3249=ORIENTED_EDGE('',*,*,#4572,.F.);
#3250=ORIENTED_EDGE('',*,*,#4527,.F.);
#3251=ORIENTED_EDGE('',*,*,#4566,.F.);
#3252=ORIENTED_EDGE('',*,*,#4574,.F.);
#3253=ORIENTED_EDGE('',*,*,#4590,.F.);
#3254=ORIENTED_EDGE('',*,*,#4523,.F.);
#3255=ORIENTED_EDGE('',*,*,#4584,.F.);
#3256=ORIENTED_EDGE('',*,*,#4592,.F.);
#3257=ORIENTED_EDGE('',*,*,#4608,.F.);
#3258=ORIENTED_EDGE('',*,*,#4519,.F.);
#3259=ORIENTED_EDGE('',*,*,#4602,.F.);
#3260=ORIENTED_EDGE('',*,*,#4610,.F.);
#3261=ORIENTED_EDGE('',*,*,#4548,.F.);
#3262=ORIENTED_EDGE('',*,*,#4531,.F.);
#3263=ORIENTED_EDGE('',*,*,#4555,.F.);
#3264=ORIENTED_EDGE('',*,*,#4557,.F.);
#3265=VERTEX_POINT('',#8002);
#3266=VERTEX_POINT('',#8003);
#3267=VERTEX_POINT('',#8005);
#3268=VERTEX_POINT('',#8007);
#3269=VERTEX_POINT('',#8009);
#3270=VERTEX_POINT('',#8011);
#3271=VERTEX_POINT('',#8013);
#3272=VERTEX_POINT('',#8015);
#3273=VERTEX_POINT('',#8017);
#3274=VERTEX_POINT('',#8019);
#3275=VERTEX_POINT('',#8021);
#3276=VERTEX_POINT('',#8023);
#3277=VERTEX_POINT('',#8025);
#3278=VERTEX_POINT('',#8027);
#3279=VERTEX_POINT('',#8029);
#3280=VERTEX_POINT('',#8031);
#3281=VERTEX_POINT('',#8033);
#3282=VERTEX_POINT('',#8035);
#3283=VERTEX_POINT('',#8039);
#3284=VERTEX_POINT('',#8040);
#3285=VERTEX_POINT('',#8042);
#3286=VERTEX_POINT('',#8044);
#3287=VERTEX_POINT('',#8046);
#3288=VERTEX_POINT('',#8048);
#3289=VERTEX_POINT('',#8050);
#3290=VERTEX_POINT('',#8052);
#3291=VERTEX_POINT('',#8054);
#3292=VERTEX_POINT('',#8056);
#3293=VERTEX_POINT('',#8058);
#3294=VERTEX_POINT('',#8060);
#3295=VERTEX_POINT('',#8062);
#3296=VERTEX_POINT('',#8064);
#3297=VERTEX_POINT('',#8066);
#3298=VERTEX_POINT('',#8069);
#3299=VERTEX_POINT('',#8073);
#3300=VERTEX_POINT('',#8075);
#3301=VERTEX_POINT('',#8082);
#3302=VERTEX_POINT('',#8083);
#3303=VERTEX_POINT('',#8085);
#3304=VERTEX_POINT('',#8087);
#3305=VERTEX_POINT('',#8089);
#3306=VERTEX_POINT('',#8091);
#3307=VERTEX_POINT('',#8094);
#3308=VERTEX_POINT('',#8096);
#3309=VERTEX_POINT('',#8100);
#3310=VERTEX_POINT('',#8101);
#3311=VERTEX_POINT('',#8103);
#3312=VERTEX_POINT('',#8105);
#3313=VERTEX_POINT('',#8107);
#3314=VERTEX_POINT('',#8110);
#3315=VERTEX_POINT('',#8112);
#3316=VERTEX_POINT('',#8114);
#3317=VERTEX_POINT('',#8118);
#3318=VERTEX_POINT('',#8119);
#3319=VERTEX_POINT('',#8121);
#3320=VERTEX_POINT('',#8123);
#3321=VERTEX_POINT('',#8125);
#3322=VERTEX_POINT('',#8127);
#3323=VERTEX_POINT('',#8129);
#3324=VERTEX_POINT('',#8132);
#3325=VERTEX_POINT('',#8134);
#3326=VERTEX_POINT('',#8136);
#3327=VERTEX_POINT('',#8140);
#3328=VERTEX_POINT('',#8141);
#3329=VERTEX_POINT('',#8146);
#3330=VERTEX_POINT('',#8148);
#3331=VERTEX_POINT('',#8152);
#3332=VERTEX_POINT('',#8154);
#3333=VERTEX_POINT('',#8156);
#3334=VERTEX_POINT('',#8160);
#3335=VERTEX_POINT('',#8162);
#3336=VERTEX_POINT('',#8164);
#3337=VERTEX_POINT('',#8171);
#3338=VERTEX_POINT('',#8175);
#3339=VERTEX_POINT('',#8181);
#3340=VERTEX_POINT('',#8182);
#3341=VERTEX_POINT('',#8185);
#3342=VERTEX_POINT('',#8187);
#3343=VERTEX_POINT('',#8189);
#3344=VERTEX_POINT('',#8191);
#3345=VERTEX_POINT('',#8196);
#3346=VERTEX_POINT('',#8198);
#3347=VERTEX_POINT('',#8201);
#3348=VERTEX_POINT('',#8203);
#3349=VERTEX_POINT('',#8207);
#3350=VERTEX_POINT('',#8211);
#3351=VERTEX_POINT('',#8213);
#3352=VERTEX_POINT('',#8215);
#3353=VERTEX_POINT('',#8217);
#3354=VERTEX_POINT('',#8220);
#3355=VERTEX_POINT('',#8226);
#3356=VERTEX_POINT('',#8228);
#3357=VERTEX_POINT('',#8232);
#3358=VERTEX_POINT('',#8234);
#3359=VERTEX_POINT('',#8236);
#3360=VERTEX_POINT('',#8237);
#3361=VERTEX_POINT('',#8254);
#3362=VERTEX_POINT('',#8256);
#3363=VERTEX_POINT('',#8273);
#3364=VERTEX_POINT('',#8275);
#3365=VERTEX_POINT('',#8277);
#3366=VERTEX_POINT('',#8279);
#3367=VERTEX_POINT('',#8282);
#3368=VERTEX_POINT('',#8283);
#3369=VERTEX_POINT('',#8285);
#3370=VERTEX_POINT('',#8287);
#3371=VERTEX_POINT('',#8289);
#3372=VERTEX_POINT('',#8291);
#3373=VERTEX_POINT('',#8293);
#3374=VERTEX_POINT('',#8295);
#3375=VERTEX_POINT('',#8299);
#3376=VERTEX_POINT('',#8301);
#3377=VERTEX_POINT('',#8304);
#3378=VERTEX_POINT('',#8305);
#3379=VERTEX_POINT('',#8307);
#3380=VERTEX_POINT('',#8311);
#3381=VERTEX_POINT('',#8313);
#3382=VERTEX_POINT('',#8317);
#3383=VERTEX_POINT('',#8321);
#3384=VERTEX_POINT('',#8323);
#3385=VERTEX_POINT('',#8325);
#3386=VERTEX_POINT('',#8327);
#3387=VERTEX_POINT('',#8331);
#3388=VERTEX_POINT('',#8333);
#3389=VERTEX_POINT('',#8335);
#3390=VERTEX_POINT('',#8337);
#3391=VERTEX_POINT('',#8339);
#3392=VERTEX_POINT('',#8341);
#3393=VERTEX_POINT('',#8344);
#3394=VERTEX_POINT('',#8346);
#3395=VERTEX_POINT('',#8349);
#3396=VERTEX_POINT('',#8352);
#3397=VERTEX_POINT('',#8355);
#3398=VERTEX_POINT('',#8357);
#3399=VERTEX_POINT('',#8361);
#3400=VERTEX_POINT('',#8365);
#3401=VERTEX_POINT('',#8369);
#3402=VERTEX_POINT('',#8373);
#3403=VERTEX_POINT('',#8662);
#3404=VERTEX_POINT('',#8665);
#3405=VERTEX_POINT('',#8668);
#3406=VERTEX_POINT('',#8671);
#3407=VERTEX_POINT('',#8676);
#3408=VERTEX_POINT('',#8680);
#3409=VERTEX_POINT('',#8697);
#3410=VERTEX_POINT('',#8699);
#3411=VERTEX_POINT('',#8703);
#3412=VERTEX_POINT('',#8704);
#3413=VERTEX_POINT('',#8709);
#3414=VERTEX_POINT('',#8711);
#3415=VERTEX_POINT('',#8720);
#3416=VERTEX_POINT('',#8721);
#3417=VERTEX_POINT('',#8724);
#3418=VERTEX_POINT('',#8726);
#3419=VERTEX_POINT('',#8729);
#3420=VERTEX_POINT('',#8731);
#3421=VERTEX_POINT('',#8736);
#3422=VERTEX_POINT('',#8737);
#3423=VERTEX_POINT('',#8742);
#3424=VERTEX_POINT('',#8744);
#3425=VERTEX_POINT('',#8748);
#3426=VERTEX_POINT('',#8756);
#3427=VERTEX_POINT('',#8760);
#3428=VERTEX_POINT('',#8767);
#3429=VERTEX_POINT('',#8779);
#3430=VERTEX_POINT('',#8780);
#3431=VERTEX_POINT('',#8782);
#3432=VERTEX_POINT('',#8784);
#3433=VERTEX_POINT('',#8788);
#3434=VERTEX_POINT('',#8789);
#3435=VERTEX_POINT('',#8791);
#3436=VERTEX_POINT('',#8793);
#3437=VERTEX_POINT('',#8797);
#3438=VERTEX_POINT('',#8798);
#3439=VERTEX_POINT('',#8800);
#3440=VERTEX_POINT('',#8802);
#3441=VERTEX_POINT('',#8805);
#3442=VERTEX_POINT('',#8806);
#3443=VERTEX_POINT('',#8808);
#3444=VERTEX_POINT('',#8810);
#3445=VERTEX_POINT('',#8813);
#3446=VERTEX_POINT('',#8814);
#3447=VERTEX_POINT('',#8816);
#3448=VERTEX_POINT('',#8818);
#3449=VERTEX_POINT('',#8821);
#3450=VERTEX_POINT('',#8822);
#3451=VERTEX_POINT('',#8824);
#3452=VERTEX_POINT('',#8826);
#3453=VERTEX_POINT('',#8829);
#3454=VERTEX_POINT('',#8831);
#3455=VERTEX_POINT('',#8833);
#3456=VERTEX_POINT('',#8834);
#3457=VERTEX_POINT('',#8836);
#3458=VERTEX_POINT('',#8838);
#3459=VERTEX_POINT('',#8840);
#3460=VERTEX_POINT('',#8842);
#3461=VERTEX_POINT('',#8844);
#3462=VERTEX_POINT('',#8846);
#3463=VERTEX_POINT('',#8848);
#3464=VERTEX_POINT('',#8850);
#3465=VERTEX_POINT('',#8852);
#3466=VERTEX_POINT('',#8854);
#3467=VERTEX_POINT('',#8856);
#3468=VERTEX_POINT('',#8858);
#3469=VERTEX_POINT('',#8860);
#3470=VERTEX_POINT('',#8862);
#3471=VERTEX_POINT('',#8864);
#3472=VERTEX_POINT('',#8866);
#3473=VERTEX_POINT('',#8868);
#3474=VERTEX_POINT('',#8870);
#3475=VERTEX_POINT('',#8872);
#3476=VERTEX_POINT('',#8874);
#3477=VERTEX_POINT('',#8876);
#3478=VERTEX_POINT('',#8878);
#3479=VERTEX_POINT('',#8880);
#3480=VERTEX_POINT('',#8882);
#3481=VERTEX_POINT('',#8884);
#3482=VERTEX_POINT('',#8886);
#3483=VERTEX_POINT('',#8890);
#3484=VERTEX_POINT('',#8891);
#3485=VERTEX_POINT('',#8893);
#3486=VERTEX_POINT('',#8895);
#3487=VERTEX_POINT('',#8898);
#3488=VERTEX_POINT('',#8899);
#3489=VERTEX_POINT('',#8901);
#3490=VERTEX_POINT('',#8903);
#3491=VERTEX_POINT('',#8906);
#3492=VERTEX_POINT('',#8907);
#3493=VERTEX_POINT('',#8909);
#3494=VERTEX_POINT('',#8911);
#3495=VERTEX_POINT('',#8914);
#3496=VERTEX_POINT('',#8915);
#3497=VERTEX_POINT('',#8917);
#3498=VERTEX_POINT('',#8919);
#3499=VERTEX_POINT('',#8922);
#3500=VERTEX_POINT('',#8924);
#3501=VERTEX_POINT('',#8926);
#3502=VERTEX_POINT('',#8927);
#3503=VERTEX_POINT('',#8929);
#3504=VERTEX_POINT('',#8931);
#3505=VERTEX_POINT('',#8933);
#3506=VERTEX_POINT('',#8935);
#3507=VERTEX_POINT('',#8937);
#3508=VERTEX_POINT('',#8939);
#3509=VERTEX_POINT('',#8941);
#3510=VERTEX_POINT('',#8943);
#3511=VERTEX_POINT('',#8945);
#3512=VERTEX_POINT('',#8947);
#3513=VERTEX_POINT('',#8949);
#3514=VERTEX_POINT('',#8951);
#3515=VERTEX_POINT('',#8953);
#3516=VERTEX_POINT('',#8955);
#3517=VERTEX_POINT('',#8957);
#3518=VERTEX_POINT('',#8959);
#3519=VERTEX_POINT('',#8961);
#3520=VERTEX_POINT('',#8963);
#3521=VERTEX_POINT('',#8965);
#3522=VERTEX_POINT('',#8967);
#3523=VERTEX_POINT('',#8969);
#3524=VERTEX_POINT('',#8971);
#3525=VERTEX_POINT('',#8973);
#3526=VERTEX_POINT('',#8975);
#3527=VERTEX_POINT('',#8977);
#3528=VERTEX_POINT('',#8979);
#3529=VERTEX_POINT('',#8981);
#3530=VERTEX_POINT('',#8983);
#3531=VERTEX_POINT('',#8985);
#3532=VERTEX_POINT('',#8987);
#3533=VERTEX_POINT('',#8989);
#3534=VERTEX_POINT('',#8991);
#3535=VERTEX_POINT('',#8993);
#3536=VERTEX_POINT('',#8995);
#3537=VERTEX_POINT('',#8997);
#3538=VERTEX_POINT('',#8999);
#3539=VERTEX_POINT('',#9003);
#3540=VERTEX_POINT('',#9005);
#3541=VERTEX_POINT('',#9007);
#3542=VERTEX_POINT('',#9009);
#3543=VERTEX_POINT('',#9011);
#3544=VERTEX_POINT('',#9013);
#3545=VERTEX_POINT('',#9015);
#3546=VERTEX_POINT('',#9017);
#3547=VERTEX_POINT('',#9019);
#3548=VERTEX_POINT('',#9021);
#3549=VERTEX_POINT('',#9025);
#3550=VERTEX_POINT('',#9026);
#3551=VERTEX_POINT('',#9028);
#3552=VERTEX_POINT('',#9030);
#3553=VERTEX_POINT('',#9032);
#3554=VERTEX_POINT('',#9034);
#3555=VERTEX_POINT('',#9036);
#3556=VERTEX_POINT('',#9038);
#3557=VERTEX_POINT('',#9040);
#3558=VERTEX_POINT('',#9042);
#3559=VERTEX_POINT('',#9044);
#3560=VERTEX_POINT('',#9046);
#3561=VERTEX_POINT('',#9062);
#3562=VERTEX_POINT('',#9064);
#3563=VERTEX_POINT('',#9068);
#3564=VERTEX_POINT('',#9069);
#3565=VERTEX_POINT('',#9071);
#3566=VERTEX_POINT('',#9073);
#3567=VERTEX_POINT('',#9083);
#3568=VERTEX_POINT('',#9085);
#3569=VERTEX_POINT('',#9087);
#3570=VERTEX_POINT('',#9090);
#3571=VERTEX_POINT('',#9092);
#3572=VERTEX_POINT('',#9094);
#3573=VERTEX_POINT('',#9096);
#3574=VERTEX_POINT('',#9098);
#3575=VERTEX_POINT('',#9102);
#3576=VERTEX_POINT('',#9106);
#3577=VERTEX_POINT('',#9112);
#3578=VERTEX_POINT('',#9114);
#3579=VERTEX_POINT('',#9118);
#3580=VERTEX_POINT('',#9119);
#3581=VERTEX_POINT('',#9121);
#3582=VERTEX_POINT('',#9123);
#3583=VERTEX_POINT('',#9125);
#3584=VERTEX_POINT('',#9127);
#3585=VERTEX_POINT('',#9129);
#3586=VERTEX_POINT('',#9131);
#3587=VERTEX_POINT('',#9133);
#3588=VERTEX_POINT('',#9135);
#3589=VERTEX_POINT('',#9137);
#3590=VERTEX_POINT('',#9139);
#3591=VERTEX_POINT('',#9172);
#3592=VERTEX_POINT('',#9174);
#3593=VERTEX_POINT('',#9177);
#3594=VERTEX_POINT('',#9179);
#3595=VERTEX_POINT('',#9187);
#3596=VERTEX_POINT('',#9191);
#3597=VERTEX_POINT('',#9209);
#3598=VERTEX_POINT('',#9212);
#3599=VERTEX_POINT('',#9242);
#3600=VERTEX_POINT('',#9244);
#3601=VERTEX_POINT('',#9248);
#3602=VERTEX_POINT('',#9251);
#3603=VERTEX_POINT('',#9253);
#3604=VERTEX_POINT('',#9257);
#3605=VERTEX_POINT('',#9264);
#3606=VERTEX_POINT('',#9268);
#3607=VERTEX_POINT('',#9269);
#3608=VERTEX_POINT('',#9276);
#3609=VERTEX_POINT('',#9278);
#3610=VERTEX_POINT('',#9280);
#3611=VERTEX_POINT('',#9284);
#3612=VERTEX_POINT('',#9293);
#3613=VERTEX_POINT('',#9297);
#3614=VERTEX_POINT('',#9298);
#3615=VERTEX_POINT('',#9305);
#3616=VERTEX_POINT('',#9307);
#3617=VERTEX_POINT('',#9309);
#3618=VERTEX_POINT('',#9313);
#3619=VERTEX_POINT('',#9321);
#3620=VERTEX_POINT('',#9324);
#3621=VERTEX_POINT('',#9327);
#3622=VERTEX_POINT('',#9330);
#3623=VERTEX_POINT('',#9335);
#3624=VERTEX_POINT('',#9339);
#3625=VERTEX_POINT('',#9375);
#3626=VERTEX_POINT('',#9376);
#3627=VERTEX_POINT('',#9378);
#3628=VERTEX_POINT('',#9380);
#3629=VERTEX_POINT('',#9382);
#3630=VERTEX_POINT('',#9384);
#3631=VERTEX_POINT('',#9386);
#3632=VERTEX_POINT('',#9388);
#3633=VERTEX_POINT('',#9390);
#3634=VERTEX_POINT('',#9392);
#3635=VERTEX_POINT('',#9394);
#3636=VERTEX_POINT('',#9396);
#3637=VERTEX_POINT('',#9398);
#3638=VERTEX_POINT('',#9400);
#3639=VERTEX_POINT('',#9402);
#3640=VERTEX_POINT('',#9404);
#3641=VERTEX_POINT('',#9406);
#3642=VERTEX_POINT('',#9408);
#3643=VERTEX_POINT('',#9412);
#3644=VERTEX_POINT('',#9413);
#3645=VERTEX_POINT('',#9415);
#3646=VERTEX_POINT('',#9417);
#3647=VERTEX_POINT('',#9419);
#3648=VERTEX_POINT('',#9421);
#3649=VERTEX_POINT('',#9423);
#3650=VERTEX_POINT('',#9426);
#3651=VERTEX_POINT('',#9428);
#3652=VERTEX_POINT('',#9432);
#3653=VERTEX_POINT('',#9433);
#3654=VERTEX_POINT('',#9436);
#3655=VERTEX_POINT('',#9438);
#3656=VERTEX_POINT('',#9442);
#3657=VERTEX_POINT('',#9443);
#3658=VERTEX_POINT('',#9446);
#3659=VERTEX_POINT('',#9448);
#3660=VERTEX_POINT('',#9453);
#3661=VERTEX_POINT('',#9455);
#3662=VERTEX_POINT('',#9457);
#3663=VERTEX_POINT('',#9459);
#3664=VERTEX_POINT('',#9462);
#3665=VERTEX_POINT('',#9464);
#3666=VERTEX_POINT('',#9466);
#3667=VERTEX_POINT('',#9468);
#3668=VERTEX_POINT('',#9470);
#3669=VERTEX_POINT('',#9472);
#3670=VERTEX_POINT('',#9476);
#3671=VERTEX_POINT('',#9477);
#3672=VERTEX_POINT('',#9480);
#3673=VERTEX_POINT('',#9482);
#3674=VERTEX_POINT('',#9484);
#3675=VERTEX_POINT('',#9487);
#3676=VERTEX_POINT('',#9490);
#3677=VERTEX_POINT('',#9492);
#3678=VERTEX_POINT('',#9496);
#3679=VERTEX_POINT('',#9497);
#3680=VERTEX_POINT('',#9499);
#3681=VERTEX_POINT('',#9501);
#3682=VERTEX_POINT('',#9503);
#3683=VERTEX_POINT('',#9508);
#3684=VERTEX_POINT('',#9525);
#3685=VERTEX_POINT('',#9527);
#3686=VERTEX_POINT('',#9529);
#3687=VERTEX_POINT('',#9540);
#3688=VERTEX_POINT('',#9544);
#3689=VERTEX_POINT('',#9551);
#3690=VERTEX_POINT('',#9554);
#3691=VERTEX_POINT('',#9557);
#3692=VERTEX_POINT('',#9578);
#3693=VERTEX_POINT('',#9579);
#3694=VERTEX_POINT('',#9581);
#3695=VERTEX_POINT('',#9583);
#3696=VERTEX_POINT('',#9585);
#3697=VERTEX_POINT('',#9587);
#3698=VERTEX_POINT('',#9591);
#3699=VERTEX_POINT('',#9592);
#3700=VERTEX_POINT('',#9594);
#3701=VERTEX_POINT('',#9596);
#3702=VERTEX_POINT('',#9600);
#3703=VERTEX_POINT('',#9601);
#3704=VERTEX_POINT('',#9603);
#3705=VERTEX_POINT('',#9605);
#3706=VERTEX_POINT('',#9609);
#3707=VERTEX_POINT('',#9611);
#3708=VERTEX_POINT('',#9613);
#3709=VERTEX_POINT('',#9615);
#3710=VERTEX_POINT('',#9617);
#3711=VERTEX_POINT('',#9619);
#3712=VERTEX_POINT('',#9623);
#3713=VERTEX_POINT('',#9624);
#3714=VERTEX_POINT('',#9626);
#3715=VERTEX_POINT('',#9628);
#3716=VERTEX_POINT('',#9630);
#3717=VERTEX_POINT('',#9632);
#3718=VERTEX_POINT('',#9644);
#3719=VERTEX_POINT('',#9650);
#3720=VERTEX_POINT('',#9652);
#3721=VERTEX_POINT('',#9654);
#3722=VERTEX_POINT('',#9658);
#3723=VERTEX_POINT('',#9662);
#3724=VERTEX_POINT('',#9673);
#3725=VERTEX_POINT('',#9676);
#3726=VERTEX_POINT('',#9679);
#3727=VERTEX_POINT('',#9685);
#3728=VERTEX_POINT('',#9686);
#3729=VERTEX_POINT('',#9688);
#3730=VERTEX_POINT('',#9690);
#3731=VERTEX_POINT('',#9694);
#3732=VERTEX_POINT('',#9695);
#3733=VERTEX_POINT('',#9697);
#3734=VERTEX_POINT('',#9699);
#3735=VERTEX_POINT('',#9703);
#3736=VERTEX_POINT('',#9704);
#3737=VERTEX_POINT('',#9706);
#3738=VERTEX_POINT('',#9708);
#3739=VERTEX_POINT('',#9712);
#3740=VERTEX_POINT('',#9713);
#3741=VERTEX_POINT('',#9715);
#3742=VERTEX_POINT('',#9717);
#3743=VERTEX_POINT('',#9721);
#3744=VERTEX_POINT('',#9723);
#3745=VERTEX_POINT('',#9730);
#3746=VERTEX_POINT('',#9731);
#3747=VERTEX_POINT('',#9733);
#3748=VERTEX_POINT('',#9735);
#3749=VERTEX_POINT('',#9738);
#3750=VERTEX_POINT('',#9739);
#3751=VERTEX_POINT('',#9741);
#3752=VERTEX_POINT('',#9743);
#3753=VERTEX_POINT('',#9746);
#3754=VERTEX_POINT('',#9747);
#3755=VERTEX_POINT('',#9749);
#3756=VERTEX_POINT('',#9751);
#3757=VERTEX_POINT('',#9754);
#3758=VERTEX_POINT('',#9755);
#3759=VERTEX_POINT('',#9757);
#3760=VERTEX_POINT('',#9759);
#3761=VERTEX_POINT('',#9766);
#3762=VERTEX_POINT('',#9768);
#3763=VERTEX_POINT('',#9771);
#3764=VERTEX_POINT('',#9772);
#3765=VERTEX_POINT('',#9774);
#3766=VERTEX_POINT('',#9776);
#3767=VERTEX_POINT('',#9780);
#3768=VERTEX_POINT('',#9782);
#3769=VERTEX_POINT('',#9784);
#3770=VERTEX_POINT('',#9787);
#3771=VERTEX_POINT('',#9791);
#3772=VERTEX_POINT('',#9795);
#3773=VERTEX_POINT('',#9796);
#3774=VERTEX_POINT('',#9799);
#3775=VERTEX_POINT('',#9806);
#3776=VERTEX_POINT('',#9807);
#3777=VERTEX_POINT('',#9809);
#3778=VERTEX_POINT('',#9811);
#3779=VERTEX_POINT('',#9815);
#3780=VERTEX_POINT('',#9816);
#3781=VERTEX_POINT('',#9818);
#3782=VERTEX_POINT('',#9821);
#3783=VERTEX_POINT('',#9826);
#3784=VERTEX_POINT('',#9828);
#3785=VERTEX_POINT('',#9830);
#3786=VERTEX_POINT('',#9833);
#3787=VERTEX_POINT('',#9841);
#3788=VERTEX_POINT('',#9842);
#3789=VERTEX_POINT('',#9844);
#3790=VERTEX_POINT('',#9846);
#3791=VERTEX_POINT('',#9850);
#3792=VERTEX_POINT('',#9851);
#3793=VERTEX_POINT('',#9853);
#3794=VERTEX_POINT('',#9856);
#3795=VERTEX_POINT('',#9861);
#3796=VERTEX_POINT('',#9863);
#3797=VERTEX_POINT('',#9865);
#3798=VERTEX_POINT('',#9868);
#3799=VERTEX_POINT('',#9876);
#3800=VERTEX_POINT('',#9877);
#3801=VERTEX_POINT('',#9879);
#3802=VERTEX_POINT('',#9881);
#3803=VERTEX_POINT('',#9885);
#3804=VERTEX_POINT('',#9886);
#3805=VERTEX_POINT('',#9888);
#3806=VERTEX_POINT('',#9891);
#3807=VERTEX_POINT('',#9896);
#3808=VERTEX_POINT('',#9898);
#3809=VERTEX_POINT('',#9900);
#3810=VERTEX_POINT('',#9903);
#3811=EDGE_CURVE('',#3265,#3266,#4658,.T.);
#3812=EDGE_CURVE('',#3267,#3266,#4659,.T.);
#3813=EDGE_CURVE('',#3267,#3268,#4660,.T.);
#3814=EDGE_CURVE('',#3269,#3268,#4661,.T.);
#3815=EDGE_CURVE('',#3270,#3269,#4662,.T.);
#3816=EDGE_CURVE('',#3271,#3270,#4663,.T.);
#3817=EDGE_CURVE('',#3271,#3272,#4664,.T.);
#3818=EDGE_CURVE('',#3273,#3272,#4665,.T.);
#3819=EDGE_CURVE('',#3273,#3274,#4666,.T.);
#3820=EDGE_CURVE('',#3275,#3274,#4667,.T.);
#3821=EDGE_CURVE('',#3275,#3276,#4668,.T.);
#3822=EDGE_CURVE('',#3277,#3276,#4669,.T.);
#3823=EDGE_CURVE('',#3278,#3277,#4670,.T.);
#3824=EDGE_CURVE('',#3279,#3278,#4671,.T.);
#3825=EDGE_CURVE('',#3279,#3280,#4672,.T.);
#3826=EDGE_CURVE('',#3281,#3280,#4673,.T.);
#3827=EDGE_CURVE('',#3282,#3281,#4674,.T.);
#3828=EDGE_CURVE('',#3265,#3282,#4675,.T.);
#3829=EDGE_CURVE('',#3283,#3284,#4676,.T.);
#3830=EDGE_CURVE('',#3285,#3283,#4677,.T.);
#3831=EDGE_CURVE('',#3285,#3286,#326,.T.);
#3832=EDGE_CURVE('',#3286,#3287,#4678,.T.);
#3833=EDGE_CURVE('',#3287,#3288,#327,.T.);
#3834=EDGE_CURVE('',#3289,#3288,#4679,.T.);
#3835=EDGE_CURVE('',#3289,#3290,#4680,.T.);
#3836=EDGE_CURVE('',#3291,#3290,#4681,.T.);
#3837=EDGE_CURVE('',#3292,#3291,#328,.T.);
#3838=EDGE_CURVE('',#3292,#3293,#4682,.T.);
#3839=EDGE_CURVE('',#3294,#3293,#4683,.T.);
#3840=EDGE_CURVE('',#3295,#3294,#329,.T.);
#3841=EDGE_CURVE('',#3296,#3295,#4684,.T.);
#3842=EDGE_CURVE('',#3297,#3296,#330,.T.);
#3843=EDGE_CURVE('',#3270,#3297,#4685,.T.);
#3844=EDGE_CURVE('',#3298,#3269,#331,.T.);
#3845=EDGE_CURVE('',#3284,#3298,#4686,.T.);
#3846=EDGE_CURVE('',#3299,#3267,#4687,.T.);
#3847=EDGE_CURVE('',#3300,#3299,#4688,.T.);
#3848=EDGE_CURVE('',#3300,#3268,#332,.T.);
#3849=EDGE_CURVE('',#3284,#3299,#4689,.T.);
#3850=EDGE_CURVE('',#3298,#3300,#4690,.T.);
#3851=EDGE_CURVE('',#3301,#3302,#4691,.T.);
#3852=EDGE_CURVE('',#3302,#3303,#4692,.T.);
#3853=EDGE_CURVE('',#3303,#3304,#4693,.T.);
#3854=EDGE_CURVE('',#3305,#3304,#4694,.T.);
#3855=EDGE_CURVE('',#3305,#3306,#4695,.T.);
#3856=EDGE_CURVE('',#3306,#3293,#4696,.T.);
#3857=EDGE_CURVE('',#3307,#3292,#4697,.T.);
#3858=EDGE_CURVE('',#3307,#3308,#4698,.T.);
#3859=EDGE_CURVE('',#3308,#3301,#4699,.T.);
#3860=EDGE_CURVE('',#3309,#3310,#4700,.T.);
#3861=EDGE_CURVE('',#3309,#3311,#333,.T.);
#3862=EDGE_CURVE('',#3312,#3311,#4701,.T.);
#3863=EDGE_CURVE('',#3312,#3313,#334,.T.);
#3864=EDGE_CURVE('',#3289,#3313,#4702,.T.);
#3865=EDGE_CURVE('',#3288,#3314,#4703,.T.);
#3866=EDGE_CURVE('',#3314,#3315,#4704,.T.);
#3867=EDGE_CURVE('',#3315,#3316,#4705,.T.);
#3868=EDGE_CURVE('',#3316,#3310,#4706,.T.);
#3869=EDGE_CURVE('',#3317,#3318,#4707,.T.);
#3870=EDGE_CURVE('',#3319,#3317,#4708,.T.);
#3871=EDGE_CURVE('',#3320,#3319,#335,.T.);
#3872=EDGE_CURVE('',#3321,#3320,#4709,.T.);
#3873=EDGE_CURVE('',#3322,#3321,#336,.T.);
#3874=EDGE_CURVE('',#3323,#3322,#4710,.T.);
#3875=EDGE_CURVE('',#3323,#3310,#4711,.T.);
#3876=EDGE_CURVE('',#3324,#3316,#337,.T.);
#3877=EDGE_CURVE('',#3325,#3324,#4712,.T.);
#3878=EDGE_CURVE('',#3326,#3325,#338,.T.);
#3879=EDGE_CURVE('',#3318,#3326,#4713,.T.);
#3880=EDGE_CURVE('',#3327,#3328,#4714,.T.);
#3881=EDGE_CURVE('',#3328,#3323,#4715,.T.);
#3882=EDGE_CURVE('',#3327,#3322,#4716,.T.);
#3883=EDGE_CURVE('',#3290,#3329,#4717,.T.);
#3884=EDGE_CURVE('',#3329,#3330,#4718,.T.);
#3885=EDGE_CURVE('',#3330,#3291,#4719,.T.);
#3886=EDGE_CURVE('',#3274,#3331,#4720,.T.);
#3887=EDGE_CURVE('',#3332,#3273,#339,.T.);
#3888=EDGE_CURVE('',#3333,#3332,#4721,.T.);
#3889=EDGE_CURVE('',#3304,#3333,#340,.T.);
#3890=EDGE_CURVE('',#3303,#3328,#4722,.T.);
#3891=EDGE_CURVE('',#3334,#3327,#341,.T.);
#3892=EDGE_CURVE('',#3335,#3334,#4723,.T.);
#3893=EDGE_CURVE('',#3336,#3335,#342,.T.);
#3894=EDGE_CURVE('',#3331,#3336,#4724,.T.);
#3895=EDGE_CURVE('',#3329,#3308,#4725,.T.);
#3896=EDGE_CURVE('',#3307,#3330,#343,.T.);
#3897=EDGE_CURVE('',#3272,#3337,#286,.T.);
#3898=EDGE_CURVE('',#3337,#3332,#4726,.T.);
#3899=EDGE_CURVE('',#3333,#3338,#4727,.T.);
#3900=EDGE_CURVE('',#3338,#3305,#287,.T.);
#3901=EDGE_CURVE('',#3337,#3338,#4728,.T.);
#3902=EDGE_CURVE('',#3339,#3340,#4729,.T.);
#3903=EDGE_CURVE('',#3294,#3340,#4730,.T.);
#3904=EDGE_CURVE('',#3306,#3341,#4731,.T.);
#3905=EDGE_CURVE('',#3342,#3341,#4732,.T.);
#3906=EDGE_CURVE('',#3343,#3342,#4733,.T.);
#3907=EDGE_CURVE('',#3343,#3344,#4734,.T.);
#3908=EDGE_CURVE('',#3344,#3271,#4735,.T.);
#3909=EDGE_CURVE('',#3339,#3297,#4736,.T.);
#3910=EDGE_CURVE('',#3345,#3345,#288,.T.);
#3911=EDGE_CURVE('',#3346,#3346,#289,.T.);
#3912=EDGE_CURVE('',#3347,#3325,#4737,.T.);
#3913=EDGE_CURVE('',#3347,#3348,#290,.T.);
#3914=EDGE_CURVE('',#3326,#3348,#4738,.T.);
#3915=EDGE_CURVE('',#3315,#3349,#291,.T.);
#3916=EDGE_CURVE('',#3324,#3349,#4739,.T.);
#3917=EDGE_CURVE('',#3283,#3350,#4740,.T.);
#3918=EDGE_CURVE('',#3350,#3351,#344,.T.);
#3919=EDGE_CURVE('',#3351,#3352,#4741,.T.);
#3920=EDGE_CURVE('',#3352,#3353,#345,.T.);
#3921=EDGE_CURVE('',#3353,#3318,#4742,.T.);
#3922=EDGE_CURVE('',#3348,#3354,#4743,.T.);
#3923=EDGE_CURVE('',#3354,#3285,#4744,.T.);
#3924=EDGE_CURVE('',#3349,#3347,#4745,.T.);
#3925=EDGE_CURVE('',#3286,#3355,#4746,.T.);
#3926=EDGE_CURVE('',#3355,#3356,#4747,.T.);
#3927=EDGE_CURVE('',#3356,#3287,#4748,.T.);
#3928=EDGE_CURVE('',#3357,#3357,#292,.T.);
#3929=EDGE_CURVE('',#3358,#3358,#293,.T.);
#3930=EDGE_CURVE('',#3359,#3360,#4749,.T.);
#3931=EDGE_CURVE('',#3360,#3361,#83,.T.);
#3932=EDGE_CURVE('',#3361,#3362,#4750,.T.);
#3933=EDGE_CURVE('',#3362,#3363,#84,.T.);
#3934=EDGE_CURVE('',#3363,#3364,#4751,.T.);
#3935=EDGE_CURVE('',#3364,#3365,#294,.T.);
#3936=EDGE_CURVE('',#3365,#3366,#4752,.T.);
#3937=EDGE_CURVE('',#3366,#3359,#295,.T.);
#3938=EDGE_CURVE('',#3367,#3368,#4753,.T.);
#3939=EDGE_CURVE('',#3368,#3369,#296,.T.);
#3940=EDGE_CURVE('',#3369,#3370,#4754,.T.);
#3941=EDGE_CURVE('',#3370,#3371,#297,.T.);
#3942=EDGE_CURVE('',#3371,#3372,#4755,.T.);
#3943=EDGE_CURVE('',#3372,#3373,#298,.T.);
#3944=EDGE_CURVE('',#3373,#3374,#4756,.T.);
#3945=EDGE_CURVE('',#3374,#3367,#299,.T.);
#3946=EDGE_CURVE('',#3375,#3375,#300,.T.);
#3947=EDGE_CURVE('',#3376,#3376,#301,.T.);
#3948=EDGE_CURVE('',#3377,#3378,#302,.T.);
#3949=EDGE_CURVE('',#3378,#3379,#303,.T.);
#3950=EDGE_CURVE('',#3377,#3379,#4757,.T.);
#3951=EDGE_CURVE('',#3379,#3380,#4758,.T.);
#3952=EDGE_CURVE('',#3381,#3380,#4759,.T.);
#3953=EDGE_CURVE('',#3381,#3377,#4760,.T.);
#3954=EDGE_CURVE('',#3380,#3382,#304,.T.);
#3955=EDGE_CURVE('',#3382,#3381,#305,.T.);
#3956=EDGE_CURVE('',#3378,#3383,#4761,.T.);
#3957=EDGE_CURVE('',#3384,#3382,#4762,.T.);
#3958=EDGE_CURVE('',#3385,#3384,#306,.T.);
#3959=EDGE_CURVE('',#3386,#3385,#4763,.T.);
#3960=EDGE_CURVE('',#3383,#3386,#307,.T.);
#3961=EDGE_CURVE('',#3387,#3344,#308,.T.);
#3962=EDGE_CURVE('',#3388,#3387,#4764,.T.);
#3963=EDGE_CURVE('',#3389,#3388,#309,.T.);
#3964=EDGE_CURVE('',#3390,#3389,#4765,.T.);
#3965=EDGE_CURVE('',#3391,#3390,#310,.T.);
#3966=EDGE_CURVE('',#3392,#3391,#4766,.T.);
#3967=EDGE_CURVE('',#3341,#3392,#311,.T.);
#3968=EDGE_CURVE('',#3393,#3393,#312,.T.);
#3969=EDGE_CURVE('',#3394,#3394,#313,.T.);
#3970=EDGE_CURVE('',#3395,#3395,#314,.T.);
#3971=EDGE_CURVE('',#3396,#3396,#315,.T.);
#3972=EDGE_CURVE('',#3397,#3388,#4767,.T.);
#3973=EDGE_CURVE('',#3398,#3387,#4768,.T.);
#3974=EDGE_CURVE('',#3397,#3398,#4769,.T.);
#3975=EDGE_CURVE('',#3399,#3389,#4770,.T.);
#3976=EDGE_CURVE('',#3399,#3397,#316,.T.);
#3977=EDGE_CURVE('',#3400,#3390,#4771,.T.);
#3978=EDGE_CURVE('',#3400,#3399,#4772,.T.);
#3979=EDGE_CURVE('',#3401,#3391,#4773,.T.);
#3980=EDGE_CURVE('',#3401,#3400,#317,.T.);
#3981=EDGE_CURVE('',#3402,#3392,#4774,.T.);
#3982=EDGE_CURVE('',#3402,#3401,#4775,.T.);
#3983=EDGE_CURVE('',#3342,#3402,#318,.T.);
#3984=EDGE_CURVE('',#3398,#3343,#319,.T.);
#3985=EDGE_CURVE('',#3354,#3355,#320,.T.);
#3986=EDGE_CURVE('',#3356,#3314,#321,.T.);
#3987=EDGE_CURVE('',#3348,#3372,#346,.T.);
#3988=EDGE_CURVE('',#3373,#3347,#347,.T.);
#3989=EDGE_CURVE('',#3374,#3349,#348,.T.);
#3990=EDGE_CURVE('',#3354,#3371,#349,.T.);
#3991=EDGE_CURVE('',#3367,#3315,#350,.T.);
#3992=EDGE_CURVE('',#3355,#3370,#351,.T.);
#3993=EDGE_CURVE('',#3368,#3314,#352,.T.);
#3994=EDGE_CURVE('',#3356,#3369,#353,.T.);
#3995=EDGE_CURVE('',#3384,#3363,#354,.T.);
#3996=EDGE_CURVE('',#3364,#3382,#355,.T.);
#3997=EDGE_CURVE('',#3365,#3380,#356,.T.);
#3998=EDGE_CURVE('',#3366,#3379,#357,.T.);
#3999=EDGE_CURVE('',#3385,#3362,#358,.T.);
#4000=EDGE_CURVE('',#3359,#3378,#359,.T.);
#4001=EDGE_CURVE('',#3386,#3361,#360,.T.);
#4002=EDGE_CURVE('',#3360,#3383,#361,.T.);
#4003=EDGE_CURVE('',#3403,#3403,#322,.T.);
#4004=EDGE_CURVE('',#3404,#3404,#323,.T.);
#4005=EDGE_CURVE('',#3405,#3405,#324,.T.);
#4006=EDGE_CURVE('',#3406,#3406,#325,.T.);
#4007=EDGE_CURVE('',#3407,#3340,#362,.T.);
#4008=EDGE_CURVE('',#3295,#3407,#4776,.T.);
#4009=EDGE_CURVE('',#3408,#3296,#4777,.T.);
#4010=EDGE_CURVE('',#3339,#3408,#363,.T.);
#4011=EDGE_CURVE('',#3407,#3408,#4778,.T.);
#4012=EDGE_CURVE('',#3334,#3321,#4779,.T.);
#4013=EDGE_CURVE('',#3335,#3320,#4780,.T.);
#4014=EDGE_CURVE('',#3336,#3319,#4781,.T.);
#4015=EDGE_CURVE('',#3331,#3317,#4782,.T.);
#4016=EDGE_CURVE('',#3311,#3409,#4783,.T.);
#4017=EDGE_CURVE('',#3410,#3409,#4784,.T.);
#4018=EDGE_CURVE('',#3410,#3312,#4785,.T.);
#4019=EDGE_CURVE('',#3411,#3412,#4786,.T.);
#4020=EDGE_CURVE('',#3411,#3309,#4787,.T.);
#4021=EDGE_CURVE('',#3412,#3302,#4788,.T.);
#4022=EDGE_CURVE('',#3313,#3413,#4789,.T.);
#4023=EDGE_CURVE('',#3414,#3413,#4790,.T.);
#4024=EDGE_CURVE('',#3301,#3414,#4791,.T.);
#4025=EDGE_CURVE('',#3412,#3414,#4792,.T.);
#4026=EDGE_CURVE('',#3413,#3410,#364,.T.);
#4027=EDGE_CURVE('',#3409,#3411,#365,.T.);
#4028=EDGE_CURVE('',#3415,#3416,#4793,.T.);
#4029=EDGE_CURVE('',#3415,#3352,#4794,.T.);
#4030=EDGE_CURVE('',#3351,#3417,#4795,.T.);
#4031=EDGE_CURVE('',#3418,#3417,#4796,.T.);
#4032=EDGE_CURVE('',#3418,#3282,#4797,.T.);
#4033=EDGE_CURVE('',#3281,#3419,#4798,.T.);
#4034=EDGE_CURVE('',#3420,#3419,#4799,.T.);
#4035=EDGE_CURVE('',#3420,#3278,#4800,.T.);
#4036=EDGE_CURVE('',#3277,#3416,#4801,.T.);
#4037=EDGE_CURVE('',#3421,#3422,#4802,.T.);
#4038=EDGE_CURVE('',#3421,#3350,#4803,.T.);
#4039=EDGE_CURVE('',#3422,#3266,#4804,.T.);
#4040=EDGE_CURVE('',#3353,#3423,#4805,.T.);
#4041=EDGE_CURVE('',#3424,#3423,#4806,.T.);
#4042=EDGE_CURVE('',#3275,#3424,#4807,.T.);
#4043=EDGE_CURVE('',#3276,#3425,#4808,.T.);
#4044=EDGE_CURVE('',#3425,#3416,#4809,.T.);
#4045=EDGE_CURVE('',#3425,#3424,#4810,.T.);
#4046=EDGE_CURVE('',#3423,#3415,#366,.T.);
#4047=EDGE_CURVE('',#3280,#3426,#4811,.T.);
#4048=EDGE_CURVE('',#3426,#3419,#4812,.T.);
#4049=EDGE_CURVE('',#3420,#3427,#4813,.T.);
#4050=EDGE_CURVE('',#3427,#3279,#4814,.T.);
#4051=EDGE_CURVE('',#3426,#3427,#4815,.T.);
#4052=EDGE_CURVE('',#3418,#3428,#4816,.T.);
#4053=EDGE_CURVE('',#3428,#3265,#4817,.T.);
#4054=EDGE_CURVE('',#3417,#3421,#367,.T.);
#4055=EDGE_CURVE('',#3422,#3428,#4818,.T.);
#4056=EDGE_CURVE('',#3429,#3430,#4819,.T.);
#4057=EDGE_CURVE('',#3431,#3429,#4820,.T.);
#4058=EDGE_CURVE('',#3431,#3432,#4821,.T.);
#4059=EDGE_CURVE('',#3432,#3430,#4822,.T.);
#4060=EDGE_CURVE('',#3433,#3434,#4823,.T.);
#4061=EDGE_CURVE('',#3433,#3435,#4824,.T.);
#4062=EDGE_CURVE('',#3435,#3436,#4825,.T.);
#4063=EDGE_CURVE('',#3434,#3436,#4826,.T.);
#4064=EDGE_CURVE('',#3437,#3438,#4827,.T.);
#4065=EDGE_CURVE('',#3438,#3439,#4828,.T.);
#4066=EDGE_CURVE('',#3439,#3440,#4829,.T.);
#4067=EDGE_CURVE('',#3440,#3437,#4830,.T.);
#4068=EDGE_CURVE('',#3441,#3442,#4831,.T.);
#4069=EDGE_CURVE('',#3442,#3443,#4832,.T.);
#4070=EDGE_CURVE('',#3443,#3444,#4833,.T.);
#4071=EDGE_CURVE('',#3444,#3441,#4834,.T.);
#4072=EDGE_CURVE('',#3445,#3446,#4835,.T.);
#4073=EDGE_CURVE('',#3446,#3447,#4836,.T.);
#4074=EDGE_CURVE('',#3447,#3448,#4837,.T.);
#4075=EDGE_CURVE('',#3448,#3445,#4838,.T.);
#4076=EDGE_CURVE('',#3449,#3450,#4839,.T.);
#4077=EDGE_CURVE('',#3450,#3451,#4840,.T.);
#4078=EDGE_CURVE('',#3451,#3452,#4841,.T.);
#4079=EDGE_CURVE('',#3452,#3449,#4842,.T.);
#4080=EDGE_CURVE('',#3453,#3453,#368,.T.);
#4081=EDGE_CURVE('',#3454,#3454,#369,.T.);
#4082=EDGE_CURVE('',#3455,#3456,#4843,.T.);
#4083=EDGE_CURVE('',#3455,#3457,#4844,.T.);
#4084=EDGE_CURVE('',#3457,#3458,#370,.T.);
#4085=EDGE_CURVE('',#3458,#3459,#4845,.T.);
#4086=EDGE_CURVE('',#3459,#3460,#371,.T.);
#4087=EDGE_CURVE('',#3460,#3461,#4846,.T.);
#4088=EDGE_CURVE('',#3462,#3461,#4847,.T.);
#4089=EDGE_CURVE('',#3463,#3462,#372,.T.);
#4090=EDGE_CURVE('',#3464,#3463,#4848,.T.);
#4091=EDGE_CURVE('',#3465,#3464,#4849,.T.);
#4092=EDGE_CURVE('',#3466,#3465,#4850,.T.);
#4093=EDGE_CURVE('',#3467,#3466,#4851,.T.);
#4094=EDGE_CURVE('',#3467,#3468,#4852,.T.);
#4095=EDGE_CURVE('',#3468,#3469,#373,.T.);
#4096=EDGE_CURVE('',#3469,#3470,#4853,.T.);
#4097=EDGE_CURVE('',#3470,#3471,#374,.T.);
#4098=EDGE_CURVE('',#3471,#3472,#4854,.T.);
#4099=EDGE_CURVE('',#3473,#3472,#4855,.T.);
#4100=EDGE_CURVE('',#3474,#3473,#4856,.T.);
#4101=EDGE_CURVE('',#3475,#3474,#4857,.T.);
#4102=EDGE_CURVE('',#3476,#3475,#4858,.T.);
#4103=EDGE_CURVE('',#3476,#3477,#4859,.T.);
#4104=EDGE_CURVE('',#3477,#3478,#375,.T.);
#4105=EDGE_CURVE('',#3478,#3479,#4860,.T.);
#4106=EDGE_CURVE('',#3479,#3480,#376,.T.);
#4107=EDGE_CURVE('',#3480,#3481,#4861,.T.);
#4108=EDGE_CURVE('',#3482,#3481,#4862,.T.);
#4109=EDGE_CURVE('',#3456,#3482,#377,.T.);
#4110=EDGE_CURVE('',#3483,#3484,#4863,.T.);
#4111=EDGE_CURVE('',#3485,#3483,#4864,.T.);
#4112=EDGE_CURVE('',#3486,#3485,#4865,.T.);
#4113=EDGE_CURVE('',#3484,#3486,#4866,.T.);
#4114=EDGE_CURVE('',#3487,#3488,#4867,.T.);
#4115=EDGE_CURVE('',#3489,#3487,#4868,.T.);
#4116=EDGE_CURVE('',#3490,#3489,#4869,.T.);
#4117=EDGE_CURVE('',#3488,#3490,#4870,.T.);
#4118=EDGE_CURVE('',#3491,#3492,#4871,.T.);
#4119=EDGE_CURVE('',#3493,#3491,#4872,.T.);
#4120=EDGE_CURVE('',#3494,#3493,#4873,.T.);
#4121=EDGE_CURVE('',#3492,#3494,#4874,.T.);
#4122=EDGE_CURVE('',#3495,#3496,#4875,.T.);
#4123=EDGE_CURVE('',#3497,#3495,#4876,.T.);
#4124=EDGE_CURVE('',#3498,#3497,#4877,.T.);
#4125=EDGE_CURVE('',#3496,#3498,#4878,.T.);
#4126=EDGE_CURVE('',#3499,#3499,#378,.T.);
#4127=EDGE_CURVE('',#3500,#3500,#379,.T.);
#4128=EDGE_CURVE('',#3501,#3502,#4879,.T.);
#4129=EDGE_CURVE('',#3501,#3503,#380,.T.);
#4130=EDGE_CURVE('',#3503,#3504,#381,.T.);
#4131=EDGE_CURVE('',#3504,#3505,#382,.T.);
#4132=EDGE_CURVE('',#3506,#3505,#4880,.T.);
#4133=EDGE_CURVE('',#3507,#3506,#4881,.T.);
#4134=EDGE_CURVE('',#3508,#3507,#4882,.T.);
#4135=EDGE_CURVE('',#3508,#3509,#4883,.T.);
#4136=EDGE_CURVE('',#3509,#3510,#4884,.T.);
#4137=EDGE_CURVE('',#3510,#3511,#383,.T.);
#4138=EDGE_CURVE('',#3511,#3512,#4885,.T.);
#4139=EDGE_CURVE('',#3512,#3513,#384,.T.);
#4140=EDGE_CURVE('',#3513,#3514,#4886,.T.);
#4141=EDGE_CURVE('',#3514,#3515,#4887,.T.);
#4142=EDGE_CURVE('',#3515,#3516,#4888,.T.);
#4143=EDGE_CURVE('',#3517,#3516,#4889,.T.);
#4144=EDGE_CURVE('',#3518,#3517,#4890,.T.);
#4145=EDGE_CURVE('',#3518,#3519,#385,.T.);
#4146=EDGE_CURVE('',#3519,#3520,#386,.T.);
#4147=EDGE_CURVE('',#3520,#3521,#387,.T.);
#4148=EDGE_CURVE('',#3522,#3521,#4891,.T.);
#4149=EDGE_CURVE('',#3522,#3523,#4892,.T.);
#4150=EDGE_CURVE('',#3524,#3523,#388,.T.);
#4151=EDGE_CURVE('',#3525,#3524,#4893,.T.);
#4152=EDGE_CURVE('',#3525,#3526,#4894,.T.);
#4153=EDGE_CURVE('',#3526,#3527,#389,.T.);
#4154=EDGE_CURVE('',#3527,#3528,#4895,.T.);
#4155=EDGE_CURVE('',#3528,#3529,#390,.T.);
#4156=EDGE_CURVE('',#3529,#3530,#4896,.T.);
#4157=EDGE_CURVE('',#3531,#3530,#4897,.T.);
#4158=EDGE_CURVE('',#3532,#3531,#391,.T.);
#4159=EDGE_CURVE('',#3532,#3533,#4898,.T.);
#4160=EDGE_CURVE('',#3534,#3533,#4899,.T.);
#4161=EDGE_CURVE('',#3534,#3535,#392,.T.);
#4162=EDGE_CURVE('',#3536,#3535,#4900,.T.);
#4163=EDGE_CURVE('',#3536,#3537,#393,.T.);
#4164=EDGE_CURVE('',#3538,#3537,#4901,.T.);
#4165=EDGE_CURVE('',#3502,#3538,#4902,.T.);
#4166=EDGE_CURVE('',#3539,#3429,#4903,.T.);
#4167=EDGE_CURVE('',#3539,#3540,#4904,.T.);
#4168=EDGE_CURVE('',#3540,#3541,#394,.T.);
#4169=EDGE_CURVE('',#3541,#3542,#4905,.T.);
#4170=EDGE_CURVE('',#3542,#3543,#395,.T.);
#4171=EDGE_CURVE('',#3543,#3544,#4906,.T.);
#4172=EDGE_CURVE('',#3545,#3544,#4907,.T.);
#4173=EDGE_CURVE('',#3545,#3546,#4908,.T.);
#4174=EDGE_CURVE('',#3546,#3547,#396,.T.);
#4175=EDGE_CURVE('',#3547,#3548,#4909,.T.);
#4176=EDGE_CURVE('',#3548,#3431,#397,.T.);
#4177=EDGE_CURVE('',#3549,#3550,#4910,.T.);
#4178=EDGE_CURVE('',#3549,#3551,#4911,.T.);
#4179=EDGE_CURVE('',#3551,#3552,#4912,.T.);
#4180=EDGE_CURVE('',#3552,#3553,#398,.T.);
#4181=EDGE_CURVE('',#3553,#3554,#4913,.T.);
#4182=EDGE_CURVE('',#3554,#3555,#399,.T.);
#4183=EDGE_CURVE('',#3555,#3556,#4914,.T.);
#4184=EDGE_CURVE('',#3556,#3557,#4915,.T.);
#4185=EDGE_CURVE('',#3558,#3557,#4916,.T.);
#4186=EDGE_CURVE('',#3559,#3558,#400,.T.);
#4187=EDGE_CURVE('',#3560,#3559,#4917,.T.);
#4188=EDGE_CURVE('',#3550,#3560,#401,.T.);
#4189=EDGE_CURVE('',#3539,#3549,#4918,.T.);
#4190=EDGE_CURVE('',#3540,#3550,#4919,.T.);
#4191=EDGE_CURVE('',#3530,#3551,#4920,.T.);
#4192=EDGE_CURVE('',#3552,#3529,#4921,.T.);
#4193=EDGE_CURVE('',#3455,#3430,#402,.T.);
#4194=EDGE_CURVE('',#3432,#3457,#403,.T.);
#4195=EDGE_CURVE('',#3433,#3472,#404,.T.);
#4196=EDGE_CURVE('',#3435,#3471,#405,.T.);
#4197=EDGE_CURVE('',#3561,#3545,#4922,.T.);
#4198=EDGE_CURVE('',#3561,#3562,#4923,.T.);
#4199=EDGE_CURVE('',#3546,#3562,#4924,.T.);
#4200=EDGE_CURVE('',#3563,#3564,#4925,.T.);
#4201=EDGE_CURVE('',#3564,#3565,#4926,.T.);
#4202=EDGE_CURVE('',#3566,#3565,#4927,.T.);
#4203=EDGE_CURVE('',#3563,#3566,#4928,.T.);
#4204=EDGE_CURVE('',#3556,#3525,#4929,.T.);
#4205=EDGE_CURVE('',#3555,#3526,#4930,.T.);
#4206=EDGE_CURVE('',#3557,#3544,#4931,.T.);
#4207=EDGE_CURVE('',#3543,#3558,#4932,.T.);
#4208=EDGE_CURVE('',#3567,#3434,#4933,.T.);
#4209=EDGE_CURVE('',#3436,#3568,#406,.T.);
#4210=EDGE_CURVE('',#3568,#3569,#4934,.T.);
#4211=EDGE_CURVE('',#3569,#3563,#407,.T.);
#4212=EDGE_CURVE('',#3566,#3570,#4935,.T.);
#4213=EDGE_CURVE('',#3570,#3571,#4936,.T.);
#4214=EDGE_CURVE('',#3571,#3572,#408,.T.);
#4215=EDGE_CURVE('',#3572,#3573,#4937,.T.);
#4216=EDGE_CURVE('',#3573,#3574,#409,.T.);
#4217=EDGE_CURVE('',#3574,#3567,#4938,.T.);
#4218=EDGE_CURVE('',#3562,#3575,#410,.T.);
#4219=EDGE_CURVE('',#3547,#3575,#4939,.T.);
#4220=EDGE_CURVE('',#3575,#3576,#4940,.T.);
#4221=EDGE_CURVE('',#3548,#3576,#4941,.T.);
#4222=EDGE_CURVE('',#3576,#3432,#411,.T.);
#4223=EDGE_CURVE('',#3568,#3577,#4942,.T.);
#4224=EDGE_CURVE('',#3577,#3578,#4943,.T.);
#4225=EDGE_CURVE('',#3578,#3569,#4944,.T.);
#4226=EDGE_CURVE('',#3579,#3580,#4945,.T.);
#4227=EDGE_CURVE('',#3580,#3581,#4946,.T.);
#4228=EDGE_CURVE('',#3582,#3581,#4947,.T.);
#4229=EDGE_CURVE('',#3582,#3583,#412,.T.);
#4230=EDGE_CURVE('',#3584,#3583,#4948,.T.);
#4231=EDGE_CURVE('',#3584,#3585,#413,.T.);
#4232=EDGE_CURVE('',#3586,#3585,#4949,.T.);
#4233=EDGE_CURVE('',#3586,#3587,#4950,.T.);
#4234=EDGE_CURVE('',#3587,#3588,#4951,.T.);
#4235=EDGE_CURVE('',#3588,#3589,#414,.T.);
#4236=EDGE_CURVE('',#3589,#3590,#4952,.T.);
#4237=EDGE_CURVE('',#3590,#3579,#415,.T.);
#4238=EDGE_CURVE('',#3585,#3571,#4953,.T.);
#4239=EDGE_CURVE('',#3570,#3586,#4954,.T.);
#4240=EDGE_CURVE('',#3542,#3559,#4955,.T.);
#4241=EDGE_CURVE('',#3541,#3560,#4956,.T.);
#4242=EDGE_CURVE('',#3581,#3567,#4957,.T.);
#4243=EDGE_CURVE('',#3574,#3582,#4958,.T.);
#4244=EDGE_CURVE('',#3583,#3573,#4959,.T.);
#4245=EDGE_CURVE('',#3572,#3584,#4960,.T.);
#4246=EDGE_CURVE('',#3511,#3590,#4961,.T.);
#4247=EDGE_CURVE('',#3589,#3512,#4962,.T.);
#4248=EDGE_CURVE('',#3509,#3580,#4963,.T.);
#4249=EDGE_CURVE('',#3579,#3510,#4964,.T.);
#4250=EDGE_CURVE('',#3553,#3528,#4965,.T.);
#4251=EDGE_CURVE('',#3554,#3527,#4966,.T.);
#4252=EDGE_CURVE('',#3513,#3588,#4967,.T.);
#4253=EDGE_CURVE('',#3587,#3514,#4968,.T.);
#4254=EDGE_CURVE('',#3463,#3523,#4969,.T.);
#4255=EDGE_CURVE('',#3591,#3522,#4970,.T.);
#4256=EDGE_CURVE('',#3592,#3591,#4971,.T.);
#4257=EDGE_CURVE('',#3592,#3516,#4972,.T.);
#4258=EDGE_CURVE('',#3515,#3593,#4973,.T.);
#4259=EDGE_CURVE('',#3593,#3594,#4974,.T.);
#4260=EDGE_CURVE('',#3464,#3594,#4975,.T.);
#4261=EDGE_CURVE('',#3461,#3561,#416,.T.);
#4262=EDGE_CURVE('',#3524,#3462,#4976,.T.);
#4263=EDGE_CURVE('',#3565,#3467,#417,.T.);
#4264=EDGE_CURVE('',#3466,#3595,#4977,.T.);
#4265=EDGE_CURVE('',#3595,#3593,#4978,.T.);
#4266=EDGE_CURVE('',#3465,#3596,#4979,.T.);
#4267=EDGE_CURVE('',#3596,#3595,#4980,.T.);
#4268=EDGE_CURVE('',#3594,#3596,#4981,.T.);
#4269=EDGE_CURVE('',#3535,#3479,#4982,.T.);
#4270=EDGE_CURVE('',#3478,#3536,#4983,.T.);
#4271=EDGE_CURVE('',#3476,#3538,#4984,.T.);
#4272=EDGE_CURVE('',#3537,#3477,#4985,.T.);
#4273=EDGE_CURVE('',#3533,#3481,#4986,.T.);
#4274=EDGE_CURVE('',#3480,#3534,#4987,.T.);
#4275=EDGE_CURVE('',#3597,#3597,#418,.T.);
#4276=EDGE_CURVE('',#3598,#3598,#419,.T.);
#4277=EDGE_CURVE('',#3435,#3577,#420,.T.);
#4278=EDGE_CURVE('',#3578,#3564,#421,.T.);
#4279=EDGE_CURVE('',#3562,#3460,#422,.T.);
#4280=EDGE_CURVE('',#3575,#3459,#423,.T.);
#4281=EDGE_CURVE('',#3576,#3458,#424,.T.);
#4282=EDGE_CURVE('',#3468,#3564,#425,.T.);
#4283=EDGE_CURVE('',#3577,#3470,#426,.T.);
#4284=EDGE_CURVE('',#3469,#3578,#427,.T.);
#4285=EDGE_CURVE('',#3532,#3482,#4988,.T.);
#4286=EDGE_CURVE('',#3456,#3531,#4989,.T.);
#4287=EDGE_CURVE('',#3508,#3599,#4990,.T.);
#4288=EDGE_CURVE('',#3599,#3600,#4991,.T.);
#4289=EDGE_CURVE('',#3473,#3600,#4992,.T.);
#4290=EDGE_CURVE('',#3475,#3601,#4993,.T.);
#4291=EDGE_CURVE('',#3601,#3599,#4994,.T.);
#4292=EDGE_CURVE('',#3507,#3602,#4995,.T.);
#4293=EDGE_CURVE('',#3603,#3602,#4996,.T.);
#4294=EDGE_CURVE('',#3502,#3603,#4997,.T.);
#4295=EDGE_CURVE('',#3474,#3604,#4998,.T.);
#4296=EDGE_CURVE('',#3604,#3601,#4999,.T.);
#4297=EDGE_CURVE('',#3600,#3604,#5000,.T.);
#4298=EDGE_CURVE('',#3521,#3605,#5001,.T.);
#4299=EDGE_CURVE('',#3591,#3605,#5002,.T.);
#4300=EDGE_CURVE('',#3606,#3607,#5003,.T.);
#4301=EDGE_CURVE('',#3606,#3518,#5004,.T.);
#4302=EDGE_CURVE('',#3607,#3517,#5005,.T.);
#4303=EDGE_CURVE('',#3607,#3592,#5006,.T.);
#4304=EDGE_CURVE('',#3608,#3608,#428,.T.);
#4305=EDGE_CURVE('',#3605,#3609,#429,.T.);
#4306=EDGE_CURVE('',#3610,#3609,#430,.T.);
#4307=EDGE_CURVE('',#3610,#3606,#431,.T.);
#4308=EDGE_CURVE('',#3611,#3611,#432,.T.);
#4309=EDGE_CURVE('',#3519,#3610,#5007,.T.);
#4310=EDGE_CURVE('',#3609,#3520,#5008,.T.);
#4311=EDGE_CURVE('',#3612,#3603,#5009,.T.);
#4312=EDGE_CURVE('',#3612,#3501,#5010,.T.);
#4313=EDGE_CURVE('',#3613,#3614,#5011,.T.);
#4314=EDGE_CURVE('',#3506,#3613,#5012,.T.);
#4315=EDGE_CURVE('',#3505,#3614,#5013,.T.);
#4316=EDGE_CURVE('',#3602,#3613,#5014,.T.);
#4317=EDGE_CURVE('',#3615,#3615,#433,.T.);
#4318=EDGE_CURVE('',#3614,#3616,#434,.T.);
#4319=EDGE_CURVE('',#3617,#3616,#435,.T.);
#4320=EDGE_CURVE('',#3617,#3612,#436,.T.);
#4321=EDGE_CURVE('',#3618,#3618,#437,.T.);
#4322=EDGE_CURVE('',#3503,#3617,#5015,.T.);
#4323=EDGE_CURVE('',#3616,#3504,#5016,.T.);
#4324=EDGE_CURVE('',#3619,#3619,#438,.T.);
#4325=EDGE_CURVE('',#3620,#3620,#439,.T.);
#4326=EDGE_CURVE('',#3621,#3621,#440,.T.);
#4327=EDGE_CURVE('',#3622,#3622,#441,.T.);
#4328=EDGE_CURVE('',#3623,#3623,#442,.T.);
#4329=EDGE_CURVE('',#3624,#3624,#443,.T.);
#4330=EDGE_CURVE('',#3495,#3450,#5017,.T.);
#4331=EDGE_CURVE('',#3496,#3451,#5018,.T.);
#4332=EDGE_CURVE('',#3498,#3452,#5019,.T.);
#4333=EDGE_CURVE('',#3497,#3449,#5020,.T.);
#4334=EDGE_CURVE('',#3446,#3491,#5021,.T.);
#4335=EDGE_CURVE('',#3447,#3492,#5022,.T.);
#4336=EDGE_CURVE('',#3445,#3493,#5023,.T.);
#4337=EDGE_CURVE('',#3448,#3494,#5024,.T.);
#4338=EDGE_CURVE('',#3487,#3442,#5025,.T.);
#4339=EDGE_CURVE('',#3488,#3443,#5026,.T.);
#4340=EDGE_CURVE('',#3490,#3444,#5027,.T.);
#4341=EDGE_CURVE('',#3489,#3441,#5028,.T.);
#4342=EDGE_CURVE('',#3438,#3483,#5029,.T.);
#4343=EDGE_CURVE('',#3439,#3484,#5030,.T.);
#4344=EDGE_CURVE('',#3437,#3485,#5031,.T.);
#4345=EDGE_CURVE('',#3440,#3486,#5032,.T.);
#4346=EDGE_CURVE('',#3625,#3626,#444,.T.);
#4347=EDGE_CURVE('',#3625,#3627,#5033,.T.);
#4348=EDGE_CURVE('',#3627,#3628,#5034,.T.);
#4349=EDGE_CURVE('',#3628,#3629,#5035,.T.);
#4350=EDGE_CURVE('',#3630,#3629,#445,.T.);
#4351=EDGE_CURVE('',#3631,#3630,#5036,.T.);
#4352=EDGE_CURVE('',#3632,#3631,#5037,.T.);
#4353=EDGE_CURVE('',#3632,#3633,#446,.T.);
#4354=EDGE_CURVE('',#3633,#3634,#5038,.T.);
#4355=EDGE_CURVE('',#3634,#3635,#447,.T.);
#4356=EDGE_CURVE('',#3636,#3635,#5039,.T.);
#4357=EDGE_CURVE('',#3637,#3636,#5040,.T.);
#4358=EDGE_CURVE('',#3638,#3637,#5041,.T.);
#4359=EDGE_CURVE('',#3638,#3639,#448,.T.);
#4360=EDGE_CURVE('',#3639,#3640,#5042,.T.);
#4361=EDGE_CURVE('',#3640,#3641,#449,.T.);
#4362=EDGE_CURVE('',#3642,#3641,#5043,.T.);
#4363=EDGE_CURVE('',#3626,#3642,#5044,.T.);
#4364=EDGE_CURVE('',#3643,#3644,#5045,.T.);
#4365=EDGE_CURVE('',#3644,#3645,#5046,.T.);
#4366=EDGE_CURVE('',#3646,#3645,#5047,.T.);
#4367=EDGE_CURVE('',#3646,#3647,#5048,.T.);
#4368=EDGE_CURVE('',#3647,#3648,#5049,.T.);
#4369=EDGE_CURVE('',#3649,#3648,#5050,.T.);
#4370=EDGE_CURVE('',#3649,#3627,#450,.T.);
#4371=EDGE_CURVE('',#3650,#3625,#5051,.T.);
#4372=EDGE_CURVE('',#3650,#3651,#5052,.T.);
#4373=EDGE_CURVE('',#3651,#3643,#5053,.T.);
#4374=EDGE_CURVE('',#3652,#3653,#5054,.T.);
#4375=EDGE_CURVE('',#3642,#3653,#5055,.T.);
#4376=EDGE_CURVE('',#3641,#3654,#5056,.T.);
#4377=EDGE_CURVE('',#3655,#3654,#5057,.T.);
#4378=EDGE_CURVE('',#3655,#3652,#5058,.T.);
#4379=EDGE_CURVE('',#3656,#3657,#5059,.T.);
#4380=EDGE_CURVE('',#3636,#3657,#5060,.T.);
#4381=EDGE_CURVE('',#3635,#3658,#5061,.T.);
#4382=EDGE_CURVE('',#3659,#3658,#5062,.T.);
#4383=EDGE_CURVE('',#3659,#3656,#5063,.T.);
#4384=EDGE_CURVE('',#3655,#3643,#5064,.T.);
#4385=EDGE_CURVE('',#3654,#3660,#451,.T.);
#4386=EDGE_CURVE('',#3661,#3660,#5065,.T.);
#4387=EDGE_CURVE('',#3661,#3662,#452,.T.);
#4388=EDGE_CURVE('',#3662,#3663,#5066,.T.);
#4389=EDGE_CURVE('',#3659,#3663,#5067,.T.);
#4390=EDGE_CURVE('',#3658,#3664,#453,.T.);
#4391=EDGE_CURVE('',#3665,#3664,#5068,.T.);
#4392=EDGE_CURVE('',#3665,#3666,#454,.T.);
#4393=EDGE_CURVE('',#3666,#3667,#5069,.T.);
#4394=EDGE_CURVE('',#3668,#3667,#5070,.T.);
#4395=EDGE_CURVE('',#3668,#3669,#5071,.T.);
#4396=EDGE_CURVE('',#3644,#3669,#5072,.T.);
#4397=EDGE_CURVE('',#3670,#3671,#5073,.T.);
#4398=EDGE_CURVE('',#3671,#3649,#5074,.T.);
#4399=EDGE_CURVE('',#3648,#3672,#5075,.T.);
#4400=EDGE_CURVE('',#3672,#3673,#5076,.T.);
#4401=EDGE_CURVE('',#3673,#3674,#5077,.T.);
#4402=EDGE_CURVE('',#3674,#3670,#455,.T.);
#4403=EDGE_CURVE('',#3675,#3675,#456,.T.);
#4404=EDGE_CURVE('',#3656,#3676,#5078,.T.);
#4405=EDGE_CURVE('',#3677,#3676,#5079,.T.);
#4406=EDGE_CURVE('',#3657,#3677,#5080,.T.);
#4407=EDGE_CURVE('',#3678,#3679,#5081,.T.);
#4408=EDGE_CURVE('',#3680,#3678,#5082,.T.);
#4409=EDGE_CURVE('',#3681,#3680,#457,.T.);
#4410=EDGE_CURVE('',#3682,#3681,#5083,.T.);
#4411=EDGE_CURVE('',#3682,#3679,#5084,.T.);
#4412=EDGE_CURVE('',#3652,#3651,#5085,.T.);
#4413=EDGE_CURVE('',#3683,#3650,#458,.T.);
#4414=EDGE_CURVE('',#3653,#3683,#5086,.T.);
#4415=EDGE_CURVE('',#3676,#3663,#5087,.T.);
#4416=EDGE_CURVE('',#3679,#3667,#5088,.T.);
#4417=EDGE_CURVE('',#3668,#3682,#5089,.T.);
#4418=EDGE_CURVE('',#3677,#3637,#5090,.T.);
#4419=EDGE_CURVE('',#3680,#3630,#5091,.T.);
#4420=EDGE_CURVE('',#3678,#3631,#5092,.T.);
#4421=EDGE_CURVE('',#3626,#3683,#5093,.T.);
#4422=EDGE_CURVE('',#3669,#3684,#5094,.T.);
#4423=EDGE_CURVE('',#3684,#3685,#459,.T.);
#4424=EDGE_CURVE('',#3686,#3685,#5095,.T.);
#4425=EDGE_CURVE('',#3686,#3645,#5096,.T.);
#4426=EDGE_CURVE('',#3686,#3673,#5097,.T.);
#4427=EDGE_CURVE('',#3685,#3674,#5098,.T.);
#4428=EDGE_CURVE('',#3629,#3681,#5099,.T.);
#4429=EDGE_CURVE('',#3628,#3671,#460,.T.);
#4430=EDGE_CURVE('',#3670,#3684,#5100,.T.);
#4431=EDGE_CURVE('',#3687,#3672,#5101,.T.);
#4432=EDGE_CURVE('',#3647,#3687,#5102,.T.);
#4433=EDGE_CURVE('',#3687,#3688,#5103,.T.);
#4434=EDGE_CURVE('',#3688,#3686,#5104,.T.);
#4435=EDGE_CURVE('',#3688,#3646,#5105,.T.);
#4436=EDGE_CURVE('',#3689,#3689,#461,.T.);
#4437=EDGE_CURVE('',#3690,#3690,#462,.T.);
#4438=EDGE_CURVE('',#3691,#3691,#463,.T.);
#4439=EDGE_CURVE('',#3662,#3638,#5106,.T.);
#4440=EDGE_CURVE('',#3666,#3632,#5107,.T.);
#4441=EDGE_CURVE('',#3664,#3634,#5108,.T.);
#4442=EDGE_CURVE('',#3633,#3665,#5109,.T.);
#4443=EDGE_CURVE('',#3660,#3640,#5110,.T.);
#4444=EDGE_CURVE('',#3639,#3661,#5111,.T.);
#4445=EDGE_CURVE('',#3692,#3693,#464,.T.);
#4446=EDGE_CURVE('',#3692,#3694,#5112,.T.);
#4447=EDGE_CURVE('',#3694,#3695,#5113,.T.);
#4448=EDGE_CURVE('',#3695,#3696,#5114,.T.);
#4449=EDGE_CURVE('',#3697,#3696,#465,.T.);
#4450=EDGE_CURVE('',#3693,#3697,#5115,.T.);
#4451=EDGE_CURVE('',#3698,#3699,#5116,.T.);
#4452=EDGE_CURVE('',#3698,#3700,#5117,.T.);
#4453=EDGE_CURVE('',#3701,#3700,#5118,.T.);
#4454=EDGE_CURVE('',#3699,#3701,#5119,.T.);
#4455=EDGE_CURVE('',#3702,#3703,#5120,.T.);
#4456=EDGE_CURVE('',#3704,#3702,#5121,.T.);
#4457=EDGE_CURVE('',#3704,#3705,#5122,.T.);
#4458=EDGE_CURVE('',#3705,#3703,#5123,.T.);
#4459=EDGE_CURVE('',#3706,#3706,#466,.T.);
#4460=EDGE_CURVE('',#3702,#3707,#5124,.T.);
#4461=EDGE_CURVE('',#3707,#3708,#5125,.T.);
#4462=EDGE_CURVE('',#3708,#3709,#5126,.T.);
#4463=EDGE_CURVE('',#3709,#3710,#5127,.T.);
#4464=EDGE_CURVE('',#3710,#3711,#5128,.T.);
#4465=EDGE_CURVE('',#3711,#3704,#467,.T.);
#4466=EDGE_CURVE('',#3712,#3713,#5129,.T.);
#4467=EDGE_CURVE('',#3714,#3712,#468,.T.);
#4468=EDGE_CURVE('',#3715,#3714,#5130,.T.);
#4469=EDGE_CURVE('',#3716,#3715,#469,.T.);
#4470=EDGE_CURVE('',#3717,#3716,#5131,.T.);
#4471=EDGE_CURVE('',#3717,#3713,#5132,.T.);
#4472=EDGE_CURVE('',#3713,#3700,#5133,.T.);
#4473=EDGE_CURVE('',#3701,#3717,#5134,.T.);
#4474=EDGE_CURVE('',#3693,#3714,#5135,.T.);
#4475=EDGE_CURVE('',#3715,#3697,#5136,.T.);
#4476=EDGE_CURVE('',#3710,#3694,#470,.T.);
#4477=EDGE_CURVE('',#3712,#3692,#5137,.T.);
#4478=EDGE_CURVE('',#3718,#3698,#5138,.T.);
#4479=EDGE_CURVE('',#3718,#3711,#5139,.T.);
#4480=EDGE_CURVE('',#3696,#3716,#5140,.T.);
#4481=EDGE_CURVE('',#3695,#3709,#471,.T.);
#4482=EDGE_CURVE('',#3708,#3719,#5141,.T.);
#4483=EDGE_CURVE('',#3719,#3720,#5142,.T.);
#4484=EDGE_CURVE('',#3721,#3720,#5143,.T.);
#4485=EDGE_CURVE('',#3721,#3699,#5144,.T.);
#4486=EDGE_CURVE('',#3707,#3722,#5145,.T.);
#4487=EDGE_CURVE('',#3722,#3719,#5146,.T.);
#4488=EDGE_CURVE('',#3703,#3723,#5147,.T.);
#4489=EDGE_CURVE('',#3723,#3722,#5148,.T.);
#4490=EDGE_CURVE('',#3705,#3718,#472,.T.);
#4491=EDGE_CURVE('',#3721,#3703,#5149,.T.);
#4492=EDGE_CURVE('',#3720,#3723,#5150,.T.);
#4493=EDGE_CURVE('',#3724,#3724,#473,.T.);
#4494=EDGE_CURVE('',#3725,#3725,#474,.T.);
#4495=EDGE_CURVE('',#3726,#3726,#475,.T.);
#4496=EDGE_CURVE('',#3727,#3728,#5151,.T.);
#4497=EDGE_CURVE('',#3727,#3729,#5152,.T.);
#4498=EDGE_CURVE('',#3729,#3730,#5153,.T.);
#4499=EDGE_CURVE('',#3730,#3728,#5154,.T.);
#4500=EDGE_CURVE('',#3731,#3732,#5155,.T.);
#4501=EDGE_CURVE('',#3731,#3733,#5156,.T.);
#4502=EDGE_CURVE('',#3733,#3734,#5157,.T.);
#4503=EDGE_CURVE('',#3734,#3732,#5158,.T.);
#4504=EDGE_CURVE('',#3735,#3736,#5159,.T.);
#4505=EDGE_CURVE('',#3735,#3737,#5160,.T.);
#4506=EDGE_CURVE('',#3737,#3738,#5161,.T.);
#4507=EDGE_CURVE('',#3738,#3736,#5162,.T.);
#4508=EDGE_CURVE('',#3739,#3740,#5163,.T.);
#4509=EDGE_CURVE('',#3740,#3741,#5164,.T.);
#4510=EDGE_CURVE('',#3742,#3741,#5165,.T.);
#4511=EDGE_CURVE('',#3742,#3739,#5166,.T.);
#4512=EDGE_CURVE('',#3743,#3743,#476,.T.);
#4513=EDGE_CURVE('',#3744,#3744,#477,.T.);
#4514=EDGE_CURVE('',#3729,#3740,#478,.T.);
#4515=EDGE_CURVE('',#3739,#3738,#479,.T.);
#4516=EDGE_CURVE('',#3737,#3734,#480,.T.);
#4517=EDGE_CURVE('',#3733,#3730,#481,.T.);
#4518=EDGE_CURVE('',#3745,#3746,#5167,.T.);
#4519=EDGE_CURVE('',#3745,#3747,#5168,.T.);
#4520=EDGE_CURVE('',#3748,#3747,#5169,.T.);
#4521=EDGE_CURVE('',#3746,#3748,#5170,.T.);
#4522=EDGE_CURVE('',#3749,#3750,#5171,.T.);
#4523=EDGE_CURVE('',#3749,#3751,#5172,.T.);
#4524=EDGE_CURVE('',#3752,#3751,#5173,.T.);
#4525=EDGE_CURVE('',#3750,#3752,#5174,.T.);
#4526=EDGE_CURVE('',#3753,#3754,#5175,.T.);
#4527=EDGE_CURVE('',#3753,#3755,#5176,.T.);
#4528=EDGE_CURVE('',#3756,#3755,#5177,.T.);
#4529=EDGE_CURVE('',#3754,#3756,#5178,.T.);
#4530=EDGE_CURVE('',#3757,#3758,#5179,.T.);
#4531=EDGE_CURVE('',#3757,#3759,#5180,.T.);
#4532=EDGE_CURVE('',#3760,#3759,#5181,.T.);
#4533=EDGE_CURVE('',#3758,#3760,#5182,.T.);
#4534=EDGE_CURVE('',#3728,#3731,#482,.T.);
#4535=EDGE_CURVE('',#3732,#3735,#483,.T.);
#4536=EDGE_CURVE('',#3736,#3742,#484,.T.);
#4537=EDGE_CURVE('',#3741,#3727,#485,.T.);
#4538=EDGE_CURVE('',#3761,#3761,#486,.T.);
#4539=EDGE_CURVE('',#3762,#3762,#487,.T.);
#4540=EDGE_CURVE('',#3763,#3764,#5183,.T.);
#4541=EDGE_CURVE('',#3764,#3765,#5184,.T.);
#4542=EDGE_CURVE('',#3766,#3765,#5185,.T.);
#4543=EDGE_CURVE('',#3766,#3763,#5186,.T.);
#4544=EDGE_CURVE('',#3767,#3763,#5187,.T.);
#4545=EDGE_CURVE('',#3767,#3768,#5188,.T.);
#4546=EDGE_CURVE('',#3769,#3768,#5189,.T.);
#4547=EDGE_CURVE('',#3769,#3760,#5190,.T.);
#4548=EDGE_CURVE('',#3759,#3770,#5191,.T.);
#4549=EDGE_CURVE('',#3770,#3764,#5192,.T.);
#4550=EDGE_CURVE('',#3771,#3766,#5193,.T.);
#4551=EDGE_CURVE('',#3771,#3767,#5194,.T.);
#4552=EDGE_CURVE('',#3772,#3773,#5195,.T.);
#4553=EDGE_CURVE('',#3772,#3771,#5196,.T.);
#4554=EDGE_CURVE('',#3774,#3765,#5197,.T.);
#4555=EDGE_CURVE('',#3774,#3757,#5198,.T.);
#4556=EDGE_CURVE('',#3758,#3773,#5199,.T.);
#4557=EDGE_CURVE('',#3770,#3774,#5200,.T.);
#4558=EDGE_CURVE('',#3775,#3776,#5201,.T.);
#4559=EDGE_CURVE('',#3776,#3777,#5202,.T.);
#4560=EDGE_CURVE('',#3778,#3777,#5203,.T.);
#4561=EDGE_CURVE('',#3778,#3775,#5204,.T.);
#4562=EDGE_CURVE('',#3779,#3780,#5205,.T.);
#4563=EDGE_CURVE('',#3779,#3781,#5206,.T.);
#4564=EDGE_CURVE('',#3778,#3781,#5207,.T.);
#4565=EDGE_CURVE('',#3777,#3782,#5208,.T.);
#4566=EDGE_CURVE('',#3782,#3753,#5209,.T.);
#4567=EDGE_CURVE('',#3754,#3780,#5210,.T.);
#4568=EDGE_CURVE('',#3775,#3783,#5211,.T.);
#4569=EDGE_CURVE('',#3783,#3784,#5212,.T.);
#4570=EDGE_CURVE('',#3785,#3784,#5213,.T.);
#4571=EDGE_CURVE('',#3785,#3756,#5214,.T.);
#4572=EDGE_CURVE('',#3755,#3786,#5215,.T.);
#4573=EDGE_CURVE('',#3776,#3786,#5216,.T.);
#4574=EDGE_CURVE('',#3786,#3782,#5217,.T.);
#4575=EDGE_CURVE('',#3781,#3783,#5218,.T.);
#4576=EDGE_CURVE('',#3787,#3788,#5219,.T.);
#4577=EDGE_CURVE('',#3788,#3789,#5220,.T.);
#4578=EDGE_CURVE('',#3790,#3789,#5221,.T.);
#4579=EDGE_CURVE('',#3790,#3787,#5222,.T.);
#4580=EDGE_CURVE('',#3791,#3792,#5223,.T.);
#4581=EDGE_CURVE('',#3791,#3793,#5224,.T.);
#4582=EDGE_CURVE('',#3793,#3788,#5225,.T.);
#4583=EDGE_CURVE('',#3794,#3787,#5226,.T.);
#4584=EDGE_CURVE('',#3794,#3749,#5227,.T.);
#4585=EDGE_CURVE('',#3750,#3792,#5228,.T.);
#4586=EDGE_CURVE('',#3795,#3789,#5229,.T.);
#4587=EDGE_CURVE('',#3795,#3796,#5230,.T.);
#4588=EDGE_CURVE('',#3797,#3796,#5231,.T.);
#4589=EDGE_CURVE('',#3797,#3752,#5232,.T.);
#4590=EDGE_CURVE('',#3751,#3798,#5233,.T.);
#4591=EDGE_CURVE('',#3798,#3790,#5234,.T.);
#4592=EDGE_CURVE('',#3798,#3794,#5235,.T.);
#4593=EDGE_CURVE('',#3793,#3795,#5236,.T.);
#4594=EDGE_CURVE('',#3799,#3800,#5237,.T.);
#4595=EDGE_CURVE('',#3800,#3801,#5238,.T.);
#4596=EDGE_CURVE('',#3802,#3801,#5239,.T.);
#4597=EDGE_CURVE('',#3802,#3799,#5240,.T.);
#4598=EDGE_CURVE('',#3803,#3804,#5241,.T.);
#4599=EDGE_CURVE('',#3803,#3805,#5242,.T.);
#4600=EDGE_CURVE('',#3800,#3805,#5243,.T.);
#4601=EDGE_CURVE('',#3799,#3806,#5244,.T.);
#4602=EDGE_CURVE('',#3806,#3745,#5245,.T.);
#4603=EDGE_CURVE('',#3746,#3804,#5246,.T.);
#4604=EDGE_CURVE('',#3801,#3807,#5247,.T.);
#4605=EDGE_CURVE('',#3807,#3808,#5248,.T.);
#4606=EDGE_CURVE('',#3809,#3808,#5249,.T.);
#4607=EDGE_CURVE('',#3809,#3748,#5250,.T.);
#4608=EDGE_CURVE('',#3747,#3810,#5251,.T.);
#4609=EDGE_CURVE('',#3802,#3810,#5252,.T.);
#4610=EDGE_CURVE('',#3810,#3806,#5253,.T.);
#4611=EDGE_CURVE('',#3805,#3807,#5254,.T.);
#4612=EDGE_CURVE('',#3808,#3803,#5255,.T.);
#4613=EDGE_CURVE('',#3809,#3804,#5256,.T.);
#4614=EDGE_CURVE('',#3796,#3791,#5257,.T.);
#4615=EDGE_CURVE('',#3797,#3792,#5258,.T.);
#4616=EDGE_CURVE('',#3784,#3779,#5259,.T.);
#4617=EDGE_CURVE('',#3785,#3780,#5260,.T.);
#4618=EDGE_CURVE('',#3768,#3772,#5261,.T.);
#4619=EDGE_CURVE('',#3769,#3773,#5262,.T.);
#4620=PRESENTATION_LAYER_ASSIGNMENT('1','Layer 1',(#4650,#4651,#4652,#4653,
#63,#64,#65,#66,#67));
#4621=STYLED_ITEM('',(#4630),#4650);
#4622=STYLED_ITEM('',(#4631),#4651);
#4623=STYLED_ITEM('',(#4632),#4652);
#4624=STYLED_ITEM('',(#4633),#4653);
#4625=STYLED_ITEM('',(#4634),#63);
#4626=STYLED_ITEM('',(#4635),#64);
#4627=STYLED_ITEM('',(#4636),#65);
#4628=STYLED_ITEM('',(#4637),#66);
#4629=STYLED_ITEM('',(#4638),#67);
#4630=PRESENTATION_STYLE_ASSIGNMENT((#4639));
#4631=PRESENTATION_STYLE_ASSIGNMENT((#4640));
#4632=PRESENTATION_STYLE_ASSIGNMENT((#4641));
#4633=PRESENTATION_STYLE_ASSIGNMENT((#4642));
#4634=PRESENTATION_STYLE_ASSIGNMENT((#38));
#4635=PRESENTATION_STYLE_ASSIGNMENT((#39));
#4636=PRESENTATION_STYLE_ASSIGNMENT((#40));
#4637=PRESENTATION_STYLE_ASSIGNMENT((#41));
#4638=PRESENTATION_STYLE_ASSIGNMENT((#42));
#4639=CURVE_STYLE('',#4646,POSITIVE_LENGTH_MEASURE(0.7),#4643);
#4640=CURVE_STYLE('',#4647,POSITIVE_LENGTH_MEASURE(0.7),#4643);
#4641=CURVE_STYLE('',#4648,POSITIVE_LENGTH_MEASURE(0.7),#4643);
#4642=CURVE_STYLE('',#4649,POSITIVE_LENGTH_MEASURE(0.7),#4643);
#4643=COLOUR_RGB('Medium Royal',0.301960784313725,0.427450980392157,0.701960784313725);
#4644=COLOUR_RGB('smoke gray',0.694117647058824,0.694117647058824,0.694117647058824);
#4645=COLOUR_RGB('medium steel',0.611764705882353,0.658823529411765,0.670588235294118);
#4646=DRAUGHTING_PRE_DEFINED_CURVE_FONT('continuous');
#4647=DRAUGHTING_PRE_DEFINED_CURVE_FONT('continuous');
#4648=DRAUGHTING_PRE_DEFINED_CURVE_FONT('continuous');
#4649=DRAUGHTING_PRE_DEFINED_CURVE_FONT('continuous');
#4650=TRIMMED_CURVE('Line92',#4654,(PARAMETER_VALUE(0.)),(
PARAMETER_VALUE(1.)),.T.,.PARAMETER.);
#4651=TRIMMED_CURVE('Line93',#4655,(PARAMETER_VALUE(0.)),(
PARAMETER_VALUE(1.)),.T.,.PARAMETER.);
#4652=TRIMMED_CURVE('Line94',#4656,(PARAMETER_VALUE(0.)),(
PARAMETER_VALUE(1.)),.T.,.PARAMETER.);
#4653=TRIMMED_CURVE('Line95',#4657,(PARAMETER_VALUE(0.)),(
PARAMETER_VALUE(1.)),.T.,.PARAMETER.);
#4654=LINE('Line92',#7997,#5263);
#4655=LINE('Line93',#7998,#5264);
#4656=LINE('Line94',#7999,#5265);
#4657=LINE('Line95',#8000,#5266);
#4658=LINE('',#8001,#5267);
#4659=LINE('',#8004,#5268);
#4660=LINE('',#8006,#5269);
#4661=LINE('',#8008,#5270);
#4662=LINE('',#8010,#5271);
#4663=LINE('',#8012,#5272);
#4664=LINE('',#8014,#5273);
#4665=LINE('',#8016,#5274);
#4666=LINE('',#8018,#5275);
#4667=LINE('',#8020,#5276);
#4668=LINE('',#8022,#5277);
#4669=LINE('',#8024,#5278);
#4670=LINE('',#8026,#5279);
#4671=LINE('',#8028,#5280);
#4672=LINE('',#8030,#5281);
#4673=LINE('',#8032,#5282);
#4674=LINE('',#8034,#5283);
#4675=LINE('',#8036,#5284);
#4676=LINE('',#8038,#5285);
#4677=LINE('',#8041,#5286);
#4678=LINE('',#8045,#5287);
#4679=LINE('',#8049,#5288);
#4680=LINE('',#8051,#5289);
#4681=LINE('',#8053,#5290);
#4682=LINE('',#8057,#5291);
#4683=LINE('',#8059,#5292);
#4684=LINE('',#8063,#5293);
#4685=LINE('',#8067,#5294);
#4686=LINE('',#8070,#5295);
#4687=LINE('',#8072,#5296);
#4688=LINE('',#8074,#5297);
#4689=LINE('',#8078,#5298);
#4690=LINE('',#8079,#5299);
#4691=LINE('',#8081,#5300);
#4692=LINE('',#8084,#5301);
#4693=LINE('',#8086,#5302);
#4694=LINE('',#8088,#5303);
#4695=LINE('',#8090,#5304);
#4696=LINE('',#8092,#5305);
#4697=LINE('',#8093,#5306);
#4698=LINE('',#8095,#5307);
#4699=LINE('',#8097,#5308);
#4700=LINE('',#8099,#5309);
#4701=LINE('',#8104,#5310);
#4702=LINE('',#8108,#5311);
#4703=LINE('',#8109,#5312);
#4704=LINE('',#8111,#5313);
#4705=LINE('',#8113,#5314);
#4706=LINE('',#8115,#5315);
#4707=LINE('',#8117,#5316);
#4708=LINE('',#8120,#5317);
#4709=LINE('',#8124,#5318);
#4710=LINE('',#8128,#5319);
#4711=LINE('',#8130,#5320);
#4712=LINE('',#8133,#5321);
#4713=LINE('',#8137,#5322);
#4714=LINE('',#8139,#5323);
#4715=LINE('',#8142,#5324);
#4716=LINE('',#8143,#5325);
#4717=LINE('',#8145,#5326);
#4718=LINE('',#8147,#5327);
#4719=LINE('',#8149,#5328);
#4720=LINE('',#8151,#5329);
#4721=LINE('',#8155,#5330);
#4722=LINE('',#8158,#5331);
#4723=LINE('',#8161,#5332);
#4724=LINE('',#8165,#5333);
#4725=LINE('',#8167,#5334);
#4726=LINE('',#8172,#5335);
#4727=LINE('',#8174,#5336);
#4728=LINE('',#8178,#5337);
#4729=LINE('',#8180,#5338);
#4730=LINE('',#8183,#5339);
#4731=LINE('',#8184,#5340);
#4732=LINE('',#8186,#5341);
#4733=LINE('',#8188,#5342);
#4734=LINE('',#8190,#5343);
#4735=LINE('',#8192,#5344);
#4736=LINE('',#8193,#5345);
#4737=LINE('',#8200,#5346);
#4738=LINE('',#8204,#5347);
#4739=LINE('',#8208,#5348);
#4740=LINE('',#8210,#5349);
#4741=LINE('',#8214,#5350);
#4742=LINE('',#8218,#5351);
#4743=LINE('',#8219,#5352);
#4744=LINE('',#8221,#5353);
#4745=LINE('',#8223,#5354);
#4746=LINE('',#8225,#5355);
#4747=LINE('',#8227,#5356);
#4748=LINE('',#8229,#5357);
#4749=LINE('',#8235,#5358);
#4750=LINE('',#8255,#5359);
#4751=LINE('',#8274,#5360);
#4752=LINE('',#8278,#5361);
#4753=LINE('',#8281,#5362);
#4754=LINE('',#8286,#5363);
#4755=LINE('',#8290,#5364);
#4756=LINE('',#8294,#5365);
#4757=LINE('',#8308,#5366);
#4758=LINE('',#8310,#5367);
#4759=LINE('',#8312,#5368);
#4760=LINE('',#8314,#5369);
#4761=LINE('',#8320,#5370);
#4762=LINE('',#8322,#5371);
#4763=LINE('',#8326,#5372);
#4764=LINE('',#8332,#5373);
#4765=LINE('',#8336,#5374);
#4766=LINE('',#8340,#5375);
#4767=LINE('',#8354,#5376);
#4768=LINE('',#8356,#5377);
#4769=LINE('',#8358,#5378);
#4770=LINE('',#8360,#5379);
#4771=LINE('',#8364,#5380);
#4772=LINE('',#8366,#5381);
#4773=LINE('',#8368,#5382);
#4774=LINE('',#8372,#5383);
#4775=LINE('',#8374,#5384);
#4776=LINE('',#8677,#5385);
#4777=LINE('',#8679,#5386);
#4778=LINE('',#8683,#5387);
#4779=LINE('',#8686,#5388);
#4780=LINE('',#8688,#5389);
#4781=LINE('',#8690,#5390);
#4782=LINE('',#8692,#5391);
#4783=LINE('',#8696,#5392);
#4784=LINE('',#8698,#5393);
#4785=LINE('',#8700,#5394);
#4786=LINE('',#8702,#5395);
#4787=LINE('',#8705,#5396);
#4788=LINE('',#8706,#5397);
#4789=LINE('',#8708,#5398);
#4790=LINE('',#8710,#5399);
#4791=LINE('',#8712,#5400);
#4792=LINE('',#8714,#5401);
#4793=LINE('',#8719,#5402);
#4794=LINE('',#8722,#5403);
#4795=LINE('',#8723,#5404);
#4796=LINE('',#8725,#5405);
#4797=LINE('',#8727,#5406);
#4798=LINE('',#8728,#5407);
#4799=LINE('',#8730,#5408);
#4800=LINE('',#8732,#5409);
#4801=LINE('',#8733,#5410);
#4802=LINE('',#8735,#5411);
#4803=LINE('',#8738,#5412);
#4804=LINE('',#8739,#5413);
#4805=LINE('',#8741,#5414);
#4806=LINE('',#8743,#5415);
#4807=LINE('',#8745,#5416);
#4808=LINE('',#8747,#5417);
#4809=LINE('',#8749,#5418);
#4810=LINE('',#8751,#5419);
#4811=LINE('',#8755,#5420);
#4812=LINE('',#8757,#5421);
#4813=LINE('',#8759,#5422);
#4814=LINE('',#8761,#5423);
#4815=LINE('',#8763,#5424);
#4816=LINE('',#8766,#5425);
#4817=LINE('',#8768,#5426);
#4818=LINE('',#8771,#5427);
#4819=LINE('',#8778,#5428);
#4820=LINE('',#8781,#5429);
#4821=LINE('',#8783,#5430);
#4822=LINE('',#8785,#5431);
#4823=LINE('',#8787,#5432);
#4824=LINE('',#8790,#5433);
#4825=LINE('',#8792,#5434);
#4826=LINE('',#8794,#5435);
#4827=LINE('',#8796,#5436);
#4828=LINE('',#8799,#5437);
#4829=LINE('',#8801,#5438);
#4830=LINE('',#8803,#5439);
#4831=LINE('',#8804,#5440);
#4832=LINE('',#8807,#5441);
#4833=LINE('',#8809,#5442);
#4834=LINE('',#8811,#5443);
#4835=LINE('',#8812,#5444);
#4836=LINE('',#8815,#5445);
#4837=LINE('',#8817,#5446);
#4838=LINE('',#8819,#5447);
#4839=LINE('',#8820,#5448);
#4840=LINE('',#8823,#5449);
#4841=LINE('',#8825,#5450);
#4842=LINE('',#8827,#5451);
#4843=LINE('',#8832,#5452);
#4844=LINE('',#8835,#5453);
#4845=LINE('',#8839,#5454);
#4846=LINE('',#8843,#5455);
#4847=LINE('',#8845,#5456);
#4848=LINE('',#8849,#5457);
#4849=LINE('',#8851,#5458);
#4850=LINE('',#8853,#5459);
#4851=LINE('',#8855,#5460);
#4852=LINE('',#8857,#5461);
#4853=LINE('',#8861,#5462);
#4854=LINE('',#8865,#5463);
#4855=LINE('',#8867,#5464);
#4856=LINE('',#8869,#5465);
#4857=LINE('',#8871,#5466);
#4858=LINE('',#8873,#5467);
#4859=LINE('',#8875,#5468);
#4860=LINE('',#8879,#5469);
#4861=LINE('',#8883,#5470);
#4862=LINE('',#8885,#5471);
#4863=LINE('',#8889,#5472);
#4864=LINE('',#8892,#5473);
#4865=LINE('',#8894,#5474);
#4866=LINE('',#8896,#5475);
#4867=LINE('',#8897,#5476);
#4868=LINE('',#8900,#5477);
#4869=LINE('',#8902,#5478);
#4870=LINE('',#8904,#5479);
#4871=LINE('',#8905,#5480);
#4872=LINE('',#8908,#5481);
#4873=LINE('',#8910,#5482);
#4874=LINE('',#8912,#5483);
#4875=LINE('',#8913,#5484);
#4876=LINE('',#8916,#5485);
#4877=LINE('',#8918,#5486);
#4878=LINE('',#8920,#5487);
#4879=LINE('',#8925,#5488);
#4880=LINE('',#8934,#5489);
#4881=LINE('',#8936,#5490);
#4882=LINE('',#8938,#5491);
#4883=LINE('',#8940,#5492);
#4884=LINE('',#8942,#5493);
#4885=LINE('',#8946,#5494);
#4886=LINE('',#8950,#5495);
#4887=LINE('',#8952,#5496);
#4888=LINE('',#8954,#5497);
#4889=LINE('',#8956,#5498);
#4890=LINE('',#8958,#5499);
#4891=LINE('',#8966,#5500);
#4892=LINE('',#8968,#5501);
#4893=LINE('',#8972,#5502);
#4894=LINE('',#8974,#5503);
#4895=LINE('',#8978,#5504);
#4896=LINE('',#8982,#5505);
#4897=LINE('',#8984,#5506);
#4898=LINE('',#8988,#5507);
#4899=LINE('',#8990,#5508);
#4900=LINE('',#8994,#5509);
#4901=LINE('',#8998,#5510);
#4902=LINE('',#9000,#5511);
#4903=LINE('',#9002,#5512);
#4904=LINE('',#9004,#5513);
#4905=LINE('',#9008,#5514);
#4906=LINE('',#9012,#5515);
#4907=LINE('',#9014,#5516);
#4908=LINE('',#9016,#5517);
#4909=LINE('',#9020,#5518);
#4910=LINE('',#9024,#5519);
#4911=LINE('',#9027,#5520);
#4912=LINE('',#9029,#5521);
#4913=LINE('',#9033,#5522);
#4914=LINE('',#9037,#5523);
#4915=LINE('',#9039,#5524);
#4916=LINE('',#9041,#5525);
#4917=LINE('',#9045,#5526);
#4918=LINE('',#9049,#5527);
#4919=LINE('',#9050,#5528);
#4920=LINE('',#9052,#5529);
#4921=LINE('',#9053,#5530);
#4922=LINE('',#9061,#5531);
#4923=LINE('',#9063,#5532);
#4924=LINE('',#9065,#5533);
#4925=LINE('',#9067,#5534);
#4926=LINE('',#9070,#5535);
#4927=LINE('',#9072,#5536);
#4928=LINE('',#9074,#5537);
#4929=LINE('',#9076,#5538);
#4930=LINE('',#9077,#5539);
#4931=LINE('',#9079,#5540);
#4932=LINE('',#9080,#5541);
#4933=LINE('',#9082,#5542);
#4934=LINE('',#9086,#5543);
#4935=LINE('',#9089,#5544);
#4936=LINE('',#9091,#5545);
#4937=LINE('',#9095,#5546);
#4938=LINE('',#9099,#5547);
#4939=LINE('',#9103,#5548);
#4940=LINE('',#9105,#5549);
#4941=LINE('',#9107,#5550);
#4942=LINE('',#9111,#5551);
#4943=LINE('',#9113,#5552);
#4944=LINE('',#9115,#5553);
#4945=LINE('',#9117,#5554);
#4946=LINE('',#9120,#5555);
#4947=LINE('',#9122,#5556);
#4948=LINE('',#9126,#5557);
#4949=LINE('',#9130,#5558);
#4950=LINE('',#9132,#5559);
#4951=LINE('',#9134,#5560);
#4952=LINE('',#9138,#5561);
#4953=LINE('',#9142,#5562);
#4954=LINE('',#9143,#5563);
#4955=LINE('',#9145,#5564);
#4956=LINE('',#9147,#5565);
#4957=LINE('',#9150,#5566);
#4958=LINE('',#9151,#5567);
#4959=LINE('',#9153,#5568);
#4960=LINE('',#9154,#5569);
#4961=LINE('',#9156,#5570);
#4962=LINE('',#9157,#5571);
#4963=LINE('',#9159,#5572);
#4964=LINE('',#9160,#5573);
#4965=LINE('',#9162,#5574);
#4966=LINE('',#9164,#5575);
#4967=LINE('',#9167,#5576);
#4968=LINE('',#9168,#5577);
#4969=LINE('',#9170,#5578);
#4970=LINE('',#9171,#5579);
#4971=LINE('',#9173,#5580);
#4972=LINE('',#9175,#5581);
#4973=LINE('',#9176,#5582);
#4974=LINE('',#9178,#5583);
#4975=LINE('',#9180,#5584);
#4976=LINE('',#9183,#5585);
#4977=LINE('',#9186,#5586);
#4978=LINE('',#9188,#5587);
#4979=LINE('',#9190,#5588);
#4980=LINE('',#9192,#5589);
#4981=LINE('',#9194,#5590);
#4982=LINE('',#9197,#5591);
#4983=LINE('',#9198,#5592);
#4984=LINE('',#9200,#5593);
#4985=LINE('',#9201,#5594);
#4986=LINE('',#9203,#5595);
#4987=LINE('',#9204,#5596);
#4988=LINE('',#9236,#5597);
#4989=LINE('',#9238,#5598);
#4990=LINE('',#9241,#5599);
#4991=LINE('',#9243,#5600);
#4992=LINE('',#9245,#5601);
#4993=LINE('',#9247,#5602);
#4994=LINE('',#9249,#5603);
#4995=LINE('',#9250,#5604);
#4996=LINE('',#9252,#5605);
#4997=LINE('',#9254,#5606);
#4998=LINE('',#9256,#5607);
#4999=LINE('',#9258,#5608);
#5000=LINE('',#9260,#5609);
#5001=LINE('',#9263,#5610);
#5002=LINE('',#9265,#5611);
#5003=LINE('',#9267,#5612);
#5004=LINE('',#9270,#5613);
#5005=LINE('',#9271,#5614);
#5006=LINE('',#9273,#5615);
#5007=LINE('',#9286,#5616);
#5008=LINE('',#9287,#5617);
#5009=LINE('',#9292,#5618);
#5010=LINE('',#9294,#5619);
#5011=LINE('',#9296,#5620);
#5012=LINE('',#9299,#5621);
#5013=LINE('',#9300,#5622);
#5014=LINE('',#9302,#5623);
#5015=LINE('',#9315,#5624);
#5016=LINE('',#9316,#5625);
#5017=LINE('',#9342,#5626);
#5018=LINE('',#9343,#5627);
#5019=LINE('',#9345,#5628);
#5020=LINE('',#9347,#5629);
#5021=LINE('',#9350,#5630);
#5022=LINE('',#9351,#5631);
#5023=LINE('',#9353,#5632);
#5024=LINE('',#9355,#5633);
#5025=LINE('',#9358,#5634);
#5026=LINE('',#9359,#5635);
#5027=LINE('',#9361,#5636);
#5028=LINE('',#9363,#5637);
#5029=LINE('',#9366,#5638);
#5030=LINE('',#9367,#5639);
#5031=LINE('',#9369,#5640);
#5032=LINE('',#9371,#5641);
#5033=LINE('',#9377,#5642);
#5034=LINE('',#9379,#5643);
#5035=LINE('',#9381,#5644);
#5036=LINE('',#9385,#5645);
#5037=LINE('',#9387,#5646);
#5038=LINE('',#9391,#5647);
#5039=LINE('',#9395,#5648);
#5040=LINE('',#9397,#5649);
#5041=LINE('',#9399,#5650);
#5042=LINE('',#9403,#5651);
#5043=LINE('',#9407,#5652);
#5044=LINE('',#9409,#5653);
#5045=LINE('',#9411,#5654);
#5046=LINE('',#9414,#5655);
#5047=LINE('',#9416,#5656);
#5048=LINE('',#9418,#5657);
#5049=LINE('',#9420,#5658);
#5050=LINE('',#9422,#5659);
#5051=LINE('',#9425,#5660);
#5052=LINE('',#9427,#5661);
#5053=LINE('',#9429,#5662);
#5054=LINE('',#9431,#5663);
#5055=LINE('',#9434,#5664);
#5056=LINE('',#9435,#5665);
#5057=LINE('',#9437,#5666);
#5058=LINE('',#9439,#5667);
#5059=LINE('',#9441,#5668);
#5060=LINE('',#9444,#5669);
#5061=LINE('',#9445,#5670);
#5062=LINE('',#9447,#5671);
#5063=LINE('',#9449,#5672);
#5064=LINE('',#9451,#5673);
#5065=LINE('',#9454,#5674);
#5066=LINE('',#9458,#5675);
#5067=LINE('',#9460,#5676);
#5068=LINE('',#9463,#5677);
#5069=LINE('',#9467,#5678);
#5070=LINE('',#9469,#5679);
#5071=LINE('',#9471,#5680);
#5072=LINE('',#9473,#5681);
#5073=LINE('',#9475,#5682);
#5074=LINE('',#9478,#5683);
#5075=LINE('',#9479,#5684);
#5076=LINE('',#9481,#5685);
#5077=LINE('',#9483,#5686);
#5078=LINE('',#9489,#5687);
#5079=LINE('',#9491,#5688);
#5080=LINE('',#9493,#5689);
#5081=LINE('',#9495,#5690);
#5082=LINE('',#9498,#5691);
#5083=LINE('',#9502,#5692);
#5084=LINE('',#9504,#5693);
#5085=LINE('',#9506,#5694);
#5086=LINE('',#9509,#5695);
#5087=LINE('',#9511,#5696);
#5088=LINE('',#9513,#5697);
#5089=LINE('',#9514,#5698);
#5090=LINE('',#9517,#5699);
#5091=LINE('',#9519,#5700);
#5092=LINE('',#9520,#5701);
#5093=LINE('',#9522,#5702);
#5094=LINE('',#9524,#5703);
#5095=LINE('',#9528,#5704);
#5096=LINE('',#9530,#5705);
#5097=LINE('',#9532,#5706);
#5098=LINE('',#9533,#5707);
#5099=LINE('',#9535,#5708);
#5100=LINE('',#9537,#5709);
#5101=LINE('',#9539,#5710);
#5102=LINE('',#9541,#5711);
#5103=LINE('',#9543,#5712);
#5104=LINE('',#9545,#5713);
#5105=LINE('',#9548,#5714);
#5106=LINE('',#9560,#5715);
#5107=LINE('',#9562,#5716);
#5108=LINE('',#9564,#5717);
#5109=LINE('',#9565,#5718);
#5110=LINE('',#9567,#5719);
#5111=LINE('',#9568,#5720);
#5112=LINE('',#9580,#5721);
#5113=LINE('',#9582,#5722);
#5114=LINE('',#9584,#5723);
#5115=LINE('',#9588,#5724);
#5116=LINE('',#9590,#5725);
#5117=LINE('',#9593,#5726);
#5118=LINE('',#9595,#5727);
#5119=LINE('',#9597,#5728);
#5120=LINE('',#9599,#5729);
#5121=LINE('',#9602,#5730);
#5122=LINE('',#9604,#5731);
#5123=LINE('',#9606,#5732);
#5124=LINE('',#9610,#5733);
#5125=LINE('',#9612,#5734);
#5126=LINE('',#9614,#5735);
#5127=LINE('',#9616,#5736);
#5128=LINE('',#9618,#5737);
#5129=LINE('',#9622,#5738);
#5130=LINE('',#9627,#5739);
#5131=LINE('',#9631,#5740);
#5132=LINE('',#9633,#5741);
#5133=LINE('',#9635,#5742);
#5134=LINE('',#9636,#5743);
#5135=LINE('',#9638,#5744);
#5136=LINE('',#9639,#5745);
#5137=LINE('',#9642,#5746);
#5138=LINE('',#9643,#5747);
#5139=LINE('',#9645,#5748);
#5140=LINE('',#9647,#5749);
#5141=LINE('',#9649,#5750);
#5142=LINE('',#9651,#5751);
#5143=LINE('',#9653,#5752);
#5144=LINE('',#9655,#5753);
#5145=LINE('',#9657,#5754);
#5146=LINE('',#9659,#5755);
#5147=LINE('',#9661,#5756);
#5148=LINE('',#9663,#5757);
#5149=LINE('',#9666,#5758);
#5150=LINE('',#9670,#5759);
#5151=LINE('',#9684,#5760);
#5152=LINE('',#9687,#5761);
#5153=LINE('',#9689,#5762);
#5154=LINE('',#9691,#5763);
#5155=LINE('',#9693,#5764);
#5156=LINE('',#9696,#5765);
#5157=LINE('',#9698,#5766);
#5158=LINE('',#9700,#5767);
#5159=LINE('',#9702,#5768);
#5160=LINE('',#9705,#5769);
#5161=LINE('',#9707,#5770);
#5162=LINE('',#9709,#5771);
#5163=LINE('',#9711,#5772);
#5164=LINE('',#9714,#5773);
#5165=LINE('',#9716,#5774);
#5166=LINE('',#9718,#5775);
#5167=LINE('',#9729,#5776);
#5168=LINE('',#9732,#5777);
#5169=LINE('',#9734,#5778);
#5170=LINE('',#9736,#5779);
#5171=LINE('',#9737,#5780);
#5172=LINE('',#9740,#5781);
#5173=LINE('',#9742,#5782);
#5174=LINE('',#9744,#5783);
#5175=LINE('',#9745,#5784);
#5176=LINE('',#9748,#5785);
#5177=LINE('',#9750,#5786);
#5178=LINE('',#9752,#5787);
#5179=LINE('',#9753,#5788);
#5180=LINE('',#9756,#5789);
#5181=LINE('',#9758,#5790);
#5182=LINE('',#9760,#5791);
#5183=LINE('',#9770,#5792);
#5184=LINE('',#9773,#5793);
#5185=LINE('',#9775,#5794);
#5186=LINE('',#9777,#5795);
#5187=LINE('',#9779,#5796);
#5188=LINE('',#9781,#5797);
#5189=LINE('',#9783,#5798);
#5190=LINE('',#9785,#5799);
#5191=LINE('',#9786,#5800);
#5192=LINE('',#9788,#5801);
#5193=LINE('',#9790,#5802);
#5194=LINE('',#9792,#5803);
#5195=LINE('',#9794,#5804);
#5196=LINE('',#9797,#5805);
#5197=LINE('',#9798,#5806);
#5198=LINE('',#9800,#5807);
#5199=LINE('',#9801,#5808);
#5200=LINE('',#9803,#5809);
#5201=LINE('',#9805,#5810);
#5202=LINE('',#9808,#5811);
#5203=LINE('',#9810,#5812);
#5204=LINE('',#9812,#5813);
#5205=LINE('',#9814,#5814);
#5206=LINE('',#9817,#5815);
#5207=LINE('',#9819,#5816);
#5208=LINE('',#9820,#5817);
#5209=LINE('',#9822,#5818);
#5210=LINE('',#9823,#5819);
#5211=LINE('',#9825,#5820);
#5212=LINE('',#9827,#5821);
#5213=LINE('',#9829,#5822);
#5214=LINE('',#9831,#5823);
#5215=LINE('',#9832,#5824);
#5216=LINE('',#9834,#5825);
#5217=LINE('',#9836,#5826);
#5218=LINE('',#9838,#5827);
#5219=LINE('',#9840,#5828);
#5220=LINE('',#9843,#5829);
#5221=LINE('',#9845,#5830);
#5222=LINE('',#9847,#5831);
#5223=LINE('',#9849,#5832);
#5224=LINE('',#9852,#5833);
#5225=LINE('',#9854,#5834);
#5226=LINE('',#9855,#5835);
#5227=LINE('',#9857,#5836);
#5228=LINE('',#9858,#5837);
#5229=LINE('',#9860,#5838);
#5230=LINE('',#9862,#5839);
#5231=LINE('',#9864,#5840);
#5232=LINE('',#9866,#5841);
#5233=LINE('',#9867,#5842);
#5234=LINE('',#9869,#5843);
#5235=LINE('',#9871,#5844);
#5236=LINE('',#9873,#5845);
#5237=LINE('',#9875,#5846);
#5238=LINE('',#9878,#5847);
#5239=LINE('',#9880,#5848);
#5240=LINE('',#9882,#5849);
#5241=LINE('',#9884,#5850);
#5242=LINE('',#9887,#5851);
#5243=LINE('',#9889,#5852);
#5244=LINE('',#9890,#5853);
#5245=LINE('',#9892,#5854);
#5246=LINE('',#9893,#5855);
#5247=LINE('',#9895,#5856);
#5248=LINE('',#9897,#5857);
#5249=LINE('',#9899,#5858);
#5250=LINE('',#9901,#5859);
#5251=LINE('',#9902,#5860);
#5252=LINE('',#9904,#5861);
#5253=LINE('',#9906,#5862);
#5254=LINE('',#9908,#5863);
#5255=LINE('',#9916,#5864);
#5256=LINE('',#9917,#5865);
#5257=LINE('',#9920,#5866);
#5258=LINE('',#9921,#5867);
#5259=LINE('',#9924,#5868);
#5260=LINE('',#9925,#5869);
#5261=LINE('',#9928,#5870);
#5262=LINE('',#9929,#5871);
#5263=VECTOR('',#6379,1.5);
#5264=VECTOR('',#6380,5.45286956205994);
#5265=VECTOR('',#6381,1.5);
#5266=VECTOR('',#6382,5.45286956205994);
#5267=VECTOR('',#6383,1.);
#5268=VECTOR('',#6384,1.);
#5269=VECTOR('',#6385,1.);
#5270=VECTOR('',#6386,1.);
#5271=VECTOR('',#6387,1.);
#5272=VECTOR('',#6388,1.);
#5273=VECTOR('',#6389,1.);
#5274=VECTOR('',#6390,1.);
#5275=VECTOR('',#6391,1.);
#5276=VECTOR('',#6392,1.);
#5277=VECTOR('',#6393,1.);
#5278=VECTOR('',#6394,1.);
#5279=VECTOR('',#6395,1.);
#5280=VECTOR('',#6396,1.);
#5281=VECTOR('',#6397,1.);
#5282=VECTOR('',#6398,1.);
#5283=VECTOR('',#6399,1.);
#5284=VECTOR('',#6400,1.);
#5285=VECTOR('',#6403,1.);
#5286=VECTOR('',#6404,1.);
#5287=VECTOR('',#6407,1.);
#5288=VECTOR('',#6410,1.);
#5289=VECTOR('',#6411,1.);
#5290=VECTOR('',#6412,1.);
#5291=VECTOR('',#6415,1.);
#5292=VECTOR('',#6416,1.);
#5293=VECTOR('',#6419,1.);
#5294=VECTOR('',#6422,1.);
#5295=VECTOR('',#6425,1.);
#5296=VECTOR('',#6428,1.);
#5297=VECTOR('',#6429,1.);
#5298=VECTOR('',#6434,1.);
#5299=VECTOR('',#6435,1.);
#5300=VECTOR('',#6438,1.);
#5301=VECTOR('',#6439,1.);
#5302=VECTOR('',#6440,1.);
#5303=VECTOR('',#6441,1.);
#5304=VECTOR('',#6442,1.);
#5305=VECTOR('',#6443,1.);
#5306=VECTOR('',#6444,1.);
#5307=VECTOR('',#6445,1.);
#5308=VECTOR('',#6446,1.);
#5309=VECTOR('',#6449,1.);
#5310=VECTOR('',#6452,1.);
#5311=VECTOR('',#6455,1.);
#5312=VECTOR('',#6456,1.);
#5313=VECTOR('',#6457,1.);
#5314=VECTOR('',#6458,1.);
#5315=VECTOR('',#6459,1.);
#5316=VECTOR('',#6462,1.);
#5317=VECTOR('',#6463,1.);
#5318=VECTOR('',#6466,1.);
#5319=VECTOR('',#6469,1.);
#5320=VECTOR('',#6470,1.);
#5321=VECTOR('',#6473,1.);
#5322=VECTOR('',#6476,1.);
#5323=VECTOR('',#6479,1.);
#5324=VECTOR('',#6480,1.);
#5325=VECTOR('',#6481,1.);
#5326=VECTOR('',#6484,1.);
#5327=VECTOR('',#6485,1.);
#5328=VECTOR('',#6486,1.);
#5329=VECTOR('',#6489,1.);
#5330=VECTOR('',#6492,1.);
#5331=VECTOR('',#6495,1.);
#5332=VECTOR('',#6498,1.);
#5333=VECTOR('',#6501,1.);
#5334=VECTOR('',#6504,1.);
#5335=VECTOR('',#6511,1.);
#5336=VECTOR('',#6514,1.);
#5337=VECTOR('',#6519,1.);
#5338=VECTOR('',#6522,1.);
#5339=VECTOR('',#6523,1.);
#5340=VECTOR('',#6524,1.);
#5341=VECTOR('',#6525,1.);
#5342=VECTOR('',#6526,1.);
#5343=VECTOR('',#6527,1.);
#5344=VECTOR('',#6528,1.);
#5345=VECTOR('',#6529,1.);
#5346=VECTOR('',#6538,1.);
#5347=VECTOR('',#6541,1.);
#5348=VECTOR('',#6546,1.);
#5349=VECTOR('',#6549,1.);
#5350=VECTOR('',#6552,1.);
#5351=VECTOR('',#6555,1.);
#5352=VECTOR('',#6556,1.);
#5353=VECTOR('',#6557,1.);
#5354=VECTOR('',#6560,1.);
#5355=VECTOR('',#6563,1.);
#5356=VECTOR('',#6564,1.);
#5357=VECTOR('',#6565,1.);
#5358=VECTOR('',#6572,1.);
#5359=VECTOR('',#6573,1.);
#5360=VECTOR('',#6574,1.);
#5361=VECTOR('',#6577,1.);
#5362=VECTOR('',#6580,1.);
#5363=VECTOR('',#6583,1.);
#5364=VECTOR('',#6586,1.);
#5365=VECTOR('',#6589,1.);
#5366=VECTOR('',#6604,1.);
#5367=VECTOR('',#6607,1.);
#5368=VECTOR('',#6608,1.);
#5369=VECTOR('',#6609,1.);
#5370=VECTOR('',#6618,1.);
#5371=VECTOR('',#6619,1.);
#5372=VECTOR('',#6622,1.);
#5373=VECTOR('',#6629,1.);
#5374=VECTOR('',#6632,1.);
#5375=VECTOR('',#6635,1.);
#5376=VECTOR('',#6652,1.);
#5377=VECTOR('',#6653,1.);
#5378=VECTOR('',#6654,1.);
#5379=VECTOR('',#6657,1.);
#5380=VECTOR('',#6662,1.);
#5381=VECTOR('',#6663,1.);
#5382=VECTOR('',#6666,1.);
#5383=VECTOR('',#6671,1.);
#5384=VECTOR('',#6672,1.);
#5385=VECTOR('',#6763,1.);
#5386=VECTOR('',#6766,1.);
#5387=VECTOR('',#6771,1.);
#5388=VECTOR('',#6776,1.);
#5389=VECTOR('',#6779,1.);
#5390=VECTOR('',#6782,1.);
#5391=VECTOR('',#6785,1.);
#5392=VECTOR('',#6792,1.);
#5393=VECTOR('',#6793,1.);
#5394=VECTOR('',#6794,1.);
#5395=VECTOR('',#6797,1.);
#5396=VECTOR('',#6798,1.);
#5397=VECTOR('',#6799,1.);
#5398=VECTOR('',#6802,1.);
#5399=VECTOR('',#6803,1.);
#5400=VECTOR('',#6804,1.);
#5401=VECTOR('',#6807,1.);
#5402=VECTOR('',#6816,1.);
#5403=VECTOR('',#6817,1.);
#5404=VECTOR('',#6818,1.);
#5405=VECTOR('',#6819,1.);
#5406=VECTOR('',#6820,1.);
#5407=VECTOR('',#6821,1.);
#5408=VECTOR('',#6822,1.);
#5409=VECTOR('',#6823,1.);
#5410=VECTOR('',#6824,1.);
#5411=VECTOR('',#6827,1.);
#5412=VECTOR('',#6828,1.);
#5413=VECTOR('',#6829,1.);
#5414=VECTOR('',#6832,1.);
#5415=VECTOR('',#6833,1.);
#5416=VECTOR('',#6834,1.);
#5417=VECTOR('',#6837,1.);
#5418=VECTOR('',#6838,1.);
#5419=VECTOR('',#6841,1.);
#5420=VECTOR('',#6848,1.);
#5421=VECTOR('',#6849,1.);
#5422=VECTOR('',#6852,1.);
#5423=VECTOR('',#6853,1.);
#5424=VECTOR('',#6856,1.);
#5425=VECTOR('',#6861,1.);
#5426=VECTOR('',#6862,1.);
#5427=VECTOR('',#6867,1.);
#5428=VECTOR('',#6880,1.);
#5429=VECTOR('',#6881,1.);
#5430=VECTOR('',#6882,1.);
#5431=VECTOR('',#6883,1.);
#5432=VECTOR('',#6886,1.);
#5433=VECTOR('',#6887,1.);
#5434=VECTOR('',#6888,1.);
#5435=VECTOR('',#6889,1.);
#5436=VECTOR('',#6892,1.);
#5437=VECTOR('',#6893,1.);
#5438=VECTOR('',#6894,1.);
#5439=VECTOR('',#6895,1.);
#5440=VECTOR('',#6896,1.);
#5441=VECTOR('',#6897,1.);
#5442=VECTOR('',#6898,1.);
#5443=VECTOR('',#6899,1.);
#5444=VECTOR('',#6900,1.);
#5445=VECTOR('',#6901,1.);
#5446=VECTOR('',#6902,1.);
#5447=VECTOR('',#6903,1.);
#5448=VECTOR('',#6904,1.);
#5449=VECTOR('',#6905,1.);
#5450=VECTOR('',#6906,1.);
#5451=VECTOR('',#6907,1.);
#5452=VECTOR('',#6912,1.);
#5453=VECTOR('',#6913,1.);
#5454=VECTOR('',#6916,1.);
#5455=VECTOR('',#6919,1.);
#5456=VECTOR('',#6920,1.);
#5457=VECTOR('',#6923,1.);
#5458=VECTOR('',#6924,1.);
#5459=VECTOR('',#6925,1.);
#5460=VECTOR('',#6926,1.);
#5461=VECTOR('',#6927,1.);
#5462=VECTOR('',#6930,1.);
#5463=VECTOR('',#6933,1.);
#5464=VECTOR('',#6934,1.);
#5465=VECTOR('',#6935,1.);
#5466=VECTOR('',#6936,1.);
#5467=VECTOR('',#6937,1.);
#5468=VECTOR('',#6938,1.);
#5469=VECTOR('',#6941,1.);
#5470=VECTOR('',#6944,1.);
#5471=VECTOR('',#6945,1.);
#5472=VECTOR('',#6950,1.);
#5473=VECTOR('',#6951,1.);
#5474=VECTOR('',#6952,1.);
#5475=VECTOR('',#6953,1.);
#5476=VECTOR('',#6954,1.);
#5477=VECTOR('',#6955,1.);
#5478=VECTOR('',#6956,1.);
#5479=VECTOR('',#6957,1.);
#5480=VECTOR('',#6958,1.);
#5481=VECTOR('',#6959,1.);
#5482=VECTOR('',#6960,1.);
#5483=VECTOR('',#6961,1.);
#5484=VECTOR('',#6962,1.);
#5485=VECTOR('',#6963,1.);
#5486=VECTOR('',#6964,1.);
#5487=VECTOR('',#6965,1.);
#5488=VECTOR('',#6970,1.);
#5489=VECTOR('',#6977,1.);
#5490=VECTOR('',#6978,1.);
#5491=VECTOR('',#6979,1.);
#5492=VECTOR('',#6980,1.);
#5493=VECTOR('',#6981,1.);
#5494=VECTOR('',#6984,1.);
#5495=VECTOR('',#6987,1.);
#5496=VECTOR('',#6988,1.);
#5497=VECTOR('',#6989,1.);
#5498=VECTOR('',#6990,1.);
#5499=VECTOR('',#6991,1.);
#5500=VECTOR('',#6998,1.);
#5501=VECTOR('',#6999,1.);
#5502=VECTOR('',#7002,1.);
#5503=VECTOR('',#7003,1.);
#5504=VECTOR('',#7006,1.);
#5505=VECTOR('',#7009,1.);
#5506=VECTOR('',#7010,1.);
#5507=VECTOR('',#7013,1.);
#5508=VECTOR('',#7014,1.);
#5509=VECTOR('',#7017,1.);
#5510=VECTOR('',#7020,1.);
#5511=VECTOR('',#7021,1.);
#5512=VECTOR('',#7024,1.);
#5513=VECTOR('',#7025,1.);
#5514=VECTOR('',#7028,1.);
#5515=VECTOR('',#7031,1.);
#5516=VECTOR('',#7032,1.);
#5517=VECTOR('',#7033,1.);
#5518=VECTOR('',#7036,1.);
#5519=VECTOR('',#7041,1.);
#5520=VECTOR('',#7042,1.);
#5521=VECTOR('',#7043,1.);
#5522=VECTOR('',#7046,1.);
#5523=VECTOR('',#7049,1.);
#5524=VECTOR('',#7050,1.);
#5525=VECTOR('',#7051,1.);
#5526=VECTOR('',#7054,1.);
#5527=VECTOR('',#7059,1.);
#5528=VECTOR('',#7060,1.);
#5529=VECTOR('',#7063,1.);
#5530=VECTOR('',#7064,1.);
#5531=VECTOR('',#7079,1.);
#5532=VECTOR('',#7080,1.);
#5533=VECTOR('',#7081,1.);
#5534=VECTOR('',#7084,1.);
#5535=VECTOR('',#7085,1.);
#5536=VECTOR('',#7086,1.);
#5537=VECTOR('',#7087,1.);
#5538=VECTOR('',#7090,1.);
#5539=VECTOR('',#7091,1.);
#5540=VECTOR('',#7094,1.);
#5541=VECTOR('',#7095,1.);
#5542=VECTOR('',#7098,1.);
#5543=VECTOR('',#7101,1.);
#5544=VECTOR('',#7104,1.);
#5545=VECTOR('',#7105,1.);
#5546=VECTOR('',#7108,1.);
#5547=VECTOR('',#7111,1.);
#5548=VECTOR('',#7116,1.);
#5549=VECTOR('',#7119,1.);
#5550=VECTOR('',#7120,1.);
#5551=VECTOR('',#7127,1.);
#5552=VECTOR('',#7128,1.);
#5553=VECTOR('',#7129,1.);
#5554=VECTOR('',#7132,1.);
#5555=VECTOR('',#7133,1.);
#5556=VECTOR('',#7134,1.);
#5557=VECTOR('',#7137,1.);
#5558=VECTOR('',#7140,1.);
#5559=VECTOR('',#7141,1.);
#5560=VECTOR('',#7142,1.);
#5561=VECTOR('',#7145,1.);
#5562=VECTOR('',#7150,1.);
#5563=VECTOR('',#7151,1.);
#5564=VECTOR('',#7154,1.);
#5565=VECTOR('',#7157,1.);
#5566=VECTOR('',#7162,1.);
#5567=VECTOR('',#7163,1.);
#5568=VECTOR('',#7166,1.);
#5569=VECTOR('',#7167,1.);
#5570=VECTOR('',#7170,1.);
#5571=VECTOR('',#7171,1.);
#5572=VECTOR('',#7174,1.);
#5573=VECTOR('',#7175,1.);
#5574=VECTOR('',#7178,1.);
#5575=VECTOR('',#7181,1.);
#5576=VECTOR('',#7186,1.);
#5577=VECTOR('',#7187,1.);
#5578=VECTOR('',#7190,1.);
#5579=VECTOR('',#7191,1.);
#5580=VECTOR('',#7192,1.);
#5581=VECTOR('',#7193,1.);
#5582=VECTOR('',#7194,1.);
#5583=VECTOR('',#7195,1.);
#5584=VECTOR('',#7196,1.);
#5585=VECTOR('',#7201,1.);
#5586=VECTOR('',#7206,1.);
#5587=VECTOR('',#7207,1.);
#5588=VECTOR('',#7210,1.);
#5589=VECTOR('',#7211,1.);
#5590=VECTOR('',#7214,1.);
#5591=VECTOR('',#7219,1.);
#5592=VECTOR('',#7220,1.);
#5593=VECTOR('',#7223,1.);
#5594=VECTOR('',#7224,1.);
#5595=VECTOR('',#7227,1.);
#5596=VECTOR('',#7228,1.);
#5597=VECTOR('',#7287,1.);
#5598=VECTOR('',#7290,1.);
#5599=VECTOR('',#7295,1.);
#5600=VECTOR('',#7296,1.);
#5601=VECTOR('',#7297,1.);
#5602=VECTOR('',#7300,1.);
#5603=VECTOR('',#7301,1.);
#5604=VECTOR('',#7302,1.);
#5605=VECTOR('',#7303,1.);
#5606=VECTOR('',#7304,1.);
#5607=VECTOR('',#7307,1.);
#5608=VECTOR('',#7308,1.);
#5609=VECTOR('',#7311,1.);
#5610=VECTOR('',#7316,1.);
#5611=VECTOR('',#7317,1.);
#5612=VECTOR('',#7320,1.);
#5613=VECTOR('',#7321,1.);
#5614=VECTOR('',#7322,1.);
#5615=VECTOR('',#7325,1.);
#5616=VECTOR('',#7342,1.);
#5617=VECTOR('',#7343,1.);
#5618=VECTOR('',#7352,1.);
#5619=VECTOR('',#7353,1.);
#5620=VECTOR('',#7356,1.);
#5621=VECTOR('',#7357,1.);
#5622=VECTOR('',#7358,1.);
#5623=VECTOR('',#7361,1.);
#5624=VECTOR('',#7378,1.);
#5625=VECTOR('',#7379,1.);
#5626=VECTOR('',#7418,1.);
#5627=VECTOR('',#7419,1.);
#5628=VECTOR('',#7422,1.);
#5629=VECTOR('',#7425,1.);
#5630=VECTOR('',#7430,1.);
#5631=VECTOR('',#7431,1.);
#5632=VECTOR('',#7434,1.);
#5633=VECTOR('',#7437,1.);
#5634=VECTOR('',#7442,1.);
#5635=VECTOR('',#7443,1.);
#5636=VECTOR('',#7446,1.);
#5637=VECTOR('',#7449,1.);
#5638=VECTOR('',#7454,1.);
#5639=VECTOR('',#7455,1.);
#5640=VECTOR('',#7458,1.);
#5641=VECTOR('',#7461,1.);
#5642=VECTOR('',#7468,1.);
#5643=VECTOR('',#7469,1.);
#5644=VECTOR('',#7470,1.);
#5645=VECTOR('',#7473,1.);
#5646=VECTOR('',#7474,1.);
#5647=VECTOR('',#7477,1.);
#5648=VECTOR('',#7480,1.);
#5649=VECTOR('',#7481,1.);
#5650=VECTOR('',#7482,1.);
#5651=VECTOR('',#7485,1.);
#5652=VECTOR('',#7488,1.);
#5653=VECTOR('',#7489,1.);
#5654=VECTOR('',#7492,1.);
#5655=VECTOR('',#7493,1.);
#5656=VECTOR('',#7494,1.);
#5657=VECTOR('',#7495,1.);
#5658=VECTOR('',#7496,1.);
#5659=VECTOR('',#7497,1.);
#5660=VECTOR('',#7500,1.);
#5661=VECTOR('',#7501,1.);
#5662=VECTOR('',#7502,1.);
#5663=VECTOR('',#7505,1.);
#5664=VECTOR('',#7506,1.);
#5665=VECTOR('',#7507,1.);
#5666=VECTOR('',#7508,1.);
#5667=VECTOR('',#7509,1.);
#5668=VECTOR('',#7512,1.);
#5669=VECTOR('',#7513,1.);
#5670=VECTOR('',#7514,1.);
#5671=VECTOR('',#7515,1.);
#5672=VECTOR('',#7516,1.);
#5673=VECTOR('',#7519,1.);
#5674=VECTOR('',#7522,1.);
#5675=VECTOR('',#7525,1.);
#5676=VECTOR('',#7526,1.);
#5677=VECTOR('',#7529,1.);
#5678=VECTOR('',#7532,1.);
#5679=VECTOR('',#7533,1.);
#5680=VECTOR('',#7534,1.);
#5681=VECTOR('',#7535,1.);
#5682=VECTOR('',#7538,1.);
#5683=VECTOR('',#7539,1.);
#5684=VECTOR('',#7540,1.);
#5685=VECTOR('',#7541,1.);
#5686=VECTOR('',#7542,1.);
#5687=VECTOR('',#7549,1.);
#5688=VECTOR('',#7550,1.);
#5689=VECTOR('',#7551,1.);
#5690=VECTOR('',#7554,1.);
#5691=VECTOR('',#7555,1.);
#5692=VECTOR('',#7558,1.);
#5693=VECTOR('',#7559,1.);
#5694=VECTOR('',#7562,1.);
#5695=VECTOR('',#7565,1.);
#5696=VECTOR('',#7568,1.);
#5697=VECTOR('',#7571,1.);
#5698=VECTOR('',#7572,1.);
#5699=VECTOR('',#7577,1.);
#5700=VECTOR('',#7580,1.);
#5701=VECTOR('',#7581,1.);
#5702=VECTOR('',#7584,1.);
#5703=VECTOR('',#7587,1.);
#5704=VECTOR('',#7590,1.);
#5705=VECTOR('',#7591,1.);
#5706=VECTOR('',#7594,1.);
#5707=VECTOR('',#7595,1.);
#5708=VECTOR('',#7598,1.);
#5709=VECTOR('',#7601,1.);
#5710=VECTOR('',#7604,1.);
#5711=VECTOR('',#7605,1.);
#5712=VECTOR('',#7608,1.);
#5713=VECTOR('',#7609,1.);
#5714=VECTOR('',#7614,1.);
#5715=VECTOR('',#7631,1.);
#5716=VECTOR('',#7634,1.);
#5717=VECTOR('',#7637,1.);
#5718=VECTOR('',#7638,1.);
#5719=VECTOR('',#7641,1.);
#5720=VECTOR('',#7642,1.);
#5721=VECTOR('',#7661,1.);
#5722=VECTOR('',#7662,1.);
#5723=VECTOR('',#7663,1.);
#5724=VECTOR('',#7666,1.);
#5725=VECTOR('',#7669,1.);
#5726=VECTOR('',#7670,1.);
#5727=VECTOR('',#7671,1.);
#5728=VECTOR('',#7672,1.);
#5729=VECTOR('',#7675,1.);
#5730=VECTOR('',#7676,1.);
#5731=VECTOR('',#7677,1.);
#5732=VECTOR('',#7678,1.);
#5733=VECTOR('',#7683,1.);
#5734=VECTOR('',#7684,1.);
#5735=VECTOR('',#7685,1.);
#5736=VECTOR('',#7686,1.);
#5737=VECTOR('',#7687,1.);
#5738=VECTOR('',#7692,1.);
#5739=VECTOR('',#7695,1.);
#5740=VECTOR('',#7698,1.);
#5741=VECTOR('',#7699,1.);
#5742=VECTOR('',#7702,1.);
#5743=VECTOR('',#7703,1.);
#5744=VECTOR('',#7706,1.);
#5745=VECTOR('',#7707,1.);
#5746=VECTOR('',#7712,1.);
#5747=VECTOR('',#7713,1.);
#5748=VECTOR('',#7714,1.);
#5749=VECTOR('',#7717,1.);
#5750=VECTOR('',#7720,1.);
#5751=VECTOR('',#7721,1.);
#5752=VECTOR('',#7722,1.);
#5753=VECTOR('',#7723,1.);
#5754=VECTOR('',#7726,1.);
#5755=VECTOR('',#7727,1.);
#5756=VECTOR('',#7730,1.);
#5757=VECTOR('',#7731,1.);
#5758=VECTOR('',#7736,1.);
#5759=VECTOR('',#7743,1.);
#5760=VECTOR('',#7764,1.);
#5761=VECTOR('',#7765,1.);
#5762=VECTOR('',#7766,1.);
#5763=VECTOR('',#7767,1.);
#5764=VECTOR('',#7770,1.);
#5765=VECTOR('',#7771,1.);
#5766=VECTOR('',#7772,1.);
#5767=VECTOR('',#7773,1.);
#5768=VECTOR('',#7776,1.);
#5769=VECTOR('',#7777,1.);
#5770=VECTOR('',#7778,1.);
#5771=VECTOR('',#7779,1.);
#5772=VECTOR('',#7782,1.);
#5773=VECTOR('',#7783,1.);
#5774=VECTOR('',#7784,1.);
#5775=VECTOR('',#7785,1.);
#5776=VECTOR('',#7802,1.);
#5777=VECTOR('',#7803,1.);
#5778=VECTOR('',#7804,1.);
#5779=VECTOR('',#7805,1.);
#5780=VECTOR('',#7806,1.);
#5781=VECTOR('',#7807,1.);
#5782=VECTOR('',#7808,1.);
#5783=VECTOR('',#7809,1.);
#5784=VECTOR('',#7810,1.);
#5785=VECTOR('',#7811,1.);
#5786=VECTOR('',#7812,1.);
#5787=VECTOR('',#7813,1.);
#5788=VECTOR('',#7814,1.);
#5789=VECTOR('',#7815,1.);
#5790=VECTOR('',#7816,1.);
#5791=VECTOR('',#7817,1.);
#5792=VECTOR('',#7832,1.);
#5793=VECTOR('',#7833,1.);
#5794=VECTOR('',#7834,1.);
#5795=VECTOR('',#7835,1.);
#5796=VECTOR('',#7838,1.);
#5797=VECTOR('',#7839,1.);
#5798=VECTOR('',#7840,1.);
#5799=VECTOR('',#7841,1.);
#5800=VECTOR('',#7842,1.);
#5801=VECTOR('',#7843,1.);
#5802=VECTOR('',#7846,1.);
#5803=VECTOR('',#7847,1.);
#5804=VECTOR('',#7850,1.);
#5805=VECTOR('',#7851,1.);
#5806=VECTOR('',#7852,1.);
#5807=VECTOR('',#7853,1.);
#5808=VECTOR('',#7854,1.);
#5809=VECTOR('',#7857,1.);
#5810=VECTOR('',#7860,1.);
#5811=VECTOR('',#7861,1.);
#5812=VECTOR('',#7862,1.);
#5813=VECTOR('',#7863,1.);
#5814=VECTOR('',#7866,1.);
#5815=VECTOR('',#7867,1.);
#5816=VECTOR('',#7868,1.);
#5817=VECTOR('',#7869,1.);
#5818=VECTOR('',#7870,1.);
#5819=VECTOR('',#7871,1.);
#5820=VECTOR('',#7874,1.);
#5821=VECTOR('',#7875,1.);
#5822=VECTOR('',#7876,1.);
#5823=VECTOR('',#7877,1.);
#5824=VECTOR('',#7878,1.);
#5825=VECTOR('',#7879,1.);
#5826=VECTOR('',#7882,1.);
#5827=VECTOR('',#7885,1.);
#5828=VECTOR('',#7888,1.);
#5829=VECTOR('',#7889,1.);
#5830=VECTOR('',#7890,1.);
#5831=VECTOR('',#7891,1.);
#5832=VECTOR('',#7894,1.);
#5833=VECTOR('',#7895,1.);
#5834=VECTOR('',#7896,1.);
#5835=VECTOR('',#7897,1.);
#5836=VECTOR('',#7898,1.);
#5837=VECTOR('',#7899,1.);
#5838=VECTOR('',#7902,1.);
#5839=VECTOR('',#7903,1.);
#5840=VECTOR('',#7904,1.);
#5841=VECTOR('',#7905,1.);
#5842=VECTOR('',#7906,1.);
#5843=VECTOR('',#7907,1.);
#5844=VECTOR('',#7910,1.);
#5845=VECTOR('',#7913,1.);
#5846=VECTOR('',#7916,1.);
#5847=VECTOR('',#7917,1.);
#5848=VECTOR('',#7918,1.);
#5849=VECTOR('',#7919,1.);
#5850=VECTOR('',#7922,1.);
#5851=VECTOR('',#7923,1.);
#5852=VECTOR('',#7924,1.);
#5853=VECTOR('',#7925,1.);
#5854=VECTOR('',#7926,1.);
#5855=VECTOR('',#7927,1.);
#5856=VECTOR('',#7930,1.);
#5857=VECTOR('',#7931,1.);
#5858=VECTOR('',#7932,1.);
#5859=VECTOR('',#7933,1.);
#5860=VECTOR('',#7934,1.);
#5861=VECTOR('',#7935,1.);
#5862=VECTOR('',#7938,1.);
#5863=VECTOR('',#7941,1.);
#5864=VECTOR('',#7956,1.);
#5865=VECTOR('',#7957,1.);
#5866=VECTOR('',#7962,1.);
#5867=VECTOR('',#7963,1.);
#5868=VECTOR('',#7968,1.);
#5869=VECTOR('',#7969,1.);
#5870=VECTOR('',#7974,1.);
#5871=VECTOR('',#7975,1.);
#5872=AXIS2_PLACEMENT_3D('',#7996,#6377,#6378);
#5873=AXIS2_PLACEMENT_3D('',#8037,#6401,#6402);
#5874=AXIS2_PLACEMENT_3D('',#8043,#6405,#6406);
#5875=AXIS2_PLACEMENT_3D('',#8047,#6408,#6409);
#5876=AXIS2_PLACEMENT_3D('',#8055,#6413,#6414);
#5877=AXIS2_PLACEMENT_3D('',#8061,#6417,#6418);
#5878=AXIS2_PLACEMENT_3D('',#8065,#6420,#6421);
#5879=AXIS2_PLACEMENT_3D('',#8068,#6423,#6424);
#5880=AXIS2_PLACEMENT_3D('',#8071,#6426,#6427);
#5881=AXIS2_PLACEMENT_3D('',#8076,#6430,#6431);
#5882=AXIS2_PLACEMENT_3D('',#8077,#6432,#6433);
#5883=AXIS2_PLACEMENT_3D('',#8080,#6436,#6437);
#5884=AXIS2_PLACEMENT_3D('',#8098,#6447,#6448);
#5885=AXIS2_PLACEMENT_3D('',#8102,#6450,#6451);
#5886=AXIS2_PLACEMENT_3D('',#8106,#6453,#6454);
#5887=AXIS2_PLACEMENT_3D('',#8116,#6460,#6461);
#5888=AXIS2_PLACEMENT_3D('',#8122,#6464,#6465);
#5889=AXIS2_PLACEMENT_3D('',#8126,#6467,#6468);
#5890=AXIS2_PLACEMENT_3D('',#8131,#6471,#6472);
#5891=AXIS2_PLACEMENT_3D('',#8135,#6474,#6475);
#5892=AXIS2_PLACEMENT_3D('',#8138,#6477,#6478);
#5893=AXIS2_PLACEMENT_3D('',#8144,#6482,#6483);
#5894=AXIS2_PLACEMENT_3D('',#8150,#6487,#6488);
#5895=AXIS2_PLACEMENT_3D('',#8153,#6490,#6491);
#5896=AXIS2_PLACEMENT_3D('',#8157,#6493,#6494);
#5897=AXIS2_PLACEMENT_3D('',#8159,#6496,#6497);
#5898=AXIS2_PLACEMENT_3D('',#8163,#6499,#6500);
#5899=AXIS2_PLACEMENT_3D('',#8166,#6502,#6503);
#5900=AXIS2_PLACEMENT_3D('',#8168,#6505,#6506);
#5901=AXIS2_PLACEMENT_3D('',#8169,#6507,#6508);
#5902=AXIS2_PLACEMENT_3D('',#8170,#6509,#6510);
#5903=AXIS2_PLACEMENT_3D('',#8173,#6512,#6513);
#5904=AXIS2_PLACEMENT_3D('',#8176,#6515,#6516);
#5905=AXIS2_PLACEMENT_3D('',#8177,#6517,#6518);
#5906=AXIS2_PLACEMENT_3D('',#8179,#6520,#6521);
#5907=AXIS2_PLACEMENT_3D('',#8194,#6530,#6531);
#5908=AXIS2_PLACEMENT_3D('',#8195,#6532,#6533);
#5909=AXIS2_PLACEMENT_3D('',#8197,#6534,#6535);
#5910=AXIS2_PLACEMENT_3D('',#8199,#6536,#6537);
#5911=AXIS2_PLACEMENT_3D('',#8202,#6539,#6540);
#5912=AXIS2_PLACEMENT_3D('',#8205,#6542,#6543);
#5913=AXIS2_PLACEMENT_3D('',#8206,#6544,#6545);
#5914=AXIS2_PLACEMENT_3D('',#8209,#6547,#6548);
#5915=AXIS2_PLACEMENT_3D('',#8212,#6550,#6551);
#5916=AXIS2_PLACEMENT_3D('',#8216,#6553,#6554);
#5917=AXIS2_PLACEMENT_3D('',#8222,#6558,#6559);
#5918=AXIS2_PLACEMENT_3D('',#8224,#6561,#6562);
#5919=AXIS2_PLACEMENT_3D('',#8230,#6566,#6567);
#5920=AXIS2_PLACEMENT_3D('',#8231,#6568,#6569);
#5921=AXIS2_PLACEMENT_3D('',#8233,#6570,#6571);
#5922=AXIS2_PLACEMENT_3D('',#8276,#6575,#6576);
#5923=AXIS2_PLACEMENT_3D('',#8280,#6578,#6579);
#5924=AXIS2_PLACEMENT_3D('',#8284,#6581,#6582);
#5925=AXIS2_PLACEMENT_3D('',#8288,#6584,#6585);
#5926=AXIS2_PLACEMENT_3D('',#8292,#6587,#6588);
#5927=AXIS2_PLACEMENT_3D('',#8296,#6590,#6591);
#5928=AXIS2_PLACEMENT_3D('',#8297,#6592,#6593);
#5929=AXIS2_PLACEMENT_3D('',#8298,#6594,#6595);
#5930=AXIS2_PLACEMENT_3D('',#8300,#6596,#6597);
#5931=AXIS2_PLACEMENT_3D('',#8302,#6598,#6599);
#5932=AXIS2_PLACEMENT_3D('',#8303,#6600,#6601);
#5933=AXIS2_PLACEMENT_3D('',#8306,#6602,#6603);
#5934=AXIS2_PLACEMENT_3D('',#8309,#6605,#6606);
#5935=AXIS2_PLACEMENT_3D('',#8315,#6610,#6611);
#5936=AXIS2_PLACEMENT_3D('',#8316,#6612,#6613);
#5937=AXIS2_PLACEMENT_3D('',#8318,#6614,#6615);
#5938=AXIS2_PLACEMENT_3D('',#8319,#6616,#6617);
#5939=AXIS2_PLACEMENT_3D('',#8324,#6620,#6621);
#5940=AXIS2_PLACEMENT_3D('',#8328,#6623,#6624);
#5941=AXIS2_PLACEMENT_3D('',#8329,#6625,#6626);
#5942=AXIS2_PLACEMENT_3D('',#8330,#6627,#6628);
#5943=AXIS2_PLACEMENT_3D('',#8334,#6630,#6631);
#5944=AXIS2_PLACEMENT_3D('',#8338,#6633,#6634);
#5945=AXIS2_PLACEMENT_3D('',#8342,#6636,#6637);
#5946=AXIS2_PLACEMENT_3D('',#8343,#6638,#6639);
#5947=AXIS2_PLACEMENT_3D('',#8345,#6640,#6641);
#5948=AXIS2_PLACEMENT_3D('',#8347,#6642,#6643);
#5949=AXIS2_PLACEMENT_3D('',#8348,#6644,#6645);
#5950=AXIS2_PLACEMENT_3D('',#8350,#6646,#6647);
#5951=AXIS2_PLACEMENT_3D('',#8351,#6648,#6649);
#5952=AXIS2_PLACEMENT_3D('',#8353,#6650,#6651);
#5953=AXIS2_PLACEMENT_3D('',#8359,#6655,#6656);
#5954=AXIS2_PLACEMENT_3D('',#8362,#6658,#6659);
#5955=AXIS2_PLACEMENT_3D('',#8363,#6660,#6661);
#5956=AXIS2_PLACEMENT_3D('',#8367,#6664,#6665);
#5957=AXIS2_PLACEMENT_3D('',#8370,#6667,#6668);
#5958=AXIS2_PLACEMENT_3D('',#8371,#6669,#6670);
#5959=AXIS2_PLACEMENT_3D('',#8375,#6673,#6674);
#5960=AXIS2_PLACEMENT_3D('',#8376,#6675,#6676);
#5961=AXIS2_PLACEMENT_3D('',#8377,#6677,#6678);
#5962=AXIS2_PLACEMENT_3D('',#8378,#6679,#6680);
#5963=AXIS2_PLACEMENT_3D('',#8379,#6681,#6682);
#5964=AXIS2_PLACEMENT_3D('',#8380,#6683,#6684);
#5965=AXIS2_PLACEMENT_3D('',#8381,#6685,#6686);
#5966=AXIS2_PLACEMENT_3D('',#8382,#6687,#6688);
#5967=AXIS2_PLACEMENT_3D('',#8383,#6689,#6690);
#5968=AXIS2_PLACEMENT_3D('',#8384,#6691,#6692);
#5969=AXIS2_PLACEMENT_3D('',#8385,#6693,#6694);
#5970=AXIS2_PLACEMENT_3D('',#8386,#6695,#6696);
#5971=AXIS2_PLACEMENT_3D('',#8405,#6697,#6698);
#5972=AXIS2_PLACEMENT_3D('',#8406,#6699,#6700);
#5973=AXIS2_PLACEMENT_3D('',#8407,#6701,#6702);
#5974=AXIS2_PLACEMENT_3D('',#8408,#6703,#6704);
#5975=AXIS2_PLACEMENT_3D('',#8409,#6705,#6706);
#5976=AXIS2_PLACEMENT_3D('',#8428,#6707,#6708);
#5977=AXIS2_PLACEMENT_3D('',#8447,#6709,#6710);
#5978=AXIS2_PLACEMENT_3D('',#8448,#6711,#6712);
#5979=AXIS2_PLACEMENT_3D('',#8449,#6713,#6714);
#5980=AXIS2_PLACEMENT_3D('',#8450,#6715,#6716);
#5981=AXIS2_PLACEMENT_3D('',#8469,#6717,#6718);
#5982=AXIS2_PLACEMENT_3D('',#8470,#6719,#6720);
#5983=AXIS2_PLACEMENT_3D('',#8471,#6721,#6722);
#5984=AXIS2_PLACEMENT_3D('',#8472,#6723,#6724);
#5985=AXIS2_PLACEMENT_3D('',#8491,#6725,#6726);
#5986=AXIS2_PLACEMENT_3D('',#8492,#6727,#6728);
#5987=AXIS2_PLACEMENT_3D('',#8493,#6729,#6730);
#5988=AXIS2_PLACEMENT_3D('',#8512,#6731,#6732);
#5989=AXIS2_PLACEMENT_3D('',#8531,#6733,#6734);
#5990=AXIS2_PLACEMENT_3D('',#8532,#6735,#6736);
#5991=AXIS2_PLACEMENT_3D('',#8533,#6737,#6738);
#5992=AXIS2_PLACEMENT_3D('',#8534,#6739,#6740);
#5993=AXIS2_PLACEMENT_3D('',#8661,#6741,#6742);
#5994=AXIS2_PLACEMENT_3D('',#8663,#6743,#6744);
#5995=AXIS2_PLACEMENT_3D('',#8664,#6745,#6746);
#5996=AXIS2_PLACEMENT_3D('',#8666,#6747,#6748);
#5997=AXIS2_PLACEMENT_3D('',#8667,#6749,#6750);
#5998=AXIS2_PLACEMENT_3D('',#8669,#6751,#6752);
#5999=AXIS2_PLACEMENT_3D('',#8670,#6753,#6754);
#6000=AXIS2_PLACEMENT_3D('',#8672,#6755,#6756);
#6001=AXIS2_PLACEMENT_3D('',#8673,#6757,#6758);
#6002=AXIS2_PLACEMENT_3D('',#8674,#6759,#6760);
#6003=AXIS2_PLACEMENT_3D('',#8675,#6761,#6762);
#6004=AXIS2_PLACEMENT_3D('',#8678,#6764,#6765);
#6005=AXIS2_PLACEMENT_3D('',#8681,#6767,#6768);
#6006=AXIS2_PLACEMENT_3D('',#8682,#6769,#6770);
#6007=AXIS2_PLACEMENT_3D('',#8684,#6772,#6773);
#6008=AXIS2_PLACEMENT_3D('',#8685,#6774,#6775);
#6009=AXIS2_PLACEMENT_3D('',#8687,#6777,#6778);
#6010=AXIS2_PLACEMENT_3D('',#8689,#6780,#6781);
#6011=AXIS2_PLACEMENT_3D('',#8691,#6783,#6784);
#6012=AXIS2_PLACEMENT_3D('',#8693,#6786,#6787);
#6013=AXIS2_PLACEMENT_3D('',#8694,#6788,#6789);
#6014=AXIS2_PLACEMENT_3D('',#8695,#6790,#6791);
#6015=AXIS2_PLACEMENT_3D('',#8701,#6795,#6796);
#6016=AXIS2_PLACEMENT_3D('',#8707,#6800,#6801);
#6017=AXIS2_PLACEMENT_3D('',#8713,#6805,#6806);
#6018=AXIS2_PLACEMENT_3D('',#8715,#6808,#6809);
#6019=AXIS2_PLACEMENT_3D('',#8716,#6810,#6811);
#6020=AXIS2_PLACEMENT_3D('',#8717,#6812,#6813);
#6021=AXIS2_PLACEMENT_3D('',#8718,#6814,#6815);
#6022=AXIS2_PLACEMENT_3D('',#8734,#6825,#6826);
#6023=AXIS2_PLACEMENT_3D('',#8740,#6830,#6831);
#6024=AXIS2_PLACEMENT_3D('',#8746,#6835,#6836);
#6025=AXIS2_PLACEMENT_3D('',#8750,#6839,#6840);
#6026=AXIS2_PLACEMENT_3D('',#8752,#6842,#6843);
#6027=AXIS2_PLACEMENT_3D('',#8753,#6844,#6845);
#6028=AXIS2_PLACEMENT_3D('',#8754,#6846,#6847);
#6029=AXIS2_PLACEMENT_3D('',#8758,#6850,#6851);
#6030=AXIS2_PLACEMENT_3D('',#8762,#6854,#6855);
#6031=AXIS2_PLACEMENT_3D('',#8764,#6857,#6858);
#6032=AXIS2_PLACEMENT_3D('',#8765,#6859,#6860);
#6033=AXIS2_PLACEMENT_3D('',#8769,#6863,#6864);
#6034=AXIS2_PLACEMENT_3D('',#8770,#6865,#6866);
#6035=AXIS2_PLACEMENT_3D('',#8772,#6868,#6869);
#6036=AXIS2_PLACEMENT_3D('',#8773,#6870,#6871);
#6037=AXIS2_PLACEMENT_3D('',#8774,#6872,#6873);
#6038=AXIS2_PLACEMENT_3D('',#8775,#6874,#6875);
#6039=AXIS2_PLACEMENT_3D('',#8776,#6876,#6877);
#6040=AXIS2_PLACEMENT_3D('',#8777,#6878,#6879);
#6041=AXIS2_PLACEMENT_3D('',#8786,#6884,#6885);
#6042=AXIS2_PLACEMENT_3D('',#8795,#6890,#6891);
#6043=AXIS2_PLACEMENT_3D('',#8828,#6908,#6909);
#6044=AXIS2_PLACEMENT_3D('',#8830,#6910,#6911);
#6045=AXIS2_PLACEMENT_3D('',#8837,#6914,#6915);
#6046=AXIS2_PLACEMENT_3D('',#8841,#6917,#6918);
#6047=AXIS2_PLACEMENT_3D('',#8847,#6921,#6922);
#6048=AXIS2_PLACEMENT_3D('',#8859,#6928,#6929);
#6049=AXIS2_PLACEMENT_3D('',#8863,#6931,#6932);
#6050=AXIS2_PLACEMENT_3D('',#8877,#6939,#6940);
#6051=AXIS2_PLACEMENT_3D('',#8881,#6942,#6943);
#6052=AXIS2_PLACEMENT_3D('',#8887,#6946,#6947);
#6053=AXIS2_PLACEMENT_3D('',#8888,#6948,#6949);
#6054=AXIS2_PLACEMENT_3D('',#8921,#6966,#6967);
#6055=AXIS2_PLACEMENT_3D('',#8923,#6968,#6969);
#6056=AXIS2_PLACEMENT_3D('',#8928,#6971,#6972);
#6057=AXIS2_PLACEMENT_3D('',#8930,#6973,#6974);
#6058=AXIS2_PLACEMENT_3D('',#8932,#6975,#6976);
#6059=AXIS2_PLACEMENT_3D('',#8944,#6982,#6983);
#6060=AXIS2_PLACEMENT_3D('',#8948,#6985,#6986);
#6061=AXIS2_PLACEMENT_3D('',#8960,#6992,#6993);
#6062=AXIS2_PLACEMENT_3D('',#8962,#6994,#6995);
#6063=AXIS2_PLACEMENT_3D('',#8964,#6996,#6997);
#6064=AXIS2_PLACEMENT_3D('',#8970,#7000,#7001);
#6065=AXIS2_PLACEMENT_3D('',#8976,#7004,#7005);
#6066=AXIS2_PLACEMENT_3D('',#8980,#7007,#7008);
#6067=AXIS2_PLACEMENT_3D('',#8986,#7011,#7012);
#6068=AXIS2_PLACEMENT_3D('',#8992,#7015,#7016);
#6069=AXIS2_PLACEMENT_3D('',#8996,#7018,#7019);
#6070=AXIS2_PLACEMENT_3D('',#9001,#7022,#7023);
#6071=AXIS2_PLACEMENT_3D('',#9006,#7026,#7027);
#6072=AXIS2_PLACEMENT_3D('',#9010,#7029,#7030);
#6073=AXIS2_PLACEMENT_3D('',#9018,#7034,#7035);
#6074=AXIS2_PLACEMENT_3D('',#9022,#7037,#7038);
#6075=AXIS2_PLACEMENT_3D('',#9023,#7039,#7040);
#6076=AXIS2_PLACEMENT_3D('',#9031,#7044,#7045);
#6077=AXIS2_PLACEMENT_3D('',#9035,#7047,#7048);
#6078=AXIS2_PLACEMENT_3D('',#9043,#7052,#7053);
#6079=AXIS2_PLACEMENT_3D('',#9047,#7055,#7056);
#6080=AXIS2_PLACEMENT_3D('',#9048,#7057,#7058);
#6081=AXIS2_PLACEMENT_3D('',#9051,#7061,#7062);
#6082=AXIS2_PLACEMENT_3D('',#9054,#7065,#7066);
#6083=AXIS2_PLACEMENT_3D('',#9055,#7067,#7068);
#6084=AXIS2_PLACEMENT_3D('',#9056,#7069,#7070);
#6085=AXIS2_PLACEMENT_3D('',#9057,#7071,#7072);
#6086=AXIS2_PLACEMENT_3D('',#9058,#7073,#7074);
#6087=AXIS2_PLACEMENT_3D('',#9059,#7075,#7076);
#6088=AXIS2_PLACEMENT_3D('',#9060,#7077,#7078);
#6089=AXIS2_PLACEMENT_3D('',#9066,#7082,#7083);
#6090=AXIS2_PLACEMENT_3D('',#9075,#7088,#7089);
#6091=AXIS2_PLACEMENT_3D('',#9078,#7092,#7093);
#6092=AXIS2_PLACEMENT_3D('',#9081,#7096,#7097);
#6093=AXIS2_PLACEMENT_3D('',#9084,#7099,#7100);
#6094=AXIS2_PLACEMENT_3D('',#9088,#7102,#7103);
#6095=AXIS2_PLACEMENT_3D('',#9093,#7106,#7107);
#6096=AXIS2_PLACEMENT_3D('',#9097,#7109,#7110);
#6097=AXIS2_PLACEMENT_3D('',#9100,#7112,#7113);
#6098=AXIS2_PLACEMENT_3D('',#9101,#7114,#7115);
#6099=AXIS2_PLACEMENT_3D('',#9104,#7117,#7118);
#6100=AXIS2_PLACEMENT_3D('',#9108,#7121,#7122);
#6101=AXIS2_PLACEMENT_3D('',#9109,#7123,#7124);
#6102=AXIS2_PLACEMENT_3D('',#9110,#7125,#7126);
#6103=AXIS2_PLACEMENT_3D('',#9116,#7130,#7131);
#6104=AXIS2_PLACEMENT_3D('',#9124,#7135,#7136);
#6105=AXIS2_PLACEMENT_3D('',#9128,#7138,#7139);
#6106=AXIS2_PLACEMENT_3D('',#9136,#7143,#7144);
#6107=AXIS2_PLACEMENT_3D('',#9140,#7146,#7147);
#6108=AXIS2_PLACEMENT_3D('',#9141,#7148,#7149);
#6109=AXIS2_PLACEMENT_3D('',#9144,#7152,#7153);
#6110=AXIS2_PLACEMENT_3D('',#9146,#7155,#7156);
#6111=AXIS2_PLACEMENT_3D('',#9148,#7158,#7159);
#6112=AXIS2_PLACEMENT_3D('',#9149,#7160,#7161);
#6113=AXIS2_PLACEMENT_3D('',#9152,#7164,#7165);
#6114=AXIS2_PLACEMENT_3D('',#9155,#7168,#7169);
#6115=AXIS2_PLACEMENT_3D('',#9158,#7172,#7173);
#6116=AXIS2_PLACEMENT_3D('',#9161,#7176,#7177);
#6117=AXIS2_PLACEMENT_3D('',#9163,#7179,#7180);
#6118=AXIS2_PLACEMENT_3D('',#9165,#7182,#7183);
#6119=AXIS2_PLACEMENT_3D('',#9166,#7184,#7185);
#6120=AXIS2_PLACEMENT_3D('',#9169,#7188,#7189);
#6121=AXIS2_PLACEMENT_3D('',#9181,#7197,#7198);
#6122=AXIS2_PLACEMENT_3D('',#9182,#7199,#7200);
#6123=AXIS2_PLACEMENT_3D('',#9184,#7202,#7203);
#6124=AXIS2_PLACEMENT_3D('',#9185,#7204,#7205);
#6125=AXIS2_PLACEMENT_3D('',#9189,#7208,#7209);
#6126=AXIS2_PLACEMENT_3D('',#9193,#7212,#7213);
#6127=AXIS2_PLACEMENT_3D('',#9195,#7215,#7216);
#6128=AXIS2_PLACEMENT_3D('',#9196,#7217,#7218);
#6129=AXIS2_PLACEMENT_3D('',#9199,#7221,#7222);
#6130=AXIS2_PLACEMENT_3D('',#9202,#7225,#7226);
#6131=AXIS2_PLACEMENT_3D('',#9205,#7229,#7230);
#6132=AXIS2_PLACEMENT_3D('',#9206,#7231,#7232);
#6133=AXIS2_PLACEMENT_3D('',#9207,#7233,#7234);
#6134=AXIS2_PLACEMENT_3D('',#9208,#7235,#7236);
#6135=AXIS2_PLACEMENT_3D('',#9210,#7237,#7238);
#6136=AXIS2_PLACEMENT_3D('',#9211,#7239,#7240);
#6137=AXIS2_PLACEMENT_3D('',#9213,#7241,#7242);
#6138=AXIS2_PLACEMENT_3D('',#9214,#7243,#7244);
#6139=AXIS2_PLACEMENT_3D('',#9215,#7245,#7246);
#6140=AXIS2_PLACEMENT_3D('',#9216,#7247,#7248);
#6141=AXIS2_PLACEMENT_3D('',#9217,#7249,#7250);
#6142=AXIS2_PLACEMENT_3D('',#9218,#7251,#7252);
#6143=AXIS2_PLACEMENT_3D('',#9219,#7253,#7254);
#6144=AXIS2_PLACEMENT_3D('',#9220,#7255,#7256);
#6145=AXIS2_PLACEMENT_3D('',#9221,#7257,#7258);
#6146=AXIS2_PLACEMENT_3D('',#9222,#7259,#7260);
#6147=AXIS2_PLACEMENT_3D('',#9223,#7261,#7262);
#6148=AXIS2_PLACEMENT_3D('',#9224,#7263,#7264);
#6149=AXIS2_PLACEMENT_3D('',#9225,#7265,#7266);
#6150=AXIS2_PLACEMENT_3D('',#9226,#7267,#7268);
#6151=AXIS2_PLACEMENT_3D('',#9227,#7269,#7270);
#6152=AXIS2_PLACEMENT_3D('',#9228,#7271,#7272);
#6153=AXIS2_PLACEMENT_3D('',#9229,#7273,#7274);
#6154=AXIS2_PLACEMENT_3D('',#9230,#7275,#7276);
#6155=AXIS2_PLACEMENT_3D('',#9231,#7277,#7278);
#6156=AXIS2_PLACEMENT_3D('',#9232,#7279,#7280);
#6157=AXIS2_PLACEMENT_3D('',#9233,#7281,#7282);
#6158=AXIS2_PLACEMENT_3D('',#9234,#7283,#7284);
#6159=AXIS2_PLACEMENT_3D('',#9235,#7285,#7286);
#6160=AXIS2_PLACEMENT_3D('',#9237,#7288,#7289);
#6161=AXIS2_PLACEMENT_3D('',#9239,#7291,#7292);
#6162=AXIS2_PLACEMENT_3D('',#9240,#7293,#7294);
#6163=AXIS2_PLACEMENT_3D('',#9246,#7298,#7299);
#6164=AXIS2_PLACEMENT_3D('',#9255,#7305,#7306);
#6165=AXIS2_PLACEMENT_3D('',#9259,#7309,#7310);
#6166=AXIS2_PLACEMENT_3D('',#9261,#7312,#7313);
#6167=AXIS2_PLACEMENT_3D('',#9262,#7314,#7315);
#6168=AXIS2_PLACEMENT_3D('',#9266,#7318,#7319);
#6169=AXIS2_PLACEMENT_3D('',#9272,#7323,#7324);
#6170=AXIS2_PLACEMENT_3D('',#9274,#7326,#7327);
#6171=AXIS2_PLACEMENT_3D('',#9275,#7328,#7329);
#6172=AXIS2_PLACEMENT_3D('',#9277,#7330,#7331);
#6173=AXIS2_PLACEMENT_3D('',#9279,#7332,#7333);
#6174=AXIS2_PLACEMENT_3D('',#9281,#7334,#7335);
#6175=AXIS2_PLACEMENT_3D('',#9282,#7336,#7337);
#6176=AXIS2_PLACEMENT_3D('',#9283,#7338,#7339);
#6177=AXIS2_PLACEMENT_3D('',#9285,#7340,#7341);
#6178=AXIS2_PLACEMENT_3D('',#9288,#7344,#7345);
#6179=AXIS2_PLACEMENT_3D('',#9289,#7346,#7347);
#6180=AXIS2_PLACEMENT_3D('',#9290,#7348,#7349);
#6181=AXIS2_PLACEMENT_3D('',#9291,#7350,#7351);
#6182=AXIS2_PLACEMENT_3D('',#9295,#7354,#7355);
#6183=AXIS2_PLACEMENT_3D('',#9301,#7359,#7360);
#6184=AXIS2_PLACEMENT_3D('',#9303,#7362,#7363);
#6185=AXIS2_PLACEMENT_3D('',#9304,#7364,#7365);
#6186=AXIS2_PLACEMENT_3D('',#9306,#7366,#7367);
#6187=AXIS2_PLACEMENT_3D('',#9308,#7368,#7369);
#6188=AXIS2_PLACEMENT_3D('',#9310,#7370,#7371);
#6189=AXIS2_PLACEMENT_3D('',#9311,#7372,#7373);
#6190=AXIS2_PLACEMENT_3D('',#9312,#7374,#7375);
#6191=AXIS2_PLACEMENT_3D('',#9314,#7376,#7377);
#6192=AXIS2_PLACEMENT_3D('',#9317,#7380,#7381);
#6193=AXIS2_PLACEMENT_3D('',#9318,#7382,#7383);
#6194=AXIS2_PLACEMENT_3D('',#9319,#7384,#7385);
#6195=AXIS2_PLACEMENT_3D('',#9320,#7386,#7387);
#6196=AXIS2_PLACEMENT_3D('',#9322,#7388,#7389);
#6197=AXIS2_PLACEMENT_3D('',#9323,#7390,#7391);
#6198=AXIS2_PLACEMENT_3D('',#9325,#7392,#7393);
#6199=AXIS2_PLACEMENT_3D('',#9326,#7394,#7395);
#6200=AXIS2_PLACEMENT_3D('',#9328,#7396,#7397);
#6201=AXIS2_PLACEMENT_3D('',#9329,#7398,#7399);
#6202=AXIS2_PLACEMENT_3D('',#9331,#7400,#7401);
#6203=AXIS2_PLACEMENT_3D('',#9332,#7402,#7403);
#6204=AXIS2_PLACEMENT_3D('',#9333,#7404,#7405);
#6205=AXIS2_PLACEMENT_3D('',#9334,#7406,#7407);
#6206=AXIS2_PLACEMENT_3D('',#9336,#7408,#7409);
#6207=AXIS2_PLACEMENT_3D('',#9337,#7410,#7411);
#6208=AXIS2_PLACEMENT_3D('',#9338,#7412,#7413);
#6209=AXIS2_PLACEMENT_3D('',#9340,#7414,#7415);
#6210=AXIS2_PLACEMENT_3D('',#9341,#7416,#7417);
#6211=AXIS2_PLACEMENT_3D('',#9344,#7420,#7421);
#6212=AXIS2_PLACEMENT_3D('',#9346,#7423,#7424);
#6213=AXIS2_PLACEMENT_3D('',#9348,#7426,#7427);
#6214=AXIS2_PLACEMENT_3D('',#9349,#7428,#7429);
#6215=AXIS2_PLACEMENT_3D('',#9352,#7432,#7433);
#6216=AXIS2_PLACEMENT_3D('',#9354,#7435,#7436);
#6217=AXIS2_PLACEMENT_3D('',#9356,#7438,#7439);
#6218=AXIS2_PLACEMENT_3D('',#9357,#7440,#7441);
#6219=AXIS2_PLACEMENT_3D('',#9360,#7444,#7445);
#6220=AXIS2_PLACEMENT_3D('',#9362,#7447,#7448);
#6221=AXIS2_PLACEMENT_3D('',#9364,#7450,#7451);
#6222=AXIS2_PLACEMENT_3D('',#9365,#7452,#7453);
#6223=AXIS2_PLACEMENT_3D('',#9368,#7456,#7457);
#6224=AXIS2_PLACEMENT_3D('',#9370,#7459,#7460);
#6225=AXIS2_PLACEMENT_3D('',#9372,#7462,#7463);
#6226=AXIS2_PLACEMENT_3D('',#9373,#7464,#7465);
#6227=AXIS2_PLACEMENT_3D('',#9374,#7466,#7467);
#6228=AXIS2_PLACEMENT_3D('',#9383,#7471,#7472);
#6229=AXIS2_PLACEMENT_3D('',#9389,#7475,#7476);
#6230=AXIS2_PLACEMENT_3D('',#9393,#7478,#7479);
#6231=AXIS2_PLACEMENT_3D('',#9401,#7483,#7484);
#6232=AXIS2_PLACEMENT_3D('',#9405,#7486,#7487);
#6233=AXIS2_PLACEMENT_3D('',#9410,#7490,#7491);
#6234=AXIS2_PLACEMENT_3D('',#9424,#7498,#7499);
#6235=AXIS2_PLACEMENT_3D('',#9430,#7503,#7504);
#6236=AXIS2_PLACEMENT_3D('',#9440,#7510,#7511);
#6237=AXIS2_PLACEMENT_3D('',#9450,#7517,#7518);
#6238=AXIS2_PLACEMENT_3D('',#9452,#7520,#7521);
#6239=AXIS2_PLACEMENT_3D('',#9456,#7523,#7524);
#6240=AXIS2_PLACEMENT_3D('',#9461,#7527,#7528);
#6241=AXIS2_PLACEMENT_3D('',#9465,#7530,#7531);
#6242=AXIS2_PLACEMENT_3D('',#9474,#7536,#7537);
#6243=AXIS2_PLACEMENT_3D('',#9485,#7543,#7544);
#6244=AXIS2_PLACEMENT_3D('',#9486,#7545,#7546);
#6245=AXIS2_PLACEMENT_3D('',#9488,#7547,#7548);
#6246=AXIS2_PLACEMENT_3D('',#9494,#7552,#7553);
#6247=AXIS2_PLACEMENT_3D('',#9500,#7556,#7557);
#6248=AXIS2_PLACEMENT_3D('',#9505,#7560,#7561);
#6249=AXIS2_PLACEMENT_3D('',#9507,#7563,#7564);
#6250=AXIS2_PLACEMENT_3D('',#9510,#7566,#7567);
#6251=AXIS2_PLACEMENT_3D('',#9512,#7569,#7570);
#6252=AXIS2_PLACEMENT_3D('',#9515,#7573,#7574);
#6253=AXIS2_PLACEMENT_3D('',#9516,#7575,#7576);
#6254=AXIS2_PLACEMENT_3D('',#9518,#7578,#7579);
#6255=AXIS2_PLACEMENT_3D('',#9521,#7582,#7583);
#6256=AXIS2_PLACEMENT_3D('',#9523,#7585,#7586);
#6257=AXIS2_PLACEMENT_3D('',#9526,#7588,#7589);
#6258=AXIS2_PLACEMENT_3D('',#9531,#7592,#7593);
#6259=AXIS2_PLACEMENT_3D('',#9534,#7596,#7597);
#6260=AXIS2_PLACEMENT_3D('',#9536,#7599,#7600);
#6261=AXIS2_PLACEMENT_3D('',#9538,#7602,#7603);
#6262=AXIS2_PLACEMENT_3D('',#9542,#7606,#7607);
#6263=AXIS2_PLACEMENT_3D('',#9546,#7610,#7611);
#6264=AXIS2_PLACEMENT_3D('',#9547,#7612,#7613);
#6265=AXIS2_PLACEMENT_3D('',#9549,#7615,#7616);
#6266=AXIS2_PLACEMENT_3D('',#9550,#7617,#7618);
#6267=AXIS2_PLACEMENT_3D('',#9552,#7619,#7620);
#6268=AXIS2_PLACEMENT_3D('',#9553,#7621,#7622);
#6269=AXIS2_PLACEMENT_3D('',#9555,#7623,#7624);
#6270=AXIS2_PLACEMENT_3D('',#9556,#7625,#7626);
#6271=AXIS2_PLACEMENT_3D('',#9558,#7627,#7628);
#6272=AXIS2_PLACEMENT_3D('',#9559,#7629,#7630);
#6273=AXIS2_PLACEMENT_3D('',#9561,#7632,#7633);
#6274=AXIS2_PLACEMENT_3D('',#9563,#7635,#7636);
#6275=AXIS2_PLACEMENT_3D('',#9566,#7639,#7640);
#6276=AXIS2_PLACEMENT_3D('',#9569,#7643,#7644);
#6277=AXIS2_PLACEMENT_3D('',#9570,#7645,#7646);
#6278=AXIS2_PLACEMENT_3D('',#9571,#7647,#7648);
#6279=AXIS2_PLACEMENT_3D('',#9572,#7649,#7650);
#6280=AXIS2_PLACEMENT_3D('',#9573,#7651,#7652);
#6281=AXIS2_PLACEMENT_3D('',#9574,#7653,#7654);
#6282=AXIS2_PLACEMENT_3D('',#9575,#7655,#7656);
#6283=AXIS2_PLACEMENT_3D('',#9576,#7657,#7658);
#6284=AXIS2_PLACEMENT_3D('',#9577,#7659,#7660);
#6285=AXIS2_PLACEMENT_3D('',#9586,#7664,#7665);
#6286=AXIS2_PLACEMENT_3D('',#9589,#7667,#7668);
#6287=AXIS2_PLACEMENT_3D('',#9598,#7673,#7674);
#6288=AXIS2_PLACEMENT_3D('',#9607,#7679,#7680);
#6289=AXIS2_PLACEMENT_3D('',#9608,#7681,#7682);
#6290=AXIS2_PLACEMENT_3D('',#9620,#7688,#7689);
#6291=AXIS2_PLACEMENT_3D('',#9621,#7690,#7691);
#6292=AXIS2_PLACEMENT_3D('',#9625,#7693,#7694);
#6293=AXIS2_PLACEMENT_3D('',#9629,#7696,#7697);
#6294=AXIS2_PLACEMENT_3D('',#9634,#7700,#7701);
#6295=AXIS2_PLACEMENT_3D('',#9637,#7704,#7705);
#6296=AXIS2_PLACEMENT_3D('',#9640,#7708,#7709);
#6297=AXIS2_PLACEMENT_3D('',#9641,#7710,#7711);
#6298=AXIS2_PLACEMENT_3D('',#9646,#7715,#7716);
#6299=AXIS2_PLACEMENT_3D('',#9648,#7718,#7719);
#6300=AXIS2_PLACEMENT_3D('',#9656,#7724,#7725);
#6301=AXIS2_PLACEMENT_3D('',#9660,#7728,#7729);
#6302=AXIS2_PLACEMENT_3D('',#9664,#7732,#7733);
#6303=AXIS2_PLACEMENT_3D('',#9665,#7734,#7735);
#6304=AXIS2_PLACEMENT_3D('',#9667,#7737,#7738);
#6305=AXIS2_PLACEMENT_3D('',#9668,#7739,#7740);
#6306=AXIS2_PLACEMENT_3D('',#9669,#7741,#7742);
#6307=AXIS2_PLACEMENT_3D('',#9671,#7744,#7745);
#6308=AXIS2_PLACEMENT_3D('',#9672,#7746,#7747);
#6309=AXIS2_PLACEMENT_3D('',#9674,#7748,#7749);
#6310=AXIS2_PLACEMENT_3D('',#9675,#7750,#7751);
#6311=AXIS2_PLACEMENT_3D('',#9677,#7752,#7753);
#6312=AXIS2_PLACEMENT_3D('',#9678,#7754,#7755);
#6313=AXIS2_PLACEMENT_3D('',#9680,#7756,#7757);
#6314=AXIS2_PLACEMENT_3D('',#9681,#7758,#7759);
#6315=AXIS2_PLACEMENT_3D('',#9682,#7760,#7761);
#6316=AXIS2_PLACEMENT_3D('',#9683,#7762,#7763);
#6317=AXIS2_PLACEMENT_3D('',#9692,#7768,#7769);
#6318=AXIS2_PLACEMENT_3D('',#9701,#7774,#7775);
#6319=AXIS2_PLACEMENT_3D('',#9710,#7780,#7781);
#6320=AXIS2_PLACEMENT_3D('',#9719,#7786,#7787);
#6321=AXIS2_PLACEMENT_3D('',#9720,#7788,#7789);
#6322=AXIS2_PLACEMENT_3D('',#9722,#7790,#7791);
#6323=AXIS2_PLACEMENT_3D('',#9724,#7792,#7793);
#6324=AXIS2_PLACEMENT_3D('',#9725,#7794,#7795);
#6325=AXIS2_PLACEMENT_3D('',#9726,#7796,#7797);
#6326=AXIS2_PLACEMENT_3D('',#9727,#7798,#7799);
#6327=AXIS2_PLACEMENT_3D('',#9728,#7800,#7801);
#6328=AXIS2_PLACEMENT_3D('',#9761,#7818,#7819);
#6329=AXIS2_PLACEMENT_3D('',#9762,#7820,#7821);
#6330=AXIS2_PLACEMENT_3D('',#9763,#7822,#7823);
#6331=AXIS2_PLACEMENT_3D('',#9764,#7824,#7825);
#6332=AXIS2_PLACEMENT_3D('',#9765,#7826,#7827);
#6333=AXIS2_PLACEMENT_3D('',#9767,#7828,#7829);
#6334=AXIS2_PLACEMENT_3D('',#9769,#7830,#7831);
#6335=AXIS2_PLACEMENT_3D('',#9778,#7836,#7837);
#6336=AXIS2_PLACEMENT_3D('',#9789,#7844,#7845);
#6337=AXIS2_PLACEMENT_3D('',#9793,#7848,#7849);
#6338=AXIS2_PLACEMENT_3D('',#9802,#7855,#7856);
#6339=AXIS2_PLACEMENT_3D('',#9804,#7858,#7859);
#6340=AXIS2_PLACEMENT_3D('',#9813,#7864,#7865);
#6341=AXIS2_PLACEMENT_3D('',#9824,#7872,#7873);
#6342=AXIS2_PLACEMENT_3D('',#9835,#7880,#7881);
#6343=AXIS2_PLACEMENT_3D('',#9837,#7883,#7884);
#6344=AXIS2_PLACEMENT_3D('',#9839,#7886,#7887);
#6345=AXIS2_PLACEMENT_3D('',#9848,#7892,#7893);
#6346=AXIS2_PLACEMENT_3D('',#9859,#7900,#7901);
#6347=AXIS2_PLACEMENT_3D('',#9870,#7908,#7909);
#6348=AXIS2_PLACEMENT_3D('',#9872,#7911,#7912);
#6349=AXIS2_PLACEMENT_3D('',#9874,#7914,#7915);
#6350=AXIS2_PLACEMENT_3D('',#9883,#7920,#7921);
#6351=AXIS2_PLACEMENT_3D('',#9894,#7928,#7929);
#6352=AXIS2_PLACEMENT_3D('',#9905,#7936,#7937);
#6353=AXIS2_PLACEMENT_3D('',#9907,#7939,#7940);
#6354=AXIS2_PLACEMENT_3D('',#9909,#7942,#7943);
#6355=AXIS2_PLACEMENT_3D('',#9910,#7944,#7945);
#6356=AXIS2_PLACEMENT_3D('',#9911,#7946,#7947);
#6357=AXIS2_PLACEMENT_3D('',#9912,#7948,#7949);
#6358=AXIS2_PLACEMENT_3D('',#9913,#7950,#7951);
#6359=AXIS2_PLACEMENT_3D('',#9914,#7952,#7953);
#6360=AXIS2_PLACEMENT_3D('',#9915,#7954,#7955);
#6361=AXIS2_PLACEMENT_3D('',#9918,#7958,#7959);
#6362=AXIS2_PLACEMENT_3D('',#9919,#7960,#7961);
#6363=AXIS2_PLACEMENT_3D('',#9922,#7964,#7965);
#6364=AXIS2_PLACEMENT_3D('',#9923,#7966,#7967);
#6365=AXIS2_PLACEMENT_3D('',#9926,#7970,#7971);
#6366=AXIS2_PLACEMENT_3D('',#9927,#7972,#7973);
#6367=AXIS2_PLACEMENT_3D('',#9930,#7976,#7977);
#6368=AXIS2_PLACEMENT_3D('',#9931,#7978,#7979);
#6369=AXIS2_PLACEMENT_3D('',#9932,#7980,#7981);
#6370=AXIS2_PLACEMENT_3D('',#9933,#7982,#7983);
#6371=AXIS2_PLACEMENT_3D('',#9934,#7984,#7985);
#6372=AXIS2_PLACEMENT_3D('',#9935,#7986,#7987);
#6373=AXIS2_PLACEMENT_3D('',#9936,#7988,#7989);
#6374=AXIS2_PLACEMENT_3D('',#9937,#7990,#7991);
#6375=AXIS2_PLACEMENT_3D('',#9938,#7992,#7993);
#6376=AXIS2_PLACEMENT_3D('',#9939,#7994,#7995);
#6377=DIRECTION('',(0.,0.,1.));
#6378=DIRECTION('',(1.,0.,0.));
#6379=DIRECTION('',(0.,0.,-1.));
#6380=DIRECTION('',(0.,1.,0.));
#6381=DIRECTION('',(0.,0.,1.));
#6382=DIRECTION('',(0.,-1.,0.));
#6383=DIRECTION('',(0.,0.258819045102526,0.965925826289067));
#6384=DIRECTION('',(0.,-1.,3.46944695195361E-15));
#6385=DIRECTION('',(0.,0.,1.));
#6386=DIRECTION('',(0.,-1.,0.));
#6387=DIRECTION('',(0.,0.,-1.));
#6388=DIRECTION('',(0.,1.,0.));
#6389=DIRECTION('',(0.,-0.258819045102521,-0.965925826289068));
#6390=DIRECTION('',(0.,-1.,0.));
#6391=DIRECTION('',(0.,0.,1.));
#6392=DIRECTION('',(0.,1.,0.));
#6393=DIRECTION('',(0.,0.258819045102526,0.965925826289067));
#6394=DIRECTION('',(0.,-1.,0.));
#6395=DIRECTION('',(0.,-0.258819045102526,-0.965925826289067));
#6396=DIRECTION('',(0.,1.,0.));
#6397=DIRECTION('',(0.,0.258819045102526,0.965925826289067));
#6398=DIRECTION('',(0.,-1.,0.));
#6399=DIRECTION('',(0.,-0.258819045102526,-0.965925826289067));
#6400=DIRECTION('',(0.,1.,0.));
#6401=DIRECTION('',(1.,0.,0.));
#6402=DIRECTION('',(0.,0.,-1.));
#6403=DIRECTION('',(1.,0.,0.));
#6404=DIRECTION('',(0.,-1.16711175038146E-15,-1.));
#6405=DIRECTION('',(0.,1.,0.));
#6406=DIRECTION('',(0.,0.,-1.));
#6407=DIRECTION('',(1.,0.,0.));
#6408=DIRECTION('',(0.,1.,0.));
#6409=DIRECTION('',(0.,0.,-1.));
#6410=DIRECTION('',(0.,0.,1.));
#6411=DIRECTION('',(-1.,0.,0.));
#6412=DIRECTION('',(0.,0.,-1.));
#6413=DIRECTION('',(0.,1.,0.));
#6414=DIRECTION('',(0.,0.,-1.));
#6415=DIRECTION('',(0.,0.,1.));
#6416=DIRECTION('',(1.,0.,0.));
#6417=DIRECTION('',(0.,1.,0.));
#6418=DIRECTION('',(0.,0.,-1.));
#6419=DIRECTION('',(1.,0.,0.));
#6420=DIRECTION('',(0.,1.,0.));
#6421=DIRECTION('',(0.,0.,-1.));
#6422=DIRECTION('',(1.,0.,0.));
#6423=DIRECTION('',(0.,1.,0.));
#6424=DIRECTION('',(0.,0.,-1.));
#6425=DIRECTION('',(0.,0.,1.));
#6426=DIRECTION('',(0.,-1.,0.));
#6427=DIRECTION('',(0.,0.,-1.));
#6428=DIRECTION('',(1.,0.,0.));
#6429=DIRECTION('',(0.,0.,-1.));
#6430=DIRECTION('',(0.,1.,0.));
#6431=DIRECTION('',(0.,0.,1.));
#6432=DIRECTION('',(0.,1.,0.));
#6433=DIRECTION('',(0.,0.,1.));
#6434=DIRECTION('',(0.,-1.,3.46944695195361E-15));
#6435=DIRECTION('',(0.,-1.,0.));
#6436=DIRECTION('',(1.,0.,0.));
#6437=DIRECTION('',(0.,0.,-1.));
#6438=DIRECTION('',(0.,-0.258819045102526,-0.965925826289067));
#6439=DIRECTION('',(0.,1.,0.));
#6440=DIRECTION('',(0.,0.,-1.));
#6441=DIRECTION('',(0.,1.,0.));
#6442=DIRECTION('',(0.,0.258819045102521,0.965925826289068));
#6443=DIRECTION('',(0.,1.,0.));
#6444=DIRECTION('',(0.,1.,0.));
#6445=DIRECTION('',(0.,0.,-1.));
#6446=DIRECTION('',(0.,-1.,3.46944695195361E-15));
#6447=DIRECTION('',(-1.,0.,0.));
#6448=DIRECTION('',(0.,0.,1.));
#6449=DIRECTION('',(0.,1.,0.));
#6450=DIRECTION('',(-1.,0.,0.));
#6451=DIRECTION('',(0.,0.,1.));
#6452=DIRECTION('',(0.,-0.258819045102526,-0.965925826289067));
#6453=DIRECTION('',(-1.,0.,0.));
#6454=DIRECTION('',(0.,0.,1.));
#6455=DIRECTION('',(0.,-1.,3.46944695195361E-15));
#6456=DIRECTION('',(0.,-1.,0.));
#6457=DIRECTION('',(0.,-0.258819045102521,-0.965925826289068));
#6458=DIRECTION('',(0.,1.,0.));
#6459=DIRECTION('',(0.,0.,1.));
#6460=DIRECTION('',(-1.,0.,0.));
#6461=DIRECTION('',(0.,0.,1.));
#6462=DIRECTION('',(-1.,0.,0.));
#6463=DIRECTION('',(0.,0.,1.));
#6464=DIRECTION('',(0.,1.,0.));
#6465=DIRECTION('',(0.,0.,-1.));
#6466=DIRECTION('',(-1.,0.,0.));
#6467=DIRECTION('',(0.,1.,0.));
#6468=DIRECTION('',(0.,0.,-1.));
#6469=DIRECTION('',(0.,0.,-1.));
#6470=DIRECTION('',(1.,0.,0.));
#6471=DIRECTION('',(0.,-1.,0.));
#6472=DIRECTION('',(0.,0.,-1.));
#6473=DIRECTION('',(1.,0.,0.));
#6474=DIRECTION('',(0.,-1.,0.));
#6475=DIRECTION('',(0.,0.,-1.));
#6476=DIRECTION('',(0.,-1.16711175038146E-15,-1.));
#6477=DIRECTION('',(0.,-1.,0.));
#6478=DIRECTION('',(0.,0.,-1.));
#6479=DIRECTION('',(0.,0.,1.));
#6480=DIRECTION('',(0.,1.,0.));
#6481=DIRECTION('',(0.,1.,0.));
#6482=DIRECTION('',(-1.,0.,0.));
#6483=DIRECTION('',(0.,0.,1.));
#6484=DIRECTION('',(0.,-1.,3.46944695195361E-15));
#6485=DIRECTION('',(0.,0.,1.));
#6486=DIRECTION('',(0.,1.,0.));
#6487=DIRECTION('',(-1.,0.,0.));
#6488=DIRECTION('',(0.,0.,1.));
#6489=DIRECTION('',(-1.,0.,0.));
#6490=DIRECTION('',(0.,1.,0.));
#6491=DIRECTION('',(0.,0.,1.));
#6492=DIRECTION('',(-1.,0.,0.));
#6493=DIRECTION('',(0.,1.,0.));
#6494=DIRECTION('',(0.,0.,1.));
#6495=DIRECTION('',(1.,0.,0.));
#6496=DIRECTION('',(0.,-1.,0.));
#6497=DIRECTION('',(0.,0.,1.));
#6498=DIRECTION('',(1.,0.,0.));
#6499=DIRECTION('',(0.,-1.,0.));
#6500=DIRECTION('',(0.,0.,1.));
#6501=DIRECTION('',(0.,0.,-1.));
#6502=DIRECTION('',(0.,1.,0.));
#6503=DIRECTION('',(0.,0.,1.));
#6504=DIRECTION('',(-1.,0.,0.));
#6505=DIRECTION('',(0.,1.,0.));
#6506=DIRECTION('',(0.,0.,1.));
#6507=DIRECTION('',(0.,1.,0.));
#6508=DIRECTION('',(0.,0.,1.));
#6509=DIRECTION('',(0.,-0.965925826289068,0.258819045102521));
#6510=DIRECTION('',(0.,0.258819045102521,0.965925826289068));
#6511=DIRECTION('',(0.,1.,0.));
#6512=DIRECTION('',(0.,1.,0.));
#6513=DIRECTION('',(0.,0.,1.));
#6514=DIRECTION('',(0.,-1.,0.));
#6515=DIRECTION('',(0.,-0.965925826289068,0.258819045102521));
#6516=DIRECTION('',(0.,0.258819045102521,0.965925826289068));
#6517=DIRECTION('',(0.,1.,0.));
#6518=DIRECTION('',(0.,0.,1.));
#6519=DIRECTION('',(1.,0.,0.));
#6520=DIRECTION('',(0.,0.,1.));
#6521=DIRECTION('',(1.,0.,0.));
#6522=DIRECTION('',(1.,0.,0.));
#6523=DIRECTION('',(0.,-1.,0.));
#6524=DIRECTION('',(-1.,0.,0.));
#6525=DIRECTION('',(0.,-1.,0.));
#6526=DIRECTION('',(1.,1.3280507270837E-16,4.95635278850516E-16));
#6527=DIRECTION('',(0.,-1.,0.));
#6528=DIRECTION('',(-1.,0.,0.));
#6529=DIRECTION('',(0.,1.,0.));
#6530=DIRECTION('',(0.,0.,-1.));
#6531=DIRECTION('',(-1.,0.,0.));
#6532=DIRECTION('',(0.,-0.907515903547247,0.420017719636712));
#6533=DIRECTION('',(0.,0.420017719636712,0.907515903547247));
#6534=DIRECTION('',(0.,0.965925826289068,-0.258819045102521));
#6535=DIRECTION('',(0.,0.258819045102521,0.965925826289068));
#6536=DIRECTION('',(0.,1.,0.));
#6537=DIRECTION('',(0.,0.,1.));
#6538=DIRECTION('',(0.,1.,0.));
#6539=DIRECTION('',(0.,0.987321826829226,-0.158731251701107));
#6540=DIRECTION('',(0.,0.158731251701107,0.987321826829226));
#6541=DIRECTION('',(0.,-1.,0.));
#6542=DIRECTION('',(0.,1.,0.));
#6543=DIRECTION('',(0.,0.,1.));
#6544=DIRECTION('',(0.,0.987321826829226,-0.158731251701107));
#6545=DIRECTION('',(0.,0.158731251701107,0.987321826829226));
#6546=DIRECTION('',(0.,-1.,0.));
#6547=DIRECTION('',(0.,1.,0.));
#6548=DIRECTION('',(0.,0.,1.));
#6549=DIRECTION('',(0.,-1.,3.46944695195361E-15));
#6550=DIRECTION('',(1.,0.,0.));
#6551=DIRECTION('',(0.,0.,-1.));
#6552=DIRECTION('',(0.,-0.258819045102526,-0.965925826289067));
#6553=DIRECTION('',(1.,0.,0.));
#6554=DIRECTION('',(0.,0.,-1.));
#6555=DIRECTION('',(0.,1.,0.));
#6556=DIRECTION('',(0.,0.258819045102521,0.965925826289068));
#6557=DIRECTION('',(0.,1.,0.));
#6558=DIRECTION('',(1.,0.,0.));
#6559=DIRECTION('',(0.,0.,-1.));
#6560=DIRECTION('',(-1.,0.,0.));
#6561=DIRECTION('',(0.,0.,1.));
#6562=DIRECTION('',(1.,0.,0.));
#6563=DIRECTION('',(0.,-1.,0.));
#6564=DIRECTION('',(1.,0.,0.));
#6565=DIRECTION('',(0.,1.,0.));
#6566=DIRECTION('',(0.,0.,-1.));
#6567=DIRECTION('',(-1.,0.,0.));
#6568=DIRECTION('',(0.,0.965925826289068,-0.258819045102521));
#6569=DIRECTION('',(0.,0.258819045102521,0.965925826289068));
#6570=DIRECTION('',(0.,0.965925826289068,-0.258819045102521));
#6571=DIRECTION('',(0.,0.258819045102521,0.965925826289068));
#6572=DIRECTION('',(0.,0.258819045102521,0.965925826289068));
#6573=DIRECTION('',(1.,1.3280507270837E-16,4.95635278850516E-16));
#6574=DIRECTION('',(-4.18903551728985E-16,-0.258819045102521,-0.965925826289068));
#6575=DIRECTION('',(0.,0.965925826289068,-0.258819045102521));
#6576=DIRECTION('',(0.,0.258819045102521,0.965925826289068));
#6577=DIRECTION('',(-1.,-4.15015852213657E-17,-1.54886024640787E-16));
#6578=DIRECTION('',(0.,0.965925826289068,-0.258819045102521));
#6579=DIRECTION('',(0.,0.258819045102521,0.965925826289068));
#6580=DIRECTION('',(0.,0.258819045102521,0.965925826289068));
#6581=DIRECTION('',(0.,-0.965925826289068,0.258819045102521));
#6582=DIRECTION('',(0.,0.258819045102521,0.965925826289068));
#6583=DIRECTION('',(-1.,0.,0.));
#6584=DIRECTION('',(0.,-0.965925826289068,0.258819045102521));
#6585=DIRECTION('',(0.,0.258819045102521,0.965925826289068));
#6586=DIRECTION('',(0.,-0.258819045102521,-0.965925826289068));
#6587=DIRECTION('',(0.,-0.965925826289068,0.258819045102521));
#6588=DIRECTION('',(0.,0.258819045102521,0.965925826289068));
#6589=DIRECTION('',(1.,0.,0.));
#6590=DIRECTION('',(0.,-0.965925826289068,0.258819045102521));
#6591=DIRECTION('',(0.,0.258819045102521,0.965925826289068));
#6592=DIRECTION('',(0.,-0.965925826289068,0.258819045102521));
#6593=DIRECTION('',(0.,-0.258819045102521,-0.965925826289068));
#6594=DIRECTION('',(0.,-0.907515903547247,0.420017719636712));
#6595=DIRECTION('',(0.,0.420017719636712,0.907515903547247));
#6596=DIRECTION('',(0.,-0.965925826289068,0.258819045102521));
#6597=DIRECTION('',(0.,0.258819045102521,0.965925826289068));
#6598=DIRECTION('',(0.,1.,0.));
#6599=DIRECTION('',(0.,0.,1.));
#6600=DIRECTION('',(0.,0.965925826289068,-0.258819045102521));
#6601=DIRECTION('',(0.,0.258819045102521,0.965925826289068));
#6602=DIRECTION('',(0.,-0.94822626479011,0.317595577365612));
#6603=DIRECTION('',(0.,0.317595577365612,0.94822626479011));
#6604=DIRECTION('',(0.,-1.,0.));
#6605=DIRECTION('',(0.,1.,0.));
#6606=DIRECTION('',(0.,0.,1.));
#6607=DIRECTION('',(1.,4.15015852213657E-17,1.54886024640787E-16));
#6608=DIRECTION('',(0.,-1.,0.));
#6609=DIRECTION('',(-1.,-4.15015852213657E-17,-1.54886024640787E-16));
#6610=DIRECTION('',(-1.54886024640787E-16,0.,1.));
#6611=DIRECTION('',(1.,0.,1.5482407023093E-16));
#6612=DIRECTION('',(0.,-0.94822626479011,0.317595577365612));
#6613=DIRECTION('',(0.,0.317595577365612,0.94822626479011));
#6614=DIRECTION('',(0.,0.965925826289068,-0.258819045102521));
#6615=DIRECTION('',(0.,0.258819045102521,0.965925826289068));
#6616=DIRECTION('',(0.,1.,0.));
#6617=DIRECTION('',(0.,0.,1.));
#6618=DIRECTION('',(0.,0.258819045102521,0.965925826289068));
#6619=DIRECTION('',(-4.18903551728985E-16,-0.258819045102521,-0.965925826289068));
#6620=DIRECTION('',(0.,0.965925826289068,-0.258819045102521));
#6621=DIRECTION('',(0.,0.258819045102521,0.965925826289068));
#6622=DIRECTION('',(1.,1.3280507270837E-16,4.95635278850516E-16));
#6623=DIRECTION('',(0.,0.965925826289068,-0.258819045102521));
#6624=DIRECTION('',(0.,0.258819045102521,0.965925826289068));
#6625=DIRECTION('',(0.,-0.965925826289068,0.258819045102521));
#6626=DIRECTION('',(0.,-0.258819045102521,-0.965925826289068));
#6627=DIRECTION('',(0.,0.965925826289068,-0.258819045102521));
#6628=DIRECTION('',(0.,0.258819045102521,0.965925826289068));
#6629=DIRECTION('',(0.,0.258819045102521,0.965925826289068));
#6630=DIRECTION('',(0.,0.965925826289068,-0.258819045102521));
#6631=DIRECTION('',(0.,0.258819045102521,0.965925826289068));
#6632=DIRECTION('',(-1.,-4.15015852213657E-17,-1.54886024640787E-16));
#6633=DIRECTION('',(0.,0.965925826289068,-0.258819045102521));
#6634=DIRECTION('',(0.,0.258819045102521,0.965925826289068));
#6635=DIRECTION('',(-4.18903551728985E-16,-0.258819045102521,-0.965925826289068));
#6636=DIRECTION('',(0.,0.965925826289068,-0.258819045102521));
#6637=DIRECTION('',(0.,0.258819045102521,0.965925826289068));
#6638=DIRECTION('',(0.,-0.965925826289068,0.258819045102521));
#6639=DIRECTION('',(0.,0.258819045102521,0.965925826289068));
#6640=DIRECTION('',(0.,-0.965925826289068,0.258819045102521));
#6641=DIRECTION('',(0.,0.258819045102521,0.965925826289068));
#6642=DIRECTION('',(0.,-0.965925826289068,0.258819045102521));
#6643=DIRECTION('',(0.,-0.258819045102521,-0.965925826289068));
#6644=DIRECTION('',(0.,0.965925826289068,-0.258819045102521));
#6645=DIRECTION('',(0.,0.258819045102521,0.965925826289068));
#6646=DIRECTION('',(0.,1.,0.));
#6647=DIRECTION('',(0.,0.,1.));
#6648=DIRECTION('',(0.,0.965925826289068,-0.258819045102521));
#6649=DIRECTION('',(0.,0.258819045102521,0.965925826289068));
#6650=DIRECTION('',(0.,1.,0.));
#6651=DIRECTION('',(0.,0.,1.));
#6652=DIRECTION('',(0.,-1.,0.));
#6653=DIRECTION('',(0.,-1.,0.));
#6654=DIRECTION('',(0.,0.258819045102521,0.965925826289068));
#6655=DIRECTION('',(1.,0.,0.));
#6656=DIRECTION('',(0.,0.,-1.));
#6657=DIRECTION('',(0.,-1.,0.));
#6658=DIRECTION('',(0.,0.965925826289068,-0.258819045102521));
#6659=DIRECTION('',(0.,0.258819045102521,0.965925826289068));
#6660=DIRECTION('',(0.,1.,0.));
#6661=DIRECTION('',(0.,0.,1.));
#6662=DIRECTION('',(0.,-1.,0.));
#6663=DIRECTION('',(-1.,-4.15015852213657E-17,-1.54886024640787E-16));
#6664=DIRECTION('',(-1.54886024640787E-16,0.,1.));
#6665=DIRECTION('',(1.,0.,1.5482407023093E-16));
#6666=DIRECTION('',(0.,-1.,0.));
#6667=DIRECTION('',(0.,0.965925826289068,-0.258819045102521));
#6668=DIRECTION('',(0.,0.258819045102521,0.965925826289068));
#6669=DIRECTION('',(0.,1.,0.));
#6670=DIRECTION('',(0.,0.,1.));
#6671=DIRECTION('',(0.,-1.,0.));
#6672=DIRECTION('',(-4.18903551728985E-16,-0.258819045102521,-0.965925826289068));
#6673=DIRECTION('',(-1.,0.,4.33680868994202E-16));
#6674=DIRECTION('',(4.30211422042248E-16,0.,1.));
#6675=DIRECTION('',(0.,0.965925826289068,-0.258819045102521));
#6676=DIRECTION('',(0.,0.258819045102521,0.965925826289068));
#6677=DIRECTION('',(0.,1.,0.));
#6678=DIRECTION('',(0.,0.,1.));
#6679=DIRECTION('',(0.,0.965925826289068,-0.258819045102521));
#6680=DIRECTION('',(0.,0.258819045102521,0.965925826289068));
#6681=DIRECTION('',(0.,1.,0.));
#6682=DIRECTION('',(0.,0.,1.));
#6683=DIRECTION('',(0.,-0.965925826289068,0.258819045102521));
#6684=DIRECTION('',(0.,-0.258819045102521,-0.965925826289068));
#6685=DIRECTION('',(0.,0.987321826829226,-0.158731251701107));
#6686=DIRECTION('',(0.,0.158731251701107,0.987321826829226));
#6687=DIRECTION('',(0.,1.,0.));
#6688=DIRECTION('',(0.,0.,1.));
#6689=DIRECTION('',(0.,0.987321826829226,-0.158731251701107));
#6690=DIRECTION('',(0.,0.158731251701107,0.987321826829226));
#6691=DIRECTION('',(0.,1.,0.));
#6692=DIRECTION('',(0.,0.,1.));
#6693=DIRECTION('',(0.,0.258819045102521,0.965925826289068));
#6694=DIRECTION('',(0.,-0.965925826289069,0.258819045102522));
#6695=DIRECTION('',(1.,0.,0.));
#6696=DIRECTION('',(0.,0.,-1.));
#6697=DIRECTION('',(1.,0.,0.));
#6698=DIRECTION('',(0.,0.,-1.));
#6699=DIRECTION('',(-1.,0.,0.));
#6700=DIRECTION('',(0.,0.,1.));
#6701=DIRECTION('',(0.,0.258819045102521,0.965925826289068));
#6702=DIRECTION('',(0.,-0.965925826289068,0.258819045102522));
#6703=DIRECTION('',(0.,0.258819045102521,0.965925826289068));
#6704=DIRECTION('',(0.,-0.965925826289068,0.25881904510252));
#6705=DIRECTION('',(0.,0.258819045102521,0.965925826289068));
#6706=DIRECTION('',(0.,-0.965925826289069,0.258819045102522));
#6707=DIRECTION('',(1.,0.,0.));
#6708=DIRECTION('',(0.,0.,-1.));
#6709=DIRECTION('',(-4.48979473569243E-16,0.258819045102521,0.965925826289068));
#6710=DIRECTION('',(0.,-0.965925826289068,0.258819045102522));
#6711=DIRECTION('',(0.,-0.258819045102521,-0.965925826289068));
#6712=DIRECTION('',(0.,0.965925826289068,-0.25881904510252));
#6713=DIRECTION('',(1.,0.,0.));
#6714=DIRECTION('',(0.,0.,-1.));
#6715=DIRECTION('',(1.,0.,0.));
#6716=DIRECTION('',(0.,0.,-1.));
#6717=DIRECTION('',(0.,0.258819045102519,0.965925826289069));
#6718=DIRECTION('',(0.,-0.965925826289069,0.258819045102522));
#6719=DIRECTION('',(-8.37807103457982E-16,-0.258819045102521,-0.965925826289068));
#6720=DIRECTION('',(0.,0.965925826289067,-0.258819045102521));
#6721=DIRECTION('',(-4.18903551728985E-16,-0.258819045102521,-0.965925826289068));
#6722=DIRECTION('',(0.,0.965925826289068,-0.258819045102522));
#6723=DIRECTION('',(-1.,0.,0.));
#6724=DIRECTION('',(0.,0.,1.));
#6725=DIRECTION('',(-1.,0.,0.));
#6726=DIRECTION('',(0.,0.,1.));
#6727=DIRECTION('',(-1.,-4.15015852213657E-17,-1.54886024640787E-16));
#6728=DIRECTION('',(0.,0.,1.));
#6729=DIRECTION('',(-1.,0.,0.));
#6730=DIRECTION('',(0.,0.,1.));
#6731=DIRECTION('',(-8.3780710345797E-16,0.258819045102521,0.965925826289068));
#6732=DIRECTION('',(0.,-0.965925826289067,0.258819045102521));
#6733=DIRECTION('',(-1.,0.,0.));
#6734=DIRECTION('',(0.,0.,1.));
#6735=DIRECTION('',(-1.,-1.3280507270837E-16,-4.95635278850516E-16));
#6736=DIRECTION('',(0.,0.,1.));
#6737=DIRECTION('',(0.,0.25881904510252,0.965925826289069));
#6738=DIRECTION('',(0.,-0.965925826289069,0.258819045102522));
#6739=DIRECTION('',(0.,0.258819045102521,0.965925826289068));
#6740=DIRECTION('',(0.,-0.965925826289069,0.258819045102522));
#6741=DIRECTION('',(0.,0.965925826289068,-0.258819045102521));
#6742=DIRECTION('',(0.,0.258819045102521,0.965925826289068));
#6743=DIRECTION('',(0.,-0.965925826289068,0.258819045102521));
#6744=DIRECTION('',(0.,-0.258819045102521,-0.965925826289068));
#6745=DIRECTION('',(0.,0.965925826289068,-0.258819045102521));
#6746=DIRECTION('',(0.,0.258819045102521,0.965925826289068));
#6747=DIRECTION('',(0.,-0.965925826289068,0.258819045102521));
#6748=DIRECTION('',(0.,-0.258819045102521,-0.965925826289068));
#6749=DIRECTION('',(0.,0.965925826289068,-0.258819045102521));
#6750=DIRECTION('',(0.,0.258819045102521,0.965925826289068));
#6751=DIRECTION('',(0.,-0.965925826289068,0.258819045102521));
#6752=DIRECTION('',(0.,-0.258819045102521,-0.965925826289068));
#6753=DIRECTION('',(0.,0.965925826289068,-0.258819045102521));
#6754=DIRECTION('',(0.,0.258819045102521,0.965925826289068));
#6755=DIRECTION('',(0.,-0.965925826289068,0.258819045102521));
#6756=DIRECTION('',(0.,-0.258819045102521,-0.965925826289068));
#6757=DIRECTION('',(0.,1.,0.));
#6758=DIRECTION('',(0.,0.,1.));
#6759=DIRECTION('',(0.,1.,0.));
#6760=DIRECTION('',(0.,0.,1.));
#6761=DIRECTION('',(0.,1.,0.));
#6762=DIRECTION('',(0.,0.,1.));
#6763=DIRECTION('',(0.,-1.,0.));
#6764=DIRECTION('',(0.,1.,0.));
#6765=DIRECTION('',(0.,0.,1.));
#6766=DIRECTION('',(0.,1.,0.));
#6767=DIRECTION('',(0.,1.,0.));
#6768=DIRECTION('',(0.,0.,1.));
#6769=DIRECTION('',(0.,-1.,0.));
#6770=DIRECTION('',(0.,0.,-1.));
#6771=DIRECTION('',(-1.,0.,0.));
#6772=DIRECTION('',(0.,1.,0.));
#6773=DIRECTION('',(0.,0.,1.));
#6774=DIRECTION('',(0.,0.,-1.));
#6775=DIRECTION('',(-1.,0.,0.));
#6776=DIRECTION('',(0.,1.,0.));
#6777=DIRECTION('',(0.,1.,0.));
#6778=DIRECTION('',(0.,0.,1.));
#6779=DIRECTION('',(0.,1.,0.));
#6780=DIRECTION('',(0.,0.,1.));
#6781=DIRECTION('',(1.,0.,0.));
#6782=DIRECTION('',(0.,1.,0.));
#6783=DIRECTION('',(0.,1.,0.));
#6784=DIRECTION('',(0.,0.,1.));
#6785=DIRECTION('',(0.,1.,0.));
#6786=DIRECTION('',(1.,0.,0.));
#6787=DIRECTION('',(0.,0.,-1.));
#6788=DIRECTION('',(0.,-1.,0.));
#6789=DIRECTION('',(0.,0.,-1.));
#6790=DIRECTION('',(0.,1.,0.));
#6791=DIRECTION('',(0.,0.,1.));
#6792=DIRECTION('',(-1.,0.,0.));
#6793=DIRECTION('',(0.,-0.258819045102526,-0.965925826289067));
#6794=DIRECTION('',(1.,0.,0.));
#6795=DIRECTION('',(0.,0.965925826289067,-0.258819045102526));
#6796=DIRECTION('',(0.,0.258819045102526,0.965925826289067));
#6797=DIRECTION('',(0.,-1.,0.));
#6798=DIRECTION('',(1.,0.,0.));
#6799=DIRECTION('',(-1.,0.,0.));
#6800=DIRECTION('',(0.,0.,-1.));
#6801=DIRECTION('',(-1.,0.,0.));
#6802=DIRECTION('',(-1.,0.,0.));
#6803=DIRECTION('',(0.,1.,0.));
#6804=DIRECTION('',(1.,0.,0.));
#6805=DIRECTION('',(0.,-3.46944695195361E-15,-1.));
#6806=DIRECTION('',(0.,1.,-3.46944695195361E-15));
#6807=DIRECTION('',(0.,0.258819045102526,0.965925826289067));
#6808=DIRECTION('',(1.,0.,0.));
#6809=DIRECTION('',(0.,0.,1.));
#6810=DIRECTION('',(1.,0.,0.));
#6811=DIRECTION('',(0.,0.,1.));
#6812=DIRECTION('',(-1.,0.,0.));
#6813=DIRECTION('',(0.,0.,1.));
#6814=DIRECTION('',(0.,0.965925826289067,-0.258819045102526));
#6815=DIRECTION('',(0.,0.258819045102526,0.965925826289067));
#6816=DIRECTION('',(0.,0.258819045102526,0.965925826289067));
#6817=DIRECTION('',(-1.,0.,0.));
#6818=DIRECTION('',(1.,0.,0.));
#6819=DIRECTION('',(0.,0.258819045102526,0.965925826289067));
#6820=DIRECTION('',(1.,-7.74696257465509E-17,-2.89120579329468E-16));
#6821=DIRECTION('',(-1.,-4.84185160915943E-17,-1.80700362080917E-16));
#6822=DIRECTION('',(0.,0.258819045102526,0.965925826289067));
#6823=DIRECTION('',(1.,-4.84185160915943E-17,-1.80700362080917E-16));
#6824=DIRECTION('',(-1.,-7.74696257465509E-17,-2.89120579329468E-16));
#6825=DIRECTION('',(0.,-0.965925826289067,0.258819045102526));
#6826=DIRECTION('',(0.,-0.258819045102526,-0.965925826289067));
#6827=DIRECTION('',(0.,-1.,0.));
#6828=DIRECTION('',(-1.,0.,0.));
#6829=DIRECTION('',(1.,0.,0.));
#6830=DIRECTION('',(0.,3.46944695195361E-15,1.));
#6831=DIRECTION('',(0.,-1.,3.46944695195361E-15));
#6832=DIRECTION('',(1.,0.,0.));
#6833=DIRECTION('',(0.,1.,0.));
#6834=DIRECTION('',(-1.,0.,0.));
#6835=DIRECTION('',(0.,0.,-1.));
#6836=DIRECTION('',(1.,0.,0.));
#6837=DIRECTION('',(-1.,-7.74696257465509E-17,-2.89120579329468E-16));
#6838=DIRECTION('',(0.,1.,0.));
#6839=DIRECTION('',(-2.89120579329468E-16,0.,1.));
#6840=DIRECTION('',(1.,0.,2.89698820488127E-16));
#6841=DIRECTION('',(0.,-0.258819045102526,-0.965925826289067));
#6842=DIRECTION('',(0.,-0.965925826289067,0.258819045102526));
#6843=DIRECTION('',(0.,-0.258819045102526,-0.965925826289067));
#6844=DIRECTION('',(-1.,0.,0.));
#6845=DIRECTION('',(0.,0.,-1.));
#6846=DIRECTION('',(1.,0.,0.));
#6847=DIRECTION('',(0.,0.,1.));
#6848=DIRECTION('',(-1.,-4.84185160915943E-17,-1.80700362080917E-16));
#6849=DIRECTION('',(0.,1.,0.));
#6850=DIRECTION('',(-1.80700362080917E-16,0.,1.));
#6851=DIRECTION('',(1.,0.,1.80844922370582E-16));
#6852=DIRECTION('',(0.,-1.,0.));
#6853=DIRECTION('',(1.,-4.84185160915943E-17,-1.80700362080917E-16));
#6854=DIRECTION('',(-1.80700362080917E-16,0.,-1.));
#6855=DIRECTION('',(-1.,0.,1.80844922370582E-16));
#6856=DIRECTION('',(0.,-0.258819045102526,-0.965925826289067));
#6857=DIRECTION('',(1.,0.,0.));
#6858=DIRECTION('',(0.,0.,1.));
#6859=DIRECTION('',(0.,-0.965925826289067,0.258819045102526));
#6860=DIRECTION('',(0.,-0.258819045102526,-0.965925826289067));
#6861=DIRECTION('',(0.,-1.,0.));
#6862=DIRECTION('',(1.,-7.74696257465509E-17,-2.89120579329468E-16));
#6863=DIRECTION('',(-2.89120579329468E-16,0.,-1.));
#6864=DIRECTION('',(-1.,0.,2.89698820488127E-16));
#6865=DIRECTION('',(-1.,0.,0.));
#6866=DIRECTION('',(0.,0.,-1.));
#6867=DIRECTION('',(0.,-0.258819045102526,-0.965925826289067));
#6868=DIRECTION('',(1.,0.,0.));
#6869=DIRECTION('',(0.,0.,1.));
#6870=DIRECTION('',(0.,-0.965925826289067,0.258819045102526));
#6871=DIRECTION('',(0.,-0.258819045102526,-0.965925826289067));
#6872=DIRECTION('',(-1.,0.,0.));
#6873=DIRECTION('',(0.,0.,1.));
#6874=DIRECTION('',(-1.,0.,0.));
#6875=DIRECTION('',(0.,0.,1.));
#6876=DIRECTION('',(1.,0.,0.));
#6877=DIRECTION('',(0.,0.,-1.));
#6878=DIRECTION('',(-1.,0.,0.));
#6879=DIRECTION('',(0.,0.,1.));
#6880=DIRECTION('',(0.,1.,0.));
#6881=DIRECTION('',(0.,0.,1.));
#6882=DIRECTION('',(0.,1.,0.));
#6883=DIRECTION('',(0.,0.,1.));
#6884=DIRECTION('',(-1.,0.,0.));
#6885=DIRECTION('',(0.,0.,1.));
#6886=DIRECTION('',(0.,-1.,0.));
#6887=DIRECTION('',(0.,0.,1.));
#6888=DIRECTION('',(0.,-1.,0.));
#6889=DIRECTION('',(0.,0.,1.));
#6890=DIRECTION('',(-1.,0.,0.));
#6891=DIRECTION('',(0.,0.,1.));
#6892=DIRECTION('',(-1.,0.,2.47817639425258E-16));
#6893=DIRECTION('',(0.,0.,-1.));
#6894=DIRECTION('',(1.,0.,0.));
#6895=DIRECTION('',(1.73472347597681E-15,0.,1.));
#6896=DIRECTION('',(1.,0.,0.));
#6897=DIRECTION('',(0.,0.,1.));
#6898=DIRECTION('',(-1.,0.,-2.47817639425258E-16));
#6899=DIRECTION('',(1.73472347597681E-15,0.,-1.));
#6900=DIRECTION('',(1.,0.,-2.47817639425258E-16));
#6901=DIRECTION('',(0.,0.,1.));
#6902=DIRECTION('',(-1.,0.,0.));
#6903=DIRECTION('',(-1.73472347597681E-15,0.,-1.));
#6904=DIRECTION('',(-1.,0.,0.));
#6905=DIRECTION('',(0.,0.,-1.));
#6906=DIRECTION('',(1.,0.,2.47817639425258E-16));
#6907=DIRECTION('',(-1.73472347597681E-15,0.,1.));
#6908=DIRECTION('',(0.,-1.,0.));
#6909=DIRECTION('',(0.,0.,-1.));
#6910=DIRECTION('',(0.,-1.,0.));
#6911=DIRECTION('',(0.,0.,-1.));
#6912=DIRECTION('',(-1.,0.,0.));
#6913=DIRECTION('',(0.,0.,-1.));
#6914=DIRECTION('',(0.,1.,0.));
#6915=DIRECTION('',(0.,0.,-1.));
#6916=DIRECTION('',(-1.,0.,0.));
#6917=DIRECTION('',(0.,1.,0.));
#6918=DIRECTION('',(0.,0.,-1.));
#6919=DIRECTION('',(0.,0.,1.));
#6920=DIRECTION('',(-1.,0.,0.));
#6921=DIRECTION('',(0.,1.,0.));
#6922=DIRECTION('',(0.,0.,-1.));
#6923=DIRECTION('',(-3.88578058618805E-15,0.,-1.));
#6924=DIRECTION('',(-1.,0.,0.));
#6925=DIRECTION('',(-2.31296463463574E-15,0.,-1.));
#6926=DIRECTION('',(1.,0.,0.));
#6927=DIRECTION('',(0.,0.,1.));
#6928=DIRECTION('',(0.,1.,0.));
#6929=DIRECTION('',(0.,0.,-1.));
#6930=DIRECTION('',(1.,0.,0.));
#6931=DIRECTION('',(0.,1.,0.));
#6932=DIRECTION('',(0.,0.,-1.));
#6933=DIRECTION('',(0.,0.,-1.));
#6934=DIRECTION('',(1.,0.,0.));
#6935=DIRECTION('',(-2.31296463463574E-15,0.,1.));
#6936=DIRECTION('',(-1.,0.,0.));
#6937=DIRECTION('',(-3.88578058618805E-15,0.,1.));
#6938=DIRECTION('',(-1.,0.,0.));
#6939=DIRECTION('',(0.,-1.,0.));
#6940=DIRECTION('',(0.,0.,-1.));
#6941=DIRECTION('',(3.46944695195361E-15,0.,-1.));
#6942=DIRECTION('',(0.,-1.,0.));
#6943=DIRECTION('',(0.,0.,-1.));
#6944=DIRECTION('',(1.,0.,0.));
#6945=DIRECTION('',(-3.88578058618805E-15,0.,1.));
#6946=DIRECTION('',(0.,1.,0.));
#6947=DIRECTION('',(0.,0.,-1.));
#6948=DIRECTION('',(0.,-1.,0.));
#6949=DIRECTION('',(0.,0.,-1.));
#6950=DIRECTION('',(0.,0.,-1.));
#6951=DIRECTION('',(-1.,0.,2.47817639425258E-16));
#6952=DIRECTION('',(1.73472347597681E-15,0.,1.));
#6953=DIRECTION('',(1.,0.,0.));
#6954=DIRECTION('',(0.,0.,1.));
#6955=DIRECTION('',(1.,0.,0.));
#6956=DIRECTION('',(1.73472347597681E-15,0.,-1.));
#6957=DIRECTION('',(-1.,0.,-2.47817639425258E-16));
#6958=DIRECTION('',(0.,0.,1.));
#6959=DIRECTION('',(1.,0.,-2.47817639425258E-16));
#6960=DIRECTION('',(-1.73472347597681E-15,0.,-1.));
#6961=DIRECTION('',(-1.,0.,0.));
#6962=DIRECTION('',(0.,0.,-1.));
#6963=DIRECTION('',(-1.,0.,0.));
#6964=DIRECTION('',(-1.73472347597681E-15,0.,1.));
#6965=DIRECTION('',(1.,0.,2.47817639425258E-16));
#6966=DIRECTION('',(0.,-1.,0.));
#6967=DIRECTION('',(0.,0.,-1.));
#6968=DIRECTION('',(0.,-1.,0.));
#6969=DIRECTION('',(0.,0.,-1.));
#6970=DIRECTION('',(1.,0.,5.96311194867027E-16));
#6971=DIRECTION('',(0.,-1.,0.));
#6972=DIRECTION('',(0.,0.,-1.));
#6973=DIRECTION('',(0.,1.,0.));
#6974=DIRECTION('',(0.,0.,1.));
#6975=DIRECTION('',(0.,-1.,0.));
#6976=DIRECTION('',(0.,0.,-1.));
#6977=DIRECTION('',(2.31296463463574E-15,0.,-1.));
#6978=DIRECTION('',(-1.,0.,-5.78241158658936E-16));
#6979=DIRECTION('',(-3.88578058618805E-15,0.,1.));
#6980=DIRECTION('',(1.,0.,0.));
#6981=DIRECTION('',(0.,0.,1.));
#6982=DIRECTION('',(0.,-1.,0.));
#6983=DIRECTION('',(0.,0.,-1.));
#6984=DIRECTION('',(-1.,0.,0.));
#6985=DIRECTION('',(0.,-1.,0.));
#6986=DIRECTION('',(0.,0.,-1.));
#6987=DIRECTION('',(0.,0.,-1.));
#6988=DIRECTION('',(1.,0.,0.));
#6989=DIRECTION('',(3.88578058618805E-15,0.,1.));
#6990=DIRECTION('',(-1.,0.,5.78241158658936E-16));
#6991=DIRECTION('',(2.31296463463574E-15,0.,1.));
#6992=DIRECTION('',(0.,-1.,0.));
#6993=DIRECTION('',(0.,0.,-1.));
#6994=DIRECTION('',(0.,1.,0.));
#6995=DIRECTION('',(0.,0.,1.));
#6996=DIRECTION('',(0.,-1.,0.));
#6997=DIRECTION('',(0.,0.,-1.));
#6998=DIRECTION('',(1.,0.,-5.96311194867027E-16));
#6999=DIRECTION('',(-3.88578058618805E-15,0.,-1.));
#7000=DIRECTION('',(0.,-1.,0.));
#7001=DIRECTION('',(0.,0.,-1.));
#7002=DIRECTION('',(1.,0.,0.));
#7003=DIRECTION('',(0.,0.,-1.));
#7004=DIRECTION('',(0.,-1.,0.));
#7005=DIRECTION('',(0.,0.,-1.));
#7006=DIRECTION('',(1.,0.,0.));
#7007=DIRECTION('',(0.,-1.,0.));
#7008=DIRECTION('',(0.,0.,-1.));
#7009=DIRECTION('',(0.,0.,1.));
#7010=DIRECTION('',(1.,0.,0.));
#7011=DIRECTION('',(0.,-1.,0.));
#7012=DIRECTION('',(0.,0.,-1.));
#7013=DIRECTION('',(-3.88578058618805E-15,0.,1.));
#7014=DIRECTION('',(1.,0.,0.));
#7015=DIRECTION('',(0.,1.,0.));
#7016=DIRECTION('',(0.,0.,-1.));
#7017=DIRECTION('',(3.46944695195361E-15,0.,-1.));
#7018=DIRECTION('',(0.,1.,0.));
#7019=DIRECTION('',(0.,0.,-1.));
#7020=DIRECTION('',(-1.,0.,0.));
#7021=DIRECTION('',(3.88578058618805E-15,0.,-1.));
#7022=DIRECTION('',(0.,-1.,0.));
#7023=DIRECTION('',(0.,0.,-1.));
#7024=DIRECTION('',(1.,0.,0.));
#7025=DIRECTION('',(0.,0.,-1.));
#7026=DIRECTION('',(0.,1.,0.));
#7027=DIRECTION('',(0.,0.,-1.));
#7028=DIRECTION('',(-1.,0.,0.));
#7029=DIRECTION('',(0.,1.,0.));
#7030=DIRECTION('',(0.,0.,-1.));
#7031=DIRECTION('',(0.,0.,1.));
#7032=DIRECTION('',(1.,0.,0.));
#7033=DIRECTION('',(0.,0.,-1.));
#7034=DIRECTION('',(0.,-1.,0.));
#7035=DIRECTION('',(0.,0.,-1.));
#7036=DIRECTION('',(1.,0.,0.));
#7037=DIRECTION('',(0.,-1.,0.));
#7038=DIRECTION('',(0.,0.,-1.));
#7039=DIRECTION('',(0.,-1.,0.));
#7040=DIRECTION('',(0.,0.,-1.));
#7041=DIRECTION('',(0.,0.,-1.));
#7042=DIRECTION('',(-1.,0.,0.));
#7043=DIRECTION('',(0.,0.,-1.));
#7044=DIRECTION('',(0.,1.,0.));
#7045=DIRECTION('',(0.,0.,1.));
#7046=DIRECTION('',(-1.,0.,0.));
#7047=DIRECTION('',(0.,1.,0.));
#7048=DIRECTION('',(0.,0.,1.));
#7049=DIRECTION('',(0.,0.,1.));
#7050=DIRECTION('',(-1.,0.,0.));
#7051=DIRECTION('',(0.,0.,1.));
#7052=DIRECTION('',(0.,1.,0.));
#7053=DIRECTION('',(0.,0.,1.));
#7054=DIRECTION('',(-1.,0.,0.));
#7055=DIRECTION('',(0.,1.,0.));
#7056=DIRECTION('',(0.,0.,1.));
#7057=DIRECTION('',(0.,1.,0.));
#7058=DIRECTION('',(0.,0.,1.));
#7059=DIRECTION('',(0.,-1.,0.));
#7060=DIRECTION('',(0.,-1.,0.));
#7061=DIRECTION('',(-1.,0.,0.));
#7062=DIRECTION('',(0.,0.,1.));
#7063=DIRECTION('',(0.,-1.,0.));
#7064=DIRECTION('',(0.,1.,0.));
#7065=DIRECTION('',(-1.,0.,0.));
#7066=DIRECTION('',(0.,0.,1.));
#7067=DIRECTION('',(0.,0.,-1.));
#7068=DIRECTION('',(1.,0.,0.));
#7069=DIRECTION('',(0.,0.,1.));
#7070=DIRECTION('',(1.,0.,0.));
#7071=DIRECTION('',(0.,0.,1.));
#7072=DIRECTION('',(1.,0.,0.));
#7073=DIRECTION('',(0.,0.,1.));
#7074=DIRECTION('',(-1.,0.,0.));
#7075=DIRECTION('',(0.,0.,1.));
#7076=DIRECTION('',(1.,0.,0.));
#7077=DIRECTION('',(0.,0.,1.));
#7078=DIRECTION('',(1.,0.,0.));
#7079=DIRECTION('',(0.,-1.,0.));
#7080=DIRECTION('',(0.,0.,-1.));
#7081=DIRECTION('',(0.,1.,0.));
#7082=DIRECTION('',(1.,0.,0.));
#7083=DIRECTION('',(0.,0.,-1.));
#7084=DIRECTION('',(0.,1.,0.));
#7085=DIRECTION('',(0.,0.,-1.));
#7086=DIRECTION('',(0.,1.,0.));
#7087=DIRECTION('',(0.,0.,-1.));
#7088=DIRECTION('',(1.,0.,0.));
#7089=DIRECTION('',(0.,0.,-1.));
#7090=DIRECTION('',(0.,1.,0.));
#7091=DIRECTION('',(0.,1.,0.));
#7092=DIRECTION('',(1.,0.,0.));
#7093=DIRECTION('',(0.,0.,-1.));
#7094=DIRECTION('',(0.,1.,0.));
#7095=DIRECTION('',(0.,-1.,0.));
#7096=DIRECTION('',(1.,0.,0.));
#7097=DIRECTION('',(0.,0.,-1.));
#7098=DIRECTION('',(1.,0.,0.));
#7099=DIRECTION('',(0.,-1.,0.));
#7100=DIRECTION('',(0.,0.,-1.));
#7101=DIRECTION('',(-1.,0.,0.));
#7102=DIRECTION('',(0.,-1.,0.));
#7103=DIRECTION('',(0.,0.,-1.));
#7104=DIRECTION('',(1.,0.,0.));
#7105=DIRECTION('',(0.,0.,1.));
#7106=DIRECTION('',(0.,1.,0.));
#7107=DIRECTION('',(0.,0.,-1.));
#7108=DIRECTION('',(1.,0.,0.));
#7109=DIRECTION('',(0.,1.,0.));
#7110=DIRECTION('',(0.,0.,-1.));
#7111=DIRECTION('',(0.,0.,-1.));
#7112=DIRECTION('',(0.,-1.,0.));
#7113=DIRECTION('',(0.,0.,-1.));
#7114=DIRECTION('',(0.,-1.,0.));
#7115=DIRECTION('',(0.,0.,-1.));
#7116=DIRECTION('',(0.,1.,0.));
#7117=DIRECTION('',(0.,1.,0.));
#7118=DIRECTION('',(0.,0.,1.));
#7119=DIRECTION('',(1.,0.,0.));
#7120=DIRECTION('',(0.,1.,0.));
#7121=DIRECTION('',(0.,0.,1.));
#7122=DIRECTION('',(1.,0.,0.));
#7123=DIRECTION('',(0.,-1.,0.));
#7124=DIRECTION('',(0.,0.,-1.));
#7125=DIRECTION('',(0.,1.,0.));
#7126=DIRECTION('',(0.,0.,1.));
#7127=DIRECTION('',(0.,1.,0.));
#7128=DIRECTION('',(-1.,0.,0.));
#7129=DIRECTION('',(0.,-1.,0.));
#7130=DIRECTION('',(0.,0.,-1.));
#7131=DIRECTION('',(-1.,0.,0.));
#7132=DIRECTION('',(0.,0.,-1.));
#7133=DIRECTION('',(1.,0.,0.));
#7134=DIRECTION('',(0.,0.,-1.));
#7135=DIRECTION('',(0.,-1.,0.));
#7136=DIRECTION('',(0.,0.,1.));
#7137=DIRECTION('',(1.,0.,0.));
#7138=DIRECTION('',(0.,-1.,0.));
#7139=DIRECTION('',(0.,0.,1.));
#7140=DIRECTION('',(0.,0.,1.));
#7141=DIRECTION('',(1.,0.,0.));
#7142=DIRECTION('',(0.,0.,1.));
#7143=DIRECTION('',(0.,1.,0.));
#7144=DIRECTION('',(0.,0.,1.));
#7145=DIRECTION('',(1.,0.,0.));
#7146=DIRECTION('',(0.,1.,0.));
#7147=DIRECTION('',(0.,0.,1.));
#7148=DIRECTION('',(0.,1.,0.));
#7149=DIRECTION('',(0.,0.,1.));
#7150=DIRECTION('',(0.,1.,0.));
#7151=DIRECTION('',(0.,-1.,0.));
#7152=DIRECTION('',(1.,0.,0.));
#7153=DIRECTION('',(0.,0.,-1.));
#7154=DIRECTION('',(0.,-1.,0.));
#7155=DIRECTION('',(0.,1.,0.));
#7156=DIRECTION('',(0.,0.,1.));
#7157=DIRECTION('',(0.,-1.,0.));
#7158=DIRECTION('',(0.,0.,1.));
#7159=DIRECTION('',(1.,0.,0.));
#7160=DIRECTION('',(0.,1.,0.));
#7161=DIRECTION('',(0.,0.,1.));
#7162=DIRECTION('',(0.,1.,0.));
#7163=DIRECTION('',(0.,-1.,0.));
#7164=DIRECTION('',(-1.,0.,0.));
#7165=DIRECTION('',(0.,0.,1.));
#7166=DIRECTION('',(0.,1.,0.));
#7167=DIRECTION('',(0.,-1.,0.));
#7168=DIRECTION('',(0.,0.,-1.));
#7169=DIRECTION('',(-1.,0.,0.));
#7170=DIRECTION('',(0.,-1.,0.));
#7171=DIRECTION('',(0.,1.,0.));
#7172=DIRECTION('',(0.,0.,-1.));
#7173=DIRECTION('',(-1.,0.,0.));
#7174=DIRECTION('',(0.,-1.,0.));
#7175=DIRECTION('',(0.,1.,0.));
#7176=DIRECTION('',(-1.,0.,0.));
#7177=DIRECTION('',(0.,0.,1.));
#7178=DIRECTION('',(0.,1.,0.));
#7179=DIRECTION('',(0.,1.,0.));
#7180=DIRECTION('',(0.,0.,1.));
#7181=DIRECTION('',(0.,1.,0.));
#7182=DIRECTION('',(0.,0.,1.));
#7183=DIRECTION('',(1.,0.,0.));
#7184=DIRECTION('',(0.,1.,0.));
#7185=DIRECTION('',(0.,0.,1.));
#7186=DIRECTION('',(0.,-1.,0.));
#7187=DIRECTION('',(0.,1.,0.));
#7188=DIRECTION('',(1.,0.,0.));
#7189=DIRECTION('',(0.,0.,-1.));
#7190=DIRECTION('',(0.,-1.,0.));
#7191=DIRECTION('',(0.,1.,0.));
#7192=DIRECTION('',(-3.88578058618805E-15,0.,-1.));
#7193=DIRECTION('',(0.,1.,0.));
#7194=DIRECTION('',(0.,-1.,0.));
#7195=DIRECTION('',(-3.88578058618805E-15,0.,-1.));
#7196=DIRECTION('',(0.,-1.,0.));
#7197=DIRECTION('',(1.,0.,-3.88578058618805E-15));
#7198=DIRECTION('',(3.88578058618805E-15,0.,1.));
#7199=DIRECTION('',(0.,0.,1.));
#7200=DIRECTION('',(-1.,0.,0.));
#7201=DIRECTION('',(0.,1.,0.));
#7202=DIRECTION('',(0.,0.,-1.));
#7203=DIRECTION('',(1.,0.,0.));
#7204=DIRECTION('',(0.,0.,-1.));
#7205=DIRECTION('',(1.,0.,0.));
#7206=DIRECTION('',(0.,-1.,0.));
#7207=DIRECTION('',(-1.,0.,0.));
#7208=DIRECTION('',(0.,0.,1.));
#7209=DIRECTION('',(-1.,0.,0.));
#7210=DIRECTION('',(0.,-1.,0.));
#7211=DIRECTION('',(2.31296463463574E-15,0.,1.));
#7212=DIRECTION('',(-1.,0.,2.31296463463574E-15));
#7213=DIRECTION('',(2.31759056390501E-15,0.,1.));
#7214=DIRECTION('',(1.,0.,0.));
#7215=DIRECTION('',(0.,0.,1.));
#7216=DIRECTION('',(-1.,0.,0.));
#7217=DIRECTION('',(0.,1.,0.));
#7218=DIRECTION('',(0.,0.,1.));
#7219=DIRECTION('',(0.,1.,0.));
#7220=DIRECTION('',(0.,-1.,0.));
#7221=DIRECTION('',(-1.,0.,-3.46944695195361E-15));
#7222=DIRECTION('',(-3.46944695195361E-15,0.,1.));
#7223=DIRECTION('',(0.,-1.,0.));
#7224=DIRECTION('',(0.,1.,0.));
#7225=DIRECTION('',(0.,0.,1.));
#7226=DIRECTION('',(1.,0.,0.));
#7227=DIRECTION('',(0.,1.,0.));
#7228=DIRECTION('',(0.,-1.,0.));
#7229=DIRECTION('',(0.,0.,-1.));
#7230=DIRECTION('',(-1.,0.,0.));
#7231=DIRECTION('',(0.,1.,0.));
#7232=DIRECTION('',(0.,0.,1.));
#7233=DIRECTION('',(0.,1.,0.));
#7234=DIRECTION('',(0.,0.,1.));
#7235=DIRECTION('',(0.,1.,0.));
#7236=DIRECTION('',(0.,0.,1.));
#7237=DIRECTION('',(0.,1.,0.));
#7238=DIRECTION('',(0.,0.,1.));
#7239=DIRECTION('',(0.,1.,0.));
#7240=DIRECTION('',(0.,0.,1.));
#7241=DIRECTION('',(0.,1.,0.));
#7242=DIRECTION('',(0.,0.,1.));
#7243=DIRECTION('',(0.,-1.,0.));
#7244=DIRECTION('',(0.,0.,-1.));
#7245=DIRECTION('',(0.,-1.,0.));
#7246=DIRECTION('',(0.,0.,-1.));
#7247=DIRECTION('',(0.,1.,0.));
#7248=DIRECTION('',(0.,0.,1.));
#7249=DIRECTION('',(0.,1.,0.));
#7250=DIRECTION('',(0.,0.,1.));
#7251=DIRECTION('',(0.,-1.,0.));
#7252=DIRECTION('',(0.,0.,-1.));
#7253=DIRECTION('',(0.,-1.,0.));
#7254=DIRECTION('',(0.,0.,-1.));
#7255=DIRECTION('',(0.,-1.,0.));
#7256=DIRECTION('',(0.,0.,-1.));
#7257=DIRECTION('',(0.,-1.,0.));
#7258=DIRECTION('',(0.,0.,-1.));
#7259=DIRECTION('',(0.,0.,-1.));
#7260=DIRECTION('',(-1.,0.,0.));
#7261=DIRECTION('',(0.,0.,-1.));
#7262=DIRECTION('',(-1.,0.,0.));
#7263=DIRECTION('',(1.,0.,0.));
#7264=DIRECTION('',(0.,0.,-1.));
#7265=DIRECTION('',(0.,-1.,0.));
#7266=DIRECTION('',(0.,0.,-1.));
#7267=DIRECTION('',(1.,0.,0.));
#7268=DIRECTION('',(0.,0.,-1.));
#7269=DIRECTION('',(1.,0.,0.));
#7270=DIRECTION('',(0.,0.,-1.));
#7271=DIRECTION('',(0.,-1.,0.));
#7272=DIRECTION('',(0.,0.,-1.));
#7273=DIRECTION('',(0.,0.,1.));
#7274=DIRECTION('',(-1.,0.,0.));
#7275=DIRECTION('',(0.,0.,-1.));
#7276=DIRECTION('',(-1.,0.,0.));
#7277=DIRECTION('',(-1.,0.,0.));
#7278=DIRECTION('',(0.,0.,1.));
#7279=DIRECTION('',(0.,-1.,0.));
#7280=DIRECTION('',(0.,0.,-1.));
#7281=DIRECTION('',(1.,0.,0.));
#7282=DIRECTION('',(0.,0.,1.));
#7283=DIRECTION('',(0.,-1.,0.));
#7284=DIRECTION('',(0.,0.,-1.));
#7285=DIRECTION('',(-1.,0.,0.));
#7286=DIRECTION('',(0.,0.,1.));
#7287=DIRECTION('',(0.,1.,0.));
#7288=DIRECTION('',(-1.,0.,-3.88578058618805E-15));
#7289=DIRECTION('',(-3.88578058618805E-15,0.,1.));
#7290=DIRECTION('',(0.,-1.,0.));
#7291=DIRECTION('',(0.,0.,-1.));
#7292=DIRECTION('',(-1.,0.,0.));
#7293=DIRECTION('',(0.,1.,0.));
#7294=DIRECTION('',(0.,0.,1.));
#7295=DIRECTION('',(0.,-1.,0.));
#7296=DIRECTION('',(-1.,0.,0.));
#7297=DIRECTION('',(0.,-1.,0.));
#7298=DIRECTION('',(0.,0.,1.));
#7299=DIRECTION('',(1.,0.,0.));
#7300=DIRECTION('',(0.,-1.,0.));
#7301=DIRECTION('',(-3.88578058618805E-15,0.,1.));
#7302=DIRECTION('',(0.,-1.,0.));
#7303=DIRECTION('',(-3.88578058618805E-15,0.,1.));
#7304=DIRECTION('',(0.,-1.,0.));
#7305=DIRECTION('',(-1.,0.,-3.88578058618805E-15));
#7306=DIRECTION('',(-3.88578058618805E-15,0.,1.));
#7307=DIRECTION('',(0.,-1.,0.));
#7308=DIRECTION('',(1.,0.,0.));
#7309=DIRECTION('',(0.,0.,1.));
#7310=DIRECTION('',(1.,0.,0.));
#7311=DIRECTION('',(2.31296463463574E-15,0.,-1.));
#7312=DIRECTION('',(1.,0.,2.31296463463574E-15));
#7313=DIRECTION('',(-2.31759056390501E-15,0.,1.));
#7314=DIRECTION('',(0.,1.,0.));
#7315=DIRECTION('',(0.,0.,1.));
#7316=DIRECTION('',(0.,-1.,0.));
#7317=DIRECTION('',(1.,0.,-5.96311194867027E-16));
#7318=DIRECTION('',(5.96311194867027E-16,0.,1.));
#7319=DIRECTION('',(1.,0.,-5.96311194867027E-16));
#7320=DIRECTION('',(2.31296463463574E-15,0.,1.));
#7321=DIRECTION('',(0.,1.,0.));
#7322=DIRECTION('',(0.,1.,0.));
#7323=DIRECTION('',(-1.,0.,2.31296463463574E-15));
#7324=DIRECTION('',(2.31759056390501E-15,0.,1.));
#7325=DIRECTION('',(-1.,0.,5.78241158658936E-16));
#7326=DIRECTION('',(-5.78241158658936E-16,0.,-1.));
#7327=DIRECTION('',(-1.,0.,5.79397640976254E-16));
#7328=DIRECTION('',(0.,-1.,0.));
#7329=DIRECTION('',(0.,0.,-1.));
#7330=DIRECTION('',(0.,1.,0.));
#7331=DIRECTION('',(0.,0.,-1.));
#7332=DIRECTION('',(0.,1.,0.));
#7333=DIRECTION('',(0.,0.,-1.));
#7334=DIRECTION('',(0.,1.,0.));
#7335=DIRECTION('',(0.,0.,-1.));
#7336=DIRECTION('',(0.,-1.,0.));
#7337=DIRECTION('',(0.,0.,-1.));
#7338=DIRECTION('',(0.,-1.,0.));
#7339=DIRECTION('',(0.,0.,-1.));
#7340=DIRECTION('',(0.,-1.,0.));
#7341=DIRECTION('',(0.,0.,-1.));
#7342=DIRECTION('',(0.,-1.,0.));
#7343=DIRECTION('',(0.,1.,0.));
#7344=DIRECTION('',(0.,1.,0.));
#7345=DIRECTION('',(0.,0.,1.));
#7346=DIRECTION('',(0.,1.,0.));
#7347=DIRECTION('',(0.,0.,1.));
#7348=DIRECTION('',(0.,1.,0.));
#7349=DIRECTION('',(0.,0.,1.));
#7350=DIRECTION('',(0.,1.,0.));
#7351=DIRECTION('',(0.,0.,1.));
#7352=DIRECTION('',(1.,0.,5.96311194867027E-16));
#7353=DIRECTION('',(0.,1.,0.));
#7354=DIRECTION('',(-5.96311194867027E-16,0.,1.));
#7355=DIRECTION('',(-1.,0.,-5.96311194867027E-16));
#7356=DIRECTION('',(2.31296463463574E-15,0.,-1.));
#7357=DIRECTION('',(0.,-1.,0.));
#7358=DIRECTION('',(0.,-1.,0.));
#7359=DIRECTION('',(1.,0.,2.31296463463574E-15));
#7360=DIRECTION('',(-2.31759056390501E-15,0.,1.));
#7361=DIRECTION('',(-1.,0.,-5.78241158658936E-16));
#7362=DIRECTION('',(5.78241158658936E-16,0.,-1.));
#7363=DIRECTION('',(1.,0.,5.79397640976254E-16));
#7364=DIRECTION('',(0.,-1.,0.));
#7365=DIRECTION('',(0.,0.,-1.));
#7366=DIRECTION('',(0.,1.,0.));
#7367=DIRECTION('',(0.,0.,-1.));
#7368=DIRECTION('',(0.,1.,0.));
#7369=DIRECTION('',(0.,0.,-1.));
#7370=DIRECTION('',(0.,1.,0.));
#7371=DIRECTION('',(0.,0.,-1.));
#7372=DIRECTION('',(0.,-1.,0.));
#7373=DIRECTION('',(0.,0.,-1.));
#7374=DIRECTION('',(0.,-1.,0.));
#7375=DIRECTION('',(0.,0.,-1.));
#7376=DIRECTION('',(0.,-1.,0.));
#7377=DIRECTION('',(0.,0.,-1.));
#7378=DIRECTION('',(0.,-1.,0.));
#7379=DIRECTION('',(0.,1.,0.));
#7380=DIRECTION('',(0.,1.,0.));
#7381=DIRECTION('',(0.,0.,1.));
#7382=DIRECTION('',(0.,1.,0.));
#7383=DIRECTION('',(0.,0.,1.));
#7384=DIRECTION('',(0.,1.,0.));
#7385=DIRECTION('',(0.,0.,1.));
#7386=DIRECTION('',(0.,1.,0.));
#7387=DIRECTION('',(0.,0.,-1.));
#7388=DIRECTION('',(0.,1.,0.));
#7389=DIRECTION('',(0.,0.,1.));
#7390=DIRECTION('',(0.,1.,0.));
#7391=DIRECTION('',(0.,0.,-1.));
#7392=DIRECTION('',(0.,-1.,0.));
#7393=DIRECTION('',(0.,0.,-1.));
#7394=DIRECTION('',(0.,1.,0.));
#7395=DIRECTION('',(0.,0.,-1.));
#7396=DIRECTION('',(0.,1.,0.));
#7397=DIRECTION('',(0.,0.,1.));
#7398=DIRECTION('',(0.,1.,0.));
#7399=DIRECTION('',(0.,0.,-1.));
#7400=DIRECTION('',(0.,-1.,0.));
#7401=DIRECTION('',(0.,0.,-1.));
#7402=DIRECTION('',(0.,-1.,0.));
#7403=DIRECTION('',(0.,0.,-1.));
#7404=DIRECTION('',(0.,-1.,0.));
#7405=DIRECTION('',(0.,0.,-1.));
#7406=DIRECTION('',(0.,-1.,0.));
#7407=DIRECTION('',(0.,0.,1.));
#7408=DIRECTION('',(0.,1.,0.));
#7409=DIRECTION('',(0.,0.,1.));
#7410=DIRECTION('',(0.,1.,0.));
#7411=DIRECTION('',(0.,0.,1.));
#7412=DIRECTION('',(0.,-1.,0.));
#7413=DIRECTION('',(0.,0.,1.));
#7414=DIRECTION('',(0.,1.,0.));
#7415=DIRECTION('',(0.,0.,1.));
#7416=DIRECTION('',(0.,1.,0.));
#7417=DIRECTION('',(0.,0.,1.));
#7418=DIRECTION('',(0.,1.,0.));
#7419=DIRECTION('',(0.,1.,0.));
#7420=DIRECTION('',(-1.,0.,0.));
#7421=DIRECTION('',(0.,0.,1.));
#7422=DIRECTION('',(0.,1.,0.));
#7423=DIRECTION('',(2.47817639425258E-16,0.,-1.));
#7424=DIRECTION('',(-1.,0.,-2.46330733588707E-16));
#7425=DIRECTION('',(0.,1.,0.));
#7426=DIRECTION('',(1.,0.,1.73472347597681E-15));
#7427=DIRECTION('',(1.73472347597681E-15,0.,-1.));
#7428=DIRECTION('',(0.,0.,1.));
#7429=DIRECTION('',(1.,0.,0.));
#7430=DIRECTION('',(0.,-1.,0.));
#7431=DIRECTION('',(0.,-1.,0.));
#7432=DIRECTION('',(1.,0.,0.));
#7433=DIRECTION('',(0.,0.,1.));
#7434=DIRECTION('',(0.,-1.,0.));
#7435=DIRECTION('',(-2.47817639425258E-16,0.,-1.));
#7436=DIRECTION('',(1.,0.,-2.46330733588707E-16));
#7437=DIRECTION('',(0.,-1.,0.));
#7438=DIRECTION('',(-1.,0.,1.73472347597681E-15));
#7439=DIRECTION('',(-1.73472347597681E-15,0.,-1.));
#7440=DIRECTION('',(0.,0.,1.));
#7441=DIRECTION('',(-1.,0.,0.));
#7442=DIRECTION('',(0.,1.,0.));
#7443=DIRECTION('',(0.,1.,0.));
#7444=DIRECTION('',(1.,0.,0.));
#7445=DIRECTION('',(0.,0.,-1.));
#7446=DIRECTION('',(0.,1.,0.));
#7447=DIRECTION('',(-2.47817639425258E-16,0.,1.));
#7448=DIRECTION('',(1.,0.,2.46330733588707E-16));
#7449=DIRECTION('',(0.,1.,0.));
#7450=DIRECTION('',(-1.,0.,-1.73472347597681E-15));
#7451=DIRECTION('',(-1.73472347597681E-15,0.,1.));
#7452=DIRECTION('',(0.,0.,-1.));
#7453=DIRECTION('',(-1.,0.,0.));
#7454=DIRECTION('',(0.,-1.,0.));
#7455=DIRECTION('',(0.,-1.,0.));
#7456=DIRECTION('',(-1.,0.,0.));
#7457=DIRECTION('',(0.,0.,-1.));
#7458=DIRECTION('',(0.,-1.,0.));
#7459=DIRECTION('',(2.47817639425258E-16,0.,1.));
#7460=DIRECTION('',(-1.,0.,2.46330733588707E-16));
#7461=DIRECTION('',(0.,-1.,0.));
#7462=DIRECTION('',(1.,0.,-1.73472347597681E-15));
#7463=DIRECTION('',(1.73472347597681E-15,0.,1.));
#7464=DIRECTION('',(0.,0.,-1.));
#7465=DIRECTION('',(1.,0.,0.));
#7466=DIRECTION('',(1.,0.,0.));
#7467=DIRECTION('',(0.,0.,-1.));
#7468=DIRECTION('',(0.,1.,0.));
#7469=DIRECTION('',(0.,0.,-1.));
#7470=DIRECTION('',(0.,-1.,0.));
#7471=DIRECTION('',(1.,0.,0.));
#7472=DIRECTION('',(0.,0.,-1.));
#7473=DIRECTION('',(0.,-0.258819045102526,-0.965925826289067));
#7474=DIRECTION('',(0.,-1.,0.));
#7475=DIRECTION('',(1.,0.,0.));
#7476=DIRECTION('',(0.,0.,-1.));
#7477=DIRECTION('',(0.,0.,1.));
#7478=DIRECTION('',(1.,0.,0.));
#7479=DIRECTION('',(0.,0.,-1.));
#7480=DIRECTION('',(0.,1.,0.));
#7481=DIRECTION('',(0.,-0.258819045102526,-0.965925826289067));
#7482=DIRECTION('',(0.,-1.,0.));
#7483=DIRECTION('',(1.,0.,0.));
#7484=DIRECTION('',(0.,0.,-1.));
#7485=DIRECTION('',(0.,0.,1.));
#7486=DIRECTION('',(1.,0.,0.));
#7487=DIRECTION('',(0.,0.,-1.));
#7488=DIRECTION('',(0.,1.,0.));
#7489=DIRECTION('',(0.,-0.258819045102526,-0.965925826289067));
#7490=DIRECTION('',(1.,0.,0.));
#7491=DIRECTION('',(0.,0.,1.));
#7492=DIRECTION('',(0.,1.,0.));
#7493=DIRECTION('',(1.,0.,0.));
#7494=DIRECTION('',(0.,1.,0.));
#7495=DIRECTION('',(1.,0.,0.));
#7496=DIRECTION('',(0.,1.,0.));
#7497=DIRECTION('',(1.,0.,0.));
#7498=DIRECTION('',(0.,0.,1.));
#7499=DIRECTION('',(1.,0.,0.));
#7500=DIRECTION('',(-1.,0.,0.));
#7501=DIRECTION('',(0.,-1.,0.));
#7502=DIRECTION('',(1.,0.,0.));
#7503=DIRECTION('',(0.,0.,1.));
#7504=DIRECTION('',(-1.,0.,0.));
#7505=DIRECTION('',(0.,1.,0.));
#7506=DIRECTION('',(1.,-7.74696257465509E-17,-2.89120579329468E-16));
#7507=DIRECTION('',(1.,0.,-2.89120579329468E-16));
#7508=DIRECTION('',(0.,1.,0.));
#7509=DIRECTION('',(-1.,7.74696257465509E-17,2.89120579329468E-16));
#7510=DIRECTION('',(-2.89120579329468E-16,0.,-1.));
#7511=DIRECTION('',(-1.,0.,2.89698820488127E-16));
#7512=DIRECTION('',(0.,1.,0.));
#7513=DIRECTION('',(1.,-4.84185160915943E-17,-1.80700362080917E-16));
#7514=DIRECTION('',(1.,0.,-1.80700362080917E-16));
#7515=DIRECTION('',(0.,1.,0.));
#7516=DIRECTION('',(-1.,4.84185160915943E-17,1.80700362080917E-16));
#7517=DIRECTION('',(-1.80700362080917E-16,0.,-1.));
#7518=DIRECTION('',(-1.,0.,1.80844922370582E-16));
#7519=DIRECTION('',(0.,0.258819045102526,0.965925826289067));
#7520=DIRECTION('',(-1.,0.,0.));
#7521=DIRECTION('',(0.,0.,-1.));
#7522=DIRECTION('',(0.,0.,1.));
#7523=DIRECTION('',(-1.,0.,0.));
#7524=DIRECTION('',(0.,0.,-1.));
#7525=DIRECTION('',(0.,-1.,0.));
#7526=DIRECTION('',(0.,0.258819045102526,0.965925826289067));
#7527=DIRECTION('',(-1.,0.,0.));
#7528=DIRECTION('',(0.,0.,-1.));
#7529=DIRECTION('',(0.,0.,1.));
#7530=DIRECTION('',(-1.,0.,0.));
#7531=DIRECTION('',(0.,0.,-1.));
#7532=DIRECTION('',(0.,-1.,0.));
#7533=DIRECTION('',(0.,0.258819045102526,0.965925826289067));
#7534=DIRECTION('',(0.,1.,0.));
#7535=DIRECTION('',(0.,0.,-1.));
#7536=DIRECTION('',(1.,0.,0.));
#7537=DIRECTION('',(0.,0.,1.));
#7538=DIRECTION('',(-1.,0.,0.));
#7539=DIRECTION('',(0.,0.,1.));
#7540=DIRECTION('',(-2.31296463463574E-15,0.,-1.));
#7541=DIRECTION('',(-1.,0.,0.));
#7542=DIRECTION('',(-3.88578058618805E-15,0.,-1.));
#7543=DIRECTION('',(0.,1.,0.));
#7544=DIRECTION('',(0.,0.,-1.));
#7545=DIRECTION('',(0.,1.,0.));
#7546=DIRECTION('',(0.,0.,-1.));
#7547=DIRECTION('',(0.,-1.,0.));
#7548=DIRECTION('',(0.,0.,-1.));
#7549=DIRECTION('',(0.,0.258819045102526,0.965925826289067));
#7550=DIRECTION('',(0.,-1.,0.));
#7551=DIRECTION('',(0.,0.258819045102526,0.965925826289067));
#7552=DIRECTION('',(1.,0.,0.));
#7553=DIRECTION('',(0.,0.,1.));
#7554=DIRECTION('',(0.,-1.,0.));
#7555=DIRECTION('',(0.,0.258819045102526,0.965925826289067));
#7556=DIRECTION('',(-1.,0.,0.));
#7557=DIRECTION('',(0.,0.,-1.));
#7558=DIRECTION('',(0.,1.,0.));
#7559=DIRECTION('',(0.,0.258819045102526,0.965925826289067));
#7560=DIRECTION('',(1.,0.,0.));
#7561=DIRECTION('',(0.,0.,1.));
#7562=DIRECTION('',(0.,0.258819045102526,0.965925826289067));
#7563=DIRECTION('',(-1.,0.,0.));
#7564=DIRECTION('',(0.,0.,-1.));
#7565=DIRECTION('',(0.,0.258819045102526,0.965925826289067));
#7566=DIRECTION('',(1.,0.,0.));
#7567=DIRECTION('',(0.,0.,1.));
#7568=DIRECTION('',(1.,4.84185160915943E-17,1.80700362080917E-16));
#7569=DIRECTION('',(0.,-0.965925826289067,0.258819045102526));
#7570=DIRECTION('',(0.,-0.258819045102526,-0.965925826289067));
#7571=DIRECTION('',(1.,7.74696257465509E-17,2.89120579329468E-16));
#7572=DIRECTION('',(-1.,0.,0.));
#7573=DIRECTION('',(0.,-0.965925826289067,0.258819045102526));
#7574=DIRECTION('',(0.,-0.258819045102526,-0.965925826289067));
#7575=DIRECTION('',(0.,-0.965925826289067,0.258819045102526));
#7576=DIRECTION('',(0.,-0.258819045102526,-0.965925826289067));
#7577=DIRECTION('',(-1.,-4.84185160915943E-17,-1.80700362080917E-16));
#7578=DIRECTION('',(0.,-0.965925826289067,0.258819045102526));
#7579=DIRECTION('',(0.,-0.258819045102526,-0.965925826289067));
#7580=DIRECTION('',(-1.,0.,0.));
#7581=DIRECTION('',(-1.,-7.74696257465509E-17,-2.89120579329468E-16));
#7582=DIRECTION('',(0.,-0.965925826289067,0.258819045102526));
#7583=DIRECTION('',(0.,-0.258819045102526,-0.965925826289067));
#7584=DIRECTION('',(1.,0.,0.));
#7585=DIRECTION('',(0.,-0.965925826289067,0.258819045102526));
#7586=DIRECTION('',(0.,-0.258819045102526,-0.965925826289067));
#7587=DIRECTION('',(1.,0.,0.));
#7588=DIRECTION('',(0.,-1.,0.));
#7589=DIRECTION('',(0.,0.,-1.));
#7590=DIRECTION('',(-3.88578058618805E-15,0.,-1.));
#7591=DIRECTION('',(5.20417042793042E-15,0.,1.));
#7592=DIRECTION('',(0.,-1.,0.));
#7593=DIRECTION('',(0.,0.,-1.));
#7594=DIRECTION('',(0.,1.,0.));
#7595=DIRECTION('',(0.,1.,0.));
#7596=DIRECTION('',(1.,0.,-3.88578058618805E-15));
#7597=DIRECTION('',(3.88578058618805E-15,0.,1.));
#7598=DIRECTION('',(1.,0.,0.));
#7599=DIRECTION('',(0.,0.,-1.));
#7600=DIRECTION('',(-1.,0.,0.));
#7601=DIRECTION('',(0.,-1.,0.));
#7602=DIRECTION('',(0.,0.,-1.));
#7603=DIRECTION('',(1.,0.,0.));
#7604=DIRECTION('',(0.,1.,0.));
#7605=DIRECTION('',(-2.60208521396521E-15,0.,-1.));
#7606=DIRECTION('',(-1.,0.,2.31296463463574E-15));
#7607=DIRECTION('',(2.31759056390501E-15,0.,1.));
#7608=DIRECTION('',(-1.,0.,0.));
#7609=DIRECTION('',(0.,1.,0.));
#7610=DIRECTION('',(0.,0.,1.));
#7611=DIRECTION('',(-1.,0.,0.));
#7612=DIRECTION('',(0.,1.,0.));
#7613=DIRECTION('',(0.,0.,1.));
#7614=DIRECTION('',(5.20417042793042E-15,0.,1.));
#7615=DIRECTION('',(-1.,0.,5.20417042793042E-15));
#7616=DIRECTION('',(5.20417042793042E-15,0.,1.));
#7617=DIRECTION('',(0.,1.,0.));
#7618=DIRECTION('',(0.,0.,1.));
#7619=DIRECTION('',(0.,1.,0.));
#7620=DIRECTION('',(0.,0.,1.));
#7621=DIRECTION('',(0.,-1.,0.));
#7622=DIRECTION('',(0.,0.,-1.));
#7623=DIRECTION('',(0.,1.,0.));
#7624=DIRECTION('',(0.,0.,1.));
#7625=DIRECTION('',(0.,1.,0.));
#7626=DIRECTION('',(0.,0.,1.));
#7627=DIRECTION('',(0.,1.,0.));
#7628=DIRECTION('',(0.,0.,1.));
#7629=DIRECTION('',(0.,-1.,0.));
#7630=DIRECTION('',(0.,0.,-1.));
#7631=DIRECTION('',(-1.,0.,-1.80700362080917E-16));
#7632=DIRECTION('',(-1.80700362080917E-16,0.,1.));
#7633=DIRECTION('',(1.,0.,1.80844922370582E-16));
#7634=DIRECTION('',(-1.,0.,-2.89120579329468E-16));
#7635=DIRECTION('',(-2.89120579329468E-16,0.,1.));
#7636=DIRECTION('',(1.,0.,2.89698820488127E-16));
#7637=DIRECTION('',(-1.,0.,1.80700362080917E-16));
#7638=DIRECTION('',(1.,0.,2.89120579329468E-16));
#7639=DIRECTION('',(0.,1.,0.));
#7640=DIRECTION('',(0.,0.,1.));
#7641=DIRECTION('',(-1.,0.,2.89120579329468E-16));
#7642=DIRECTION('',(1.,0.,1.80700362080917E-16));
#7643=DIRECTION('',(0.,1.,0.));
#7644=DIRECTION('',(0.,0.,1.));
#7645=DIRECTION('',(1.,0.,-2.89120579329468E-16));
#7646=DIRECTION('',(0.,0.,-1.));
#7647=DIRECTION('',(1.,0.,1.80700362080917E-16));
#7648=DIRECTION('',(0.,0.,-1.));
#7649=DIRECTION('',(1.,0.,-1.80700362080917E-16));
#7650=DIRECTION('',(0.,0.,-1.));
#7651=DIRECTION('',(1.,0.,2.89120579329468E-16));
#7652=DIRECTION('',(0.,0.,-1.));
#7653=DIRECTION('',(0.,0.,-1.));
#7654=DIRECTION('',(-1.,0.,0.));
#7655=DIRECTION('',(-1.,0.,0.));
#7656=DIRECTION('',(0.,0.,1.));
#7657=DIRECTION('',(-1.,0.,0.));
#7658=DIRECTION('',(0.,0.,1.));
#7659=DIRECTION('',(-1.,0.,0.));
#7660=DIRECTION('',(0.,0.,1.));
#7661=DIRECTION('',(0.,1.,0.));
#7662=DIRECTION('',(0.,0.,1.));
#7663=DIRECTION('',(0.,-1.,0.));
#7664=DIRECTION('',(-1.,0.,0.));
#7665=DIRECTION('',(0.,0.,1.));
#7666=DIRECTION('',(0.,0.258819045102526,0.965925826289067));
#7667=DIRECTION('',(-1.,0.,0.));
#7668=DIRECTION('',(0.,0.,1.));
#7669=DIRECTION('',(0.,0.,1.));
#7670=DIRECTION('',(0.,-1.,0.));
#7671=DIRECTION('',(0.,-0.258819045102526,-0.965925826289067));
#7672=DIRECTION('',(0.,-1.,0.));
#7673=DIRECTION('',(-1.,0.,0.));
#7674=DIRECTION('',(0.,0.,1.));
#7675=DIRECTION('',(0.,-1.,0.));
#7676=DIRECTION('',(-3.88578058618805E-15,0.,1.));
#7677=DIRECTION('',(0.,-1.,0.));
#7678=DIRECTION('',(-3.88578058618805E-15,0.,1.));
#7679=DIRECTION('',(-1.,0.,-3.88578058618805E-15));
#7680=DIRECTION('',(-3.88578058618805E-15,0.,1.));
#7681=DIRECTION('',(0.,-1.,0.));
#7682=DIRECTION('',(0.,0.,-1.));
#7683=DIRECTION('',(-1.,0.,0.));
#7684=DIRECTION('',(-2.31296463463574E-15,0.,1.));
#7685=DIRECTION('',(1.,0.,0.));
#7686=DIRECTION('',(0.,0.,-1.));
#7687=DIRECTION('',(-1.,0.,0.));
#7688=DIRECTION('',(0.,1.,0.));
#7689=DIRECTION('',(0.,0.,-1.));
#7690=DIRECTION('',(0.,-1.,0.));
#7691=DIRECTION('',(0.,0.,-1.));
#7692=DIRECTION('',(0.,-1.,0.));
#7693=DIRECTION('',(1.,0.,0.));
#7694=DIRECTION('',(0.,0.,1.));
#7695=DIRECTION('',(0.,-0.258819045102526,-0.965925826289067));
#7696=DIRECTION('',(1.,0.,0.));
#7697=DIRECTION('',(0.,0.,1.));
#7698=DIRECTION('',(0.,1.,0.));
#7699=DIRECTION('',(0.,-0.258819045102526,-0.965925826289067));
#7700=DIRECTION('',(-1.,0.,0.));
#7701=DIRECTION('',(0.,0.,1.));
#7702=DIRECTION('',(-1.,0.,0.));
#7703=DIRECTION('',(1.,0.,0.));
#7704=DIRECTION('',(0.,0.965925826289067,-0.258819045102526));
#7705=DIRECTION('',(0.,0.258819045102526,0.965925826289067));
#7706=DIRECTION('',(-1.,0.,0.));
#7707=DIRECTION('',(1.,0.,0.));
#7708=DIRECTION('',(0.,0.965925826289067,-0.258819045102526));
#7709=DIRECTION('',(0.,0.258819045102526,0.965925826289067));
#7710=DIRECTION('',(0.,0.,-1.));
#7711=DIRECTION('',(1.,0.,0.));
#7712=DIRECTION('',(1.,0.,0.));
#7713=DIRECTION('',(1.,0.,0.));
#7714=DIRECTION('',(0.,1.,0.));
#7715=DIRECTION('',(0.,0.,-1.));
#7716=DIRECTION('',(-1.,0.,0.));
#7717=DIRECTION('',(-1.,0.,0.));
#7718=DIRECTION('',(0.,0.,1.));
#7719=DIRECTION('',(-1.,0.,0.));
#7720=DIRECTION('',(0.,-1.,0.));
#7721=DIRECTION('',(1.,0.,0.));
#7722=DIRECTION('',(0.,-1.,0.));
#7723=DIRECTION('',(1.,0.,0.));
#7724=DIRECTION('',(0.,0.,1.));
#7725=DIRECTION('',(1.,0.,0.));
#7726=DIRECTION('',(0.,-1.,0.));
#7727=DIRECTION('',(-2.60208521396521E-15,0.,1.));
#7728=DIRECTION('',(1.,0.,2.31296463463574E-15));
#7729=DIRECTION('',(-2.31759056390501E-15,0.,1.));
#7730=DIRECTION('',(0.,-1.,0.));
#7731=DIRECTION('',(-1.,0.,0.));
#7732=DIRECTION('',(0.,0.,1.));
#7733=DIRECTION('',(1.,0.,0.));
#7734=DIRECTION('',(0.,-1.,0.));
#7735=DIRECTION('',(0.,0.,-1.));
#7736=DIRECTION('',(5.20417042793042E-15,0.,-1.));
#7737=DIRECTION('',(0.,-1.,0.));
#7738=DIRECTION('',(0.,0.,-1.));
#7739=DIRECTION('',(0.,1.,0.));
#7740=DIRECTION('',(0.,0.,1.));
#7741=DIRECTION('',(0.,0.,-1.));
#7742=DIRECTION('',(1.,0.,0.));
#7743=DIRECTION('',(5.20417042793042E-15,0.,-1.));
#7744=DIRECTION('',(1.,0.,5.20417042793042E-15));
#7745=DIRECTION('',(-5.20417042793042E-15,0.,1.));
#7746=DIRECTION('',(0.,1.,0.));
#7747=DIRECTION('',(0.,0.,1.));
#7748=DIRECTION('',(0.,1.,0.));
#7749=DIRECTION('',(0.,0.,1.));
#7750=DIRECTION('',(0.,1.,0.));
#7751=DIRECTION('',(0.,0.,1.));
#7752=DIRECTION('',(0.,1.,0.));
#7753=DIRECTION('',(0.,0.,1.));
#7754=DIRECTION('',(0.,-1.,0.));
#7755=DIRECTION('',(0.,0.,1.));
#7756=DIRECTION('',(0.,1.,0.));
#7757=DIRECTION('',(0.,0.,1.));
#7758=DIRECTION('',(0.,-1.,0.));
#7759=DIRECTION('',(0.,0.,-1.));
#7760=DIRECTION('',(1.,0.,0.));
#7761=DIRECTION('',(0.,0.,-1.));
#7762=DIRECTION('',(-1.,0.,0.));
#7763=DIRECTION('',(0.,0.,1.));
#7764=DIRECTION('',(0.,0.,-1.));
#7765=DIRECTION('',(0.,1.,0.));
#7766=DIRECTION('',(0.,0.,-1.));
#7767=DIRECTION('',(0.,-1.,0.));
#7768=DIRECTION('',(-1.,0.,0.));
#7769=DIRECTION('',(0.,0.,1.));
#7770=DIRECTION('',(1.,0.,0.));
#7771=DIRECTION('',(0.,1.,0.));
#7772=DIRECTION('',(1.,0.,0.));
#7773=DIRECTION('',(0.,-1.,0.));
#7774=DIRECTION('',(0.,0.,-1.));
#7775=DIRECTION('',(-1.,0.,0.));
#7776=DIRECTION('',(0.,0.,1.));
#7777=DIRECTION('',(0.,1.,0.));
#7778=DIRECTION('',(0.,0.,1.));
#7779=DIRECTION('',(0.,-1.,0.));
#7780=DIRECTION('',(1.,0.,0.));
#7781=DIRECTION('',(0.,0.,-1.));
#7782=DIRECTION('',(-1.,0.,0.));
#7783=DIRECTION('',(0.,-1.,0.));
#7784=DIRECTION('',(-1.,0.,0.));
#7785=DIRECTION('',(0.,1.,0.));
#7786=DIRECTION('',(0.,0.,1.));
#7787=DIRECTION('',(1.,0.,0.));
#7788=DIRECTION('',(0.,-1.,0.));
#7789=DIRECTION('',(0.,0.,-1.));
#7790=DIRECTION('',(0.,-1.,0.));
#7791=DIRECTION('',(0.,0.,-1.));
#7792=DIRECTION('',(0.,1.,0.));
#7793=DIRECTION('',(0.,0.,-1.));
#7794=DIRECTION('',(0.,1.,0.));
#7795=DIRECTION('',(0.,0.,-1.));
#7796=DIRECTION('',(0.,1.,0.));
#7797=DIRECTION('',(0.,0.,-1.));
#7798=DIRECTION('',(0.,1.,0.));
#7799=DIRECTION('',(0.,0.,-1.));
#7800=DIRECTION('',(0.,-1.,0.));
#7801=DIRECTION('',(0.,0.,-1.));
#7802=DIRECTION('',(-1.,0.,0.));
#7803=DIRECTION('',(0.,0.,-1.));
#7804=DIRECTION('',(1.,0.,-2.47817639425258E-16));
#7805=DIRECTION('',(-1.73472347597681E-15,0.,-1.));
#7806=DIRECTION('',(-1.,0.,0.));
#7807=DIRECTION('',(2.31296463463574E-15,0.,-1.));
#7808=DIRECTION('',(1.,0.,2.47817639425258E-16));
#7809=DIRECTION('',(0.,0.,-1.));
#7810=DIRECTION('',(-1.,0.,2.47817639425258E-16));
#7811=DIRECTION('',(-2.31296463463574E-15,0.,-1.));
#7812=DIRECTION('',(1.,0.,0.));
#7813=DIRECTION('',(0.,0.,-1.));
#7814=DIRECTION('',(-1.,0.,-2.47817639425258E-16));
#7815=DIRECTION('',(0.,0.,-1.));
#7816=DIRECTION('',(1.,0.,0.));
#7817=DIRECTION('',(1.73472347597681E-15,0.,-1.));
#7818=DIRECTION('',(0.,-1.,0.));
#7819=DIRECTION('',(0.,0.,-1.));
#7820=DIRECTION('',(0.,-1.,0.));
#7821=DIRECTION('',(0.,0.,-1.));
#7822=DIRECTION('',(0.,-1.,0.));
#7823=DIRECTION('',(0.,0.,-1.));
#7824=DIRECTION('',(0.,-1.,0.));
#7825=DIRECTION('',(0.,0.,-1.));
#7826=DIRECTION('',(0.,-1.,0.));
#7827=DIRECTION('',(0.,0.,-1.));
#7828=DIRECTION('',(0.,-1.,0.));
#7829=DIRECTION('',(0.,0.,-1.));
#7830=DIRECTION('',(0.,-1.,0.));
#7831=DIRECTION('',(0.,0.,-1.));
#7832=DIRECTION('',(1.,0.,0.));
#7833=DIRECTION('',(0.,0.,1.));
#7834=DIRECTION('',(1.,0.,2.47817639425258E-16));
#7835=DIRECTION('',(1.73472347597681E-15,0.,-1.));
#7836=DIRECTION('',(0.,-1.,0.));
#7837=DIRECTION('',(0.,0.,-1.));
#7838=DIRECTION('',(0.,-1.,0.));
#7839=DIRECTION('',(0.70710678118655,0.707106781186545,0.));
#7840=DIRECTION('',(-1.,0.,0.));
#7841=DIRECTION('',(0.,1.,0.));
#7842=DIRECTION('',(-0.707106781186549,-0.707106781186546,0.));
#7843=DIRECTION('',(0.,-1.,0.));
#7844=DIRECTION('',(0.,0.,-1.));
#7845=DIRECTION('',(-1.,0.,0.));
#7846=DIRECTION('',(0.,-1.,0.));
#7847=DIRECTION('',(1.73472347597681E-15,0.,-1.));
#7848=DIRECTION('',(-1.,0.,-1.73472347597681E-15));
#7849=DIRECTION('',(-1.73472347597681E-15,0.,1.));
#7850=DIRECTION('',(1.,0.,2.47817639425258E-16));
#7851=DIRECTION('',(-0.70710678118655,-0.707106781186545,-1.75233533335243E-16));
#7852=DIRECTION('',(0.,-1.,0.));
#7853=DIRECTION('',(0.707106781186549,0.707106781186546,1.75233533335243E-16));
#7854=DIRECTION('',(0.,-1.,0.));
#7855=DIRECTION('',(-2.47817639425258E-16,0.,1.));
#7856=DIRECTION('',(1.,0.,2.46330733588707E-16));
#7857=DIRECTION('',(0.,0.,1.));
#7858=DIRECTION('',(1.,0.,0.));
#7859=DIRECTION('',(0.,0.,-1.));
#7860=DIRECTION('',(1.,0.,0.));
#7861=DIRECTION('',(2.31296463463574E-15,0.,1.));
#7862=DIRECTION('',(1.,0.,-2.47817639425258E-16));
#7863=DIRECTION('',(0.,0.,-1.));
#7864=DIRECTION('',(0.,-1.,0.));
#7865=DIRECTION('',(0.,0.,-1.));
#7866=DIRECTION('',(1.,0.,-2.47817639425258E-16));
#7867=DIRECTION('',(-0.707106781186548,-0.707106781186548,1.75233533335243E-16));
#7868=DIRECTION('',(0.,1.,0.));
#7869=DIRECTION('',(0.,1.,0.));
#7870=DIRECTION('',(0.707106781186548,0.707106781186547,-1.75233533335243E-16));
#7871=DIRECTION('',(0.,-1.,0.));
#7872=DIRECTION('',(2.47817639425258E-16,0.,1.));
#7873=DIRECTION('',(-1.,0.,2.46330733588707E-16));
#7874=DIRECTION('',(0.,1.,0.));
#7875=DIRECTION('',(0.707106781186548,0.707106781186548,0.));
#7876=DIRECTION('',(-1.,0.,0.));
#7877=DIRECTION('',(0.,1.,0.));
#7878=DIRECTION('',(-0.707106781186548,-0.707106781186547,0.));
#7879=DIRECTION('',(0.,1.,0.));
#7880=DIRECTION('',(0.,0.,-1.));
#7881=DIRECTION('',(1.,0.,0.));
#7882=DIRECTION('',(2.31296463463574E-15,0.,1.));
#7883=DIRECTION('',(1.,0.,-2.31296463463574E-15));
#7884=DIRECTION('',(-2.31065167000111E-15,0.,-1.));
#7885=DIRECTION('',(0.,0.,-1.));
#7886=DIRECTION('',(-1.,0.,0.));
#7887=DIRECTION('',(0.,0.,1.));
#7888=DIRECTION('',(-1.,0.,0.));
#7889=DIRECTION('',(0.,0.,-1.));
#7890=DIRECTION('',(-1.,0.,-2.47817639425258E-16));
#7891=DIRECTION('',(-2.31296463463574E-15,0.,1.));
#7892=DIRECTION('',(0.,-1.,0.));
#7893=DIRECTION('',(0.,0.,-1.));
#7894=DIRECTION('',(1.,0.,0.));
#7895=DIRECTION('',(-0.707106781186548,-0.707106781186548,0.));
#7896=DIRECTION('',(0.,-1.,0.));
#7897=DIRECTION('',(0.,-1.,0.));
#7898=DIRECTION('',(0.707106781186548,0.707106781186547,0.));
#7899=DIRECTION('',(0.,-1.,0.));
#7900=DIRECTION('',(0.,0.,1.));
#7901=DIRECTION('',(1.,0.,0.));
#7902=DIRECTION('',(0.,-1.,0.));
#7903=DIRECTION('',(0.707106781186548,0.707106781186548,1.75233533335243E-16));
#7904=DIRECTION('',(-1.,0.,-2.47817639425258E-16));
#7905=DIRECTION('',(0.,1.,0.));
#7906=DIRECTION('',(-0.707106781186548,-0.707106781186547,-1.75233533335243E-16));
#7907=DIRECTION('',(0.,-1.,0.));
#7908=DIRECTION('',(2.47817639425258E-16,0.,-1.));
#7909=DIRECTION('',(-1.,0.,-2.46330733588707E-16));
#7910=DIRECTION('',(-2.31296463463574E-15,0.,1.));
#7911=DIRECTION('',(1.,0.,2.31296463463574E-15));
#7912=DIRECTION('',(2.31065167000111E-15,0.,-1.));
#7913=DIRECTION('',(0.,0.,-1.));
#7914=DIRECTION('',(-1.,0.,0.));
#7915=DIRECTION('',(0.,0.,1.));
#7916=DIRECTION('',(-1.,0.,0.));
#7917=DIRECTION('',(-2.31296463463574E-15,0.,-1.));
#7918=DIRECTION('',(-1.,0.,2.47817639425258E-16));
#7919=DIRECTION('',(0.,0.,1.));
#7920=DIRECTION('',(0.,-1.,0.));
#7921=DIRECTION('',(0.,0.,-1.));
#7922=DIRECTION('',(1.,0.,0.));
#7923=DIRECTION('',(-0.707106781186549,-0.707106781186546,0.));
#7924=DIRECTION('',(0.,1.,0.));
#7925=DIRECTION('',(0.,1.,0.));
#7926=DIRECTION('',(0.707106781186548,0.707106781186547,0.));
#7927=DIRECTION('',(0.,-1.,0.));
#7928=DIRECTION('',(0.,0.,1.));
#7929=DIRECTION('',(-1.,0.,0.));
#7930=DIRECTION('',(0.,1.,0.));
#7931=DIRECTION('',(0.707106781186549,0.707106781186546,-1.75233533335243E-16));
#7932=DIRECTION('',(-1.,0.,2.47817639425258E-16));
#7933=DIRECTION('',(0.,1.,0.));
#7934=DIRECTION('',(-0.707106781186548,-0.707106781186547,1.75233533335243E-16));
#7935=DIRECTION('',(0.,1.,0.));
#7936=DIRECTION('',(-2.47817639425258E-16,0.,-1.));
#7937=DIRECTION('',(1.,0.,-2.46330733588707E-16));
#7938=DIRECTION('',(0.,0.,1.));
#7939=DIRECTION('',(1.,0.,0.));
#7940=DIRECTION('',(0.,0.,-1.));
#7941=DIRECTION('',(-2.31296463463574E-15,0.,-1.));
#7942=DIRECTION('',(-1.,0.,2.31296463463574E-15));
#7943=DIRECTION('',(2.31065167000111E-15,0.,1.));
#7944=DIRECTION('',(0.,-1.,0.));
#7945=DIRECTION('',(0.,0.,-1.));
#7946=DIRECTION('',(0.,-1.,0.));
#7947=DIRECTION('',(0.,0.,-1.));
#7948=DIRECTION('',(0.,-1.,0.));
#7949=DIRECTION('',(0.,0.,-1.));
#7950=DIRECTION('',(0.,-1.,0.));
#7951=DIRECTION('',(0.,0.,-1.));
#7952=DIRECTION('',(0.,1.,0.));
#7953=DIRECTION('',(0.,0.,1.));
#7954=DIRECTION('',(0.,1.,0.));
#7955=DIRECTION('',(0.,0.,1.));
#7956=DIRECTION('',(2.31296463463574E-15,0.,1.));
#7957=DIRECTION('',(1.73472347597681E-15,0.,1.));
#7958=DIRECTION('',(0.,-1.,0.));
#7959=DIRECTION('',(0.,0.,-1.));
#7960=DIRECTION('',(-1.,0.,1.73472347597681E-15));
#7961=DIRECTION('',(-1.73472347597681E-15,0.,-1.));
#7962=DIRECTION('',(0.,0.,1.));
#7963=DIRECTION('',(0.,0.,1.));
#7964=DIRECTION('',(0.,-1.,0.));
#7965=DIRECTION('',(0.,0.,-1.));
#7966=DIRECTION('',(-1.,0.,0.));
#7967=DIRECTION('',(0.,0.,1.));
#7968=DIRECTION('',(0.,0.,1.));
#7969=DIRECTION('',(0.,0.,1.));
#7970=DIRECTION('',(0.,-1.,0.));
#7971=DIRECTION('',(0.,0.,-1.));
#7972=DIRECTION('',(-1.,0.,0.));
#7973=DIRECTION('',(0.,0.,-1.));
#7974=DIRECTION('',(-1.73472347597681E-15,0.,1.));
#7975=DIRECTION('',(-1.73472347597681E-15,0.,1.));
#7976=DIRECTION('',(0.,-1.,0.));
#7977=DIRECTION('',(0.,0.,-1.));
#7978=DIRECTION('',(-1.,0.,-1.73472347597681E-15));
#7979=DIRECTION('',(-1.73472347597681E-15,0.,1.));
#7980=DIRECTION('',(-0.707106781186547,0.707106781186547,0.));
#7981=DIRECTION('',(0.,0.,-1.));
#7982=DIRECTION('',(-0.707106781186547,0.707106781186547,0.));
#7983=DIRECTION('',(0.,0.,-1.));
#7984=DIRECTION('',(-0.707106781186545,0.70710678118655,-1.22663473334669E-15));
#7985=DIRECTION('',(1.73472347597681E-15,0.,-1.));
#7986=DIRECTION('',(-0.707106781186546,0.707106781186549,1.6355129777956E-15));
#7987=DIRECTION('',(-2.31065167000111E-15,0.,-1.));
#7988=DIRECTION('',(0.707106781186548,-0.707106781186548,-1.6355129777956E-15));
#7989=DIRECTION('',(-2.31065167000111E-15,0.,-1.));
#7990=DIRECTION('',(0.707106781186547,-0.707106781186548,1.6355129777956E-15));
#7991=DIRECTION('',(2.31065167000111E-15,0.,-1.));
#7992=DIRECTION('',(0.707106781186547,-0.707106781186548,0.));
#7993=DIRECTION('',(0.,0.,-1.));
#7994=DIRECTION('',(0.707106781186546,-0.707106781186549,0.));
#7995=DIRECTION('',(0.,0.,-1.));
#7996=CARTESIAN_POINT('',(0.,0.,0.));
#7997=CARTESIAN_POINT('',(-37.9655172413793,8.99999999999999,-16.1));
#7998=CARTESIAN_POINT('',(-37.9655172413793,8.99999999999999,-17.6));
#7999=CARTESIAN_POINT('',(-37.9655172413793,14.4528695620599,-17.6));
#8000=CARTESIAN_POINT('',(-37.9655172413793,14.4528695620599,-16.1));
#8001=CARTESIAN_POINT('',(-93.6,-12.6963118527299,-20.2764944612899));
#8002=CARTESIAN_POINT('',(-93.6,-4.85169880461284,9.));
#8003=CARTESIAN_POINT('',(-93.6,-3.24400365002607,15.));
#8004=CARTESIAN_POINT('',(-93.6,-5.20417042793042E-14,15.));
#8005=CARTESIAN_POINT('',(-93.6,1.04083408558608E-15,15.));
#8006=CARTESIAN_POINT('',(-93.6,1.04083408558608E-15,17.0058874503046));
#8007=CARTESIAN_POINT('',(-93.6,1.04083408558608E-15,27.1749015732775));
#8008=CARTESIAN_POINT('',(-93.6,0.,27.1749015732775));
#8009=CARTESIAN_POINT('',(-93.6,1.2,27.1749015732775));
#8010=CARTESIAN_POINT('',(-93.6,1.2,-24.));
#8011=CARTESIAN_POINT('',(-93.6,1.2,27.6));
#8012=CARTESIAN_POINT('',(-93.6,0.,27.6));
#8013=CARTESIAN_POINT('',(-93.6,-3.12774089481889,27.6));
#8014=CARTESIAN_POINT('',(-93.6,-2.31822198309376,30.6211657082461));
#8015=CARTESIAN_POINT('',(-93.6,-16.9539192242648,-24.));
#8016=CARTESIAN_POINT('',(-93.6,0.,-24.));
#8017=CARTESIAN_POINT('',(-93.6,1.04083408558608E-15,-24.));
#8018=CARTESIAN_POINT('',(-93.6,1.04083408558608E-15,17.0058874503046));
#8019=CARTESIAN_POINT('',(-93.6,1.04083408558608E-15,-18.));
#8020=CARTESIAN_POINT('',(-93.6,0.,-18.));
#8021=CARTESIAN_POINT('',(-93.6,-12.0863270002533,-18.));
#8022=CARTESIAN_POINT('',(-93.6,-12.6963118527299,-20.2764944612899));
#8023=CARTESIAN_POINT('',(-93.6,-10.4786318456665,-12.));
#8024=CARTESIAN_POINT('',(-93.6,1.2,-12.));
#8025=CARTESIAN_POINT('',(-93.6,-9.23630042917444,-12.));
#8026=CARTESIAN_POINT('',(-93.6,1.88241438108791,29.4956085867668));
#8027=CARTESIAN_POINT('',(-93.6,-6.82475769729429,-3.));
#8028=CARTESIAN_POINT('',(-93.6,1.2,-3.));
#8029=CARTESIAN_POINT('',(-93.6,-8.06708911378639,-3.));
#8030=CARTESIAN_POINT('',(-93.6,-12.6963118527299,-20.2764944612899));
#8031=CARTESIAN_POINT('',(-93.6,-6.45939395919962,3.));
#8032=CARTESIAN_POINT('',(-93.6,1.2,3.));
#8033=CARTESIAN_POINT('',(-93.6,-5.21706254270752,3.));
#8034=CARTESIAN_POINT('',(-93.6,1.88241438108791,29.4956085867668));
#8035=CARTESIAN_POINT('',(-93.6,-3.60936738812075,9.));
#8036=CARTESIAN_POINT('',(-93.6,1.2,9.));
#8037=CARTESIAN_POINT('',(-93.6,0.,30.));
#8038=CARTESIAN_POINT('',(-90.,1.2,15.));
#8039=CARTESIAN_POINT('',(-96.,1.2,15.));
#8040=CARTESIAN_POINT('',(-94.8,1.2,15.));
#8041=CARTESIAN_POINT('',(-96.,1.20000000000005,30.));
#8042=CARTESIAN_POINT('',(-96.,1.20000000000004,24.));
#8043=CARTESIAN_POINT('',(-90.,1.2,24.));
#8044=CARTESIAN_POINT('',(-90.,1.20000000000005,30.));
#8045=CARTESIAN_POINT('',(96.,1.20000000000005,30.));
#8046=CARTESIAN_POINT('',(90.,1.20000000000005,30.));
#8047=CARTESIAN_POINT('',(90.,1.2,24.));
#8048=CARTESIAN_POINT('',(96.,1.2,24.));
#8049=CARTESIAN_POINT('',(96.,1.2,-24.));
#8050=CARTESIAN_POINT('',(96.,1.2,15.));
#8051=CARTESIAN_POINT('',(-90.,1.2,15.));
#8052=CARTESIAN_POINT('',(94.8,1.2,15.));
#8053=CARTESIAN_POINT('',(94.8,1.2,-24.));
#8054=CARTESIAN_POINT('',(94.8,1.2,22.8));
#8055=CARTESIAN_POINT('',(88.8,1.2,22.8));
#8056=CARTESIAN_POINT('',(93.6,1.2,26.4));
#8057=CARTESIAN_POINT('',(93.6,1.2,-24.));
#8058=CARTESIAN_POINT('',(93.6,1.2,27.6));
#8059=CARTESIAN_POINT('',(96.,1.2,27.6));
#8060=CARTESIAN_POINT('',(92.4,1.2,27.6));
#8061=CARTESIAN_POINT('',(88.8,1.2,22.8));
#8062=CARTESIAN_POINT('',(88.8,1.2,28.8));
#8063=CARTESIAN_POINT('',(-90.,1.2,28.8));
#8064=CARTESIAN_POINT('',(-90.,1.2,28.8));
#8065=CARTESIAN_POINT('',(-90.,1.2,24.));
#8066=CARTESIAN_POINT('',(-93.1749015732775,1.2,27.6));
#8067=CARTESIAN_POINT('',(96.,1.2,27.6));
#8068=CARTESIAN_POINT('',(-90.,1.2,24.));
#8069=CARTESIAN_POINT('',(-94.8,1.2,24.));
#8070=CARTESIAN_POINT('',(-94.8,1.2,-24.));
#8071=CARTESIAN_POINT('',(-90.,1.2,-24.));
#8072=CARTESIAN_POINT('',(-90.,1.04083408558608E-15,15.));
#8073=CARTESIAN_POINT('',(-94.8,1.04083408558608E-15,15.));
#8074=CARTESIAN_POINT('',(-94.8,1.04083408558608E-15,17.0058874503046));
#8075=CARTESIAN_POINT('',(-94.8,1.04083408558608E-15,24.));
#8076=CARTESIAN_POINT('',(-90.,1.04083408558608E-15,24.));
#8077=CARTESIAN_POINT('',(-90.,1.04083408558608E-15,-24.));
#8078=CARTESIAN_POINT('',(-94.8,1.19999999999999,15.));
#8079=CARTESIAN_POINT('',(-94.8,0.600000000000001,24.));
#8080=CARTESIAN_POINT('',(-94.8,1.2,17.0058874503046));
#8081=CARTESIAN_POINT('',(93.6,-12.6963118527299,-20.2764944612899));
#8082=CARTESIAN_POINT('',(93.6,-3.24400365002607,15.));
#8083=CARTESIAN_POINT('',(93.6,-12.0863270002533,-18.));
#8084=CARTESIAN_POINT('',(93.6,0.,-18.));
#8085=CARTESIAN_POINT('',(93.6,0.,-18.));
#8086=CARTESIAN_POINT('',(93.6,0.,-30.));
#8087=CARTESIAN_POINT('',(93.6,1.04083408558608E-15,-24.));
#8088=CARTESIAN_POINT('',(93.6,0.,-24.));
#8089=CARTESIAN_POINT('',(93.6,-16.9539192242648,-24.));
#8090=CARTESIAN_POINT('',(93.6,-17.3182219830938,-25.3595964052871));
#8091=CARTESIAN_POINT('',(93.6,-3.12774089481889,27.6));
#8092=CARTESIAN_POINT('',(93.6,0.,27.6));
#8093=CARTESIAN_POINT('',(93.6,1.2,26.4));
#8094=CARTESIAN_POINT('',(93.6,1.04083408558608E-15,26.4));
#8095=CARTESIAN_POINT('',(93.6,0.,-30.));
#8096=CARTESIAN_POINT('',(93.6,0.,15.));
#8097=CARTESIAN_POINT('',(93.6,1.56125112837913E-13,15.));
#8098=CARTESIAN_POINT('',(93.6,0.,-30.));
#8099=CARTESIAN_POINT('',(96.,0.,-18.));
#8100=CARTESIAN_POINT('',(96.,-7.7162546889423,-18.));
#8101=CARTESIAN_POINT('',(96.,1.2,-18.));
#8102=CARTESIAN_POINT('',(96.,-7.7162546889423,-15.6));
#8103=CARTESIAN_POINT('',(96.,-10.0344766720361,-14.9788342917539));
#8104=CARTESIAN_POINT('',(96.,-13.1175856189124,-26.4851535267662));
#8105=CARTESIAN_POINT('',(96.,-2.47830944547824,13.2211657082461));
#8106=CARTESIAN_POINT('',(96.,-0.160087462384477,12.6));
#8107=CARTESIAN_POINT('',(96.,-0.160087462384468,15.));
#8108=CARTESIAN_POINT('',(96.,1.56125112837913E-13,15.));
#8109=CARTESIAN_POINT('',(96.,0.,24.));
#8110=CARTESIAN_POINT('',(96.,-4.09235798757093,24.));
#8111=CARTESIAN_POINT('',(96.,-17.1203600741553,-24.621165708246));
#8112=CARTESIAN_POINT('',(96.,-16.9539192242648,-24.));
#8113=CARTESIAN_POINT('',(96.,0.,-24.));
#8114=CARTESIAN_POINT('',(96.,1.2,-24.));
#8115=CARTESIAN_POINT('',(96.,1.2,-24.));
#8116=CARTESIAN_POINT('',(96.,0.,-30.));
#8117=CARTESIAN_POINT('',(-90.,1.2,-18.));
#8118=CARTESIAN_POINT('',(-94.8,1.2,-18.));
#8119=CARTESIAN_POINT('',(-96.,1.19999999999999,-18.));
#8120=CARTESIAN_POINT('',(-94.8,1.2,-24.));
#8121=CARTESIAN_POINT('',(-94.8,1.2,-24.));
#8122=CARTESIAN_POINT('',(-90.,1.2,-24.));
#8123=CARTESIAN_POINT('',(-90.,1.2,-28.8));
#8124=CARTESIAN_POINT('',(-90.,1.2,-28.8));
#8125=CARTESIAN_POINT('',(90.,1.2,-28.8));
#8126=CARTESIAN_POINT('',(90.,1.2,-24.));
#8127=CARTESIAN_POINT('',(94.8,1.2,-24.));
#8128=CARTESIAN_POINT('',(94.8,1.2,-24.));
#8129=CARTESIAN_POINT('',(94.8,1.2,-18.));
#8130=CARTESIAN_POINT('',(-90.,1.2,-18.));
#8131=CARTESIAN_POINT('',(90.,1.2,-24.));
#8132=CARTESIAN_POINT('',(90.,1.2,-30.));
#8133=CARTESIAN_POINT('',(-90.,1.2,-30.));
#8134=CARTESIAN_POINT('',(-90.,1.2,-30.));
#8135=CARTESIAN_POINT('',(-90.,1.2,-24.));
#8136=CARTESIAN_POINT('',(-96.,1.2,-24.));
#8137=CARTESIAN_POINT('',(-96.,1.20000000000005,30.));
#8138=CARTESIAN_POINT('',(-90.,1.2,-24.));
#8139=CARTESIAN_POINT('',(94.8,1.04083408558608E-15,-24.));
#8140=CARTESIAN_POINT('',(94.8,1.04083408558608E-15,-24.));
#8141=CARTESIAN_POINT('',(94.8,1.04083408558608E-15,-18.));
#8142=CARTESIAN_POINT('',(94.8,1.2,-18.));
#8143=CARTESIAN_POINT('',(94.8,1.2,-24.));
#8144=CARTESIAN_POINT('',(94.8,1.2,-24.));
#8145=CARTESIAN_POINT('',(94.8,1.20000000000014,15.));
#8146=CARTESIAN_POINT('',(94.8,1.04083408558608E-15,15.));
#8147=CARTESIAN_POINT('',(94.8,1.04083408558608E-15,-24.));
#8148=CARTESIAN_POINT('',(94.8,1.04083408558608E-15,22.8));
#8149=CARTESIAN_POINT('',(94.8,1.2,22.8));
#8150=CARTESIAN_POINT('',(94.8,1.2,-24.));
#8151=CARTESIAN_POINT('',(-90.,1.04083408558608E-15,-18.));
#8152=CARTESIAN_POINT('',(-94.8,1.04083408558608E-15,-18.));
#8153=CARTESIAN_POINT('',(-90.,1.04083408558608E-15,-24.));
#8154=CARTESIAN_POINT('',(-90.,1.04083408558608E-15,-27.6));
#8155=CARTESIAN_POINT('',(-90.,1.04083408558608E-15,-27.6));
#8156=CARTESIAN_POINT('',(90.,1.04083408558608E-15,-27.6));
#8157=CARTESIAN_POINT('',(90.,1.04083408558608E-15,-24.));
#8158=CARTESIAN_POINT('',(-90.,1.04083408558608E-15,-18.));
#8159=CARTESIAN_POINT('',(90.,1.04083408558608E-15,-24.));
#8160=CARTESIAN_POINT('',(90.,1.04083408558608E-15,-28.8));
#8161=CARTESIAN_POINT('',(-90.,1.04083408558608E-15,-28.8));
#8162=CARTESIAN_POINT('',(-90.,1.04083408558608E-15,-28.8));
#8163=CARTESIAN_POINT('',(-90.,1.04083408558608E-15,-24.));
#8164=CARTESIAN_POINT('',(-94.8,1.04083408558608E-15,-24.));
#8165=CARTESIAN_POINT('',(-94.8,1.04083408558608E-15,17.0058874503046));
#8166=CARTESIAN_POINT('',(-90.,1.04083408558608E-15,-24.));
#8167=CARTESIAN_POINT('',(-90.,1.04083408558608E-15,15.));
#8168=CARTESIAN_POINT('',(88.8,1.04083408558608E-15,22.8));
#8169=CARTESIAN_POINT('',(-90.,1.04083408558608E-15,-24.));
#8170=CARTESIAN_POINT('',(-90.,-16.9539192242648,-24.));
#8171=CARTESIAN_POINT('',(-90.,-17.9185363170169,-27.6));
#8172=CARTESIAN_POINT('',(-90.,0.,-27.6));
#8173=CARTESIAN_POINT('',(-90.,0.,-24.));
#8174=CARTESIAN_POINT('',(90.,0.,-27.6));
#8175=CARTESIAN_POINT('',(90.,-17.9185363170169,-27.6));
#8176=CARTESIAN_POINT('',(90.,-16.9539192242648,-24.));
#8177=CARTESIAN_POINT('',(90.,0.,-24.));
#8178=CARTESIAN_POINT('',(-96.,-17.9185363170169,-27.6));
#8179=CARTESIAN_POINT('',(-96.,0.,-27.6));
#8180=CARTESIAN_POINT('',(96.,0.,27.6));
#8181=CARTESIAN_POINT('',(-93.1749015732775,1.04083408558608E-15,27.6));
#8182=CARTESIAN_POINT('',(92.4,1.04083408558608E-15,27.6));
#8183=CARTESIAN_POINT('',(92.4,1.2,27.6));
#8184=CARTESIAN_POINT('',(96.,-3.12774089481889,27.6));
#8185=CARTESIAN_POINT('',(-70.8,-3.1277408948189,27.6));
#8186=CARTESIAN_POINT('',(-70.8,-30.,27.6));
#8187=CARTESIAN_POINT('',(-70.8,-2.50657518657285,27.6));
#8188=CARTESIAN_POINT('',(96.,-2.50657518657282,27.6000000000001));
#8189=CARTESIAN_POINT('',(-79.2,-2.50657518657285,27.6));
#8190=CARTESIAN_POINT('',(-79.2,-30.,27.6));
#8191=CARTESIAN_POINT('',(-79.2,-3.1277408948189,27.6));
#8192=CARTESIAN_POINT('',(96.,-3.12774089481889,27.6));
#8193=CARTESIAN_POINT('',(-93.1749015732775,0.,27.6));
#8194=CARTESIAN_POINT('',(96.,0.,27.6));
#8195=CARTESIAN_POINT('',(76.8,-15.6677631005954,-19.2));
#8196=CARTESIAN_POINT('',(76.8,-14.140452703738,-15.9));
#8197=CARTESIAN_POINT('',(76.8,-12.8104008426636,-19.2));
#8198=CARTESIAN_POINT('',(76.8,-11.9261685076409,-15.9));
#8199=CARTESIAN_POINT('',(76.8,-34.92,-19.2));
#8200=CARTESIAN_POINT('',(-90.,0.,-30.));
#8201=CARTESIAN_POINT('',(-90.,-17.9185363170169,-30.));
#8202=CARTESIAN_POINT('',(-90.,-16.9539192242648,-24.));
#8203=CARTESIAN_POINT('',(-96.,-16.9539192242648,-24.));
#8204=CARTESIAN_POINT('',(-96.,0.,-24.));
#8205=CARTESIAN_POINT('',(-90.,0.,-24.));
#8206=CARTESIAN_POINT('',(90.,-16.9539192242648,-24.));
#8207=CARTESIAN_POINT('',(90.,-17.9185363170169,-30.));
#8208=CARTESIAN_POINT('',(90.,0.,-30.));
#8209=CARTESIAN_POINT('',(90.,0.,-24.));
#8210=CARTESIAN_POINT('',(-96.,-5.20417042793042E-14,15.));
#8211=CARTESIAN_POINT('',(-96.,-0.160087462384468,15.));
#8212=CARTESIAN_POINT('',(-96.,-0.160087462384477,12.6));
#8213=CARTESIAN_POINT('',(-96.,-2.47830944547824,13.2211657082461));
#8214=CARTESIAN_POINT('',(-96.,1.88241438108791,29.4956085867668));
#8215=CARTESIAN_POINT('',(-96.,-10.0344766720361,-14.9788342917539));
#8216=CARTESIAN_POINT('',(-96.,-7.7162546889423,-15.6));
#8217=CARTESIAN_POINT('',(-96.,-7.7162546889423,-18.));
#8218=CARTESIAN_POINT('',(-96.,0.,-18.));
#8219=CARTESIAN_POINT('',(-96.,-4.25879883746137,23.378834291754));
#8220=CARTESIAN_POINT('',(-96.,-4.09235798757094,24.));
#8221=CARTESIAN_POINT('',(-96.,0.,24.));
#8222=CARTESIAN_POINT('',(-96.,0.,30.));
#8223=CARTESIAN_POINT('',(-89.9999999999999,-17.9185363170169,-30.));
#8224=CARTESIAN_POINT('',(-96.,0.,-30.));
#8225=CARTESIAN_POINT('',(-90.,0.,30.));
#8226=CARTESIAN_POINT('',(-90.,-3.12774089481889,30.));
#8227=CARTESIAN_POINT('',(90.,-3.12774089481889,30.));
#8228=CARTESIAN_POINT('',(90.,-3.12774089481889,30.));
#8229=CARTESIAN_POINT('',(90.,0.,30.));
#8230=CARTESIAN_POINT('',(96.,0.,30.));
#8231=CARTESIAN_POINT('',(76.8,-17.9859850836892,-18.5788342917539));
#8232=CARTESIAN_POINT('',(76.8,-16.4586746868318,-12.8788342917539));
#8233=CARTESIAN_POINT('',(-76.8,-17.9859850836892,-18.5788342917539));
#8234=CARTESIAN_POINT('',(-76.8,-16.4586746868318,-12.8788342917539));
#8235=CARTESIAN_POINT('',(-82.2,-4.63644396618753,31.2423314164921));
#8236=CARTESIAN_POINT('',(-82.2,-12.0015741336774,3.75529142706151));
#8237=CARTESIAN_POINT('',(-82.2,-6.85694963899988,22.9552914270615));
#8238=CARTESIAN_POINT('',(-82.2,-6.85694963899988,22.9552914270615));
#8239=CARTESIAN_POINT('',(-82.2,-6.76514813397899,23.2978993080108));
#8240=CARTESIAN_POINT('',(-82.1389038509966,-6.67206254493575,23.6452994557726));
#8241=CARTESIAN_POINT('',(-82.0212458586578,-6.58545894137495,23.96850850438));
#8242=CARTESIAN_POINT('',(-81.9035332840883,-6.49881516189602,24.2918674915552));
#8243=CARTESIAN_POINT('',(-81.7257334004011,-6.41620691612152,24.6001656619098));
#8244=CARTESIAN_POINT('',(-81.5019048453916,-6.34493752743056,24.8661466415288));
#8245=CARTESIAN_POINT('',(-81.2824228699632,-6.27505213583341,25.1269624736762));
#8246=CARTESIAN_POINT('',(-81.0122727492961,-6.2140861868187,25.3544904929308));
#8247=CARTESIAN_POINT('',(-80.7140261873996,-6.16769314038621,25.5276316993347));
#8248=CARTESIAN_POINT('',(-80.4238390749035,-6.12255376275672,25.69609415007));
#8249=CARTESIAN_POINT('',(-80.0987323902348,-6.08994228915789,25.8178018264505));
#8250=CARTESIAN_POINT('',(-79.7665979840309,-6.07294582318125,25.8812335010245));
#8251=CARTESIAN_POINT('',(-79.5804319276714,-6.06341906237654,25.9167878563792));
#8252=CARTESIAN_POINT('',(-79.3897700500515,-6.05858015010367,25.934846922835));
#8253=CARTESIAN_POINT('',(-79.2,-6.05858015010367,25.934846922835));
#8254=CARTESIAN_POINT('',(-79.2,-6.05858015010367,25.934846922835));
#8255=CARTESIAN_POINT('',(-70.8,-6.05858015010367,25.934846922835));
#8256=CARTESIAN_POINT('',(-70.8,-6.05858015010367,25.9348469228349));
#8257=CARTESIAN_POINT('',(-70.8,-6.05858015010367,25.9348469228349));
#8258=CARTESIAN_POINT('',(-70.6102299499485,-6.05858015010367,25.9348469228349));
#8259=CARTESIAN_POINT('',(-70.4195680723287,-6.06341906237654,25.9167878563792));
#8260=CARTESIAN_POINT('',(-70.2334020159693,-6.07294582318124,25.8812335010245));
#8261=CARTESIAN_POINT('',(-69.9012676097655,-6.08994228915788,25.8178018264506));
#8262=CARTESIAN_POINT('',(-69.5761609250968,-6.12255376275669,25.6960941500701));
#8263=CARTESIAN_POINT('',(-69.2859738126006,-6.16769314038617,25.5276316993349));
#8264=CARTESIAN_POINT('',(-68.9877272507041,-6.21408618681865,25.354490492931));
#8265=CARTESIAN_POINT('',(-68.7175771300371,-6.27505213583336,25.1269624736764));
#8266=CARTESIAN_POINT('',(-68.4980951546086,-6.3449375274305,24.866146641529));
#8267=CARTESIAN_POINT('',(-68.274266599599,-6.41620691612146,24.60016566191));
#8268=CARTESIAN_POINT('',(-68.0964667159118,-6.49881516189598,24.2918674915554));
#8269=CARTESIAN_POINT('',(-67.9787541413423,-6.58545894137492,23.9685085043802));
#8270=CARTESIAN_POINT('',(-67.8610961490035,-6.67206254493573,23.6452994557727));
#8271=CARTESIAN_POINT('',(-67.8,-6.76514813397897,23.2978993080108));
#8272=CARTESIAN_POINT('',(-67.8,-6.85694963899988,22.9552914270615));
#8273=CARTESIAN_POINT('',(-67.8,-6.85694963899988,22.9552914270615));
#8274=CARTESIAN_POINT('',(-67.8,-4.63644396618751,31.2423314164922));
#8275=CARTESIAN_POINT('',(-67.8,-12.0015741336774,3.75529142706151));
#8276=CARTESIAN_POINT('',(-70.8,-12.0015741336774,3.75529142706151));
#8277=CARTESIAN_POINT('',(-70.8,-12.8054217109708,0.755291427061507));
#8278=CARTESIAN_POINT('',(96.,-12.8054217109708,0.755291427061546));
#8279=CARTESIAN_POINT('',(-79.2,-12.8054217109708,0.755291427061511));
#8280=CARTESIAN_POINT('',(-79.2,-12.0015741336774,3.75529142706152));
#8281=CARTESIAN_POINT('',(93.6,-6.57702082055514,24.));
#8282=CARTESIAN_POINT('',(93.6,-19.2721412073586,-23.3788342917539));
#8283=CARTESIAN_POINT('',(93.6,-6.4105799706647,24.621165708246));
#8284=CARTESIAN_POINT('',(90.,-6.4105799706647,24.6211657082461));
#8285=CARTESIAN_POINT('',(90.,-5.44596287791266,28.2211657082461));
#8286=CARTESIAN_POINT('',(-89.9999999999999,-5.44596287791266,28.2211657082461));
#8287=CARTESIAN_POINT('',(-90.,-5.44596287791266,28.2211657082461));
#8288=CARTESIAN_POINT('',(-90.,-6.4105799706647,24.6211657082461));
#8289=CARTESIAN_POINT('',(-93.6,-6.4105799706647,24.6211657082461));
#8290=CARTESIAN_POINT('',(-93.6,-19.438582057249,-24.));
#8291=CARTESIAN_POINT('',(-93.6,-19.2721412073586,-23.3788342917539));
#8292=CARTESIAN_POINT('',(-90.,-19.2721412073586,-23.3788342917539));
#8293=CARTESIAN_POINT('',(-90.,-20.2367583001106,-26.9788342917539));
#8294=CARTESIAN_POINT('',(90.,-20.2367583001106,-26.9788342917539));
#8295=CARTESIAN_POINT('',(90.,-20.2367583001106,-26.9788342917539));
#8296=CARTESIAN_POINT('',(90.,-19.2721412073586,-23.3788342917539));
#8297=CARTESIAN_POINT('',(96.,-4.63644396618753,31.2423314164921));
#8298=CARTESIAN_POINT('',(-76.8,-15.6677631005954,-19.2));
#8299=CARTESIAN_POINT('',(-76.8,-14.140452703738,-15.9));
#8300=CARTESIAN_POINT('',(-76.8,-12.8104008426636,-19.2));
#8301=CARTESIAN_POINT('',(-76.8,-11.9261685076409,-15.9));
#8302=CARTESIAN_POINT('',(-76.8,-34.92,-19.2));
#8303=CARTESIAN_POINT('',(-79.2,-11.422018637904,3.6));
#8304=CARTESIAN_POINT('',(-79.2,-12.0650966997387,1.2));
#8305=CARTESIAN_POINT('',(-81.6,-11.422018637904,3.6));
#8306=CARTESIAN_POINT('',(-79.2,-11.422018637904,3.6));
#8307=CARTESIAN_POINT('',(-79.2,-12.2258662151974,1.2));
#8308=CARTESIAN_POINT('',(-79.2,-30.,1.2));
#8309=CARTESIAN_POINT('',(-79.2,-30.,3.6));
#8310=CARTESIAN_POINT('',(-79.2,-12.2258662151974,1.2));
#8311=CARTESIAN_POINT('',(-70.8,-12.2258662151974,1.2));
#8312=CARTESIAN_POINT('',(-70.8,-30.,1.2));
#8313=CARTESIAN_POINT('',(-70.8,-12.0650966997387,1.2));
#8314=CARTESIAN_POINT('',(96.,-12.0650966997387,1.20000000000003));
#8315=CARTESIAN_POINT('',(-79.2,-30.,1.2));
#8316=CARTESIAN_POINT('',(-70.8,-11.422018637904,3.59999999999999));
#8317=CARTESIAN_POINT('',(-68.4,-11.422018637904,3.59999999999999));
#8318=CARTESIAN_POINT('',(-70.8,-11.422018637904,3.59999999999999));
#8319=CARTESIAN_POINT('',(-70.8,-30.,3.59999999999999));
#8320=CARTESIAN_POINT('',(-81.6,-4.05688847041409,31.0870399894306));
#8321=CARTESIAN_POINT('',(-81.6,-6.27739414322644,22.8));
#8322=CARTESIAN_POINT('',(-68.4,-4.05688847041407,31.0870399894307));
#8323=CARTESIAN_POINT('',(-68.4,-6.27739414322644,22.8));
#8324=CARTESIAN_POINT('',(-70.8,-6.27739414322644,22.8));
#8325=CARTESIAN_POINT('',(-70.8,-5.63431608139175,25.2));
#8326=CARTESIAN_POINT('',(96.,-5.63431608139172,25.2000000000001));
#8327=CARTESIAN_POINT('',(-79.2,-5.63431608139174,25.2));
#8328=CARTESIAN_POINT('',(-79.2,-6.27739414322644,22.8));
#8329=CARTESIAN_POINT('',(96.,-4.05688847041409,31.0870399894306));
#8330=CARTESIAN_POINT('',(-79.2,-4.41389701848829,22.8));
#8331=CARTESIAN_POINT('',(-84.,-4.41389701848829,22.8));
#8332=CARTESIAN_POINT('',(-84.,-2.31822198309376,30.6211657082461));
#8333=CARTESIAN_POINT('',(-84.,-9.55852151316584,3.6));
#8334=CARTESIAN_POINT('',(-79.2,-9.55852151316584,3.6));
#8335=CARTESIAN_POINT('',(-79.2,-10.8446776368352,-1.2));
#8336=CARTESIAN_POINT('',(96.,-10.8446776368352,-1.19999999999997));
#8337=CARTESIAN_POINT('',(-70.8,-10.8446776368352,-1.20000000000001));
#8338=CARTESIAN_POINT('',(-70.8,-9.55852151316584,3.59999999999999));
#8339=CARTESIAN_POINT('',(-66.,-9.55852151316584,3.59999999999999));
#8340=CARTESIAN_POINT('',(-66.,-2.31822198309375,30.6211657082461));
#8341=CARTESIAN_POINT('',(-66.,-4.41389701848828,22.8));
#8342=CARTESIAN_POINT('',(-70.8,-4.41389701848829,22.8));
#8343=CARTESIAN_POINT('',(-76.8,-15.6677631005954,-19.2));
#8344=CARTESIAN_POINT('',(-76.8,-14.140452703738,-13.5));
#8345=CARTESIAN_POINT('',(76.8,-15.6677631005954,-19.2));
#8346=CARTESIAN_POINT('',(76.8,-14.140452703738,-13.5));
#8347=CARTESIAN_POINT('',(96.,-2.31822198309376,30.6211657082461));
#8348=CARTESIAN_POINT('',(76.8,-10.3257380096794,-19.2));
#8349=CARTESIAN_POINT('',(76.8,-8.79842761282201,-13.5));
#8350=CARTESIAN_POINT('',(76.8,-34.92,-19.2));
#8351=CARTESIAN_POINT('',(-76.8,-10.3257380096794,-19.2));
#8352=CARTESIAN_POINT('',(-76.8,-8.79842761282201,-13.5));
#8353=CARTESIAN_POINT('',(-76.8,-34.92,-19.2));
#8354=CARTESIAN_POINT('',(-84.,-30.,3.6));
#8355=CARTESIAN_POINT('',(-84.,-8.93735580491979,3.6));
#8356=CARTESIAN_POINT('',(-84.,-30.,22.8));
#8357=CARTESIAN_POINT('',(-84.,-3.79273131024224,22.8));
#8358=CARTESIAN_POINT('',(-84.,-1.73866648732032,30.4658742811845));
#8359=CARTESIAN_POINT('',(-84.,-30.,22.8));
#8360=CARTESIAN_POINT('',(-79.2,-30.,-1.2));
#8361=CARTESIAN_POINT('',(-79.2,-10.2235119285892,-1.2));
#8362=CARTESIAN_POINT('',(-79.2,-8.93735580491979,3.6));
#8363=CARTESIAN_POINT('',(-79.2,-30.,3.6));
#8364=CARTESIAN_POINT('',(-70.8,-30.,-1.20000000000001));
#8365=CARTESIAN_POINT('',(-70.8,-10.2235119285892,-1.20000000000001));
#8366=CARTESIAN_POINT('',(96.,-10.2235119285892,-1.19999999999997));
#8367=CARTESIAN_POINT('',(-79.2,-30.,-1.2));
#8368=CARTESIAN_POINT('',(-66.,-30.,3.59999999999999));
#8369=CARTESIAN_POINT('',(-66.,-8.93735580491979,3.59999999999999));
#8370=CARTESIAN_POINT('',(-70.8,-8.93735580491979,3.59999999999999));
#8371=CARTESIAN_POINT('',(-70.8,-30.,3.59999999999999));
#8372=CARTESIAN_POINT('',(-66.,-30.,22.8));
#8373=CARTESIAN_POINT('',(-66.,-3.79273131024223,22.8));
#8374=CARTESIAN_POINT('',(-66.,-1.73866648732031,30.4658742811846));
#8375=CARTESIAN_POINT('',(-66.,-30.,3.59999999999999));
#8376=CARTESIAN_POINT('',(-70.8,-3.79273131024224,22.8));
#8377=CARTESIAN_POINT('',(-70.8,-30.,22.8));
#8378=CARTESIAN_POINT('',(-79.2,-3.79273131024224,22.8));
#8379=CARTESIAN_POINT('',(-79.2,-30.,22.8));
#8380=CARTESIAN_POINT('',(96.,-1.73866648732032,30.4658742811845));
#8381=CARTESIAN_POINT('',(-90.,-4.09235798757094,24.));
#8382=CARTESIAN_POINT('',(-90.,0.,24.));
#8383=CARTESIAN_POINT('',(90.,-4.09235798757094,24.));
#8384=CARTESIAN_POINT('',(90.,0.,24.));
#8385=CARTESIAN_POINT('',(-93.6,-16.9539192242648,-24.));
#8386=CARTESIAN_POINT('',(-90.,-17.9185363170169,-27.6));
#8387=CARTESIAN_POINT('',(-96.,-16.9539192242648,-24.));
#8388=CARTESIAN_POINT('',(-96.,-19.2721412073586,-23.378834291754));
#8389=CARTESIAN_POINT('',(-93.6,-19.2721412073586,-23.378834291754));
#8390=CARTESIAN_POINT('',(-96.,-17.2071646956206,-25.5752082764704));
#8391=CARTESIAN_POINT('',(-96.167687760332,-19.6945198339791,-24.9551727863121));
#8392=CARTESIAN_POINT('',(-93.5999999999796,-19.5253866787133,-24.3239592576363));
#8393=CARTESIAN_POINT('',(-95.3533614078685,-17.457436479714,-27.13191996637));
#8394=CARTESIAN_POINT('',(-95.6802167992052,-20.1383811115604,-26.6116856257699));
#8395=CARTESIAN_POINT('',(-93.2120168447198,-19.7756584628072,-25.2579862715758));
#8396=CARTESIAN_POINT('',(-93.13191996637,-17.8145765438825,-29.3533614078686));
#8397=CARTESIAN_POINT('',(-93.5014909274369,-20.8289309710215,-29.1888527864563));
#8398=CARTESIAN_POINT('',(-91.8791519798233,-20.1327985269768,-26.5908511364753));
#8399=CARTESIAN_POINT('',(-91.5752082764706,-17.9185363170103,-30.));
#8400=CARTESIAN_POINT('',(-91.8109509953829,-21.0462772118242,-29.9999999999818));
#8401=CARTESIAN_POINT('',(-90.9451249658813,-20.2367583001094,-26.9788342917493));
#8402=CARTESIAN_POINT('',(-90.,-17.9185363170169,-30.));
#8403=CARTESIAN_POINT('',(-90.,-21.0462772118358,-30.));
#8404=CARTESIAN_POINT('',(-90.,-20.2367583001106,-26.9788342917539));
#8405=CARTESIAN_POINT('',(90.,-17.9185363170169,-27.6));
#8406=CARTESIAN_POINT('',(96.,-17.9185363170169,-27.6));
#8407=CARTESIAN_POINT('',(-93.6,-4.09235798757094,24.));
#8408=CARTESIAN_POINT('',(-93.6,-2.31822198309376,30.6211657082461));
#8409=CARTESIAN_POINT('',(93.6,-16.9539192242648,-24.));
#8410=CARTESIAN_POINT('',(90.,-17.9185363170169,-30.));
#8411=CARTESIAN_POINT('',(90.,-21.0462772118358,-30.));
#8412=CARTESIAN_POINT('',(90.,-20.2367583001106,-26.9788342917539));
#8413=CARTESIAN_POINT('',(91.5752082764706,-17.9185363170103,-30.));
#8414=CARTESIAN_POINT('',(91.8109509953825,-21.0462772118242,-29.9999999999835));
#8415=CARTESIAN_POINT('',(90.9451249658813,-20.2367583001094,-26.9788342917493));
#8416=CARTESIAN_POINT('',(93.13191996637,-17.8145765438825,-29.3533614078686));
#8417=CARTESIAN_POINT('',(93.5014909274366,-20.8289309710233,-29.1888527864549));
#8418=CARTESIAN_POINT('',(91.8791519798233,-20.1327985269768,-26.5908511364753));
#8419=CARTESIAN_POINT('',(95.3533614078685,-17.457436479714,-27.13191996637));
#8420=CARTESIAN_POINT('',(95.6802167992049,-20.1383811115589,-26.6116856257718));
#8421=CARTESIAN_POINT('',(93.2120168447198,-19.7756584628072,-25.2579862715758));
#8422=CARTESIAN_POINT('',(96.,-17.2071646956203,-25.5752082764704));
#8423=CARTESIAN_POINT('',(96.1676877603311,-19.6945198339768,-24.9551727863122));
#8424=CARTESIAN_POINT('',(93.5999999999796,-19.5253866787133,-24.3239592576363));
#8425=CARTESIAN_POINT('',(96.,-16.9539192242648,-24.));
#8426=CARTESIAN_POINT('',(96.,-19.2721412073586,-23.3788342917539));
#8427=CARTESIAN_POINT('',(93.6,-19.2721412073586,-23.3788342917539));
#8428=CARTESIAN_POINT('',(-90.,-3.12774089481889,27.6));
#8429=CARTESIAN_POINT('',(-90.,-3.12774089481889,30.));
#8430=CARTESIAN_POINT('',(-90.,-4.9693256659684,30.));
#8431=CARTESIAN_POINT('',(-90.,-5.44596287791266,28.2211657082461));
#8432=CARTESIAN_POINT('',(-91.5752082764706,-3.12774089482033,30.));
#8433=CARTESIAN_POINT('',(-91.4428599509103,-4.96932566596758,29.9999999999967));
#8434=CARTESIAN_POINT('',(-90.945124965881,-5.44596287791353,28.2211657082428));
#8435=CARTESIAN_POINT('',(-93.1319199663701,-3.23170066795255,29.3533614078685));
#8436=CARTESIAN_POINT('',(-92.9018521629296,-5.11704756860671,29.4486943539583));
#8437=CARTESIAN_POINT('',(-91.8791519798239,-5.5499226510461,27.8331825529687));
#8438=CARTESIAN_POINT('',(-95.3533614078685,-3.58884073212248,27.1319199663701));
#8439=CARTESIAN_POINT('',(-95.1029305669552,-5.63312818289383,27.5226552806471));
#8440=CARTESIAN_POINT('',(-93.2120168447192,-5.90706271521645,26.5003176880666));
#8441=CARTESIAN_POINT('',(-96.,-3.83911251621548,25.5752082764705));
#8442=CARTESIAN_POINT('',(-95.8421420282171,-6.01296100803177,26.105099878868));
#8443=CARTESIAN_POINT('',(-93.5999999999796,-6.15733449930975,25.5662906741294));
#8444=CARTESIAN_POINT('',(-96.,-4.09235798757094,24.));
#8445=CARTESIAN_POINT('',(-96.,-6.4105799706647,24.621165708246));
#8446=CARTESIAN_POINT('',(-93.6,-6.4105799706647,24.6211657082461));
#8447=CARTESIAN_POINT('',(93.6,-4.09235798757094,24.));
#8448=CARTESIAN_POINT('',(93.6,-2.31822198309376,30.6211657082461));
#8449=CARTESIAN_POINT('',(90.,-3.12774089481889,27.6));
#8450=CARTESIAN_POINT('',(96.,-3.12774089481889,27.6));
#8451=CARTESIAN_POINT('',(96.,-4.09235798757094,24.));
#8452=CARTESIAN_POINT('',(96.,-6.4105799706647,24.621165708246));
#8453=CARTESIAN_POINT('',(93.6,-6.4105799706647,24.6211657082461));
#8454=CARTESIAN_POINT('',(96.,-3.83911251621693,25.5752082764777));
#8455=CARTESIAN_POINT('',(95.8421420282182,-6.01296100803128,26.1050998788707));
#8456=CARTESIAN_POINT('',(93.5999999999796,-6.15733449930966,25.5662906741298));
#8457=CARTESIAN_POINT('',(95.3533614078777,-3.58884073212263,27.1319199663609));
#8458=CARTESIAN_POINT('',(95.1029305669699,-5.63312818289409,27.5226552806445));
#8459=CARTESIAN_POINT('',(93.2120168447265,-5.90706271521657,26.5003176880661));
#8460=CARTESIAN_POINT('',(93.1319199663609,-3.2317006679524,29.3533614078777));
#8461=CARTESIAN_POINT('',(92.9018521629158,-5.11704756860656,29.4486943539606));
#8462=CARTESIAN_POINT('',(91.8791519798167,-5.54992265104599,27.8331825529691));
#8463=CARTESIAN_POINT('',(91.5752082764775,-3.12774089482033,30.));
#8464=CARTESIAN_POINT('',(91.4428599509211,-4.96932566596758,29.9999999999967));
#8465=CARTESIAN_POINT('',(90.9451249658863,-5.44596287791353,28.2211657082428));
#8466=CARTESIAN_POINT('',(90.,-3.12774089481889,30.));
#8467=CARTESIAN_POINT('',(90.,-4.9693256659684,30.));
#8468=CARTESIAN_POINT('',(90.,-5.44596287791266,28.2211657082461));
#8469=CARTESIAN_POINT('',(-67.8,-6.27739414322644,22.8));
#8470=CARTESIAN_POINT('',(-67.8,-11.422018637904,3.59999999999999));
#8471=CARTESIAN_POINT('',(-67.8,-4.05688847041407,31.0870399894307));
#8472=CARTESIAN_POINT('',(-70.8,-12.2258662151974,0.599999999999995));
#8473=CARTESIAN_POINT('',(-70.8,-12.8054217109708,0.755291427061508));
#8474=CARTESIAN_POINT('',(-70.8,-12.6862624079847,1.19999999999999));
#8475=CARTESIAN_POINT('',(-70.8,-12.2258662151974,1.19999999999999));
#8476=CARTESIAN_POINT('',(-70.0123958640448,-12.8054217109689,0.755291427068689));
#8477=CARTESIAN_POINT('',(-70.1369750197635,-12.6862624079841,1.20000000000914));
#8478=CARTESIAN_POINT('',(-70.1699166912349,-12.2258662151967,1.19999999999999));
#8479=CARTESIAN_POINT('',(-69.2340400137792,-12.7187885658799,1.07861072616019));
#8480=CARTESIAN_POINT('',(-69.4753851992858,-12.6067301206632,1.49681853712769));
#8481=CARTESIAN_POINT('',(-69.5472320110246,-12.1392330701067,1.45865543927999));
#8482=CARTESIAN_POINT('',(-68.1233192991015,-12.421171847364,2.18933144084354));
#8483=CARTESIAN_POINT('',(-68.5811255064374,-12.3486898167479,2.4598380617372));
#8484=CARTESIAN_POINT('',(-68.65865543928,-11.8416163515903,2.34723201102457));
#8485=CARTESIAN_POINT('',(-67.8000000000226,-12.2126120258626,2.96768729110424));
#8486=CARTESIAN_POINT('',(-68.3605790303505,-12.1675543411229,3.13584485983516));
#8487=CARTESIAN_POINT('',(-68.4,-11.6330565300903,2.96991669123517));
#8488=CARTESIAN_POINT('',(-67.8,-12.0015741336774,3.75529142706151));
#8489=CARTESIAN_POINT('',(-68.4,-12.0015741336774,3.75529142706151));
#8490=CARTESIAN_POINT('',(-68.4,-11.422018637904,3.6));
#8491=CARTESIAN_POINT('',(-79.2,-12.2258662151974,0.599999999999999));
#8492=CARTESIAN_POINT('',(96.,-12.2258662151973,0.600000000000026));
#8493=CARTESIAN_POINT('',(-70.8,-5.47902465433023,25.7795554957734));
#8494=CARTESIAN_POINT('',(-67.8,-6.85694963899987,22.9552914270615));
#8495=CARTESIAN_POINT('',(-68.4,-6.85694963899988,22.9552914270615));
#8496=CARTESIAN_POINT('',(-68.4,-6.27739414322644,22.8));
#8497=CARTESIAN_POINT('',(-67.8000000134546,-6.65084959590822,23.7244672593217));
#8498=CARTESIAN_POINT('',(-68.4000000109046,-6.68970289135123,23.5794647866876));
#8499=CARTESIAN_POINT('',(-68.4,-6.11014739591133,23.4241733583813));
#8500=CARTESIAN_POINT('',(-68.1135167267014,-6.44479584199714,24.4934703380082));
#8501=CARTESIAN_POINT('',(-68.6549956502423,-6.52303683308544,24.2014709840309));
#8502=CARTESIAN_POINT('',(-68.6549956483398,-5.94348133683983,24.0461795587329));
#8503=CARTESIAN_POINT('',(-69.2154288424076,-6.14759695815356,25.6026316724652));
#8504=CARTESIAN_POINT('',(-69.5397821860104,-6.28439931607276,25.0920783221166));
#8505=CARTESIAN_POINT('',(-69.5397821879129,-5.70484382077148,24.9367868932917));
#8506=CARTESIAN_POINT('',(-69.9993118514305,-6.05858015069992,25.9348469206097));
#8507=CARTESIAN_POINT('',(-70.1645432620271,-6.21387157763907,25.3552914252978));
#8508=CARTESIAN_POINT('',(-70.164543260585,-5.63431608139166,25.2));
#8509=CARTESIAN_POINT('',(-70.8,-6.05858015010367,25.9348469228349));
#8510=CARTESIAN_POINT('',(-70.8,-6.21387157716519,25.3552914270615));
#8511=CARTESIAN_POINT('',(-70.8,-5.63431608139175,25.2));
#8512=CARTESIAN_POINT('',(-82.2,-11.422018637904,3.6));
#8513=CARTESIAN_POINT('',(-82.2,-12.0015741336774,3.75529142706152));
#8514=CARTESIAN_POINT('',(-81.6,-12.0015741336774,3.75529142706152));
#8515=CARTESIAN_POINT('',(-81.6,-11.422018637904,3.6));
#8516=CARTESIAN_POINT('',(-82.1999999999774,-12.2126120258626,2.9676872911042));
#8517=CARTESIAN_POINT('',(-81.6394209696495,-12.1675543411178,3.1358448598343));
#8518=CARTESIAN_POINT('',(-81.6,-11.6330565300883,2.96991669123256));
#8519=CARTESIAN_POINT('',(-81.876680700904,-12.421171847364,2.18933144084363));
#8520=CARTESIAN_POINT('',(-81.4188744935683,-12.3486898167479,2.45983806173685));
#8521=CARTESIAN_POINT('',(-81.3413445607226,-11.8416163515903,2.34723201102718));
#8522=CARTESIAN_POINT('',(-80.7659599862152,-12.7187885658799,1.07861072616011));
#8523=CARTESIAN_POINT('',(-80.5246148007087,-12.6067301206632,1.49681853712804));
#8524=CARTESIAN_POINT('',(-80.4527679889728,-12.1392330701067,1.4586554392774));
#8525=CARTESIAN_POINT('',(-79.9876041359594,-12.8054217109689,0.755291427068538));
#8526=CARTESIAN_POINT('',(-79.8630249802407,-12.6862624079841,1.20000000000915));
#8527=CARTESIAN_POINT('',(-79.830083308767,-12.2258662151967,1.2));
#8528=CARTESIAN_POINT('',(-79.2,-12.8054217109708,0.755291427061516));
#8529=CARTESIAN_POINT('',(-79.2,-12.6862624079847,1.2));
#8530=CARTESIAN_POINT('',(-79.2,-12.2258662151974,1.2));
#8531=CARTESIAN_POINT('',(-79.2,-5.47902465433023,25.7795554957734));
#8532=CARTESIAN_POINT('',(-70.8,-5.47902465433023,25.7795554957734));
#8533=CARTESIAN_POINT('',(-82.2,-6.27739414322644,22.8));
#8534=CARTESIAN_POINT('',(-82.2,-4.05688847041409,31.0870399894306));
#8535=CARTESIAN_POINT('',(-81.6,-6.27739414322644,22.8));
#8536=CARTESIAN_POINT('',(-81.6,-6.85694963899988,22.9552914270615));
#8537=CARTESIAN_POINT('',(-82.2,-6.85694963899988,22.9552914270615));
#8538=CARTESIAN_POINT('',(-81.6,-6.1101473959102,23.424173358386));
#8539=CARTESIAN_POINT('',(-81.5999999890954,-6.68970289134863,23.5794647866926));
#8540=CARTESIAN_POINT('',(-82.1999999865454,-6.65084959590795,23.7244672593227));
#8541=CARTESIAN_POINT('',(-81.3450043516664,-5.94348133684138,24.0461795587266));
#8542=CARTESIAN_POINT('',(-81.3450043497633,-6.5230368330882,24.201470984024));
#8543=CARTESIAN_POINT('',(-81.8864832732931,-6.4447958419975,24.4934703380068));
#8544=CARTESIAN_POINT('',(-80.4602178120809,-5.70484382076992,24.936786893298));
#8545=CARTESIAN_POINT('',(-80.4602178139841,-6.28439931607,25.0920783221235));
#8546=CARTESIAN_POINT('',(-80.7845711575979,-6.14759695815319,25.6026316724665));
#8547=CARTESIAN_POINT('',(-79.8354567394196,-5.63431608139166,25.2));
#8548=CARTESIAN_POINT('',(-79.8354567379771,-6.21387157763248,25.3552914252922));
#8549=CARTESIAN_POINT('',(-80.0006881485653,-6.05858015069982,25.9348469206101));
#8550=CARTESIAN_POINT('',(-79.2,-5.63431608139174,25.2));
#8551=CARTESIAN_POINT('',(-79.2,-6.21387157716519,25.3552914270615));
#8552=CARTESIAN_POINT('',(-79.2,-6.05858015010367,25.9348469228349));
#8553=CARTESIAN_POINT('',(76.8,-16.4586746868318,-12.8788342917539));
#8554=CARTESIAN_POINT('',(76.8,-17.2681935985569,-15.9));
#8555=CARTESIAN_POINT('',(76.8,-14.140452703738,-15.9));
#8556=CARTESIAN_POINT('',(75.3077434972058,-16.4586746868318,-12.8788342917539));
#8557=CARTESIAN_POINT('',(76.1554697103076,-17.2681935985569,-15.9));
#8558=CARTESIAN_POINT('',(75.9360620246948,-14.140452703738,-15.9));
#8559=CARTESIAN_POINT('',(73.8246760398285,-16.6232776588504,-13.4931409464042));
#8560=CARTESIAN_POINT('',(75.4990225217154,-17.3054747284487,-16.0391350709268));
#8561=CARTESIAN_POINT('',(75.077444023058,-14.3050556757573,-16.2556512211108));
#8562=CARTESIAN_POINT('',(71.7143066546449,-17.1887494313388,-15.603510331577));
#8563=CARTESIAN_POINT('',(74.2315510252489,-17.5383306662015,-16.9081652614504));
#8564=CARTESIAN_POINT('',(73.8556512211108,-14.8705274482444,-17.477444023058));
#8565=CARTESIAN_POINT('',(71.1,-17.5861361587263,-17.0865777884406));
#8566=CARTESIAN_POINT('',(73.6683234869078,-17.7347025046293,-17.641034939635));
#8567=CARTESIAN_POINT('',(73.5,-15.267914175633,-18.3360620243979));
#8568=CARTESIAN_POINT('',(71.1,-18.3858340086521,-20.0710907950673));
#8569=CARTESIAN_POINT('',(73.3427081439305,-18.2207990361825,-19.4551718927948));
#8570=CARTESIAN_POINT('',(73.5,-16.0676120255578,-20.0639379756021));
#8571=CARTESIAN_POINT('',(71.714306654654,-18.7832207360392,-21.5541582519295));
#8572=CARTESIAN_POINT('',(73.569636616802,-18.4997515632459,-20.4962368966736));
#8573=CARTESIAN_POINT('',(73.855651221114,-16.4649987529461,-20.9225559769452));
#8574=CARTESIAN_POINT('',(73.8246760398193,-19.3486925085284,-23.664527637105));
#8575=CARTESIAN_POINT('',(74.8132050138898,-18.9066612788794,-22.014844629534));
#8576=CARTESIAN_POINT('',(75.0774440230548,-17.030470525434,-22.144348778886));
#8577=CARTESIAN_POINT('',(75.3077434972052,-19.5132954805466,-24.2788342917539));
#8578=CARTESIAN_POINT('',(75.8068768173824,-19.0366582686023,-22.5));
#8579=CARTESIAN_POINT('',(75.9360620246945,-17.1950734974528,-22.5));
#8580=CARTESIAN_POINT('',(78.2922565027948,-19.5132954805466,-24.2788342917539));
#8581=CARTESIAN_POINT('',(77.7931231826176,-19.0366582686023,-22.5));
#8582=CARTESIAN_POINT('',(77.6639379753055,-17.1950734974528,-22.5));
#8583=CARTESIAN_POINT('',(79.7753239601701,-19.3486925085284,-23.664527637105));
#8584=CARTESIAN_POINT('',(78.7867949861102,-18.906661278882,-22.0148446295314));
#8585=CARTESIAN_POINT('',(78.5225559769399,-17.030470525434,-22.1443487788913));
#8586=CARTESIAN_POINT('',(81.8856933453565,-18.7832207360392,-21.5541582519295));
#8587=CARTESIAN_POINT('',(80.0303633831979,-18.4997515632432,-20.4962368966763));
#8588=CARTESIAN_POINT('',(79.7443487788913,-16.4649987529461,-20.9225559769399));
#8589=CARTESIAN_POINT('',(82.5,-18.3858340086519,-20.0710907950667));
#8590=CARTESIAN_POINT('',(80.2572918560698,-18.2207990361881,-19.4551718927961));
#8591=CARTESIAN_POINT('',(80.1,-16.0676120255584,-20.0639379756032));
#8592=CARTESIAN_POINT('',(82.5,-17.5861361587264,-17.0865777884412));
#8593=CARTESIAN_POINT('',(79.931676513092,-17.7347025046235,-17.641034939634));
#8594=CARTESIAN_POINT('',(80.1,-15.2679141756325,-18.3360620243967));
#8595=CARTESIAN_POINT('',(81.8856933453432,-17.1887494313393,-15.6035103315788));
#8596=CARTESIAN_POINT('',(79.3684489747302,-17.5383306662014,-16.9081652614552));
#8597=CARTESIAN_POINT('',(79.7443487788858,-14.8705274482454,-17.4774440230546));
#8598=CARTESIAN_POINT('',(79.7753239601834,-16.6232776588499,-13.4931409464025));
#8599=CARTESIAN_POINT('',(78.1009774783076,-17.3054747284489,-16.0391350709222));
#8600=CARTESIAN_POINT('',(78.5225559769455,-14.3050556757563,-16.2556512211142));
#8601=CARTESIAN_POINT('',(78.2922565027942,-16.4586746868318,-12.8788342917539));
#8602=CARTESIAN_POINT('',(77.4445302896924,-17.2681935985569,-15.9));
#8603=CARTESIAN_POINT('',(77.6639379753052,-14.140452703738,-15.9));
#8604=CARTESIAN_POINT('',(76.8,-16.4586746868318,-12.8788342917539));
#8605=CARTESIAN_POINT('',(76.8,-17.2681935985569,-15.9));
#8606=CARTESIAN_POINT('',(76.8,-14.140452703738,-15.9));
#8607=CARTESIAN_POINT('',(-76.8,-16.4586746868318,-12.8788342917539));
#8608=CARTESIAN_POINT('',(-76.8,-17.2681935985569,-15.9));
#8609=CARTESIAN_POINT('',(-76.8,-14.140452703738,-15.9));
#8610=CARTESIAN_POINT('',(-78.2922565027942,-16.4586746868318,-12.8788342917539));
#8611=CARTESIAN_POINT('',(-77.4445302896924,-17.2681935985569,-15.9));
#8612=CARTESIAN_POINT('',(-77.6639379753052,-14.140452703738,-15.9));
#8613=CARTESIAN_POINT('',(-79.7753239601715,-16.6232776588504,-13.4931409464042));
#8614=CARTESIAN_POINT('',(-78.1009774782846,-17.3054747284487,-16.0391350709268));
#8615=CARTESIAN_POINT('',(-78.522555976942,-14.3050556757573,-16.2556512211108));
#8616=CARTESIAN_POINT('',(-81.8856933453551,-17.1887494313388,-15.603510331577));
#8617=CARTESIAN_POINT('',(-79.368448974751,-17.5383306662015,-16.9081652614504));
#8618=CARTESIAN_POINT('',(-79.7443487788892,-14.8705274482444,-17.477444023058));
#8619=CARTESIAN_POINT('',(-82.5,-17.5861361587263,-17.0865777884406));
#8620=CARTESIAN_POINT('',(-79.9316765130922,-17.7347025046293,-17.641034939635));
#8621=CARTESIAN_POINT('',(-80.1,-15.267914175633,-18.3360620243979));
#8622=CARTESIAN_POINT('',(-82.5,-18.3858340086521,-20.0710907950673));
#8623=CARTESIAN_POINT('',(-80.2572918560695,-18.2207990361825,-19.4551718927948));
#8624=CARTESIAN_POINT('',(-80.1,-16.0676120255578,-20.0639379756021));
#8625=CARTESIAN_POINT('',(-81.8856933453459,-18.7832207360392,-21.5541582519295));
#8626=CARTESIAN_POINT('',(-80.0303633831979,-18.4997515632459,-20.4962368966736));
#8627=CARTESIAN_POINT('',(-79.744348778886,-16.4649987529461,-20.9225559769452));
#8628=CARTESIAN_POINT('',(-79.7753239601807,-19.3486925085284,-23.664527637105));
#8629=CARTESIAN_POINT('',(-78.7867949861102,-18.9066612788794,-22.014844629534));
#8630=CARTESIAN_POINT('',(-78.5225559769452,-17.030470525434,-22.144348778886));
#8631=CARTESIAN_POINT('',(-78.2922565027948,-19.5132954805466,-24.2788342917539));
#8632=CARTESIAN_POINT('',(-77.7931231826176,-19.0366582686023,-22.5));
#8633=CARTESIAN_POINT('',(-77.6639379753055,-17.1950734974528,-22.5));
#8634=CARTESIAN_POINT('',(-75.3077434972052,-19.5132954805466,-24.2788342917539));
#8635=CARTESIAN_POINT('',(-75.8068768173824,-19.0366582686023,-22.5));
#8636=CARTESIAN_POINT('',(-75.9360620246945,-17.1950734974528,-22.5));
#8637=CARTESIAN_POINT('',(-73.8246760398298,-19.3486925085284,-23.664527637105));
#8638=CARTESIAN_POINT('',(-74.8132050138898,-18.906661278882,-22.0148446295314));
#8639=CARTESIAN_POINT('',(-75.0774440230601,-17.030470525434,-22.1443487788913));
#8640=CARTESIAN_POINT('',(-71.7143066546435,-18.7832207360392,-21.5541582519295));
#8641=CARTESIAN_POINT('',(-73.5696366168021,-18.4997515632432,-20.4962368966763));
#8642=CARTESIAN_POINT('',(-73.8556512211087,-16.4649987529461,-20.9225559769399));
#8643=CARTESIAN_POINT('',(-71.1,-18.3858340086519,-20.0710907950667));
#8644=CARTESIAN_POINT('',(-73.3427081439302,-18.2207990361881,-19.4551718927961));
#8645=CARTESIAN_POINT('',(-73.5,-16.0676120255584,-20.0639379756032));
#8646=CARTESIAN_POINT('',(-71.1,-17.5861361587264,-17.0865777884412));
#8647=CARTESIAN_POINT('',(-73.668323486908,-17.7347025046235,-17.641034939634));
#8648=CARTESIAN_POINT('',(-73.5,-15.2679141756325,-18.3360620243967));
#8649=CARTESIAN_POINT('',(-71.7143066546568,-17.1887494313393,-15.6035103315788));
#8650=CARTESIAN_POINT('',(-74.2315510252698,-17.5383306662014,-16.9081652614552));
#8651=CARTESIAN_POINT('',(-73.8556512211142,-14.8705274482454,-17.4774440230546));
#8652=CARTESIAN_POINT('',(-73.8246760398166,-16.6232776588499,-13.4931409464025));
#8653=CARTESIAN_POINT('',(-75.4990225216924,-17.3054747284489,-16.0391350709222));
#8654=CARTESIAN_POINT('',(-75.0774440230545,-14.3050556757563,-16.2556512211142));
#8655=CARTESIAN_POINT('',(-75.3077434972058,-16.4586746868318,-12.8788342917539));
#8656=CARTESIAN_POINT('',(-76.1554697103076,-17.2681935985569,-15.9));
#8657=CARTESIAN_POINT('',(-75.9360620246948,-14.140452703738,-15.9));
#8658=CARTESIAN_POINT('',(-76.8,-16.4586746868318,-12.8788342917539));
#8659=CARTESIAN_POINT('',(-76.8,-17.2681935985569,-15.9));
#8660=CARTESIAN_POINT('',(-76.8,-14.140452703738,-15.9));
#8661=CARTESIAN_POINT('',(-76.8,-12.8104008426636,-19.2));
#8662=CARTESIAN_POINT('',(-76.8,-12.3414897559091,-17.45));
#8663=CARTESIAN_POINT('',(96.,0.347733297464063,29.9068251437631));
#8664=CARTESIAN_POINT('',(-76.8,-10.3257380096794,-19.2));
#8665=CARTESIAN_POINT('',(-76.8,-9.85682692292495,-17.45));
#8666=CARTESIAN_POINT('',(96.,2.66595528055783,29.285659435517));
#8667=CARTESIAN_POINT('',(76.8,-12.8104008426636,-19.2));
#8668=CARTESIAN_POINT('',(76.8,-12.3414897559091,-17.45));
#8669=CARTESIAN_POINT('',(96.,0.347733297464063,29.9068251437631));
#8670=CARTESIAN_POINT('',(76.8,-10.3257380096794,-19.2));
#8671=CARTESIAN_POINT('',(76.8,-9.85682692292495,-17.45));
#8672=CARTESIAN_POINT('',(96.,2.66595528055783,29.285659435517));
#8673=CARTESIAN_POINT('',(76.8,-58.92,-19.2));
#8674=CARTESIAN_POINT('',(-76.8,-58.92,-19.2));
#8675=CARTESIAN_POINT('',(88.8,1.04083408558608E-15,22.8));
#8676=CARTESIAN_POINT('',(88.8,1.04083408558608E-15,28.8));
#8677=CARTESIAN_POINT('',(88.8,1.2,28.8));
#8678=CARTESIAN_POINT('',(88.8,1.2,22.8));
#8679=CARTESIAN_POINT('',(-90.,0.600000000000001,28.8));
#8680=CARTESIAN_POINT('',(-90.,1.04083408558608E-15,28.8));
#8681=CARTESIAN_POINT('',(-90.,1.04083408558608E-15,24.));
#8682=CARTESIAN_POINT('',(-90.,0.,24.));
#8683=CARTESIAN_POINT('',(83.0058874503046,1.04083408558608E-15,28.8));
#8684=CARTESIAN_POINT('',(-90.,1.04083408558608E-15,-24.));
#8685=CARTESIAN_POINT('',(83.0058874503046,1.2,28.8));
#8686=CARTESIAN_POINT('',(90.,1.2,-28.8));
#8687=CARTESIAN_POINT('',(90.,1.2,-24.));
#8688=CARTESIAN_POINT('',(-90.,1.2,-28.8));
#8689=CARTESIAN_POINT('',(-90.,1.2,-28.8));
#8690=CARTESIAN_POINT('',(-94.8,1.2,-24.));
#8691=CARTESIAN_POINT('',(-90.,1.2,-24.));
#8692=CARTESIAN_POINT('',(-94.8,1.2,-18.));
#8693=CARTESIAN_POINT('',(-94.8,1.2,17.0058874503046));
#8694=CARTESIAN_POINT('',(-90.,0.,24.));
#8695=CARTESIAN_POINT('',(88.8,1.2,22.8));
#8696=CARTESIAN_POINT('',(94.8,-10.0344766720361,-14.9788342917539));
#8697=CARTESIAN_POINT('',(94.8,-10.0344766720361,-14.9788342917539));
#8698=CARTESIAN_POINT('',(94.8,-2.00167223353397,15.));
#8699=CARTESIAN_POINT('',(94.8,-2.47830944547824,13.2211657082461));
#8700=CARTESIAN_POINT('',(96.,-2.47830944547824,13.2211657082461));
#8701=CARTESIAN_POINT('',(107.4,-2.00167223353397,15.));
#8702=CARTESIAN_POINT('',(94.8,1.2,-18.));
#8703=CARTESIAN_POINT('',(94.8,-7.7162546889423,-18.));
#8704=CARTESIAN_POINT('',(94.8,-12.0863270002533,-18.));
#8705=CARTESIAN_POINT('',(96.,-7.7162546889423,-18.));
#8706=CARTESIAN_POINT('',(107.4,-12.0863270002533,-18.));
#8707=CARTESIAN_POINT('',(100.758620689655,-3.,-18.));
#8708=CARTESIAN_POINT('',(94.8,-0.160087462384468,15.));
#8709=CARTESIAN_POINT('',(94.8,-0.160087462384468,15.));
#8710=CARTESIAN_POINT('',(94.8,1.2,15.));
#8711=CARTESIAN_POINT('',(94.8,-3.24400365002607,15.));
#8712=CARTESIAN_POINT('',(107.4,-3.24400365002607,15.));
#8713=CARTESIAN_POINT('',(107.4,2.79832776646603,15.));
#8714=CARTESIAN_POINT('',(94.8,-12.6963118527299,-20.2764944612899));
#8715=CARTESIAN_POINT('',(94.8,-0.160087462384477,12.6));
#8716=CARTESIAN_POINT('',(94.8,-7.7162546889423,-15.6));
#8717=CARTESIAN_POINT('',(94.8,1.2,-24.));
#8718=CARTESIAN_POINT('',(107.4,-3.16078322508085,15.3105828541231));
#8719=CARTESIAN_POINT('',(-94.8,-9.76624358660975,-13.977774788672));
#8720=CARTESIAN_POINT('',(-94.8,-10.0344766720361,-14.9788342917539));
#8721=CARTESIAN_POINT('',(-94.8,-9.23630042917444,-12.));
#8722=CARTESIAN_POINT('',(-96.,-10.0344766720361,-14.9788342917539));
#8723=CARTESIAN_POINT('',(-94.8,-2.47830944547824,13.2211657082461));
#8724=CARTESIAN_POINT('',(-94.8,-2.47830944547824,13.2211657082461));
#8725=CARTESIAN_POINT('',(-94.8,-9.76624358660975,-13.977774788672));
#8726=CARTESIAN_POINT('',(-94.8,-3.60936738812075,9.));
#8727=CARTESIAN_POINT('',(-91.2,-3.60936738812074,9.));
#8728=CARTESIAN_POINT('',(-91.2,-5.21706254270752,3.));
#8729=CARTESIAN_POINT('',(-94.8,-5.21706254270752,3.));
#8730=CARTESIAN_POINT('',(-94.8,-9.76624358660975,-13.977774788672));
#8731=CARTESIAN_POINT('',(-94.8,-6.82475769729429,-3.));
#8732=CARTESIAN_POINT('',(-91.2,-6.82475769729429,-3.));
#8733=CARTESIAN_POINT('',(-91.2,-9.23630042917444,-12.));
#8734=CARTESIAN_POINT('',(-91.2,-9.76624358660975,-13.977774788672));
#8735=CARTESIAN_POINT('',(-94.8,1.2,15.));
#8736=CARTESIAN_POINT('',(-94.8,-0.160087462384468,15.));
#8737=CARTESIAN_POINT('',(-94.8,-3.24400365002607,15.));
#8738=CARTESIAN_POINT('',(-96.,-0.160087462384468,15.));
#8739=CARTESIAN_POINT('',(-91.2,-3.24400365002607,15.));
#8740=CARTESIAN_POINT('',(-91.2,-2.00167223353397,15.));
#8741=CARTESIAN_POINT('',(-94.8,-7.7162546889423,-18.));
#8742=CARTESIAN_POINT('',(-94.8,-7.7162546889423,-18.));
#8743=CARTESIAN_POINT('',(-94.8,1.2,-18.));
#8744=CARTESIAN_POINT('',(-94.8,-12.0863270002533,-18.));
#8745=CARTESIAN_POINT('',(-91.2,-12.0863270002533,-18.));
#8746=CARTESIAN_POINT('',(-100.758620689655,-3.,-18.));
#8747=CARTESIAN_POINT('',(-91.2,-10.4786318456665,-12.));
#8748=CARTESIAN_POINT('',(-94.8,-10.4786318456665,-12.));
#8749=CARTESIAN_POINT('',(-94.8,1.2,-12.));
#8750=CARTESIAN_POINT('',(-88.65,15.6,-12.));
#8751=CARTESIAN_POINT('',(-94.8,-12.6963118527299,-20.2764944612899));
#8752=CARTESIAN_POINT('',(-91.2,-10.9253545781566,-13.667191934549));
#8753=CARTESIAN_POINT('',(-94.8,-7.7162546889423,-15.6));
#8754=CARTESIAN_POINT('',(-94.8,1.2,-24.));
#8755=CARTESIAN_POINT('',(-91.2,-6.45939395919962,3.));
#8756=CARTESIAN_POINT('',(-94.8,-6.45939395919962,3.));
#8757=CARTESIAN_POINT('',(-94.8,1.2,3.));
#8758=CARTESIAN_POINT('',(-88.65,15.6,3.));
#8759=CARTESIAN_POINT('',(-94.8,1.2,-3.));
#8760=CARTESIAN_POINT('',(-94.8,-8.06708911378639,-3.));
#8761=CARTESIAN_POINT('',(-91.2,-8.06708911378639,-3.));
#8762=CARTESIAN_POINT('',(-103.05,15.6,-3.));
#8763=CARTESIAN_POINT('',(-94.8,-12.6963118527299,-20.2764944612899));
#8764=CARTESIAN_POINT('',(-94.8,1.2,-24.));
#8765=CARTESIAN_POINT('',(-91.2,-10.9253545781566,-13.667191934549));
#8766=CARTESIAN_POINT('',(-94.8,1.2,9.));
#8767=CARTESIAN_POINT('',(-94.8,-4.85169880461284,9.));
#8768=CARTESIAN_POINT('',(-91.2,-4.85169880461285,9.));
#8769=CARTESIAN_POINT('',(-103.05,15.6,9.00000000000001));
#8770=CARTESIAN_POINT('',(-94.8,-0.160087462384477,12.6));
#8771=CARTESIAN_POINT('',(-94.8,-12.6963118527299,-20.2764944612899));
#8772=CARTESIAN_POINT('',(-94.8,1.2,-24.));
#8773=CARTESIAN_POINT('',(-91.2,-10.9253545781566,-13.667191934549));
#8774=CARTESIAN_POINT('',(-100.758620689655,-7.7162546889423,-15.6));
#8775=CARTESIAN_POINT('',(-91.2,-0.160087462384477,12.6));
#8776=CARTESIAN_POINT('',(100.758620689655,-7.7162546889423,-15.6));
#8777=CARTESIAN_POINT('',(107.4,-0.160087462384477,12.6));
#8778=CARTESIAN_POINT('',(96.,1.2,-18.));
#8779=CARTESIAN_POINT('',(96.,1.2,-18.));
#8780=CARTESIAN_POINT('',(96.,10.8,-18.));
#8781=CARTESIAN_POINT('',(96.,1.2,-24.));
#8782=CARTESIAN_POINT('',(96.,1.2,-24.));
#8783=CARTESIAN_POINT('',(96.,1.2,-24.));
#8784=CARTESIAN_POINT('',(96.,10.8,-24.));
#8785=CARTESIAN_POINT('',(96.,10.8,-24.));
#8786=CARTESIAN_POINT('',(96.,1.2,-24.));
#8787=CARTESIAN_POINT('',(96.,-3.,15.));
#8788=CARTESIAN_POINT('',(96.,10.8,15.));
#8789=CARTESIAN_POINT('',(96.,1.2,15.));
#8790=CARTESIAN_POINT('',(96.,10.8,-24.));
#8791=CARTESIAN_POINT('',(96.,10.8,24.));
#8792=CARTESIAN_POINT('',(96.,1.2,24.));
#8793=CARTESIAN_POINT('',(96.,1.2,24.));
#8794=CARTESIAN_POINT('',(96.,1.2,-24.));
#8795=CARTESIAN_POINT('',(96.,1.2,-24.));
#8796=CARTESIAN_POINT('',(-90.,13.2,-16.32));
#8797=CARTESIAN_POINT('',(-29.7586206896552,13.2,-16.32));
#8798=CARTESIAN_POINT('',(-46.1586206896552,13.2,-16.32));
#8799=CARTESIAN_POINT('',(-46.1586206896552,13.2,-24.));
#8800=CARTESIAN_POINT('',(-46.1586206896552,13.2,-19.92));
#8801=CARTESIAN_POINT('',(-90.,13.2,-19.92));
#8802=CARTESIAN_POINT('',(-29.7586206896552,13.2,-19.92));
#8803=CARTESIAN_POINT('',(-29.7586206896552,13.2,-24.0000000000001));
#8804=CARTESIAN_POINT('',(-90.,13.2,-19.92));
#8805=CARTESIAN_POINT('',(37.7586206896552,13.2,-19.92));
#8806=CARTESIAN_POINT('',(54.1586206896552,13.2,-19.92));
#8807=CARTESIAN_POINT('',(54.1586206896552,13.2,-24.));
#8808=CARTESIAN_POINT('',(54.1586206896552,13.2,-16.32));
#8809=CARTESIAN_POINT('',(-90.,13.2,-16.32));
#8810=CARTESIAN_POINT('',(37.7586206896552,13.2,-16.32));
#8811=CARTESIAN_POINT('',(37.7586206896552,13.2,-23.9999999999998));
#8812=CARTESIAN_POINT('',(-90.,13.2,16.32));
#8813=CARTESIAN_POINT('',(37.7586206896552,13.2,16.32));
#8814=CARTESIAN_POINT('',(54.1586206896552,13.2,16.32));
#8815=CARTESIAN_POINT('',(54.1586206896552,13.2,-24.));
#8816=CARTESIAN_POINT('',(54.1586206896552,13.2,19.92));
#8817=CARTESIAN_POINT('',(-90.,13.2,19.92));
#8818=CARTESIAN_POINT('',(37.7586206896552,13.2,19.92));
#8819=CARTESIAN_POINT('',(37.7586206896551,13.2,-24.0000000000002));
#8820=CARTESIAN_POINT('',(-90.,13.2,19.92));
#8821=CARTESIAN_POINT('',(-29.7586206896552,13.2,19.92));
#8822=CARTESIAN_POINT('',(-46.1586206896552,13.2,19.92));
#8823=CARTESIAN_POINT('',(-46.1586206896552,13.2,-24.));
#8824=CARTESIAN_POINT('',(-46.1586206896552,13.2,16.32));
#8825=CARTESIAN_POINT('',(-90.,13.2,16.32));
#8826=CARTESIAN_POINT('',(-29.7586206896552,13.2,16.32));
#8827=CARTESIAN_POINT('',(-29.7586206896551,13.2,-23.9999999999999));
#8828=CARTESIAN_POINT('',(-67.05,13.2,0.));
#8829=CARTESIAN_POINT('',(-67.05,13.2,-2.4));
#8830=CARTESIAN_POINT('',(67.05,13.2,0.));
#8831=CARTESIAN_POINT('',(67.05,13.2,-2.4));
#8832=CARTESIAN_POINT('',(100.758620689655,13.2,-18.));
#8833=CARTESIAN_POINT('',(93.6,13.2,-18.));
#8834=CARTESIAN_POINT('',(85.1586206896553,13.2,-18.));
#8835=CARTESIAN_POINT('',(93.6,13.2,-24.));
#8836=CARTESIAN_POINT('',(93.6,13.2,-24.));
#8837=CARTESIAN_POINT('',(90.,13.2,-24.));
#8838=CARTESIAN_POINT('',(90.,13.2,-27.6));
#8839=CARTESIAN_POINT('',(-90.,13.2,-27.6));
#8840=CARTESIAN_POINT('',(-90.,13.2,-27.6));
#8841=CARTESIAN_POINT('',(-90.,13.2,-24.));
#8842=CARTESIAN_POINT('',(-93.6,13.2,-24.));
#8843=CARTESIAN_POINT('',(-93.6,13.2,-24.));
#8844=CARTESIAN_POINT('',(-93.6,13.2,-18.));
#8845=CARTESIAN_POINT('',(-100.758620689655,13.2,-18.));
#8846=CARTESIAN_POINT('',(-85.1586206896553,13.2,-18.));
#8847=CARTESIAN_POINT('',(-85.1586206896553,13.2,-15.6));
#8848=CARTESIAN_POINT('',(-82.7586206896553,13.2,-15.6));
#8849=CARTESIAN_POINT('',(-82.7586206896553,13.2,-18.));
#8850=CARTESIAN_POINT('',(-82.7586206896552,13.2,5.4));
#8851=CARTESIAN_POINT('',(-90.,13.2,5.4));
#8852=CARTESIAN_POINT('',(-72.5586206896552,13.2,5.4));
#8853=CARTESIAN_POINT('',(-72.5586206896553,13.2,-24.));
#8854=CARTESIAN_POINT('',(-72.5586206896552,13.2,15.));
#8855=CARTESIAN_POINT('',(-82.7586206896552,13.2,15.));
#8856=CARTESIAN_POINT('',(-93.6,13.2,15.));
#8857=CARTESIAN_POINT('',(-93.6,13.2,-24.));
#8858=CARTESIAN_POINT('',(-93.6,13.2,24.));
#8859=CARTESIAN_POINT('',(-90.,13.2,24.));
#8860=CARTESIAN_POINT('',(-90.,13.2,27.6));
#8861=CARTESIAN_POINT('',(-90.,13.2,27.6));
#8862=CARTESIAN_POINT('',(90.,13.2,27.6));
#8863=CARTESIAN_POINT('',(90.,13.2,24.));
#8864=CARTESIAN_POINT('',(93.6,13.2,24.));
#8865=CARTESIAN_POINT('',(93.6,13.2,-24.));
#8866=CARTESIAN_POINT('',(93.6,13.2,15.));
#8867=CARTESIAN_POINT('',(82.7586206896552,13.2,15.));
#8868=CARTESIAN_POINT('',(72.5586206896552,13.2,15.));
#8869=CARTESIAN_POINT('',(72.5586206896553,13.2,-24.));
#8870=CARTESIAN_POINT('',(72.5586206896552,13.2,5.4));
#8871=CARTESIAN_POINT('',(90.,13.2,5.4));
#8872=CARTESIAN_POINT('',(82.7586206896552,13.2,5.4));
#8873=CARTESIAN_POINT('',(82.7586206896553,13.2,-18.));
#8874=CARTESIAN_POINT('',(82.7586206896552,13.2,-4.2));
#8875=CARTESIAN_POINT('',(-90.,13.2,-4.2));
#8876=CARTESIAN_POINT('',(77.9586206896552,13.2,-4.2));
#8877=CARTESIAN_POINT('',(77.9586206896552,13.2,-5.4));
#8878=CARTESIAN_POINT('',(76.7586206896552,13.2,-5.4));
#8879=CARTESIAN_POINT('',(76.7586206896553,13.2,-23.9999999999994));
#8880=CARTESIAN_POINT('',(76.7586206896552,13.2,-7.8));
#8881=CARTESIAN_POINT('',(77.9586206896552,13.2,-7.8));
#8882=CARTESIAN_POINT('',(77.9586206896552,13.2,-9.));
#8883=CARTESIAN_POINT('',(-90.,13.2,-9.));
#8884=CARTESIAN_POINT('',(82.7586206896552,13.2,-9.));
#8885=CARTESIAN_POINT('',(82.7586206896553,13.2,-18.));
#8886=CARTESIAN_POINT('',(82.7586206896553,13.2,-15.6));
#8887=CARTESIAN_POINT('',(85.1586206896553,13.2,-15.6));
#8888=CARTESIAN_POINT('',(-90.,13.2,-24.));
#8889=CARTESIAN_POINT('',(-46.1586206896552,10.8,-24.));
#8890=CARTESIAN_POINT('',(-46.1586206896552,10.8,-16.32));
#8891=CARTESIAN_POINT('',(-46.1586206896552,10.8,-19.92));
#8892=CARTESIAN_POINT('',(-90.,10.8,-16.32));
#8893=CARTESIAN_POINT('',(-29.7586206896552,10.8,-16.32));
#8894=CARTESIAN_POINT('',(-29.7586206896552,10.8,-24.0000000000001));
#8895=CARTESIAN_POINT('',(-29.7586206896552,10.8,-19.92));
#8896=CARTESIAN_POINT('',(-90.,10.8,-19.92));
#8897=CARTESIAN_POINT('',(54.1586206896552,10.8,-24.));
#8898=CARTESIAN_POINT('',(54.1586206896552,10.8,-19.92));
#8899=CARTESIAN_POINT('',(54.1586206896552,10.8,-16.32));
#8900=CARTESIAN_POINT('',(-90.,10.8,-19.92));
#8901=CARTESIAN_POINT('',(37.7586206896552,10.8,-19.92));
#8902=CARTESIAN_POINT('',(37.7586206896552,10.8,-23.9999999999998));
#8903=CARTESIAN_POINT('',(37.7586206896552,10.8,-16.32));
#8904=CARTESIAN_POINT('',(-90.,10.8,-16.32));
#8905=CARTESIAN_POINT('',(54.1586206896552,10.8,-24.));
#8906=CARTESIAN_POINT('',(54.1586206896552,10.8,16.32));
#8907=CARTESIAN_POINT('',(54.1586206896552,10.8,19.92));
#8908=CARTESIAN_POINT('',(-90.,10.8,16.32));
#8909=CARTESIAN_POINT('',(37.7586206896552,10.8,16.32));
#8910=CARTESIAN_POINT('',(37.7586206896551,10.8,-24.0000000000002));
#8911=CARTESIAN_POINT('',(37.7586206896552,10.8,19.92));
#8912=CARTESIAN_POINT('',(-90.,10.8,19.92));
#8913=CARTESIAN_POINT('',(-46.1586206896552,10.8,-24.));
#8914=CARTESIAN_POINT('',(-46.1586206896552,10.8,19.92));
#8915=CARTESIAN_POINT('',(-46.1586206896552,10.8,16.32));
#8916=CARTESIAN_POINT('',(-90.,10.8,19.92));
#8917=CARTESIAN_POINT('',(-29.7586206896552,10.8,19.92));
#8918=CARTESIAN_POINT('',(-29.7586206896551,10.8,-23.9999999999999));
#8919=CARTESIAN_POINT('',(-29.7586206896552,10.8,16.32));
#8920=CARTESIAN_POINT('',(-90.,10.8,16.32));
#8921=CARTESIAN_POINT('',(76.8,10.8,-19.2));
#8922=CARTESIAN_POINT('',(76.8,10.8,-24.));
#8923=CARTESIAN_POINT('',(-76.8,10.8,-19.2));
#8924=CARTESIAN_POINT('',(-76.8,10.8,-24.));
#8925=CARTESIAN_POINT('',(84.5586206896552,10.8,3.00000000000001));
#8926=CARTESIAN_POINT('',(74.2249564458608,10.8,3.));
#8927=CARTESIAN_POINT('',(82.7586206896552,10.8,3.00000000000001));
#8928=CARTESIAN_POINT('',(74.2249564458608,10.8,0.600000000000005));
#8929=CARTESIAN_POINT('',(71.8333042972405,10.8,0.400000000000004));
#8930=CARTESIAN_POINT('',(67.05,10.8,0.));
#8931=CARTESIAN_POINT('',(67.5224137931035,10.8,4.77669605565244));
#8932=CARTESIAN_POINT('',(67.7586206896552,10.8,7.16504408347866));
#8933=CARTESIAN_POINT('',(70.1586206896552,10.8,7.16504408347866));
#8934=CARTESIAN_POINT('',(70.1586206896552,10.8,0.600000000000002));
#8935=CARTESIAN_POINT('',(70.1586206896552,10.8,17.4));
#8936=CARTESIAN_POINT('',(70.1586206896552,10.8,17.4));
#8937=CARTESIAN_POINT('',(82.7586206896552,10.8,17.4));
#8938=CARTESIAN_POINT('',(82.7586206896553,10.8,-18.));
#8939=CARTESIAN_POINT('',(82.7586206896552,10.8,15.));
#8940=CARTESIAN_POINT('',(90.,10.8,15.));
#8941=CARTESIAN_POINT('',(93.6,10.8,15.));
#8942=CARTESIAN_POINT('',(93.6,10.8,-24.));
#8943=CARTESIAN_POINT('',(93.6,10.8,22.8));
#8944=CARTESIAN_POINT('',(88.8,10.8,22.8));
#8945=CARTESIAN_POINT('',(88.8,10.8,27.6));
#8946=CARTESIAN_POINT('',(83.0058874503046,10.8,27.6));
#8947=CARTESIAN_POINT('',(-90.,10.8,27.6));
#8948=CARTESIAN_POINT('',(-90.,10.8,24.));
#8949=CARTESIAN_POINT('',(-93.6,10.8,24.));
#8950=CARTESIAN_POINT('',(-93.6,10.8,17.0058874503046));
#8951=CARTESIAN_POINT('',(-93.6,10.8,15.));
#8952=CARTESIAN_POINT('',(-82.7586206896552,10.8,15.));
#8953=CARTESIAN_POINT('',(-82.7586206896552,10.8,15.));
#8954=CARTESIAN_POINT('',(-82.7586206896553,10.8,-18.));
#8955=CARTESIAN_POINT('',(-82.7586206896552,10.8,17.4));
#8956=CARTESIAN_POINT('',(-70.1586206896552,10.8,17.4));
#8957=CARTESIAN_POINT('',(-70.1586206896552,10.8,17.4));
#8958=CARTESIAN_POINT('',(-70.1586206896552,10.8,0.600000000000002));
#8959=CARTESIAN_POINT('',(-70.1586206896552,10.8,7.16504408347866));
#8960=CARTESIAN_POINT('',(-67.7586206896552,10.8,7.16504408347866));
#8961=CARTESIAN_POINT('',(-67.5224137931035,10.8,4.77669605565244));
#8962=CARTESIAN_POINT('',(-67.05,10.8,0.));
#8963=CARTESIAN_POINT('',(-71.8333042972405,10.8,0.400000000000004));
#8964=CARTESIAN_POINT('',(-74.2249564458608,10.8,0.600000000000005));
#8965=CARTESIAN_POINT('',(-74.2249564458608,10.8,3.));
#8966=CARTESIAN_POINT('',(-84.5586206896552,10.8,3.00000000000001));
#8967=CARTESIAN_POINT('',(-82.7586206896552,10.8,3.00000000000001));
#8968=CARTESIAN_POINT('',(-82.7586206896553,10.8,-18.));
#8969=CARTESIAN_POINT('',(-82.7586206896553,10.8,-15.6));
#8970=CARTESIAN_POINT('',(-85.1586206896553,10.8,-15.6));
#8971=CARTESIAN_POINT('',(-85.1586206896553,10.8,-18.));
#8972=CARTESIAN_POINT('',(-90.,10.8,-18.));
#8973=CARTESIAN_POINT('',(-93.6,10.8,-18.));
#8974=CARTESIAN_POINT('',(-93.6,10.8,17.0058874503046));
#8975=CARTESIAN_POINT('',(-93.6,10.8,-24.));
#8976=CARTESIAN_POINT('',(-90.,10.8,-24.));
#8977=CARTESIAN_POINT('',(-90.,10.8,-27.6));
#8978=CARTESIAN_POINT('',(-90.,10.8,-27.6));
#8979=CARTESIAN_POINT('',(90.,10.8,-27.6));
#8980=CARTESIAN_POINT('',(90.,10.8,-24.));
#8981=CARTESIAN_POINT('',(93.6,10.8,-24.));
#8982=CARTESIAN_POINT('',(93.6,10.8,-24.));
#8983=CARTESIAN_POINT('',(93.6,10.8,-18.));
#8984=CARTESIAN_POINT('',(90.,10.8,-18.));
#8985=CARTESIAN_POINT('',(85.1586206896553,10.8,-18.));
#8986=CARTESIAN_POINT('',(85.1586206896553,10.8,-15.6));
#8987=CARTESIAN_POINT('',(82.7586206896553,10.8,-15.6));
#8988=CARTESIAN_POINT('',(82.7586206896553,10.8,-18.));
#8989=CARTESIAN_POINT('',(82.7586206896553,10.8,-9.));
#8990=CARTESIAN_POINT('',(-90.,10.8,-9.));
#8991=CARTESIAN_POINT('',(77.9586206896552,10.8,-9.));
#8992=CARTESIAN_POINT('',(77.9586206896552,10.8,-7.8));
#8993=CARTESIAN_POINT('',(76.7586206896552,10.8,-7.8));
#8994=CARTESIAN_POINT('',(76.7586206896553,10.8,-23.9999999999994));
#8995=CARTESIAN_POINT('',(76.7586206896552,10.8,-5.4));
#8996=CARTESIAN_POINT('',(77.9586206896552,10.8,-5.4));
#8997=CARTESIAN_POINT('',(77.9586206896552,10.8,-4.2));
#8998=CARTESIAN_POINT('',(-90.,10.8,-4.2));
#8999=CARTESIAN_POINT('',(82.7586206896552,10.8,-4.2));
#9000=CARTESIAN_POINT('',(82.7586206896553,10.8,-18.));
#9001=CARTESIAN_POINT('',(-90.,10.8,-24.));
#9002=CARTESIAN_POINT('',(-90.,1.2,-18.));
#9003=CARTESIAN_POINT('',(94.8,1.2,-18.));
#9004=CARTESIAN_POINT('',(94.8,1.2,-24.));
#9005=CARTESIAN_POINT('',(94.8,1.2,-24.));
#9006=CARTESIAN_POINT('',(90.,1.2,-24.));
#9007=CARTESIAN_POINT('',(90.,1.2,-28.8));
#9008=CARTESIAN_POINT('',(-90.,1.2,-28.8));
#9009=CARTESIAN_POINT('',(-90.,1.2,-28.8));
#9010=CARTESIAN_POINT('',(-90.,1.2,-24.));
#9011=CARTESIAN_POINT('',(-94.8,1.2,-24.));
#9012=CARTESIAN_POINT('',(-94.8,1.2,-24.));
#9013=CARTESIAN_POINT('',(-94.8,1.2,-18.));
#9014=CARTESIAN_POINT('',(90.,1.2,-18.));
#9015=CARTESIAN_POINT('',(-96.,1.2,-18.));
#9016=CARTESIAN_POINT('',(-96.,1.2,17.0058874503046));
#9017=CARTESIAN_POINT('',(-96.,1.2,-24.));
#9018=CARTESIAN_POINT('',(-90.,1.2,-24.));
#9019=CARTESIAN_POINT('',(-90.,1.2,-30.));
#9020=CARTESIAN_POINT('',(-90.,1.2,-30.));
#9021=CARTESIAN_POINT('',(90.,1.2,-30.));
#9022=CARTESIAN_POINT('',(90.,1.2,-24.));
#9023=CARTESIAN_POINT('',(-90.,1.2,-24.));
#9024=CARTESIAN_POINT('',(94.8,1.04083408558608E-15,-24.));
#9025=CARTESIAN_POINT('',(94.8,1.04083408558608E-15,-18.));
#9026=CARTESIAN_POINT('',(94.8,1.04083408558608E-15,-24.));
#9027=CARTESIAN_POINT('',(-90.,1.04083408558608E-15,-18.));
#9028=CARTESIAN_POINT('',(93.6,1.04083408558608E-15,-18.));
#9029=CARTESIAN_POINT('',(93.6,1.04083408558608E-15,-24.));
#9030=CARTESIAN_POINT('',(93.6,1.04083408558608E-15,-24.));
#9031=CARTESIAN_POINT('',(90.,1.04083408558608E-15,-24.));
#9032=CARTESIAN_POINT('',(90.,1.04083408558608E-15,-27.6));
#9033=CARTESIAN_POINT('',(-90.,1.04083408558608E-15,-27.6));
#9034=CARTESIAN_POINT('',(-90.,1.04083408558608E-15,-27.6));
#9035=CARTESIAN_POINT('',(-90.,1.04083408558608E-15,-24.));
#9036=CARTESIAN_POINT('',(-93.6,1.04083408558608E-15,-24.));
#9037=CARTESIAN_POINT('',(-93.6,1.04083408558608E-15,17.0058874503046));
#9038=CARTESIAN_POINT('',(-93.6,1.04083408558608E-15,-18.));
#9039=CARTESIAN_POINT('',(90.,1.04083408558608E-15,-18.));
#9040=CARTESIAN_POINT('',(-94.8,1.04083408558608E-15,-18.));
#9041=CARTESIAN_POINT('',(-94.8,1.04083408558608E-15,17.0058874503046));
#9042=CARTESIAN_POINT('',(-94.8,1.04083408558608E-15,-24.));
#9043=CARTESIAN_POINT('',(-90.,1.04083408558608E-15,-24.));
#9044=CARTESIAN_POINT('',(-90.,1.04083408558608E-15,-28.8));
#9045=CARTESIAN_POINT('',(-90.,1.04083408558608E-15,-28.8));
#9046=CARTESIAN_POINT('',(90.,1.04083408558608E-15,-28.8));
#9047=CARTESIAN_POINT('',(90.,1.04083408558608E-15,-24.));
#9048=CARTESIAN_POINT('',(-90.,1.04083408558608E-15,-24.));
#9049=CARTESIAN_POINT('',(94.8,1.2,-18.));
#9050=CARTESIAN_POINT('',(94.8,1.2,-24.));
#9051=CARTESIAN_POINT('',(94.8,1.2,-24.));
#9052=CARTESIAN_POINT('',(93.6,1.2,-18.));
#9053=CARTESIAN_POINT('',(93.6,1.2,-24.));
#9054=CARTESIAN_POINT('',(93.6,1.2,-24.));
#9055=CARTESIAN_POINT('',(93.6,10.8,-18.));
#9056=CARTESIAN_POINT('',(93.6,10.8,-24.));
#9057=CARTESIAN_POINT('',(93.6,10.8,-24.));
#9058=CARTESIAN_POINT('',(93.6,10.8,15.));
#9059=CARTESIAN_POINT('',(93.6,10.8,24.));
#9060=CARTESIAN_POINT('',(93.6,10.8,-24.));
#9061=CARTESIAN_POINT('',(-96.,1.2,-18.));
#9062=CARTESIAN_POINT('',(-96.,10.8,-18.));
#9063=CARTESIAN_POINT('',(-96.,10.8,17.0058874503046));
#9064=CARTESIAN_POINT('',(-96.,10.8,-24.));
#9065=CARTESIAN_POINT('',(-96.,1.2,-24.));
#9066=CARTESIAN_POINT('',(-96.,1.2,17.0058874503046));
#9067=CARTESIAN_POINT('',(-96.,1.2,24.));
#9068=CARTESIAN_POINT('',(-96.,1.2,24.));
#9069=CARTESIAN_POINT('',(-96.,10.8,24.));
#9070=CARTESIAN_POINT('',(-96.,10.8,17.0058874503046));
#9071=CARTESIAN_POINT('',(-96.,10.8,15.));
#9072=CARTESIAN_POINT('',(-96.,-3.,15.));
#9073=CARTESIAN_POINT('',(-96.,1.2,15.));
#9074=CARTESIAN_POINT('',(-96.,1.2,17.0058874503046));
#9075=CARTESIAN_POINT('',(-96.,1.2,17.0058874503046));
#9076=CARTESIAN_POINT('',(-93.6,1.2,-18.));
#9077=CARTESIAN_POINT('',(-93.6,1.2,-24.));
#9078=CARTESIAN_POINT('',(-93.6,1.2,17.0058874503046));
#9079=CARTESIAN_POINT('',(-94.8,1.2,-18.));
#9080=CARTESIAN_POINT('',(-94.8,1.2,-24.));
#9081=CARTESIAN_POINT('',(-94.8,1.2,17.0058874503046));
#9082=CARTESIAN_POINT('',(82.7586206896552,1.2,15.));
#9083=CARTESIAN_POINT('',(94.8,1.2,15.));
#9084=CARTESIAN_POINT('',(90.,1.2,24.));
#9085=CARTESIAN_POINT('',(90.,1.2,30.));
#9086=CARTESIAN_POINT('',(83.0058874503046,1.2,30.));
#9087=CARTESIAN_POINT('',(-90.,1.2,30.));
#9088=CARTESIAN_POINT('',(-90.,1.2,24.));
#9089=CARTESIAN_POINT('',(-82.7586206896552,1.2,15.));
#9090=CARTESIAN_POINT('',(-94.8,1.2,15.));
#9091=CARTESIAN_POINT('',(-94.8,1.2,-24.));
#9092=CARTESIAN_POINT('',(-94.8,1.2,24.));
#9093=CARTESIAN_POINT('',(-90.,1.2,24.));
#9094=CARTESIAN_POINT('',(-90.,1.2,28.8));
#9095=CARTESIAN_POINT('',(-90.,1.2,28.8));
#9096=CARTESIAN_POINT('',(88.8,1.2,28.8));
#9097=CARTESIAN_POINT('',(88.8,1.2,22.8));
#9098=CARTESIAN_POINT('',(94.8,1.2,22.8));
#9099=CARTESIAN_POINT('',(94.8,1.2,-24.));
#9100=CARTESIAN_POINT('',(-90.,1.2,-24.));
#9101=CARTESIAN_POINT('',(-90.,10.8,-24.));
#9102=CARTESIAN_POINT('',(-90.,10.8,-30.));
#9103=CARTESIAN_POINT('',(-90.,1.2,-30.));
#9104=CARTESIAN_POINT('',(-90.,1.2,-24.));
#9105=CARTESIAN_POINT('',(-90.,10.8,-30.));
#9106=CARTESIAN_POINT('',(90.,10.8,-30.));
#9107=CARTESIAN_POINT('',(90.,1.2,-30.));
#9108=CARTESIAN_POINT('',(-90.,1.2,-30.));
#9109=CARTESIAN_POINT('',(90.,10.8,-24.));
#9110=CARTESIAN_POINT('',(90.,1.2,-24.));
#9111=CARTESIAN_POINT('',(90.,1.2,30.));
#9112=CARTESIAN_POINT('',(90.,10.8,30.));
#9113=CARTESIAN_POINT('',(83.0058874503046,10.8,30.));
#9114=CARTESIAN_POINT('',(-90.,10.8,30.));
#9115=CARTESIAN_POINT('',(-90.,1.2,30.));
#9116=CARTESIAN_POINT('',(83.0058874503046,1.2,30.));
#9117=CARTESIAN_POINT('',(93.6,1.04083408558608E-15,-24.));
#9118=CARTESIAN_POINT('',(93.6,1.04083408558608E-15,22.8));
#9119=CARTESIAN_POINT('',(93.6,1.04083408558608E-15,15.));
#9120=CARTESIAN_POINT('',(-90.,1.04083408558608E-15,15.));
#9121=CARTESIAN_POINT('',(94.8,1.04083408558608E-15,15.));
#9122=CARTESIAN_POINT('',(94.8,1.04083408558608E-15,-24.));
#9123=CARTESIAN_POINT('',(94.8,1.04083408558608E-15,22.8));
#9124=CARTESIAN_POINT('',(88.8,1.04083408558608E-15,22.8));
#9125=CARTESIAN_POINT('',(88.8,1.04083408558608E-15,28.8));
#9126=CARTESIAN_POINT('',(83.0058874503046,1.04083408558608E-15,28.8));
#9127=CARTESIAN_POINT('',(-90.,1.04083408558608E-15,28.8));
#9128=CARTESIAN_POINT('',(-90.,1.04083408558608E-15,24.));
#9129=CARTESIAN_POINT('',(-94.8,1.04083408558608E-15,24.));
#9130=CARTESIAN_POINT('',(-94.8,1.04083408558608E-15,17.0058874503046));
#9131=CARTESIAN_POINT('',(-94.8,1.04083408558608E-15,15.));
#9132=CARTESIAN_POINT('',(-90.,1.04083408558608E-15,15.));
#9133=CARTESIAN_POINT('',(-93.6,1.04083408558608E-15,15.));
#9134=CARTESIAN_POINT('',(-93.6,1.04083408558608E-15,17.0058874503046));
#9135=CARTESIAN_POINT('',(-93.6,1.04083408558608E-15,24.));
#9136=CARTESIAN_POINT('',(-90.,1.04083408558608E-15,24.));
#9137=CARTESIAN_POINT('',(-90.,1.04083408558608E-15,27.6));
#9138=CARTESIAN_POINT('',(83.0058874503046,1.04083408558608E-15,27.6));
#9139=CARTESIAN_POINT('',(88.8,1.04083408558608E-15,27.6));
#9140=CARTESIAN_POINT('',(88.8,1.04083408558608E-15,22.8));
#9141=CARTESIAN_POINT('',(-90.,1.04083408558608E-15,-24.));
#9142=CARTESIAN_POINT('',(-94.8,0.600000000000001,24.));
#9143=CARTESIAN_POINT('',(-94.8,1.2,15.));
#9144=CARTESIAN_POINT('',(-94.8,1.2,17.0058874503046));
#9145=CARTESIAN_POINT('',(-90.,1.2,-28.8));
#9146=CARTESIAN_POINT('',(-90.,1.2,-24.));
#9147=CARTESIAN_POINT('',(90.,1.2,-28.8));
#9148=CARTESIAN_POINT('',(-90.,1.2,-28.8));
#9149=CARTESIAN_POINT('',(90.,1.2,-24.));
#9150=CARTESIAN_POINT('',(94.8,1.2,15.));
#9151=CARTESIAN_POINT('',(94.8,1.2,22.8));
#9152=CARTESIAN_POINT('',(94.8,1.2,-24.));
#9153=CARTESIAN_POINT('',(88.8,1.2,28.8));
#9154=CARTESIAN_POINT('',(-90.,0.600000000000001,28.8));
#9155=CARTESIAN_POINT('',(83.0058874503046,1.2,28.8));
#9156=CARTESIAN_POINT('',(88.8,7.8,27.6));
#9157=CARTESIAN_POINT('',(-90.,7.8,27.6));
#9158=CARTESIAN_POINT('',(83.0058874503046,1.2,27.6));
#9159=CARTESIAN_POINT('',(93.6,-3.,15.));
#9160=CARTESIAN_POINT('',(93.6,7.8,22.8));
#9161=CARTESIAN_POINT('',(93.6,1.2,-24.));
#9162=CARTESIAN_POINT('',(90.,1.2,-27.6));
#9163=CARTESIAN_POINT('',(90.,1.2,-24.));
#9164=CARTESIAN_POINT('',(-90.,1.2,-27.6));
#9165=CARTESIAN_POINT('',(-90.,1.2,-27.6));
#9166=CARTESIAN_POINT('',(-90.,1.2,-24.));
#9167=CARTESIAN_POINT('',(-93.6,7.8,24.));
#9168=CARTESIAN_POINT('',(-93.6,-3.,15.));
#9169=CARTESIAN_POINT('',(-93.6,1.2,17.0058874503046));
#9170=CARTESIAN_POINT('',(-82.7586206896553,-3.,-15.6));
#9171=CARTESIAN_POINT('',(-82.7586206896552,-199.2,3.00000000000001));
#9172=CARTESIAN_POINT('',(-82.7586206896552,2.4,3.00000000000001));
#9173=CARTESIAN_POINT('',(-82.7586206896553,2.4,-18.));
#9174=CARTESIAN_POINT('',(-82.7586206896552,2.4,17.4));
#9175=CARTESIAN_POINT('',(-82.7586206896552,-3.,17.4));
#9176=CARTESIAN_POINT('',(-82.7586206896552,-3.,15.));
#9177=CARTESIAN_POINT('',(-82.7586206896552,8.4,15.));
#9178=CARTESIAN_POINT('',(-82.7586206896553,8.4,-18.));
#9179=CARTESIAN_POINT('',(-82.7586206896552,8.4,5.4));
#9180=CARTESIAN_POINT('',(-82.7586206896552,-3.,5.4));
#9181=CARTESIAN_POINT('',(-82.7586206896553,-3.,-18.));
#9182=CARTESIAN_POINT('',(-93.6,10.8,-18.));
#9183=CARTESIAN_POINT('',(-85.1586206896553,-3.,-18.));
#9184=CARTESIAN_POINT('',(-100.758620689655,-3.,-18.));
#9185=CARTESIAN_POINT('',(-93.6,10.8,15.));
#9186=CARTESIAN_POINT('',(-72.5586206896552,-3.,15.));
#9187=CARTESIAN_POINT('',(-72.5586206896552,8.4,15.));
#9188=CARTESIAN_POINT('',(-82.7586206896552,8.4,15.));
#9189=CARTESIAN_POINT('',(-82.7586206896552,-3.,15.));
#9190=CARTESIAN_POINT('',(-72.5586206896552,14.4,5.4));
#9191=CARTESIAN_POINT('',(-72.5586206896552,8.40000000000001,5.4));
#9192=CARTESIAN_POINT('',(-72.5586206896552,8.40000000000001,0.600000000000008));
#9193=CARTESIAN_POINT('',(-72.5586206896552,-199.2,0.600000000000008));
#9194=CARTESIAN_POINT('',(-82.7586206896552,8.4,5.4));
#9195=CARTESIAN_POINT('',(-82.7586206896552,14.4,5.4));
#9196=CARTESIAN_POINT('',(-85.1586206896553,-3.,-15.6));
#9197=CARTESIAN_POINT('',(76.7586206896552,18.,-7.8));
#9198=CARTESIAN_POINT('',(76.7586206896552,15.6,-5.4));
#9199=CARTESIAN_POINT('',(76.7586206896552,13.2,-9.));
#9200=CARTESIAN_POINT('',(82.7586206896552,13.2,-4.2));
#9201=CARTESIAN_POINT('',(77.9586206896552,18.,-4.2));
#9202=CARTESIAN_POINT('',(76.7586206896552,13.2,-4.2));
#9203=CARTESIAN_POINT('',(82.7586206896553,13.2,-9.));
#9204=CARTESIAN_POINT('',(77.9586206896552,15.6,-9.));
#9205=CARTESIAN_POINT('',(88.7586206896552,13.2,-9.));
#9206=CARTESIAN_POINT('',(77.9586206896552,13.2,-7.8));
#9207=CARTESIAN_POINT('',(77.9586206896552,13.2,-5.4));
#9208=CARTESIAN_POINT('',(-67.05,6.6,0.));
#9209=CARTESIAN_POINT('',(-67.05,6.6,2.4));
#9210=CARTESIAN_POINT('',(-67.05,18.,0.));
#9211=CARTESIAN_POINT('',(67.05,6.6,0.));
#9212=CARTESIAN_POINT('',(67.05,6.6,2.4));
#9213=CARTESIAN_POINT('',(67.05,18.,0.));
#9214=CARTESIAN_POINT('',(90.,10.8,24.));
#9215=CARTESIAN_POINT('',(90.,1.2,24.));
#9216=CARTESIAN_POINT('',(88.8,1.2,22.8));
#9217=CARTESIAN_POINT('',(88.8,1.2,22.8));
#9218=CARTESIAN_POINT('',(-90.,0.,24.));
#9219=CARTESIAN_POINT('',(-90.,0.,24.));
#9220=CARTESIAN_POINT('',(-90.,10.8,24.));
#9221=CARTESIAN_POINT('',(-90.,1.2,24.));
#9222=CARTESIAN_POINT('',(-93.6,10.8,-24.));
#9223=CARTESIAN_POINT('',(-93.6,10.8,17.0058874503046));
#9224=CARTESIAN_POINT('',(-90.,10.8,-27.6));
#9225=CARTESIAN_POINT('',(-90.,10.8,-24.));
#9226=CARTESIAN_POINT('',(90.,10.8,-27.6));
#9227=CARTESIAN_POINT('',(-90.,10.8,-27.6));
#9228=CARTESIAN_POINT('',(90.,10.8,-24.));
#9229=CARTESIAN_POINT('',(-93.6,10.8,24.));
#9230=CARTESIAN_POINT('',(-93.6,10.8,17.0058874503046));
#9231=CARTESIAN_POINT('',(90.,10.8,27.6));
#9232=CARTESIAN_POINT('',(90.,10.8,24.));
#9233=CARTESIAN_POINT('',(-90.,10.8,27.6));
#9234=CARTESIAN_POINT('',(-90.,10.8,24.));
#9235=CARTESIAN_POINT('',(83.0058874503046,10.8,27.6));
#9236=CARTESIAN_POINT('',(82.7586206896553,-3.,-15.6));
#9237=CARTESIAN_POINT('',(82.7586206896553,-3.,-18.));
#9238=CARTESIAN_POINT('',(85.1586206896553,-3.,-18.));
#9239=CARTESIAN_POINT('',(100.758620689655,-3.,-18.));
#9240=CARTESIAN_POINT('',(85.1586206896553,-3.,-15.6));
#9241=CARTESIAN_POINT('',(82.7586206896552,-3.,15.));
#9242=CARTESIAN_POINT('',(82.7586206896552,8.4,15.));
#9243=CARTESIAN_POINT('',(82.7586206896552,8.4,15.));
#9244=CARTESIAN_POINT('',(72.5586206896552,8.4,15.));
#9245=CARTESIAN_POINT('',(72.5586206896552,-199.2,15.));
#9246=CARTESIAN_POINT('',(82.7586206896552,-3.,15.));
#9247=CARTESIAN_POINT('',(82.7586206896552,14.4,5.4));
#9248=CARTESIAN_POINT('',(82.7586206896552,8.4,5.4));
#9249=CARTESIAN_POINT('',(82.7586206896553,8.4,-18.));
#9250=CARTESIAN_POINT('',(82.7586206896552,-3.,17.4));
#9251=CARTESIAN_POINT('',(82.7586206896552,2.4,17.4));
#9252=CARTESIAN_POINT('',(82.7586206896553,2.4,-18.));
#9253=CARTESIAN_POINT('',(82.7586206896552,2.4,3.00000000000001));
#9254=CARTESIAN_POINT('',(82.7586206896552,-199.2,3.00000000000001));
#9255=CARTESIAN_POINT('',(82.7586206896553,-3.,-18.));
#9256=CARTESIAN_POINT('',(72.5586206896552,-199.2,5.4));
#9257=CARTESIAN_POINT('',(72.5586206896552,8.40000000000001,5.4));
#9258=CARTESIAN_POINT('',(82.7586206896552,8.4,5.4));
#9259=CARTESIAN_POINT('',(82.7586206896552,14.4,5.4));
#9260=CARTESIAN_POINT('',(72.5586206896552,8.40000000000001,0.600000000000008));
#9261=CARTESIAN_POINT('',(72.5586206896552,-199.2,0.600000000000008));
#9262=CARTESIAN_POINT('',(-67.05,6.6,0.));
#9263=CARTESIAN_POINT('',(-74.2249564458608,-199.2,3.));
#9264=CARTESIAN_POINT('',(-74.2249564458608,2.4,3.));
#9265=CARTESIAN_POINT('',(-84.5586206896552,2.4,3.00000000000001));
#9266=CARTESIAN_POINT('',(-84.5586206896552,-199.2,3.00000000000001));
#9267=CARTESIAN_POINT('',(-70.1586206896552,2.4,0.600000000000002));
#9268=CARTESIAN_POINT('',(-70.1586206896552,2.4,7.16504408347866));
#9269=CARTESIAN_POINT('',(-70.1586206896552,2.4,17.4));
#9270=CARTESIAN_POINT('',(-70.1586206896552,-199.2,7.16504408347866));
#9271=CARTESIAN_POINT('',(-70.1586206896552,-199.2,17.4));
#9272=CARTESIAN_POINT('',(-70.1586206896552,-199.2,0.600000000000002));
#9273=CARTESIAN_POINT('',(-70.1586206896552,2.4,17.4));
#9274=CARTESIAN_POINT('',(-70.1586206896552,-199.2,17.4));
#9275=CARTESIAN_POINT('',(-77.3586206896552,2.4,10.2));
#9276=CARTESIAN_POINT('',(-77.3586206896552,2.4,7.80000000000001));
#9277=CARTESIAN_POINT('',(-74.2249564458608,2.4,0.600000000000005));
#9278=CARTESIAN_POINT('',(-71.8333042972405,2.4,0.400000000000003));
#9279=CARTESIAN_POINT('',(-67.05,2.4,0.));
#9280=CARTESIAN_POINT('',(-67.5224137931035,2.4,4.77669605565244));
#9281=CARTESIAN_POINT('',(-67.7586206896552,2.4,7.16504408347866));
#9282=CARTESIAN_POINT('',(-90.,2.4,-24.));
#9283=CARTESIAN_POINT('',(-77.3586206896552,8.4,10.2));
#9284=CARTESIAN_POINT('',(-77.3586206896552,8.4,7.80000000000001));
#9285=CARTESIAN_POINT('',(-90.,8.4,-24.));
#9286=CARTESIAN_POINT('',(-67.5224137931035,4.8,4.77669605565244));
#9287=CARTESIAN_POINT('',(-71.8333042972405,4.8,0.400000000000003));
#9288=CARTESIAN_POINT('',(-67.05,4.8,0.));
#9289=CARTESIAN_POINT('',(-67.7586206896552,4.8,7.16504408347866));
#9290=CARTESIAN_POINT('',(-74.2249564458608,4.8,0.600000000000005));
#9291=CARTESIAN_POINT('',(67.05,6.6,0.));
#9292=CARTESIAN_POINT('',(84.5586206896552,2.4,3.00000000000001));
#9293=CARTESIAN_POINT('',(74.2249564458608,2.4,3.));
#9294=CARTESIAN_POINT('',(74.2249564458608,-199.2,3.));
#9295=CARTESIAN_POINT('',(84.5586206896552,-199.2,3.00000000000001));
#9296=CARTESIAN_POINT('',(70.1586206896552,2.4,0.600000000000002));
#9297=CARTESIAN_POINT('',(70.1586206896552,2.4,17.4));
#9298=CARTESIAN_POINT('',(70.1586206896552,2.4,7.16504408347866));
#9299=CARTESIAN_POINT('',(70.1586206896552,-199.2,17.4));
#9300=CARTESIAN_POINT('',(70.1586206896552,-199.2,7.16504408347866));
#9301=CARTESIAN_POINT('',(70.1586206896552,-199.2,0.600000000000002));
#9302=CARTESIAN_POINT('',(70.1586206896552,2.4,17.4));
#9303=CARTESIAN_POINT('',(70.1586206896552,-199.2,17.4));
#9304=CARTESIAN_POINT('',(77.3586206896552,2.4,10.2));
#9305=CARTESIAN_POINT('',(77.3586206896552,2.4,7.80000000000001));
#9306=CARTESIAN_POINT('',(67.7586206896552,2.4,7.16504408347866));
#9307=CARTESIAN_POINT('',(67.5224137931035,2.4,4.77669605565244));
#9308=CARTESIAN_POINT('',(67.05,2.4,0.));
#9309=CARTESIAN_POINT('',(71.8333042972405,2.4,0.400000000000003));
#9310=CARTESIAN_POINT('',(74.2249564458608,2.4,0.600000000000005));
#9311=CARTESIAN_POINT('',(90.,2.4,-24.));
#9312=CARTESIAN_POINT('',(77.3586206896552,8.4,10.2));
#9313=CARTESIAN_POINT('',(77.3586206896552,8.4,7.80000000000001));
#9314=CARTESIAN_POINT('',(90.,8.4,-24.));
#9315=CARTESIAN_POINT('',(71.8333042972405,4.8,0.400000000000003));
#9316=CARTESIAN_POINT('',(67.5224137931035,4.8,4.77669605565244));
#9317=CARTESIAN_POINT('',(67.05,4.8,0.));
#9318=CARTESIAN_POINT('',(67.7586206896552,4.8,7.16504408347866));
#9319=CARTESIAN_POINT('',(74.2249564458608,4.8,0.600000000000005));
#9320=CARTESIAN_POINT('',(-76.8,3.6,-19.2));
#9321=CARTESIAN_POINT('',(-76.8,3.6,-24.));
#9322=CARTESIAN_POINT('',(-76.8,-216.72,-19.2));
#9323=CARTESIAN_POINT('',(-76.8,3.6,-19.2));
#9324=CARTESIAN_POINT('',(-76.8,3.6,-21.6));
#9325=CARTESIAN_POINT('',(-90.,3.6,-24.));
#9326=CARTESIAN_POINT('',(76.8,3.6,-19.2));
#9327=CARTESIAN_POINT('',(76.8,3.6,-24.));
#9328=CARTESIAN_POINT('',(76.8,-216.72,-19.2));
#9329=CARTESIAN_POINT('',(76.8,3.6,-19.2));
#9330=CARTESIAN_POINT('',(76.8,3.6,-21.6));
#9331=CARTESIAN_POINT('',(-90.,3.6,-24.));
#9332=CARTESIAN_POINT('',(77.3586206896552,19.2,10.2));
#9333=CARTESIAN_POINT('',(-77.3586206896552,19.2,10.2));
#9334=CARTESIAN_POINT('',(76.8,10.2,-19.2));
#9335=CARTESIAN_POINT('',(76.8,10.2,-16.8));
#9336=CARTESIAN_POINT('',(76.8,-58.92,-19.2));
#9337=CARTESIAN_POINT('',(0.,10.2,0.));
#9338=CARTESIAN_POINT('',(-76.8,10.2,-19.2));
#9339=CARTESIAN_POINT('',(-76.8,10.2,-16.8));
#9340=CARTESIAN_POINT('',(-76.8,-58.92,-19.2));
#9341=CARTESIAN_POINT('',(0.,10.2,0.));
#9342=CARTESIAN_POINT('',(-46.1586206896552,94.8,19.92));
#9343=CARTESIAN_POINT('',(-46.1586206896552,94.8,16.32));
#9344=CARTESIAN_POINT('',(-46.1586206896552,94.8,19.32));
#9345=CARTESIAN_POINT('',(-29.7586206896552,94.8,16.32));
#9346=CARTESIAN_POINT('',(-41.1586206896552,94.8,16.32));
#9347=CARTESIAN_POINT('',(-29.7586206896552,94.8,19.92));
#9348=CARTESIAN_POINT('',(-29.7586206896552,94.8,14.52));
#9349=CARTESIAN_POINT('',(-32.7586206896552,94.8,19.92));
#9350=CARTESIAN_POINT('',(54.1586206896552,94.8,16.32));
#9351=CARTESIAN_POINT('',(54.1586206896552,94.8,19.92));
#9352=CARTESIAN_POINT('',(54.1586206896552,94.8,19.32));
#9353=CARTESIAN_POINT('',(37.7586206896552,94.8,16.32));
#9354=CARTESIAN_POINT('',(51.1586206896552,94.8,16.32));
#9355=CARTESIAN_POINT('',(37.7586206896552,94.8,19.92));
#9356=CARTESIAN_POINT('',(37.7586206896552,94.8,14.52));
#9357=CARTESIAN_POINT('',(42.7586206896552,94.8,19.92));
#9358=CARTESIAN_POINT('',(54.1586206896552,94.8,-19.92));
#9359=CARTESIAN_POINT('',(54.1586206896552,94.8,-16.32));
#9360=CARTESIAN_POINT('',(54.1586206896552,94.8,-19.32));
#9361=CARTESIAN_POINT('',(37.7586206896552,94.8,-16.32));
#9362=CARTESIAN_POINT('',(51.1586206896552,94.8,-16.32));
#9363=CARTESIAN_POINT('',(37.7586206896552,94.8,-19.92));
#9364=CARTESIAN_POINT('',(37.7586206896552,94.8,-14.52));
#9365=CARTESIAN_POINT('',(42.7586206896552,94.8,-19.92));
#9366=CARTESIAN_POINT('',(-46.1586206896552,94.8,-16.32));
#9367=CARTESIAN_POINT('',(-46.1586206896552,94.8,-19.92));
#9368=CARTESIAN_POINT('',(-46.1586206896552,94.8,-19.32));
#9369=CARTESIAN_POINT('',(-29.7586206896552,94.8,-16.32));
#9370=CARTESIAN_POINT('',(-41.1586206896552,94.8,-16.32));
#9371=CARTESIAN_POINT('',(-29.7586206896552,94.8,-19.92));
#9372=CARTESIAN_POINT('',(-29.7586206896552,94.8,-14.52));
#9373=CARTESIAN_POINT('',(-32.7586206896552,94.8,-19.92));
#9374=CARTESIAN_POINT('',(-96.,-0.160087462384477,12.6));
#9375=CARTESIAN_POINT('',(-96.,-0.160087462384468,15.));
#9376=CARTESIAN_POINT('',(-96.,-2.47830944547824,13.2211657082461));
#9377=CARTESIAN_POINT('',(-96.,-3.,15.));
#9378=CARTESIAN_POINT('',(-96.,10.8,15.));
#9379=CARTESIAN_POINT('',(-96.,10.8,-24.));
#9380=CARTESIAN_POINT('',(-96.,10.8,-18.));
#9381=CARTESIAN_POINT('',(-96.,1.2,-18.));
#9382=CARTESIAN_POINT('',(-96.,-7.7162546889423,-18.));
#9383=CARTESIAN_POINT('',(-96.,-7.7162546889423,-15.6));
#9384=CARTESIAN_POINT('',(-96.,-10.0344766720361,-14.9788342917539));
#9385=CARTESIAN_POINT('',(-96.,-11.537200861183,-20.5870773154129));
#9386=CARTESIAN_POINT('',(-96.,-9.23630042917444,-12.));
#9387=CARTESIAN_POINT('',(-96.,1.2,-12.));
#9388=CARTESIAN_POINT('',(-96.,-0.621997791880606,-12.));
#9389=CARTESIAN_POINT('',(-96.,-0.621997791880606,-10.2));
#9390=CARTESIAN_POINT('',(-96.,1.17800220811939,-10.2));
#9391=CARTESIAN_POINT('',(-96.,1.17800220811939,-12.));
#9392=CARTESIAN_POINT('',(-96.,1.17800220811939,-4.8));
#9393=CARTESIAN_POINT('',(-96.,-0.621997791880605,-4.8));
#9394=CARTESIAN_POINT('',(-96.,-0.621997791880605,-3.));
#9395=CARTESIAN_POINT('',(-96.,1.2,-3.));
#9396=CARTESIAN_POINT('',(-96.,-6.82475769729429,-3.));
#9397=CARTESIAN_POINT('',(-96.,-11.537200861183,-20.5870773154129));
#9398=CARTESIAN_POINT('',(-96.,-5.21706254270752,3.));
#9399=CARTESIAN_POINT('',(-96.,1.2,3.));
#9400=CARTESIAN_POINT('',(-96.,-0.621997791880606,3.));
#9401=CARTESIAN_POINT('',(-96.,-0.621997791880606,4.8));
#9402=CARTESIAN_POINT('',(-96.,1.17800220811939,4.8));
#9403=CARTESIAN_POINT('',(-96.,1.17800220811939,2.99999999999998));
#9404=CARTESIAN_POINT('',(-96.,1.17800220811939,7.2));
#9405=CARTESIAN_POINT('',(-96.,-0.621997791880605,7.2));
#9406=CARTESIAN_POINT('',(-96.,-0.621997791880605,9.));
#9407=CARTESIAN_POINT('',(-96.,1.2,9.));
#9408=CARTESIAN_POINT('',(-96.,-3.60936738812074,9.));
#9409=CARTESIAN_POINT('',(-96.,-11.537200861183,-20.5870773154129));
#9410=CARTESIAN_POINT('',(-96.,1.2,-24.));
#9411=CARTESIAN_POINT('',(-93.6,-3.,15.));
#9412=CARTESIAN_POINT('',(-93.6,-3.24400365002607,15.));
#9413=CARTESIAN_POINT('',(-93.6,10.8,15.));
#9414=CARTESIAN_POINT('',(-90.,10.8,15.));
#9415=CARTESIAN_POINT('',(-82.7586206896552,10.8,15.));
#9416=CARTESIAN_POINT('',(-82.7586206896552,7.2,15.));
#9417=CARTESIAN_POINT('',(-82.7586206896552,8.4,15.));
#9418=CARTESIAN_POINT('',(0.,8.4,15.));
#9419=CARTESIAN_POINT('',(-72.5586206896552,8.4,15.));
#9420=CARTESIAN_POINT('',(-72.5586206896552,-199.2,15.));
#9421=CARTESIAN_POINT('',(-72.5586206896552,13.2,15.));
#9422=CARTESIAN_POINT('',(-82.7586206896552,13.2,15.));
#9423=CARTESIAN_POINT('',(-93.6,13.2,15.));
#9424=CARTESIAN_POINT('',(-93.6,10.8,15.));
#9425=CARTESIAN_POINT('',(-96.,-0.160087462384468,15.));
#9426=CARTESIAN_POINT('',(-94.8,-0.160087462384468,15.));
#9427=CARTESIAN_POINT('',(-94.8,1.2,15.));
#9428=CARTESIAN_POINT('',(-94.8,-3.24400365002607,15.));
#9429=CARTESIAN_POINT('',(-91.2,-3.24400365002607,15.));
#9430=CARTESIAN_POINT('',(-82.7586206896552,-3.,15.));
#9431=CARTESIAN_POINT('',(-94.8,1.2,9.));
#9432=CARTESIAN_POINT('',(-94.8,-4.85169880461284,9.));
#9433=CARTESIAN_POINT('',(-94.8,-3.60936738812075,9.));
#9434=CARTESIAN_POINT('',(-91.2,-3.60936738812074,9.));
#9435=CARTESIAN_POINT('',(-103.05,-0.621997791880605,9.00000000000001));
#9436=CARTESIAN_POINT('',(-93.6,-0.621997791880605,9.));
#9437=CARTESIAN_POINT('',(-93.6,1.2,9.));
#9438=CARTESIAN_POINT('',(-93.6,-4.85169880461284,9.));
#9439=CARTESIAN_POINT('',(-91.2,-4.85169880461285,9.));
#9440=CARTESIAN_POINT('',(-103.05,15.6,9.00000000000001));
#9441=CARTESIAN_POINT('',(-94.8,1.2,-3.));
#9442=CARTESIAN_POINT('',(-94.8,-8.06708911378639,-3.));
#9443=CARTESIAN_POINT('',(-94.8,-6.82475769729429,-3.));
#9444=CARTESIAN_POINT('',(-91.2,-6.82475769729429,-3.));
#9445=CARTESIAN_POINT('',(-103.05,-0.621997791880605,-3.));
#9446=CARTESIAN_POINT('',(-93.6,-0.621997791880605,-3.));
#9447=CARTESIAN_POINT('',(-93.6,1.2,-3.));
#9448=CARTESIAN_POINT('',(-93.6,-8.06708911378639,-3.));
#9449=CARTESIAN_POINT('',(-91.2,-8.06708911378639,-3.));
#9450=CARTESIAN_POINT('',(-103.05,15.6,-3.));
#9451=CARTESIAN_POINT('',(-93.6,-12.6963118527299,-20.2764944612899));
#9452=CARTESIAN_POINT('',(-93.6,-0.621997791880605,7.2));
#9453=CARTESIAN_POINT('',(-93.6,1.17800220811939,7.2));
#9454=CARTESIAN_POINT('',(-93.6,1.17800220811939,2.99999999999998));
#9455=CARTESIAN_POINT('',(-93.6,1.17800220811939,4.8));
#9456=CARTESIAN_POINT('',(-93.6,-0.621997791880606,4.8));
#9457=CARTESIAN_POINT('',(-93.6,-0.621997791880606,3.));
#9458=CARTESIAN_POINT('',(-93.6,1.2,3.));
#9459=CARTESIAN_POINT('',(-93.6,-6.45939395919962,3.));
#9460=CARTESIAN_POINT('',(-93.6,-12.6963118527299,-20.2764944612899));
#9461=CARTESIAN_POINT('',(-93.6,-0.621997791880605,-4.8));
#9462=CARTESIAN_POINT('',(-93.6,1.17800220811939,-4.8));
#9463=CARTESIAN_POINT('',(-93.6,1.17800220811939,-12.));
#9464=CARTESIAN_POINT('',(-93.6,1.17800220811939,-10.2));
#9465=CARTESIAN_POINT('',(-93.6,-0.621997791880606,-10.2));
#9466=CARTESIAN_POINT('',(-93.6,-0.621997791880606,-12.));
#9467=CARTESIAN_POINT('',(-93.6,1.2,-12.));
#9468=CARTESIAN_POINT('',(-93.6,-10.4786318456665,-12.));
#9469=CARTESIAN_POINT('',(-93.6,-12.6963118527299,-20.2764944612899));
#9470=CARTESIAN_POINT('',(-93.6,-12.0863270002533,-18.));
#9471=CARTESIAN_POINT('',(-93.6,1.2,-18.));
#9472=CARTESIAN_POINT('',(-93.6,10.8,-18.));
#9473=CARTESIAN_POINT('',(-93.6,10.8,-24.));
#9474=CARTESIAN_POINT('',(-93.6,1.2,-24.));
#9475=CARTESIAN_POINT('',(-100.758620689655,13.2,-18.));
#9476=CARTESIAN_POINT('',(-85.1586206896553,13.2,-18.));
#9477=CARTESIAN_POINT('',(-93.6,13.2,-18.));
#9478=CARTESIAN_POINT('',(-93.6,13.2,-24.));
#9479=CARTESIAN_POINT('',(-72.5586206896553,13.2,-24.));
#9480=CARTESIAN_POINT('',(-72.5586206896552,13.2,5.4));
#9481=CARTESIAN_POINT('',(-90.,13.2,5.4));
#9482=CARTESIAN_POINT('',(-82.7586206896552,13.2,5.4));
#9483=CARTESIAN_POINT('',(-82.7586206896553,13.2,-18.));
#9484=CARTESIAN_POINT('',(-82.7586206896553,13.2,-15.6));
#9485=CARTESIAN_POINT('',(-85.1586206896553,13.2,-15.6));
#9486=CARTESIAN_POINT('',(-77.3586206896552,13.2,10.2));
#9487=CARTESIAN_POINT('',(-77.3586206896552,13.2,6.90000000000001));
#9488=CARTESIAN_POINT('',(-90.,13.2,-24.));
#9489=CARTESIAN_POINT('',(-94.8,-12.6963118527299,-20.2764944612899));
#9490=CARTESIAN_POINT('',(-94.8,-6.45939395919962,3.));
#9491=CARTESIAN_POINT('',(-94.8,1.2,3.));
#9492=CARTESIAN_POINT('',(-94.8,-5.21706254270752,3.));
#9493=CARTESIAN_POINT('',(-94.8,-9.76624358660975,-13.977774788672));
#9494=CARTESIAN_POINT('',(-94.8,1.2,-24.));
#9495=CARTESIAN_POINT('',(-94.8,1.2,-12.));
#9496=CARTESIAN_POINT('',(-94.8,-9.23630042917444,-12.));
#9497=CARTESIAN_POINT('',(-94.8,-10.4786318456665,-12.));
#9498=CARTESIAN_POINT('',(-94.8,-9.76624358660975,-13.977774788672));
#9499=CARTESIAN_POINT('',(-94.8,-10.0344766720361,-14.9788342917539));
#9500=CARTESIAN_POINT('',(-94.8,-7.7162546889423,-15.6));
#9501=CARTESIAN_POINT('',(-94.8,-7.7162546889423,-18.));
#9502=CARTESIAN_POINT('',(-94.8,1.2,-18.));
#9503=CARTESIAN_POINT('',(-94.8,-12.0863270002533,-18.));
#9504=CARTESIAN_POINT('',(-94.8,-12.6963118527299,-20.2764944612899));
#9505=CARTESIAN_POINT('',(-94.8,1.2,-24.));
#9506=CARTESIAN_POINT('',(-94.8,-12.6963118527299,-20.2764944612899));
#9507=CARTESIAN_POINT('',(-94.8,-0.160087462384477,12.6));
#9508=CARTESIAN_POINT('',(-94.8,-2.47830944547824,13.2211657082461));
#9509=CARTESIAN_POINT('',(-94.8,-9.76624358660975,-13.977774788672));
#9510=CARTESIAN_POINT('',(-94.8,1.2,-24.));
#9511=CARTESIAN_POINT('',(-91.2,-6.45939395919962,3.));
#9512=CARTESIAN_POINT('',(-91.2,-10.9253545781566,-13.667191934549));
#9513=CARTESIAN_POINT('',(-91.2,-10.4786318456665,-12.));
#9514=CARTESIAN_POINT('',(-91.2,-12.0863270002533,-18.));
#9515=CARTESIAN_POINT('',(-91.2,-10.9253545781566,-13.667191934549));
#9516=CARTESIAN_POINT('',(-91.2,-10.9253545781566,-13.667191934549));
#9517=CARTESIAN_POINT('',(-91.2,-5.21706254270752,3.));
#9518=CARTESIAN_POINT('',(-91.2,-9.76624358660975,-13.977774788672));
#9519=CARTESIAN_POINT('',(-96.,-10.0344766720361,-14.9788342917539));
#9520=CARTESIAN_POINT('',(-91.2,-9.23630042917444,-12.));
#9521=CARTESIAN_POINT('',(-91.2,-9.76624358660975,-13.977774788672));
#9522=CARTESIAN_POINT('',(-94.8,-2.47830944547824,13.2211657082461));
#9523=CARTESIAN_POINT('',(-91.2,-9.76624358660975,-13.977774788672));
#9524=CARTESIAN_POINT('',(-90.,10.8,-18.));
#9525=CARTESIAN_POINT('',(-85.1586206896553,10.8,-18.));
#9526=CARTESIAN_POINT('',(-85.1586206896553,10.8,-15.6));
#9527=CARTESIAN_POINT('',(-82.7586206896553,10.8,-15.6));
#9528=CARTESIAN_POINT('',(-82.7586206896553,10.8,-18.));
#9529=CARTESIAN_POINT('',(-82.7586206896552,10.8,5.4));
#9530=CARTESIAN_POINT('',(-82.7586206896552,10.8,5.4));
#9531=CARTESIAN_POINT('',(-90.,10.8,-24.));
#9532=CARTESIAN_POINT('',(-82.7586206896552,14.4,5.4));
#9533=CARTESIAN_POINT('',(-82.7586206896553,-3.,-15.6));
#9534=CARTESIAN_POINT('',(-82.7586206896553,-3.,-18.));
#9535=CARTESIAN_POINT('',(-94.8,-7.7162546889423,-18.));
#9536=CARTESIAN_POINT('',(-93.6,10.8,-18.));
#9537=CARTESIAN_POINT('',(-85.1586206896553,-3.,-18.));
#9538=CARTESIAN_POINT('',(-100.758620689655,-3.,-18.));
#9539=CARTESIAN_POINT('',(-72.5586206896552,-199.2,5.4));
#9540=CARTESIAN_POINT('',(-72.5586206896552,8.4,5.4));
#9541=CARTESIAN_POINT('',(-72.5586206896552,8.4,1.88803714042262E-13));
#9542=CARTESIAN_POINT('',(-72.5586206896552,-199.2,0.600000000000008));
#9543=CARTESIAN_POINT('',(0.,8.4,5.4));
#9544=CARTESIAN_POINT('',(-82.7586206896552,8.4,5.4));
#9545=CARTESIAN_POINT('',(-82.7586206896552,7.2,5.4));
#9546=CARTESIAN_POINT('',(-82.7586206896552,14.4,5.4));
#9547=CARTESIAN_POINT('',(-85.1586206896553,-3.,-15.6));
#9548=CARTESIAN_POINT('',(-82.7586206896552,8.4,4.30689966449415E-13));
#9549=CARTESIAN_POINT('',(-82.7586206896552,7.2,5.4));
#9550=CARTESIAN_POINT('',(-77.3586206896552,8.4,10.2));
#9551=CARTESIAN_POINT('',(-77.3586206896552,8.4,12.2));
#9552=CARTESIAN_POINT('',(0.,8.4,0.));
#9553=CARTESIAN_POINT('',(-77.3586206896552,10.8,10.2));
#9554=CARTESIAN_POINT('',(-77.3586206896552,10.8,6.90000000000001));
#9555=CARTESIAN_POINT('',(-77.3586206896552,10.8,10.2));
#9556=CARTESIAN_POINT('',(-77.3586206896552,10.8,10.2));
#9557=CARTESIAN_POINT('',(-77.3586206896552,10.8,12.2));
#9558=CARTESIAN_POINT('',(0.,10.8,0.));
#9559=CARTESIAN_POINT('',(-77.3586206896552,19.2,10.2));
#9560=CARTESIAN_POINT('',(-88.65,-0.621997791880605,3.));
#9561=CARTESIAN_POINT('',(-88.65,15.6,3.));
#9562=CARTESIAN_POINT('',(-88.65,-0.621997791880605,-12.));
#9563=CARTESIAN_POINT('',(-88.65,15.6,-12.));
#9564=CARTESIAN_POINT('',(-96.,1.17800220811939,-4.8));
#9565=CARTESIAN_POINT('',(-96.,1.17800220811939,-10.2));
#9566=CARTESIAN_POINT('',(-96.,1.17800220811939,-12.));
#9567=CARTESIAN_POINT('',(-96.,1.17800220811939,7.2));
#9568=CARTESIAN_POINT('',(-96.,1.17800220811939,4.8));
#9569=CARTESIAN_POINT('',(-96.,1.17800220811939,2.99999999999998));
#9570=CARTESIAN_POINT('',(-103.05,-0.621997791880605,7.2));
#9571=CARTESIAN_POINT('',(-96.,-0.621997791880606,4.8));
#9572=CARTESIAN_POINT('',(-103.05,-0.621997791880605,-4.8));
#9573=CARTESIAN_POINT('',(-96.,-0.621997791880606,-10.2));
#9574=CARTESIAN_POINT('',(-93.6,10.8,-24.));
#9575=CARTESIAN_POINT('',(-91.2,-0.160087462384477,12.6));
#9576=CARTESIAN_POINT('',(-100.758620689655,-7.7162546889423,-15.6));
#9577=CARTESIAN_POINT('',(96.,-7.7162546889423,-15.6));
#9578=CARTESIAN_POINT('',(96.,-7.7162546889423,-18.));
#9579=CARTESIAN_POINT('',(96.,-10.0344766720361,-14.9788342917539));
#9580=CARTESIAN_POINT('',(96.,1.2,-18.));
#9581=CARTESIAN_POINT('',(96.,10.8,-18.));
#9582=CARTESIAN_POINT('',(96.,10.8,-24.));
#9583=CARTESIAN_POINT('',(96.,10.8,15.));
#9584=CARTESIAN_POINT('',(96.,-3.,15.));
#9585=CARTESIAN_POINT('',(96.,-0.160087462384468,15.));
#9586=CARTESIAN_POINT('',(96.,-0.160087462384477,12.6));
#9587=CARTESIAN_POINT('',(96.,-2.47830944547824,13.2211657082461));
#9588=CARTESIAN_POINT('',(96.,-11.537200861183,-20.5870773154129));
#9589=CARTESIAN_POINT('',(96.,1.2,-24.));
#9590=CARTESIAN_POINT('',(93.6,10.8,-24.));
#9591=CARTESIAN_POINT('',(93.6,10.8,-18.));
#9592=CARTESIAN_POINT('',(93.6,10.8,15.));
#9593=CARTESIAN_POINT('',(93.6,1.2,-18.));
#9594=CARTESIAN_POINT('',(93.6,-12.0863270002533,-18.));
#9595=CARTESIAN_POINT('',(93.6,-12.6963118527299,-20.2764944612899));
#9596=CARTESIAN_POINT('',(93.6,-3.24400365002607,15.));
#9597=CARTESIAN_POINT('',(93.6,-3.,15.));
#9598=CARTESIAN_POINT('',(93.6,1.2,-24.));
#9599=CARTESIAN_POINT('',(82.7586206896552,14.4,5.4));
#9600=CARTESIAN_POINT('',(82.7586206896552,13.2,5.4));
#9601=CARTESIAN_POINT('',(82.7586206896552,10.8,5.4));
#9602=CARTESIAN_POINT('',(82.7586206896553,13.2,-18.));
#9603=CARTESIAN_POINT('',(82.7586206896553,13.2,-15.6));
#9604=CARTESIAN_POINT('',(82.7586206896553,-3.,-15.6));
#9605=CARTESIAN_POINT('',(82.7586206896553,10.8,-15.6));
#9606=CARTESIAN_POINT('',(82.7586206896553,10.8,-18.));
#9607=CARTESIAN_POINT('',(82.7586206896553,-3.,-18.));
#9608=CARTESIAN_POINT('',(77.3586206896552,13.2,10.2));
#9609=CARTESIAN_POINT('',(77.3586206896552,13.2,6.90000000000001));
#9610=CARTESIAN_POINT('',(90.,13.2,5.4));
#9611=CARTESIAN_POINT('',(72.5586206896552,13.2,5.4));
#9612=CARTESIAN_POINT('',(72.5586206896553,13.2,-24.));
#9613=CARTESIAN_POINT('',(72.5586206896552,13.2,15.));
#9614=CARTESIAN_POINT('',(82.7586206896552,13.2,15.));
#9615=CARTESIAN_POINT('',(93.6,13.2,15.));
#9616=CARTESIAN_POINT('',(93.6,13.2,-24.));
#9617=CARTESIAN_POINT('',(93.6,13.2,-18.));
#9618=CARTESIAN_POINT('',(100.758620689655,13.2,-18.));
#9619=CARTESIAN_POINT('',(85.1586206896553,13.2,-18.));
#9620=CARTESIAN_POINT('',(85.1586206896553,13.2,-15.6));
#9621=CARTESIAN_POINT('',(90.,13.2,-24.));
#9622=CARTESIAN_POINT('',(94.8,1.2,-18.));
#9623=CARTESIAN_POINT('',(94.8,-7.7162546889423,-18.));
#9624=CARTESIAN_POINT('',(94.8,-12.0863270002533,-18.));
#9625=CARTESIAN_POINT('',(94.8,-7.7162546889423,-15.6));
#9626=CARTESIAN_POINT('',(94.8,-10.0344766720361,-14.9788342917539));
#9627=CARTESIAN_POINT('',(94.8,-2.00167223353397,15.));
#9628=CARTESIAN_POINT('',(94.8,-2.47830944547824,13.2211657082461));
#9629=CARTESIAN_POINT('',(94.8,-0.160087462384477,12.6));
#9630=CARTESIAN_POINT('',(94.8,-0.160087462384468,15.));
#9631=CARTESIAN_POINT('',(94.8,1.2,15.));
#9632=CARTESIAN_POINT('',(94.8,-3.24400365002607,15.));
#9633=CARTESIAN_POINT('',(94.8,-12.6963118527299,-20.2764944612899));
#9634=CARTESIAN_POINT('',(94.8,1.2,-24.));
#9635=CARTESIAN_POINT('',(107.4,-12.0863270002533,-18.));
#9636=CARTESIAN_POINT('',(107.4,-3.24400365002607,15.));
#9637=CARTESIAN_POINT('',(107.4,-3.16078322508085,15.3105828541231));
#9638=CARTESIAN_POINT('',(94.8,-10.0344766720361,-14.9788342917539));
#9639=CARTESIAN_POINT('',(96.,-2.47830944547824,13.2211657082461));
#9640=CARTESIAN_POINT('',(107.4,-2.00167223353397,15.));
#9641=CARTESIAN_POINT('',(93.6,10.8,-18.));
#9642=CARTESIAN_POINT('',(96.,-7.7162546889423,-18.));
#9643=CARTESIAN_POINT('',(90.,10.8,-18.));
#9644=CARTESIAN_POINT('',(85.1586206896553,10.8,-18.));
#9645=CARTESIAN_POINT('',(85.1586206896553,-3.,-18.));
#9646=CARTESIAN_POINT('',(100.758620689655,-3.,-18.));
#9647=CARTESIAN_POINT('',(94.8,-0.160087462384468,15.));
#9648=CARTESIAN_POINT('',(93.6,10.8,15.));
#9649=CARTESIAN_POINT('',(72.5586206896552,-199.2,15.));
#9650=CARTESIAN_POINT('',(72.5586206896552,8.4,15.));
#9651=CARTESIAN_POINT('',(0.,8.4,15.));
#9652=CARTESIAN_POINT('',(82.7586206896552,8.4,15.));
#9653=CARTESIAN_POINT('',(82.7586206896552,7.2,15.));
#9654=CARTESIAN_POINT('',(82.7586206896552,10.8,15.));
#9655=CARTESIAN_POINT('',(90.,10.8,15.));
#9656=CARTESIAN_POINT('',(82.7586206896552,-3.,15.));
#9657=CARTESIAN_POINT('',(72.5586206896552,-199.2,5.4));
#9658=CARTESIAN_POINT('',(72.5586206896552,8.4,5.4));
#9659=CARTESIAN_POINT('',(72.5586206896552,8.4,1.88803714042262E-13));
#9660=CARTESIAN_POINT('',(72.5586206896552,-199.2,0.600000000000008));
#9661=CARTESIAN_POINT('',(82.7586206896552,7.2,5.4));
#9662=CARTESIAN_POINT('',(82.7586206896552,8.4,5.4));
#9663=CARTESIAN_POINT('',(0.,8.4,5.4));
#9664=CARTESIAN_POINT('',(82.7586206896552,14.4,5.4));
#9665=CARTESIAN_POINT('',(85.1586206896553,10.8,-15.6));
#9666=CARTESIAN_POINT('',(82.7586206896552,10.8,5.4));
#9667=CARTESIAN_POINT('',(90.,10.8,-24.));
#9668=CARTESIAN_POINT('',(85.1586206896553,-3.,-15.6));
#9669=CARTESIAN_POINT('',(93.6,10.8,-24.));
#9670=CARTESIAN_POINT('',(82.7586206896552,8.4,4.30689966449415E-13));
#9671=CARTESIAN_POINT('',(82.7586206896552,7.2,5.4));
#9672=CARTESIAN_POINT('',(77.3586206896552,8.4,10.2));
#9673=CARTESIAN_POINT('',(77.3586206896552,8.4,12.3));
#9674=CARTESIAN_POINT('',(0.,8.4,0.));
#9675=CARTESIAN_POINT('',(77.3586206896552,10.8,10.2));
#9676=CARTESIAN_POINT('',(77.3586206896552,10.8,13.5));
#9677=CARTESIAN_POINT('',(77.3586206896552,10.8,10.2));
#9678=CARTESIAN_POINT('',(77.3586206896552,10.8,10.2));
#9679=CARTESIAN_POINT('',(77.3586206896552,10.8,12.3));
#9680=CARTESIAN_POINT('',(0.,10.8,0.));
#9681=CARTESIAN_POINT('',(77.3586206896552,19.2,10.2));
#9682=CARTESIAN_POINT('',(100.758620689655,-7.7162546889423,-15.6));
#9683=CARTESIAN_POINT('',(107.4,-0.160087462384477,12.6));
#9684=CARTESIAN_POINT('',(-78.,13.2,-24.));
#9685=CARTESIAN_POINT('',(-78.,13.2,12.));
#9686=CARTESIAN_POINT('',(-78.,13.2,-12.));
#9687=CARTESIAN_POINT('',(-78.,0.,12.));
#9688=CARTESIAN_POINT('',(-78.,15.6,12.));
#9689=CARTESIAN_POINT('',(-78.,15.6,-24.));
#9690=CARTESIAN_POINT('',(-78.,15.6,-12.));
#9691=CARTESIAN_POINT('',(-78.,0.,-12.));
#9692=CARTESIAN_POINT('',(-78.,0.,30.));
#9693=CARTESIAN_POINT('',(-90.,13.2,-24.));
#9694=CARTESIAN_POINT('',(-66.,13.2,-24.));
#9695=CARTESIAN_POINT('',(66.,13.2,-24.));
#9696=CARTESIAN_POINT('',(-66.,0.,-24.));
#9697=CARTESIAN_POINT('',(-66.,15.6,-24.));
#9698=CARTESIAN_POINT('',(-90.,15.6,-24.));
#9699=CARTESIAN_POINT('',(66.,15.6,-24.));
#9700=CARTESIAN_POINT('',(66.,0.,-24.));
#9701=CARTESIAN_POINT('',(-96.,0.,-24.));
#9702=CARTESIAN_POINT('',(78.,13.2,-24.));
#9703=CARTESIAN_POINT('',(78.,13.2,-12.));
#9704=CARTESIAN_POINT('',(78.,13.2,12.));
#9705=CARTESIAN_POINT('',(78.,0.,-12.));
#9706=CARTESIAN_POINT('',(78.,15.6,-12.));
#9707=CARTESIAN_POINT('',(78.,15.6,-24.));
#9708=CARTESIAN_POINT('',(78.,15.6,12.));
#9709=CARTESIAN_POINT('',(78.,0.,12.));
#9710=CARTESIAN_POINT('',(78.,0.,-30.));
#9711=CARTESIAN_POINT('',(-90.,15.6,24.));
#9712=CARTESIAN_POINT('',(66.,15.6,24.));
#9713=CARTESIAN_POINT('',(-66.,15.6,24.));
#9714=CARTESIAN_POINT('',(-66.,0.,24.));
#9715=CARTESIAN_POINT('',(-66.,13.2,24.));
#9716=CARTESIAN_POINT('',(-90.,13.2,24.));
#9717=CARTESIAN_POINT('',(66.,13.2,24.));
#9718=CARTESIAN_POINT('',(66.,0.,24.));
#9719=CARTESIAN_POINT('',(96.,0.,24.));
#9720=CARTESIAN_POINT('',(67.05,15.6,0.));
#9721=CARTESIAN_POINT('',(67.05,15.6,-2.4));
#9722=CARTESIAN_POINT('',(-67.05,15.6,0.));
#9723=CARTESIAN_POINT('',(-67.05,15.6,-2.4));
#9724=CARTESIAN_POINT('',(-66.,15.6,12.));
#9725=CARTESIAN_POINT('',(66.,15.6,12.));
#9726=CARTESIAN_POINT('',(66.,15.6,-12.));
#9727=CARTESIAN_POINT('',(-66.,15.6,-12.));
#9728=CARTESIAN_POINT('',(-90.,15.6,-24.));
#9729=CARTESIAN_POINT('',(-90.,13.2,19.32));
#9730=CARTESIAN_POINT('',(48.5586206896552,13.2,19.32));
#9731=CARTESIAN_POINT('',(37.7586206896551,13.2,19.32));
#9732=CARTESIAN_POINT('',(48.5586206896552,13.2,16.92));
#9733=CARTESIAN_POINT('',(48.5586206896552,13.2,16.92));
#9734=CARTESIAN_POINT('',(-90.,13.2,16.92));
#9735=CARTESIAN_POINT('',(37.7586206896552,13.2,16.92));
#9736=CARTESIAN_POINT('',(37.7586206896551,13.2,-24.0000000000002));
#9737=CARTESIAN_POINT('',(-90.,13.2,19.32));
#9738=CARTESIAN_POINT('',(-35.3586206896552,13.2,19.32));
#9739=CARTESIAN_POINT('',(-46.1586206896552,13.2,19.32));
#9740=CARTESIAN_POINT('',(-35.3586206896552,13.2,16.92));
#9741=CARTESIAN_POINT('',(-35.3586206896552,13.2,16.92));
#9742=CARTESIAN_POINT('',(-90.,13.2,16.92));
#9743=CARTESIAN_POINT('',(-46.1586206896552,13.2,16.92));
#9744=CARTESIAN_POINT('',(-46.1586206896552,13.2,-24.));
#9745=CARTESIAN_POINT('',(-90.,13.2,-16.92));
#9746=CARTESIAN_POINT('',(-35.3586206896552,13.2,-16.92));
#9747=CARTESIAN_POINT('',(-46.1586206896552,13.2,-16.92));
#9748=CARTESIAN_POINT('',(-35.3586206896552,13.2,-19.32));
#9749=CARTESIAN_POINT('',(-35.3586206896552,13.2,-19.32));
#9750=CARTESIAN_POINT('',(-90.,13.2,-19.32));
#9751=CARTESIAN_POINT('',(-46.1586206896552,13.2,-19.32));
#9752=CARTESIAN_POINT('',(-46.1586206896552,13.2,-24.));
#9753=CARTESIAN_POINT('',(-90.,13.2,-16.92));
#9754=CARTESIAN_POINT('',(48.5586206896552,13.2,-16.92));
#9755=CARTESIAN_POINT('',(37.7586206896552,13.2,-16.92));
#9756=CARTESIAN_POINT('',(48.5586206896552,13.2,-19.32));
#9757=CARTESIAN_POINT('',(48.5586206896552,13.2,-19.32));
#9758=CARTESIAN_POINT('',(-90.,13.2,-19.32));
#9759=CARTESIAN_POINT('',(37.7586206896552,13.2,-19.32));
#9760=CARTESIAN_POINT('',(37.7586206896552,13.2,-23.9999999999998));
#9761=CARTESIAN_POINT('',(-66.,13.2,-12.));
#9762=CARTESIAN_POINT('',(66.,13.2,-12.));
#9763=CARTESIAN_POINT('',(66.,13.2,12.));
#9764=CARTESIAN_POINT('',(-66.,13.2,12.));
#9765=CARTESIAN_POINT('',(67.05,13.2,0.));
#9766=CARTESIAN_POINT('',(67.05,13.2,-2.4));
#9767=CARTESIAN_POINT('',(-67.05,13.2,0.));
#9768=CARTESIAN_POINT('',(-67.05,13.2,-2.4));
#9769=CARTESIAN_POINT('',(-90.,13.2,-24.));
#9770=CARTESIAN_POINT('',(0.,7.4,-19.32));
#9771=CARTESIAN_POINT('',(32.8586206896552,7.4,-19.32));
#9772=CARTESIAN_POINT('',(45.5586206896552,7.4,-19.32));
#9773=CARTESIAN_POINT('',(45.5586206896552,7.4,0.));
#9774=CARTESIAN_POINT('',(45.5586206896552,7.4,-16.92));
#9775=CARTESIAN_POINT('',(46.1586206896552,7.4,-16.92));
#9776=CARTESIAN_POINT('',(32.8586206896552,7.4,-16.92));
#9777=CARTESIAN_POINT('',(32.8586206896551,7.4,5.7000620698562E-14));
#9778=CARTESIAN_POINT('',(0.,7.4,0.));
#9779=CARTESIAN_POINT('',(32.8586206896552,94.8,-19.32));
#9780=CARTESIAN_POINT('',(32.8586206896552,9.8,-19.32));
#9781=CARTESIAN_POINT('',(77.8086206896552,54.7499999999997,-19.32));
#9782=CARTESIAN_POINT('',(33.8586206896552,10.8,-19.32));
#9783=CARTESIAN_POINT('',(37.7586206896552,10.8,-19.32));
#9784=CARTESIAN_POINT('',(37.7586206896552,10.8,-19.32));
#9785=CARTESIAN_POINT('',(37.7586206896552,94.8,-19.32));
#9786=CARTESIAN_POINT('',(45.5586206896552,10.2,-19.32));
#9787=CARTESIAN_POINT('',(45.5586206896552,10.2,-19.32));
#9788=CARTESIAN_POINT('',(45.5586206896552,94.8,-19.32));
#9789=CARTESIAN_POINT('',(37.7586206896552,94.8,-19.32));
#9790=CARTESIAN_POINT('',(32.8586206896552,94.8,-16.92));
#9791=CARTESIAN_POINT('',(32.8586206896552,9.8,-16.92));
#9792=CARTESIAN_POINT('',(32.8586206896552,9.8,-19.32));
#9793=CARTESIAN_POINT('',(32.8586206896552,94.8,-14.52));
#9794=CARTESIAN_POINT('',(46.1586206896552,10.8,-16.92));
#9795=CARTESIAN_POINT('',(33.8586206896552,10.8,-16.92));
#9796=CARTESIAN_POINT('',(37.7586206896552,10.8,-16.92));
#9797=CARTESIAN_POINT('',(82.0086206896552,58.9499999999997,-16.92));
#9798=CARTESIAN_POINT('',(45.5586206896552,94.8,-16.92));
#9799=CARTESIAN_POINT('',(45.5586206896552,10.2,-16.92));
#9800=CARTESIAN_POINT('',(45.5586206896552,10.2,-16.92));
#9801=CARTESIAN_POINT('',(37.7586206896552,94.8,-16.92));
#9802=CARTESIAN_POINT('',(46.1586206896552,94.8,-16.92));
#9803=CARTESIAN_POINT('',(45.5586206896552,10.2,-16.92));
#9804=CARTESIAN_POINT('',(45.5586206896552,94.8,-19.32));
#9805=CARTESIAN_POINT('',(0.,7.4,-19.32));
#9806=CARTESIAN_POINT('',(-51.0586206896552,7.4,-19.32));
#9807=CARTESIAN_POINT('',(-38.3586206896552,7.4,-19.32));
#9808=CARTESIAN_POINT('',(-38.3586206896551,7.4,8.87221330885792E-14));
#9809=CARTESIAN_POINT('',(-38.3586206896552,7.4,-16.92));
#9810=CARTESIAN_POINT('',(-46.1586206896552,7.4,-16.92));
#9811=CARTESIAN_POINT('',(-51.0586206896552,7.4,-16.92));
#9812=CARTESIAN_POINT('',(-51.0586206896552,7.4,0.));
#9813=CARTESIAN_POINT('',(0.,7.4,0.));
#9814=CARTESIAN_POINT('',(-46.1586206896552,10.8,-16.92));
#9815=CARTESIAN_POINT('',(-50.0586206896552,10.8,-16.92));
#9816=CARTESIAN_POINT('',(-46.1586206896552,10.8,-16.92));
#9817=CARTESIAN_POINT('',(-6.10862068965518,54.75,-16.92));
#9818=CARTESIAN_POINT('',(-51.0586206896552,9.8,-16.92));
#9819=CARTESIAN_POINT('',(-51.0586206896552,10.8,-16.92));
#9820=CARTESIAN_POINT('',(-38.3586206896552,94.8,-16.92));
#9821=CARTESIAN_POINT('',(-38.3586206896552,10.2,-16.92));
#9822=CARTESIAN_POINT('',(-38.3586206896552,10.2,-16.92));
#9823=CARTESIAN_POINT('',(-46.1586206896552,94.8,-16.92));
#9824=CARTESIAN_POINT('',(-46.1586206896552,94.8,-16.92));
#9825=CARTESIAN_POINT('',(-51.0586206896552,94.8,-19.32));
#9826=CARTESIAN_POINT('',(-51.0586206896552,9.8,-19.32));
#9827=CARTESIAN_POINT('',(-1.90862068965519,58.95,-19.32));
#9828=CARTESIAN_POINT('',(-50.0586206896552,10.8,-19.32));
#9829=CARTESIAN_POINT('',(-37.7586206896552,10.8,-19.32));
#9830=CARTESIAN_POINT('',(-46.1586206896552,10.8,-19.32));
#9831=CARTESIAN_POINT('',(-46.1586206896552,94.8,-19.32));
#9832=CARTESIAN_POINT('',(-38.3586206896552,10.2,-19.32));
#9833=CARTESIAN_POINT('',(-38.3586206896552,10.2,-19.32));
#9834=CARTESIAN_POINT('',(-38.3586206896552,94.8,-19.32));
#9835=CARTESIAN_POINT('',(-37.7586206896552,94.8,-19.32));
#9836=CARTESIAN_POINT('',(-38.3586206896552,10.2,-16.92));
#9837=CARTESIAN_POINT('',(-38.3586206896552,10.8,-19.32));
#9838=CARTESIAN_POINT('',(-51.0586206896552,9.8,-19.32));
#9839=CARTESIAN_POINT('',(-51.0586206896552,10.8,-15.72));
#9840=CARTESIAN_POINT('',(0.,7.4,19.32));
#9841=CARTESIAN_POINT('',(-38.3586206896552,7.4,19.32));
#9842=CARTESIAN_POINT('',(-51.0586206896552,7.4,19.32));
#9843=CARTESIAN_POINT('',(-51.0586206896552,7.4,0.));
#9844=CARTESIAN_POINT('',(-51.0586206896552,7.4,16.92));
#9845=CARTESIAN_POINT('',(-46.1586206896552,7.4,16.92));
#9846=CARTESIAN_POINT('',(-38.3586206896552,7.4,16.92));
#9847=CARTESIAN_POINT('',(-38.3586206896551,7.4,-8.87221330885792E-14));
#9848=CARTESIAN_POINT('',(0.,7.4,0.));
#9849=CARTESIAN_POINT('',(-37.7586206896552,10.8,19.32));
#9850=CARTESIAN_POINT('',(-50.0586206896552,10.8,19.32));
#9851=CARTESIAN_POINT('',(-46.1586206896552,10.8,19.32));
#9852=CARTESIAN_POINT('',(-1.90862068965519,58.95,19.32));
#9853=CARTESIAN_POINT('',(-51.0586206896552,9.8,19.32));
#9854=CARTESIAN_POINT('',(-51.0586206896552,94.8,19.32));
#9855=CARTESIAN_POINT('',(-38.3586206896552,94.8,19.32));
#9856=CARTESIAN_POINT('',(-38.3586206896552,10.2,19.32));
#9857=CARTESIAN_POINT('',(-38.3586206896552,10.2,19.32));
#9858=CARTESIAN_POINT('',(-46.1586206896552,94.8,19.32));
#9859=CARTESIAN_POINT('',(-37.7586206896552,94.8,19.32));
#9860=CARTESIAN_POINT('',(-51.0586206896552,10.8,16.92));
#9861=CARTESIAN_POINT('',(-51.0586206896552,9.8,16.92));
#9862=CARTESIAN_POINT('',(-6.10862068965518,54.75,16.92));
#9863=CARTESIAN_POINT('',(-50.0586206896552,10.8,16.92));
#9864=CARTESIAN_POINT('',(-46.1586206896552,10.8,16.92));
#9865=CARTESIAN_POINT('',(-46.1586206896552,10.8,16.92));
#9866=CARTESIAN_POINT('',(-46.1586206896552,94.8,16.92));
#9867=CARTESIAN_POINT('',(-38.3586206896552,10.2,16.92));
#9868=CARTESIAN_POINT('',(-38.3586206896552,10.2,16.92));
#9869=CARTESIAN_POINT('',(-38.3586206896552,94.8,16.92));
#9870=CARTESIAN_POINT('',(-46.1586206896552,94.8,16.92));
#9871=CARTESIAN_POINT('',(-38.3586206896552,10.2,19.32));
#9872=CARTESIAN_POINT('',(-38.3586206896552,10.8,15.72));
#9873=CARTESIAN_POINT('',(-51.0586206896552,9.8,16.92));
#9874=CARTESIAN_POINT('',(-51.0586206896552,10.8,19.32));
#9875=CARTESIAN_POINT('',(0.,7.4,19.32));
#9876=CARTESIAN_POINT('',(45.5586206896552,7.4,19.32));
#9877=CARTESIAN_POINT('',(32.8586206896552,7.4,19.32));
#9878=CARTESIAN_POINT('',(32.8586206896551,7.4,-7.60008275980827E-14));
#9879=CARTESIAN_POINT('',(32.8586206896552,7.4,16.92));
#9880=CARTESIAN_POINT('',(46.1586206896552,7.4,16.92));
#9881=CARTESIAN_POINT('',(45.5586206896552,7.4,16.92));
#9882=CARTESIAN_POINT('',(45.5586206896552,7.4,0.));
#9883=CARTESIAN_POINT('',(0.,7.4,0.));
#9884=CARTESIAN_POINT('',(37.7586206896552,10.8,19.32));
#9885=CARTESIAN_POINT('',(33.8586206896552,10.8,19.32));
#9886=CARTESIAN_POINT('',(37.7586206896552,10.8,19.32));
#9887=CARTESIAN_POINT('',(77.8086206896552,54.7499999999999,19.32));
#9888=CARTESIAN_POINT('',(32.8586206896552,9.8,19.32));
#9889=CARTESIAN_POINT('',(32.8586206896552,10.8,19.32));
#9890=CARTESIAN_POINT('',(45.5586206896552,94.8,19.32));
#9891=CARTESIAN_POINT('',(45.5586206896552,10.2,19.32));
#9892=CARTESIAN_POINT('',(45.5586206896552,10.2,19.32));
#9893=CARTESIAN_POINT('',(37.7586206896552,94.8,19.32));
#9894=CARTESIAN_POINT('',(37.7586206896552,94.8,19.32));
#9895=CARTESIAN_POINT('',(32.8586206896552,94.8,16.92));
#9896=CARTESIAN_POINT('',(32.8586206896552,9.8,16.92));
#9897=CARTESIAN_POINT('',(82.0086206896552,58.9499999999999,16.92));
#9898=CARTESIAN_POINT('',(33.8586206896552,10.8,16.92));
#9899=CARTESIAN_POINT('',(46.1586206896552,10.8,16.92));
#9900=CARTESIAN_POINT('',(37.7586206896552,10.8,16.92));
#9901=CARTESIAN_POINT('',(37.7586206896552,94.8,16.92));
#9902=CARTESIAN_POINT('',(45.5586206896552,10.2,16.92));
#9903=CARTESIAN_POINT('',(45.5586206896552,10.2,16.92));
#9904=CARTESIAN_POINT('',(45.5586206896552,10.8,16.92));
#9905=CARTESIAN_POINT('',(46.1586206896552,94.8,16.92));
#9906=CARTESIAN_POINT('',(45.5586206896552,10.2,19.32));
#9907=CARTESIAN_POINT('',(45.5586206896552,10.8,15.72));
#9908=CARTESIAN_POINT('',(32.8586206896552,9.8,16.92));
#9909=CARTESIAN_POINT('',(32.8586206896552,10.8,19.32));
#9910=CARTESIAN_POINT('',(-66.,0.,12.));
#9911=CARTESIAN_POINT('',(-66.,0.,-12.));
#9912=CARTESIAN_POINT('',(66.,0.,-12.));
#9913=CARTESIAN_POINT('',(66.,0.,12.));
#9914=CARTESIAN_POINT('',(-67.05,15.6,0.));
#9915=CARTESIAN_POINT('',(67.05,15.6,0.));
#9916=CARTESIAN_POINT('',(33.8586206896552,10.8,19.32));
#9917=CARTESIAN_POINT('',(37.7586206896551,10.8,-24.0000000000002));
#9918=CARTESIAN_POINT('',(-90.,10.8,-24.));
#9919=CARTESIAN_POINT('',(37.7586206896552,94.8,14.52));
#9920=CARTESIAN_POINT('',(-50.0586206896552,10.8,19.32));
#9921=CARTESIAN_POINT('',(-46.1586206896552,10.8,-24.));
#9922=CARTESIAN_POINT('',(-90.,10.8,-24.));
#9923=CARTESIAN_POINT('',(-46.1586206896552,94.8,19.32));
#9924=CARTESIAN_POINT('',(-50.0586206896552,10.8,-16.92));
#9925=CARTESIAN_POINT('',(-46.1586206896552,10.8,-24.));
#9926=CARTESIAN_POINT('',(-90.,10.8,-24.));
#9927=CARTESIAN_POINT('',(-46.1586206896552,94.8,-19.32));
#9928=CARTESIAN_POINT('',(33.8586206896552,10.8,-16.92));
#9929=CARTESIAN_POINT('',(37.7586206896552,10.8,-23.9999999999998));
#9930=CARTESIAN_POINT('',(-90.,10.8,-24.));
#9931=CARTESIAN_POINT('',(37.7586206896552,94.8,-14.52));
#9932=CARTESIAN_POINT('',(-50.0586206896552,10.8,-24.));
#9933=CARTESIAN_POINT('',(-50.0586206896552,10.8,-24.));
#9934=CARTESIAN_POINT('',(33.8586206896552,10.8,-23.9999999999998));
#9935=CARTESIAN_POINT('',(33.8586206896551,10.8,-24.0000000000003));
#9936=CARTESIAN_POINT('',(-38.3586206896552,10.2,-19.32));
#9937=CARTESIAN_POINT('',(-38.3586206896552,10.2,15.72));
#9938=CARTESIAN_POINT('',(45.5586206896552,10.2,15.72));
#9939=CARTESIAN_POINT('',(45.5586206896552,10.2,-19.32));
#9940=MECHANICAL_DESIGN_GEOMETRIC_PRESENTATION_REPRESENTATION('',(#4621,
#4622,#4623,#4624,#4625,#4626,#4627,#4628,#4629),#9941);
#9941=(
GEOMETRIC_REPRESENTATION_CONTEXT(3)
GLOBAL_UNCERTAINTY_ASSIGNED_CONTEXT((#9942))
GLOBAL_UNIT_ASSIGNED_CONTEXT((#9948,#9944,#9943))
REPRESENTATION_CONTEXT('BARFAS TAKSI METRE SON-scale',
'TOP_LEVEL_ASSEMBLY_PART')
);
#9942=UNCERTAINTY_MEASURE_WITH_UNIT(LENGTH_MEASURE(0.0508),#9948,
'DISTANCE_ACCURACY_VALUE','Maximum Tolerance applied to model');
#9943=(
NAMED_UNIT(*)
SI_UNIT($,.STERADIAN.)
SOLID_ANGLE_UNIT()
);
#9944=(
CONVERSION_BASED_UNIT('DEGREE',#9946)
NAMED_UNIT(#9945)
PLANE_ANGLE_UNIT()
);
#9945=DIMENSIONAL_EXPONENTS(0.,0.,0.,0.,0.,0.,0.);
#9946=PLANE_ANGLE_MEASURE_WITH_UNIT(PLANE_ANGLE_MEASURE(0.0174532925),#9947);
#9947=(
NAMED_UNIT(*)
PLANE_ANGLE_UNIT()
SI_UNIT($,.RADIAN.)
);
#9948=(
LENGTH_UNIT()
NAMED_UNIT(*)
SI_UNIT(.MILLI.,.METRE.)
);
ENDSEC;
END-ISO-10303-21;
