ISO-10303-21;
HEADER;
FILE_DESCRIPTION((''),'2;1');
FILE_NAME('71918_Y08_ASM','2006-12-07T',('DaLegrand'),('FCI - CDC Division'),
'PRO/ENGINEER BY PARAMETRIC TECHNOLOGY CORPORATION, 2004490',
'PRO/ENGINEER BY PARAMETRIC TECHNOLOGY CORPORATION, 2004490','');
FILE_SCHEMA(('CONFIG_CONTROL_DESIGN'));
ENDSEC;
DATA;
#2=DIRECTION('',(0.E0,-1.E0,0.E0));
#3=VECTOR('',#2,4.14E0);
#4=CARTESIAN_POINT('',(1.E0,1.24E0,0.E0));
#5=LINE('732',#4,#3);
#6=DIRECTION('',(-1.E0,0.E0,0.E0));
#7=VECTOR('',#6,2.E0);
#8=CARTESIAN_POINT('',(1.E0,-2.9E0,0.E0));
#9=LINE('733',#8,#7);
#10=DIRECTION('',(0.E0,-1.E0,0.E0));
#11=VECTOR('',#10,4.14E0);
#12=CARTESIAN_POINT('',(-1.E0,1.24E0,0.E0));
#13=LINE('734',#12,#11);
#14=DIRECTION('',(1.E0,0.E0,0.E0));
#15=VECTOR('',#14,1.325E0);
#16=CARTESIAN_POINT('',(-2.325E0,1.24E0,0.E0));
#17=LINE('1564',#16,#15);
#18=DIRECTION('',(1.E0,0.E0,0.E0));
#19=VECTOR('',#18,1.725E0);
#20=CARTESIAN_POINT('',(-4.05E0,1.24E0,0.E0));
#21=LINE('420',#20,#19);
#22=DIRECTION('',(0.E0,-1.E0,0.E0));
#23=VECTOR('',#22,8.5E0);
#24=CARTESIAN_POINT('',(-4.05E0,1.24E0,0.E0));
#25=LINE('118',#24,#23);
#26=DIRECTION('',(1.E0,0.E0,0.E0));
#27=VECTOR('',#26,8.1E0);
#28=CARTESIAN_POINT('',(-4.05E0,-7.26E0,0.E0));
#29=LINE('29',#28,#27);
#30=DIRECTION('',(0.E0,1.E0,0.E0));
#31=VECTOR('',#30,8.5E0);
#32=CARTESIAN_POINT('',(4.05E0,-7.26E0,0.E0));
#33=LINE('119',#32,#31);
#34=DIRECTION('',(1.E0,0.E0,0.E0));
#35=VECTOR('',#34,1.725E0);
#36=CARTESIAN_POINT('',(2.325E0,1.24E0,0.E0));
#37=LINE('421',#36,#35);
#38=DIRECTION('',(1.E0,0.E0,0.E0));
#39=VECTOR('',#38,1.325E0);
#40=CARTESIAN_POINT('',(1.E0,1.24E0,0.E0));
#41=LINE('1565',#40,#39);
#42=DIRECTION('',(0.E0,-1.E0,0.E0));
#43=VECTOR('',#42,4.14E0);
#44=CARTESIAN_POINT('',(1.E0,1.24E0,4.529457840645E-1));
#45=LINE('843',#44,#43);
#46=DIRECTION('',(0.E0,-1.E0,0.E0));
#47=VECTOR('',#46,2.081178583356E0);
#48=CARTESIAN_POINT('',(1.E0,-8.188214166444E-1,3.607054215936E0));
#49=LINE('844',#48,#47);
#50=CARTESIAN_POINT('',(1.E0,2.74E0,4.15E0));
#51=DIRECTION('',(1.E0,0.E0,0.E0));
#52=DIRECTION('',(0.E0,-9.957650322863E-1,-9.193476206458E-2));
#53=AXIS2_PLACEMENT_3D('',#50,#51,#52);
#55=DIRECTION('',(0.E0,1.E0,0.E0));
#56=VECTOR('',#55,6.E-2);
#57=CARTESIAN_POINT('',(-2.3E-1,-2.96E0,3.E-2));
#58=LINE('882',#57,#56);
#59=CARTESIAN_POINT('',(-2.3E-1,1.24E0,2.03E0));
#60=DIRECTION('',(0.E0,-1.E0,0.E0));
#61=DIRECTION('',(-8.172334136917E-1,0.E0,-5.763068171954E-1));
#62=AXIS2_PLACEMENT_3D('',#59,#60,#61);
#64=DIRECTION('',(-1.E0,0.E0,0.E0));
#65=VECTOR('',#64,4.605331726166E-1);
#66=CARTESIAN_POINT('',(-1.864466827383E0,1.24E0,8.773863656093E-1));
#67=LINE('1581',#66,#65);
#68=DIRECTION('',(0.E0,0.E0,-1.E0));
#69=VECTOR('',#68,1.841668547780E-1);
#70=CARTESIAN_POINT('',(-1.E0,1.24E0,1.841668547780E-1));
#71=LINE('1577',#70,#69);
#72=CARTESIAN_POINT('',(-2.3E-1,1.24E0,2.03E0));
#73=DIRECTION('',(0.E0,-1.E0,0.E0));
#74=DIRECTION('',(6.15E-1,0.E0,-7.885271079678E-1));
#75=AXIS2_PLACEMENT_3D('',#72,#73,#74);
#77=DIRECTION('',(0.E0,0.E0,-1.E0));
#78=VECTOR('',#77,4.529457840645E-1);
#79=CARTESIAN_POINT('',(1.E0,1.24E0,4.529457840645E-1));
#80=LINE('1576',#79,#78);
#81=DIRECTION('',(-1.E0,0.E0,0.E0));
#82=VECTOR('',#81,9.205331726166E-1);
#83=CARTESIAN_POINT('',(2.325E0,1.24E0,8.773863656093E-1));
#84=LINE('1580',#83,#82);
#85=DIRECTION('',(0.E0,1.E0,0.E0));
#86=VECTOR('',#85,6.E-2);
#87=CARTESIAN_POINT('',(-2.3E-1,-2.96E0,4.03E0));
#88=LINE('881',#87,#86);
#89=DIRECTION('',(0.E0,1.E0,0.E0));
#90=VECTOR('',#89,4.14E0);
#91=CARTESIAN_POINT('',(-1.E0,-2.9E0,1.841668547780E-1));
#92=LINE('849',#91,#90);
#93=DIRECTION('',(0.E0,0.E0,1.E0));
#94=VECTOR('',#93,1.841668547780E-1);
#95=CARTESIAN_POINT('',(-1.E0,-2.9E0,0.E0));
#96=LINE('877',#95,#94);
#97=DIRECTION('',(0.E0,0.E0,1.E0));
#98=VECTOR('',#97,4.529457840645E-1);
#99=CARTESIAN_POINT('',(1.E0,-2.9E0,0.E0));
#100=LINE('875',#99,#98);
#101=CARTESIAN_POINT('',(-2.3E-1,-2.9E0,2.03E0));
#102=DIRECTION('',(0.E0,-1.E0,0.E0));
#103=DIRECTION('',(0.E0,0.E0,-1.E0));
#104=AXIS2_PLACEMENT_3D('',#101,#102,#103);
#106=CARTESIAN_POINT('',(-2.3E-1,-2.9E0,2.03E0));
#107=DIRECTION('',(0.E0,-1.E0,0.E0));
#108=DIRECTION('',(-3.85E-1,0.E0,-9.229165726110E-1));
#109=AXIS2_PLACEMENT_3D('',#106,#107,#108);
#111=CARTESIAN_POINT('',(-2.3E-1,-2.9E0,2.03E0));
#112=DIRECTION('',(0.E0,-1.E0,0.E0));
#113=DIRECTION('',(0.E0,0.E0,1.E0));
#114=AXIS2_PLACEMENT_3D('',#111,#112,#113);
#116=CARTESIAN_POINT('',(-2.3E-1,-2.9E0,2.03E0));
#117=DIRECTION('',(0.E0,-1.E0,0.E0));
#118=DIRECTION('',(6.15E-1,0.E0,7.885271079678E-1));
#119=AXIS2_PLACEMENT_3D('',#116,#117,#118);
#121=DIRECTION('',(0.E0,0.E0,1.E0));
#122=VECTOR('',#121,2.119806406320E-1);
#123=CARTESIAN_POINT('',(1.E0,-2.9E0,3.607054215936E0));
#124=LINE('876',#123,#122);
#125=DIRECTION('',(-1.E0,0.E0,0.E0));
#126=VECTOR('',#125,4.65E0);
#127=CARTESIAN_POINT('',(2.325E0,-2.9E0,7.480600546448E0));
#128=LINE('1586',#127,#126);
#129=DIRECTION('',(0.E0,0.E0,-1.E0));
#130=VECTOR('',#129,3.661565689881E0);
#131=CARTESIAN_POINT('',(-2.325E0,-2.9E0,7.480600546448E0));
#132=LINE('1583',#131,#130);
#133=DIRECTION('',(0.E0,1.E0,1.685392421503E-14));
#134=VECTOR('',#133,2.055245883769E0);
#135=CARTESIAN_POINT('',(1.E0,-2.9E0,3.819034856567E0));
#136=LINE('1551',#135,#134);
#137=DIRECTION('',(-1.E0,0.E0,0.E0));
#138=VECTOR('',#137,1.325E0);
#139=CARTESIAN_POINT('',(2.325E0,-2.9E0,3.819034856567E0));
#140=LINE('1558',#139,#138);
#141=DIRECTION('',(-3.414000033301E-14,-1.E0,-1.685392421503E-14));
#142=VECTOR('',#141,2.055245883769E0);
#143=CARTESIAN_POINT('',(-1.124066150789E0,-8.447541162307E-1,
3.819034856568E0));
#144=LINE('1570',#143,#142);
#145=DIRECTION('',(-1.E0,0.E0,0.E0));
#146=VECTOR('',#145,1.200933849211E0);
#147=CARTESIAN_POINT('',(-1.124066150789E0,-2.9E0,3.819034856567E0));
#148=LINE('1588',#147,#146);
#149=DIRECTION('',(0.E0,1.E0,1.814523227167E-14));
#150=VECTOR('',#149,7.342246214341E-1);
#151=CARTESIAN_POINT('',(-2.325E0,-2.9E0,3.819034856567E0));
#152=LINE('1584',#151,#150);
#153=CARTESIAN_POINT('',(-1.124066150789E0,-8.447541162307E-1,
3.819034856568E0));
#154=CARTESIAN_POINT('',(-1.243745223438E0,-8.392321728271E-1,
3.759225508851E0));
#155=CARTESIAN_POINT('',(-1.466661803607E0,-8.232789640984E-1,
3.618175157232E0));
#156=CARTESIAN_POINT('',(-1.754489400471E0,-7.733852052898E-1,
3.344999514278E0));
#157=CARTESIAN_POINT('',(-1.987656001474E0,-6.827002662102E-1,
3.013207757353E0));
#158=CARTESIAN_POINT('',(-2.151253868411E0,-5.348364187754E-1,
2.634154480549E0));
#159=CARTESIAN_POINT('',(-2.231094459325E0,-3.233667389904E-1,
2.241298970428E0));
#160=CARTESIAN_POINT('',(-2.234737004970E0,-6.021558748707E-2,
1.871503009429E0));
#161=CARTESIAN_POINT('',(-2.172918996306E0,2.738071316175E-1,1.510588819117E0));
#162=CARTESIAN_POINT('',(-2.046756607085E0,6.962578034511E-1,1.168010230656E0));
#163=CARTESIAN_POINT('',(-1.927075442044E0,1.046299862621E0,9.661686780140E-1));
#164=CARTESIAN_POINT('',(-1.864466827383E0,1.24E0,8.773863656093E-1));
#166=DIRECTION('',(-1.E0,0.E0,0.E0));
#167=VECTOR('',#166,1.200933849211E0);
#168=CARTESIAN_POINT('',(-1.124066150789E0,-8.447541162307E-1,
3.819034856568E0));
#169=LINE('1579',#168,#167);
#170=CARTESIAN_POINT('',(1.404466827383E0,1.24E0,8.773863656093E-1));
#171=CARTESIAN_POINT('',(1.467073747886E0,1.046305104050E0,9.661662756091E-1));
#172=CARTESIAN_POINT('',(1.586663788124E0,6.965032200110E-1,1.167910787698E0));
#173=CARTESIAN_POINT('',(1.712520695864E0,2.751920773022E-1,1.509406907391E0));
#174=CARTESIAN_POINT('',(1.774427743430E0,-5.797758284545E-2,1.868873393830E0));
#175=CARTESIAN_POINT('',(1.771467975036E0,-3.207168258577E-1,2.237111202186E0));
#176=CARTESIAN_POINT('',(1.692612410913E0,-5.328574046710E-1,2.629808428767E0));
#177=CARTESIAN_POINT('',(1.529636929185E0,-6.817243426876E-1,3.010003983385E0));
#178=CARTESIAN_POINT('',(1.295271203099E0,-7.732045130694E-1,3.344107240427E0));
#179=CARTESIAN_POINT('',(1.104306112783E0,-8.064100810693E-1,3.525702213305E0));
#180=CARTESIAN_POINT('',(1.E0,-8.188214166444E-1,3.607054215936E0));
#182=DIRECTION('',(-1.E0,0.E0,0.E0));
#183=VECTOR('',#182,1.325E0);
#184=CARTESIAN_POINT('',(2.325E0,-8.447541162307E-1,3.819034856568E0));
#185=LINE('1560',#184,#183);
#186=CARTESIAN_POINT('',(-2.325E0,2.74E0,2.538E1));
#187=DIRECTION('',(-1.E0,0.E0,0.E0));
#188=DIRECTION('',(0.E0,2.930988785010E-14,1.E0));
#189=AXIS2_PLACEMENT_3D('',#186,#187,#188);
#191=CARTESIAN_POINT('',(-2.325E0,2.34E0,2.538E1));
#192=DIRECTION('',(-1.E0,0.E0,0.E0));
#193=DIRECTION('',(0.E0,0.E0,-1.E0));
#194=AXIS2_PLACEMENT_3D('',#191,#192,#193);
#196=DIRECTION('',(0.E0,5.E-1,-8.660254037844E-1));
#197=VECTOR('',#196,2.846869114393E0);
#198=CARTESIAN_POINT('',(-2.325E0,-2.861191370763E0,7.545460974314E0));
#199=LINE('1450',#198,#197);
#200=CARTESIAN_POINT('',(-2.325E0,2.74E0,4.15E0));
#201=DIRECTION('',(1.E0,0.E0,0.E0));
#202=DIRECTION('',(0.E0,-4.183206106870E-1,9.082994366807E-1));
#203=AXIS2_PLACEMENT_3D('',#200,#201,#202);
#205=DIRECTION('',(0.E0,1.E0,0.E0));
#206=VECTOR('',#205,9.64E0);
#207=CARTESIAN_POINT('',(-2.325E0,0.E0,6.885E0));
#208=LINE('790',#207,#206);
#209=DIRECTION('',(0.E0,-1.E0,0.E0));
#210=VECTOR('',#209,5.9E0);
#211=CARTESIAN_POINT('',(-2.325E0,9.64E0,5.08E0));
#212=LINE('1324',#211,#210);
#213=DIRECTION('',(0.E0,0.E0,1.E0));
#214=VECTOR('',#213,1.E0);
#215=CARTESIAN_POINT('',(-2.325E0,3.74E0,4.08E0));
#216=LINE('1338',#215,#214);
#217=CARTESIAN_POINT('',(-2.325E0,2.74E0,4.08E0));
#218=DIRECTION('',(-1.E0,0.E0,0.E0));
#219=DIRECTION('',(0.E0,0.E0,1.E0));
#220=AXIS2_PLACEMENT_3D('',#217,#218,#219);
#222=CARTESIAN_POINT('',(-2.325E0,2.34E0,4.08E0));
#223=DIRECTION('',(-1.E0,0.E0,0.E0));
#224=DIRECTION('',(0.E0,0.E0,-1.E0));
#225=AXIS2_PLACEMENT_3D('',#222,#223,#224);
#227=CARTESIAN_POINT('',(-2.325E0,2.74E0,4.08E0));
#228=DIRECTION('',(-1.E0,0.E0,0.E0));
#229=DIRECTION('',(0.E0,1.E0,-1.181277298201E-13));
#230=AXIS2_PLACEMENT_3D('',#227,#228,#229);
#232=DIRECTION('',(0.E0,0.E0,1.E0));
#233=VECTOR('',#232,1.E0);
#234=CARTESIAN_POINT('',(-2.325E0,3.74E0,3.08E0));
#235=LINE('1322',#234,#233);
#236=DIRECTION('',(0.E0,-1.E0,0.E0));
#237=VECTOR('',#236,5.9E0);
#238=CARTESIAN_POINT('',(-2.325E0,9.64E0,3.08E0));
#239=LINE('1323',#238,#237);
#240=DIRECTION('',(0.E0,-9.396926207859E-1,-3.420201433257E-1));
#241=VECTOR('',#240,8.939093288798E0);
#242=CARTESIAN_POINT('',(-2.325E0,9.64E0,3.057349967836E0));
#243=LINE('791',#242,#241);
#244=DIRECTION('',(0.E0,0.E0,-1.E0));
#245=VECTOR('',#244,8.773863656093E-1);
#246=CARTESIAN_POINT('',(-2.325E0,1.24E0,8.773863656093E-1));
#247=LINE('1550',#246,#245);
#248=CARTESIAN_POINT('',(-2.325E0,2.74E0,4.15E0));
#249=DIRECTION('',(1.E0,0.E0,0.E0));
#250=DIRECTION('',(0.E0,-9.957650322863E-1,-9.193476206458E-2));
#251=AXIS2_PLACEMENT_3D('',#248,#249,#250);
#253=DIRECTION('',(0.E0,1.E0,1.613621421590E-14));
#254=VECTOR('',#253,1.321021262335E0);
#255=CARTESIAN_POINT('',(-2.325E0,-2.165775378566E0,3.819034856567E0));
#256=LINE('1585',#255,#254);
#257=DIRECTION('',(0.E0,5.E-1,8.660254037844E-1));
#258=VECTOR('',#257,1.456037129999E0);
#259=CARTESIAN_POINT('',(-2.325E0,-2.165775378566E0,3.819034856567E0));
#260=LINE('1451',#259,#258);
#261=DIRECTION('',(0.E0,5.E-1,-8.660254037844E-1));
#262=VECTOR('',#261,1.456037129999E0);
#263=CARTESIAN_POINT('',(-2.325E0,-2.165775378566E0,2.564096514343E1));
#264=LINE('1452',#263,#262);
#265=DIRECTION('',(0.E0,-1.E0,0.E0));
#266=VECTOR('',#265,1.321021262335E0);
#267=CARTESIAN_POINT('',(-2.325E0,-8.447541162307E-1,2.564096514343E1));
#268=LINE('1497',#267,#266);
#269=CARTESIAN_POINT('',(-2.325E0,2.74E0,2.531E1));
#270=DIRECTION('',(1.E0,0.E0,0.E0));
#271=DIRECTION('',(0.E0,-4.166666666667E-1,9.090593428863E-1));
#272=AXIS2_PLACEMENT_3D('',#269,#270,#271);
#274=DIRECTION('',(0.E0,0.E0,-1.E0));
#275=VECTOR('',#274,8.773863656093E-1);
#276=CARTESIAN_POINT('',(-2.325E0,1.24E0,2.946E1));
#277=LINE('373',#276,#275);
#278=DIRECTION('',(0.E0,9.396926207859E-1,-3.420201433257E-1));
#279=VECTOR('',#278,8.939093288798E0);
#280=CARTESIAN_POINT('',(-2.325E0,1.24E0,2.946E1));
#281=LINE('540',#280,#279);
#282=DIRECTION('',(0.E0,-1.E0,0.E0));
#283=VECTOR('',#282,9.64E0);
#284=CARTESIAN_POINT('',(-2.325E0,9.64E0,2.2575E1));
#285=LINE('541',#284,#283);
#286=CARTESIAN_POINT('',(-2.325E0,2.74E0,2.531E1));
#287=DIRECTION('',(1.E0,0.E0,0.E0));
#288=DIRECTION('',(0.E0,-8.551437207272E-1,-5.183909884449E-1));
#289=AXIS2_PLACEMENT_3D('',#286,#287,#288);
#291=DIRECTION('',(0.E0,5.E-1,8.660254037844E-1));
#292=VECTOR('',#291,2.846869114393E0);
#293=CARTESIAN_POINT('',(-2.325E0,-2.861191370763E0,2.191453902569E1));
#294=LINE('1453',#293,#292);
#295=DIRECTION('',(0.E0,-1.E0,0.E0));
#296=VECTOR('',#295,4.E-1);
#297=CARTESIAN_POINT('',(-2.325E0,2.74E0,2.438E1));
#298=LINE('689',#297,#296);
#299=DIRECTION('',(1.E0,0.E0,0.E0));
#300=VECTOR('',#299,1.725E0);
#301=CARTESIAN_POINT('',(-4.05E0,2.74E0,2.438E1));
#302=LINE('692',#301,#300);
#303=DIRECTION('',(0.E0,-1.E0,0.E0));
#304=VECTOR('',#303,4.E-1);
#305=CARTESIAN_POINT('',(2.325E0,2.74E0,2.438E1));
#306=LINE('688',#305,#304);
#307=DIRECTION('',(1.E0,-1.139203367655E-9,0.E0));
#308=VECTOR('',#307,7.25E-1);
#309=CARTESIAN_POINT('',(2.325E0,2.74E0,2.438E1));
#310=LINE('1287',#309,#308);
#311=DIRECTION('',(1.E0,0.E0,0.E0));
#312=VECTOR('',#311,1.725E0);
#313=CARTESIAN_POINT('',(-4.05E0,2.34E0,2.438E1));
#314=LINE('672',#313,#312);
#315=DIRECTION('',(1.E0,8.272787818771E-10,0.E0));
#316=VECTOR('',#315,7.25E-1);
#317=CARTESIAN_POINT('',(2.325E0,2.34E0,2.438E1));
#318=LINE('1285',#317,#316);
#319=DIRECTION('',(0.E0,1.E0,0.E0));
#320=VECTOR('',#319,4.E-1);
#321=CARTESIAN_POINT('',(-2.325E0,2.34E0,2.638E1));
#322=LINE('687',#321,#320);
#323=DIRECTION('',(1.E0,0.E0,0.E0));
#324=VECTOR('',#323,1.725E0);
#325=CARTESIAN_POINT('',(-4.05E0,2.34E0,2.638E1));
#326=LINE('666',#325,#324);
#327=DIRECTION('',(0.E0,1.E0,0.E0));
#328=VECTOR('',#327,4.E-1);
#329=CARTESIAN_POINT('',(2.325E0,2.34E0,2.638E1));
#330=LINE('686',#329,#328);
#331=DIRECTION('',(1.E0,1.139197854823E-9,0.E0));
#332=VECTOR('',#331,7.25E-1);
#333=CARTESIAN_POINT('',(2.325E0,2.34E0,2.638E1));
#334=LINE('1284',#333,#332);
#335=DIRECTION('',(1.E0,0.E0,0.E0));
#336=VECTOR('',#335,1.725E0);
#337=CARTESIAN_POINT('',(-4.05E0,2.74E0,2.638E1));
#338=LINE('690',#337,#336);
#339=DIRECTION('',(1.E0,-8.272922576876E-10,0.E0));
#340=VECTOR('',#339,7.25E-1);
#341=CARTESIAN_POINT('',(2.325E0,2.74E0,2.638E1));
#342=LINE('1286',#341,#340);
#343=CARTESIAN_POINT('',(-4.05E0,2.34E0,4.08E0));
#344=DIRECTION('',(-1.E0,0.E0,0.E0));
#345=DIRECTION('',(0.E0,0.E0,-1.E0));
#346=AXIS2_PLACEMENT_3D('',#343,#344,#345);
#348=DIRECTION('',(0.E0,1.E0,0.E0));
#349=VECTOR('',#348,4.E-1);
#350=CARTESIAN_POINT('',(-4.05E0,2.34E0,5.08E0));
#351=LINE('292',#350,#349);
#352=CARTESIAN_POINT('',(-4.05E0,2.74E0,4.08E0));
#353=DIRECTION('',(-1.E0,0.E0,0.E0));
#354=DIRECTION('',(0.E0,0.E0,1.E0));
#355=AXIS2_PLACEMENT_3D('',#352,#353,#354);
#357=DIRECTION('',(0.E0,-1.E0,0.E0));
#358=VECTOR('',#357,4.E-1);
#359=CARTESIAN_POINT('',(-4.05E0,2.74E0,3.08E0));
#360=LINE('294',#359,#358);
#361=DIRECTION('',(0.E0,1.E0,0.E0));
#362=VECTOR('',#361,4.E-1);
#363=CARTESIAN_POINT('',(-4.05E0,2.34E0,2.638E1));
#364=LINE('295',#363,#362);
#365=CARTESIAN_POINT('',(-4.05E0,2.74E0,2.538E1));
#366=DIRECTION('',(-1.E0,0.E0,0.E0));
#367=DIRECTION('',(0.E0,2.930988785010E-14,1.E0));
#368=AXIS2_PLACEMENT_3D('',#365,#366,#367);
#370=DIRECTION('',(0.E0,-1.E0,0.E0));
#371=VECTOR('',#370,4.E-1);
#372=CARTESIAN_POINT('',(-4.05E0,2.74E0,2.438E1));
#373=LINE('297',#372,#371);
#374=CARTESIAN_POINT('',(-4.05E0,2.34E0,2.538E1));
#375=DIRECTION('',(-1.E0,0.E0,0.E0));
#376=DIRECTION('',(0.E0,0.E0,-1.E0));
#377=AXIS2_PLACEMENT_3D('',#374,#375,#376);
#379=DIRECTION('',(0.E0,-1.E0,0.E0));
#380=VECTOR('',#379,1.E-1);
#381=CARTESIAN_POINT('',(-4.05E0,-7.26E0,2.763E1));
#382=LINE('31629',#381,#380);
#383=CARTESIAN_POINT('',(-4.05E0,-7.36E0,2.743E1));
#384=DIRECTION('',(1.E0,0.E0,0.E0));
#385=DIRECTION('',(0.E0,0.E0,1.E0));
#386=AXIS2_PLACEMENT_3D('',#383,#384,#385);
#388=DIRECTION('',(0.E0,1.E0,0.E0));
#389=VECTOR('',#388,1.E-1);
#390=CARTESIAN_POINT('',(-4.05E0,-7.36E0,2.723E1));
#391=LINE('31630',#390,#389);
#392=DIRECTION('',(0.E0,1.E0,0.E0));
#393=VECTOR('',#392,4.35E0);
#394=CARTESIAN_POINT('',(-4.05E0,-7.26E0,2.693E1));
#395=LINE('1436',#394,#393);
#396=DIRECTION('',(0.E0,5.E-1,-8.660254037844E-1));
#397=VECTOR('',#396,2.944486372867E0);
#398=CARTESIAN_POINT('',(-4.05E0,-2.91E0,2.693E1));
#399=LINE('1437',#398,#397);
#400=DIRECTION('',(0.E0,-5.E-1,-8.660254037844E-1));
#401=VECTOR('',#400,2.944486372867E0);
#402=CARTESIAN_POINT('',(-4.05E0,-1.437756813566E0,2.438E1));
#403=LINE('1438',#402,#401);
#404=DIRECTION('',(0.E0,1.E0,0.E0));
#405=VECTOR('',#404,4.35E0);
#406=CARTESIAN_POINT('',(-4.05E0,-7.26E0,2.183E1));
#407=LINE('1439',#406,#405);
#408=DIRECTION('',(0.E0,1.E0,0.E0));
#409=VECTOR('',#408,4.35E0);
#410=CARTESIAN_POINT('',(-4.05E0,-7.26E0,7.63E0));
#411=LINE('1432',#410,#409);
#412=DIRECTION('',(0.E0,5.E-1,-8.660254037844E-1));
#413=VECTOR('',#412,2.944486372867E0);
#414=CARTESIAN_POINT('',(-4.05E0,-2.91E0,7.63E0));
#415=LINE('1433',#414,#413);
#416=DIRECTION('',(0.E0,-5.E-1,-8.660254037844E-1));
#417=VECTOR('',#416,2.944486372867E0);
#418=CARTESIAN_POINT('',(-4.05E0,-1.437756813566E0,5.08E0));
#419=LINE('1434',#418,#417);
#420=DIRECTION('',(0.E0,1.E0,0.E0));
#421=VECTOR('',#420,4.35E0);
#422=CARTESIAN_POINT('',(-4.05E0,-7.26E0,2.53E0));
#423=LINE('1435',#422,#421);
#424=DIRECTION('',(0.E0,-1.E0,0.E0));
#425=VECTOR('',#424,1.E-1);
#426=CARTESIAN_POINT('',(-4.05E0,-7.26E0,2.23E0));
#427=LINE('31165',#426,#425);
#428=CARTESIAN_POINT('',(-4.05E0,-7.36E0,2.03E0));
#429=DIRECTION('',(1.E0,0.E0,0.E0));
#430=DIRECTION('',(0.E0,0.E0,1.E0));
#431=AXIS2_PLACEMENT_3D('',#428,#429,#430);
#433=DIRECTION('',(0.E0,1.E0,0.E0));
#434=VECTOR('',#433,1.E-1);
#435=CARTESIAN_POINT('',(-4.05E0,-7.36E0,1.83E0));
#436=LINE('31166',#435,#434);
#437=DIRECTION('',(0.E0,-9.396926207859E-1,-3.420201433257E-1));
#438=VECTOR('',#437,8.939093288798E0);
#439=CARTESIAN_POINT('',(-4.05E0,9.64E0,3.057349967836E0));
#440=LINE('106',#439,#438);
#441=DIRECTION('',(0.E0,0.E0,1.E0));
#442=VECTOR('',#441,3.827650032164E0);
#443=CARTESIAN_POINT('',(-4.05E0,9.64E0,3.057349967836E0));
#444=LINE('122',#443,#442);
#445=DIRECTION('',(0.E0,9.659258262891E-1,-2.588190451025E-1));
#446=VECTOR('',#445,2.970631364499E0);
#447=CARTESIAN_POINT('',(-4.05E0,6.770590444647E0,7.653855973111E0));
#448=LINE('105',#447,#446);
#449=CARTESIAN_POINT('',(-4.05E0,6.899999967198E0,8.136818886256E0));
#450=DIRECTION('',(1.E0,0.E0,0.E0));
#451=DIRECTION('',(0.E0,-9.999999343956E-1,3.622274886759E-4));
#452=AXIS2_PLACEMENT_3D('',#449,#450,#451);
#454=DIRECTION('',(0.E0,0.E0,-1.E0));
#455=VECTOR('',#454,1.3495E0);
#456=CARTESIAN_POINT('',(-4.05E0,6.4E0,9.4865E0));
#457=LINE('31876',#456,#455);
#458=DIRECTION('',(0.E0,-8.660067545298E-1,5.000323000655E-1));
#459=VECTOR('',#458,2.886813511469E0);
#460=CARTESIAN_POINT('',(-4.05E0,6.4E0,9.4865E0));
#461=LINE('24355',#460,#459);
#462=DIRECTION('',(0.E0,8.660067545298E-1,5.000323000655E-1));
#463=VECTOR('',#462,2.886813511469E0);
#464=CARTESIAN_POINT('',(-4.05E0,3.9E0,1.093E1));
#465=LINE('24356',#464,#463);
#466=DIRECTION('',(0.E0,0.E0,-1.E0));
#467=VECTOR('',#466,8.949681122534E0);
#468=CARTESIAN_POINT('',(-4.05E0,6.4E0,2.132318112253E1));
#469=LINE('31875',#468,#467);
#470=CARTESIAN_POINT('',(-4.05E0,6.9E0,2.132318112253E1));
#471=DIRECTION('',(1.E0,0.E0,0.E0));
#472=DIRECTION('',(0.E0,-2.588190451025E-1,9.659258262891E-1));
#473=AXIS2_PLACEMENT_3D('',#470,#471,#472);
#475=DIRECTION('',(0.E0,-9.659258262891E-1,-2.588190451025E-1));
#476=VECTOR('',#475,2.970631330539E0);
#477=CARTESIAN_POINT('',(-4.05E0,9.64E0,2.2575E1));
#478=LINE('101',#477,#476);
#479=DIRECTION('',(0.E0,0.E0,1.E0));
#480=VECTOR('',#479,3.827650032164E0);
#481=CARTESIAN_POINT('',(-4.05E0,9.64E0,2.2575E1));
#482=LINE('123',#481,#480);
#483=DIRECTION('',(0.E0,9.396926207859E-1,-3.420201433257E-1));
#484=VECTOR('',#483,8.939093288798E0);
#485=CARTESIAN_POINT('',(-4.05E0,1.24E0,2.946E1));
#486=LINE('100',#485,#484);
#487=DIRECTION('',(1.E0,0.E0,0.E0));
#488=VECTOR('',#487,1.725E0);
#489=CARTESIAN_POINT('',(-4.05E0,2.34E0,3.08E0));
#490=LINE('658',#489,#488);
#491=DIRECTION('',(1.E0,8.272787818771E-10,0.E0));
#492=VECTOR('',#491,7.25E-1);
#493=CARTESIAN_POINT('',(2.325E0,2.34E0,3.08E0));
#494=LINE('1243',#493,#492);
#495=DIRECTION('',(0.E0,1.E0,0.E0));
#496=VECTOR('',#495,4.E-1);
#497=CARTESIAN_POINT('',(-2.325E0,2.34E0,5.08E0));
#498=LINE('777',#497,#496);
#499=DIRECTION('',(1.E0,0.E0,0.E0));
#500=VECTOR('',#499,1.725E0);
#501=CARTESIAN_POINT('',(-4.05E0,2.34E0,5.08E0));
#502=LINE('660',#501,#500);
#503=DIRECTION('',(0.E0,1.E0,0.E0));
#504=VECTOR('',#503,4.E-1);
#505=CARTESIAN_POINT('',(2.325E0,2.34E0,5.08E0));
#506=LINE('776',#505,#504);
#507=DIRECTION('',(1.E0,1.139202755118E-9,0.E0));
#508=VECTOR('',#507,7.25E-1);
#509=CARTESIAN_POINT('',(2.325E0,2.34E0,5.08E0));
#510=LINE('1244',#509,#508);
#511=DIRECTION('',(1.E0,-8.272775568034E-10,0.E0));
#512=VECTOR('',#511,7.25E-1);
#513=CARTESIAN_POINT('',(2.325E0,2.74E0,5.08E0));
#514=LINE('1245',#513,#512);
#515=DIRECTION('',(1.E0,0.E0,0.E0));
#516=VECTOR('',#515,1.725E0);
#517=CARTESIAN_POINT('',(-4.05E0,2.74E0,5.08E0));
#518=LINE('780',#517,#516);
#519=DIRECTION('',(0.E0,1.E0,0.E0));
#520=VECTOR('',#519,9.64E0);
#521=CARTESIAN_POINT('',(2.325E0,0.E0,2.2575E1));
#522=LINE('544',#521,#520);
#523=DIRECTION('',(0.E0,-9.396926207859E-1,3.420201433257E-1));
#524=VECTOR('',#523,8.939093288798E0);
#525=CARTESIAN_POINT('',(2.325E0,9.64E0,2.640265003216E1));
#526=LINE('545',#525,#524);
#527=DIRECTION('',(0.E0,0.E0,-1.E0));
#528=VECTOR('',#527,8.773863656093E-1);
#529=CARTESIAN_POINT('',(2.325E0,1.24E0,2.946E1));
#530=LINE('369',#529,#528);
#531=CARTESIAN_POINT('',(2.325E0,2.74E0,2.531E1));
#532=DIRECTION('',(1.E0,0.E0,0.E0));
#533=DIRECTION('',(0.E0,-4.166666666667E-1,9.090593428863E-1));
#534=AXIS2_PLACEMENT_3D('',#531,#532,#533);
#536=DIRECTION('',(0.E0,-1.E0,0.E0));
#537=VECTOR('',#536,2.055245883769E0);
#538=CARTESIAN_POINT('',(2.325E0,-8.447541162307E-1,2.564096514343E1));
#539=LINE('316',#538,#537);
#540=DIRECTION('',(0.E0,0.E0,-1.E0));
#541=VECTOR('',#540,3.661565689881E0);
#542=CARTESIAN_POINT('',(2.325E0,-2.9E0,2.564096514343E1));
#543=LINE('1481',#542,#541);
#544=CARTESIAN_POINT('',(2.325E0,2.74E0,2.531E1));
#545=DIRECTION('',(1.E0,0.E0,0.E0));
#546=DIRECTION('',(0.E0,-8.610687022901E-1,-5.084886330455E-1));
#547=AXIS2_PLACEMENT_3D('',#544,#545,#546);
#549=CARTESIAN_POINT('',(2.325E0,2.74E0,2.538E1));
#550=DIRECTION('',(-1.E0,0.E0,0.E0));
#551=DIRECTION('',(0.E0,4.707345624411E-14,1.E0));
#552=AXIS2_PLACEMENT_3D('',#549,#550,#551);
#554=CARTESIAN_POINT('',(2.325E0,2.34E0,2.538E1));
#555=DIRECTION('',(-1.E0,0.E0,0.E0));
#556=DIRECTION('',(0.E0,0.E0,-1.E0));
#557=AXIS2_PLACEMENT_3D('',#554,#555,#556);
#559=DIRECTION('',(0.E0,0.E0,1.E0));
#560=VECTOR('',#559,1.E0);
#561=CARTESIAN_POINT('',(2.325E0,3.74E0,3.08E0));
#562=LINE('1319',#561,#560);
#563=CARTESIAN_POINT('',(2.325E0,2.74E0,4.08E0));
#564=DIRECTION('',(-1.E0,0.E0,0.E0));
#565=DIRECTION('',(0.E0,1.E0,4.707345624411E-14));
#566=AXIS2_PLACEMENT_3D('',#563,#564,#565);
#568=CARTESIAN_POINT('',(2.325E0,2.34E0,4.08E0));
#569=DIRECTION('',(-1.E0,0.E0,0.E0));
#570=DIRECTION('',(0.E0,0.E0,-1.E0));
#571=AXIS2_PLACEMENT_3D('',#568,#569,#570);
#573=CARTESIAN_POINT('',(2.325E0,2.74E0,4.08E0));
#574=DIRECTION('',(-1.E0,0.E0,0.E0));
#575=DIRECTION('',(0.E0,0.E0,1.E0));
#576=AXIS2_PLACEMENT_3D('',#573,#574,#575);
#578=DIRECTION('',(0.E0,0.E0,1.E0));
#579=VECTOR('',#578,1.E0);
#580=CARTESIAN_POINT('',(2.325E0,3.74E0,4.08E0));
#581=LINE('1337',#580,#579);
#582=DIRECTION('',(0.E0,-1.E0,0.E0));
#583=VECTOR('',#582,5.9E0);
#584=CARTESIAN_POINT('',(2.325E0,9.64E0,5.08E0));
#585=LINE('1321',#584,#583);
#586=DIRECTION('',(0.E0,-1.E0,0.E0));
#587=VECTOR('',#586,9.64E0);
#588=CARTESIAN_POINT('',(2.325E0,9.64E0,6.885E0));
#589=LINE('789',#588,#587);
#590=CARTESIAN_POINT('',(2.325E0,2.74E0,4.15E0));
#591=DIRECTION('',(1.E0,0.E0,0.E0));
#592=DIRECTION('',(0.E0,-4.183206106870E-1,9.082994366807E-1));
#593=AXIS2_PLACEMENT_3D('',#590,#591,#592);
#595=DIRECTION('',(0.E0,0.E0,-1.E0));
#596=VECTOR('',#595,3.661565689881E0);
#597=CARTESIAN_POINT('',(2.325E0,-2.9E0,7.480600546448E0));
#598=LINE('1505',#597,#596);
#599=DIRECTION('',(0.E0,1.E0,1.685392421503E-14));
#600=VECTOR('',#599,2.055245883769E0);
#601=CARTESIAN_POINT('',(2.325E0,-2.9E0,3.819034856567E0));
#602=LINE('1506',#601,#600);
#603=CARTESIAN_POINT('',(2.325E0,2.74E0,4.15E0));
#604=DIRECTION('',(1.E0,0.E0,0.E0));
#605=DIRECTION('',(0.E0,-9.957650322863E-1,-9.193476206458E-2));
#606=AXIS2_PLACEMENT_3D('',#603,#604,#605);
#608=DIRECTION('',(0.E0,0.E0,-1.E0));
#609=VECTOR('',#608,8.773863656093E-1);
#610=CARTESIAN_POINT('',(2.325E0,1.24E0,8.773863656093E-1));
#611=LINE('1546',#610,#609);
#612=DIRECTION('',(0.E0,9.396926207859E-1,3.420201433257E-1));
#613=VECTOR('',#612,8.939093288798E0);
#614=CARTESIAN_POINT('',(2.325E0,1.24E0,0.E0));
#615=LINE('788',#614,#613);
#616=DIRECTION('',(0.E0,-1.E0,0.E0));
#617=VECTOR('',#616,5.9E0);
#618=CARTESIAN_POINT('',(2.325E0,9.64E0,3.08E0));
#619=LINE('1320',#618,#617);
#620=DIRECTION('',(0.E0,0.E0,-1.E0));
#621=VECTOR('',#620,3.827650032164E0);
#622=CARTESIAN_POINT('',(-2.325E0,9.64E0,2.640265003216E1));
#623=LINE('477',#622,#621);
#624=DIRECTION('',(-1.E0,0.E0,0.E0));
#625=VECTOR('',#624,1.725E0);
#626=CARTESIAN_POINT('',(-2.325E0,9.64E0,2.640265003216E1));
#627=LINE('509',#626,#625);
#628=DIRECTION('',(-1.E0,0.E0,0.E0));
#629=VECTOR('',#628,8.5E-1);
#630=CARTESIAN_POINT('',(-3.2E0,9.64E0,2.2575E1));
#631=LINE('164',#630,#629);
#632=DIRECTION('',(1.E0,0.E0,0.E0));
#633=VECTOR('',#632,8.75E-1);
#634=CARTESIAN_POINT('',(-3.2E0,9.64E0,2.2575E1));
#635=LINE('510',#634,#633);
#636=DIRECTION('',(0.E0,0.E0,-1.E0));
#637=VECTOR('',#636,3.827650032164E0);
#638=CARTESIAN_POINT('',(2.325E0,9.64E0,2.640265003216E1));
#639=LINE('478',#638,#637);
#640=DIRECTION('',(1.E0,0.E0,0.E0));
#641=VECTOR('',#640,8.75E-1);
#642=CARTESIAN_POINT('',(2.325E0,9.64E0,2.2575E1));
#643=LINE('511',#642,#641);
#644=DIRECTION('',(-1.E0,0.E0,0.E0));
#645=VECTOR('',#644,8.5E-1);
#646=CARTESIAN_POINT('',(4.05E0,9.64E0,2.2575E1));
#647=LINE('163',#646,#645);
#648=DIRECTION('',(0.E0,0.E0,1.E0));
#649=VECTOR('',#648,3.827650032164E0);
#650=CARTESIAN_POINT('',(4.05E0,9.64E0,2.2575E1));
#651=LINE('125',#650,#649);
#652=DIRECTION('',(-1.E0,0.E0,0.E0));
#653=VECTOR('',#652,1.725E0);
#654=CARTESIAN_POINT('',(4.05E0,9.64E0,2.640265003216E1));
#655=LINE('508',#654,#653);
#656=DIRECTION('',(-1.E0,0.E0,0.E0));
#657=VECTOR('',#656,4.25E-1);
#658=CARTESIAN_POINT('',(2.75E0,9.64E0,3.08E0));
#659=LINE('1313',#658,#657);
#660=DIRECTION('',(0.E0,0.E0,1.E0));
#661=VECTOR('',#660,2.265003216390E-2);
#662=CARTESIAN_POINT('',(2.325E0,9.64E0,3.057349967836E0));
#663=LINE('1325',#662,#661);
#664=DIRECTION('',(-1.E0,0.E0,0.E0));
#665=VECTOR('',#664,1.725E0);
#666=CARTESIAN_POINT('',(4.05E0,9.64E0,3.057349967836E0));
#667=LINE('758',#666,#665);
#668=DIRECTION('',(0.E0,0.E0,1.E0));
#669=VECTOR('',#668,3.827650032164E0);
#670=CARTESIAN_POINT('',(4.05E0,9.64E0,3.057349967836E0));
#671=LINE('124',#670,#669);
#672=DIRECTION('',(-1.E0,0.E0,0.E0));
#673=VECTOR('',#672,8.5E-1);
#674=CARTESIAN_POINT('',(4.05E0,9.64E0,6.885E0));
#675=LINE('165',#674,#673);
#676=DIRECTION('',(1.E0,0.E0,0.E0));
#677=VECTOR('',#676,8.75E-1);
#678=CARTESIAN_POINT('',(2.325E0,9.64E0,6.885E0));
#679=LINE('761',#678,#677);
#680=DIRECTION('',(0.E0,0.E0,1.E0));
#681=VECTOR('',#680,1.805E0);
#682=CARTESIAN_POINT('',(2.325E0,9.64E0,5.08E0));
#683=LINE('1326',#682,#681);
#684=DIRECTION('',(1.E0,0.E0,0.E0));
#685=VECTOR('',#684,4.25E-1);
#686=CARTESIAN_POINT('',(2.325E0,9.64E0,5.08E0));
#687=LINE('1317',#686,#685);
#688=DIRECTION('',(0.E0,0.E0,-1.E0));
#689=VECTOR('',#688,2.E0);
#690=CARTESIAN_POINT('',(2.75E0,9.64E0,5.08E0));
#691=LINE('1318',#690,#689);
#692=DIRECTION('',(-1.E0,0.E0,0.E0));
#693=VECTOR('',#692,4.25E-1);
#694=CARTESIAN_POINT('',(-2.325E0,9.64E0,3.08E0));
#695=LINE('1314',#694,#693);
#696=DIRECTION('',(0.E0,0.E0,1.E0));
#697=VECTOR('',#696,2.E0);
#698=CARTESIAN_POINT('',(-2.75E0,9.64E0,3.08E0));
#699=LINE('1315',#698,#697);
#700=DIRECTION('',(1.E0,0.E0,0.E0));
#701=VECTOR('',#700,4.25E-1);
#702=CARTESIAN_POINT('',(-2.75E0,9.64E0,5.08E0));
#703=LINE('1316',#702,#701);
#704=DIRECTION('',(0.E0,0.E0,1.E0));
#705=VECTOR('',#704,1.805E0);
#706=CARTESIAN_POINT('',(-2.325E0,9.64E0,5.08E0));
#707=LINE('1328',#706,#705);
#708=DIRECTION('',(1.E0,0.E0,0.E0));
#709=VECTOR('',#708,8.75E-1);
#710=CARTESIAN_POINT('',(-3.2E0,9.64E0,6.885E0));
#711=LINE('760',#710,#709);
#712=DIRECTION('',(-1.E0,0.E0,0.E0));
#713=VECTOR('',#712,8.5E-1);
#714=CARTESIAN_POINT('',(-3.2E0,9.64E0,6.885E0));
#715=LINE('166',#714,#713);
#716=DIRECTION('',(-1.E0,0.E0,0.E0));
#717=VECTOR('',#716,1.725E0);
#718=CARTESIAN_POINT('',(-2.325E0,9.64E0,3.057349967836E0));
#719=LINE('759',#718,#717);
#720=DIRECTION('',(0.E0,0.E0,1.E0));
#721=VECTOR('',#720,2.265003216390E-2);
#722=CARTESIAN_POINT('',(-2.325E0,9.64E0,3.057349967836E0));
#723=LINE('1327',#722,#721);
#724=DIRECTION('',(0.E0,-1.E0,0.E0));
#725=VECTOR('',#724,4.14E0);
#726=CARTESIAN_POINT('',(-1.E0,1.24E0,2.946E1));
#727=LINE('474',#726,#725);
#728=DIRECTION('',(1.E0,0.E0,0.E0));
#729=VECTOR('',#728,2.E0);
#730=CARTESIAN_POINT('',(-1.E0,-2.9E0,2.946E1));
#731=LINE('475',#730,#729);
#732=DIRECTION('',(0.E0,-1.E0,0.E0));
#733=VECTOR('',#732,4.14E0);
#734=CARTESIAN_POINT('',(1.E0,1.24E0,2.946E1));
#735=LINE('476',#734,#733);
#736=DIRECTION('',(1.E0,0.E0,0.E0));
#737=VECTOR('',#736,1.325E0);
#738=CARTESIAN_POINT('',(1.E0,1.24E0,2.946E1));
#739=LINE('527',#738,#737);
#740=DIRECTION('',(1.E0,0.E0,0.E0));
#741=VECTOR('',#740,1.725E0);
#742=CARTESIAN_POINT('',(2.325E0,1.24E0,2.946E1));
#743=LINE('359',#742,#741);
#744=DIRECTION('',(0.E0,1.E0,0.E0));
#745=VECTOR('',#744,8.5E0);
#746=CARTESIAN_POINT('',(4.05E0,-7.26E0,2.946E1));
#747=LINE('121',#746,#745);
#748=DIRECTION('',(1.E0,0.E0,0.E0));
#749=VECTOR('',#748,8.1E0);
#750=CARTESIAN_POINT('',(-4.05E0,-7.26E0,2.946E1));
#751=LINE('34',#750,#749);
#752=DIRECTION('',(0.E0,-1.E0,0.E0));
#753=VECTOR('',#752,8.5E0);
#754=CARTESIAN_POINT('',(-4.05E0,1.24E0,2.946E1));
#755=LINE('120',#754,#753);
#756=DIRECTION('',(1.E0,0.E0,0.E0));
#757=VECTOR('',#756,1.725E0);
#758=CARTESIAN_POINT('',(-4.05E0,1.24E0,2.946E1));
#759=LINE('358',#758,#757);
#760=DIRECTION('',(1.E0,0.E0,0.E0));
#761=VECTOR('',#760,1.325E0);
#762=CARTESIAN_POINT('',(-2.325E0,1.24E0,2.946E1));
#763=LINE('526',#762,#761);
#764=DIRECTION('',(0.E0,-1.E0,0.E0));
#765=VECTOR('',#764,4.14E0);
#766=CARTESIAN_POINT('',(-1.E0,1.24E0,2.927583314522E1));
#767=LINE('829',#766,#765);
#768=DIRECTION('',(0.E0,1.E0,0.E0));
#769=VECTOR('',#768,6.E-2);
#770=CARTESIAN_POINT('',(-2.3E-1,-2.96E0,2.943E1));
#771=LINE('879',#770,#769);
#772=CARTESIAN_POINT('',(-2.3E-1,1.24E0,2.743E1));
#773=DIRECTION('',(0.E0,-1.E0,0.E0));
#774=DIRECTION('',(-3.85E-1,0.E0,9.229165726110E-1));
#775=AXIS2_PLACEMENT_3D('',#772,#773,#774);
#777=DIRECTION('',(0.E0,0.E0,-1.E0));
#778=VECTOR('',#777,1.841668547780E-1);
#779=CARTESIAN_POINT('',(-1.E0,1.24E0,2.946E1));
#780=LINE('851',#779,#778);
#781=CARTESIAN_POINT('',(-2.3E-1,1.24E0,2.743E1));
#782=DIRECTION('',(0.E0,-1.E0,0.E0));
#783=DIRECTION('',(8.172334136917E-1,0.E0,5.763068171954E-1));
#784=AXIS2_PLACEMENT_3D('',#781,#782,#783);
#786=DIRECTION('',(0.E0,0.E0,-1.E0));
#787=VECTOR('',#786,4.529457840645E-1);
#788=CARTESIAN_POINT('',(1.E0,1.24E0,2.946E1));
#789=LINE('852',#788,#787);
#790=CARTESIAN_POINT('',(-1.864466827383E0,1.24E0,2.858261363439E1));
#791=CARTESIAN_POINT('',(-1.927028828258E0,1.046444077546E0,2.849389742279E1));
#792=CARTESIAN_POINT('',(-2.046559063829E0,6.968079383924E-1,2.829228661167E1));
#793=CARTESIAN_POINT('',(-2.172453671458E0,2.754713185565E-1,2.795086490383E1));
#794=CARTESIAN_POINT('',(-2.234431713445E0,-5.791744811050E-2,
2.759121832325E1));
#795=CARTESIAN_POINT('',(-2.231479154175E0,-3.208284118889E-1,
2.722274900391E1));
#796=CARTESIAN_POINT('',(-2.152431451818E0,-5.332497440451E-1,
2.682941399826E1));
#797=CARTESIAN_POINT('',(-1.988948370253E0,-6.821291291800E-1,
2.644877494623E1));
#798=CARTESIAN_POINT('',(-1.754418911864E0,-7.734798780293E-1,
2.611475184301E1));
#799=CARTESIAN_POINT('',(-1.466241347159E0,-8.233122366698E-1,
2.584152170649E1));
#800=CARTESIAN_POINT('',(-1.243484998596E0,-8.392441794947E-1,
2.570064444437E1));
#801=CARTESIAN_POINT('',(-1.124066150789E0,-8.447541162307E-1,
2.564096514343E1));
#803=DIRECTION('',(-1.E0,0.E0,0.E0));
#804=VECTOR('',#803,4.605331726166E-1);
#805=CARTESIAN_POINT('',(-1.864466827383E0,1.24E0,2.858261363439E1));
#806=LINE('856',#805,#804);
#807=CARTESIAN_POINT('',(1.E0,-8.188214166444E-1,2.585294578406E1));
#808=CARTESIAN_POINT('',(1.104207288796E0,-8.064218400894E-1,2.593422071039E1));
#809=CARTESIAN_POINT('',(1.294865753453E0,-7.732421507013E-1,2.611557108771E1));
#810=CARTESIAN_POINT('',(1.528329008175E0,-6.823529120926E-1,2.644789428997E1));
#811=CARTESIAN_POINT('',(1.691603467613E0,-5.343143604743E-1,2.682698987967E1));
#812=CARTESIAN_POINT('',(1.771243529626E0,-3.225245874792E-1,2.722006584510E1));
#813=CARTESIAN_POINT('',(1.774629911031E0,-5.925509515342E-2,2.758966932215E1));
#814=CARTESIAN_POINT('',(1.712642762172E0,2.748645251147E-1,2.795038500530E1));
#815=CARTESIAN_POINT('',(1.586475253620E0,6.970739409194E-1,2.829250497420E1));
#816=CARTESIAN_POINT('',(1.466967180576E0,1.046634804726E0,2.849398484245E1));
#817=CARTESIAN_POINT('',(1.404466827383E0,1.24E0,2.858261363439E1));
#819=DIRECTION('',(-1.E0,0.E0,0.E0));
#820=VECTOR('',#819,9.205331726166E-1);
#821=CARTESIAN_POINT('',(2.325E0,1.24E0,2.858261363439E1));
#822=LINE('855',#821,#820);
#823=DIRECTION('',(0.E0,-1.E0,0.E0));
#824=VECTOR('',#823,2.055245883769E0);
#825=CARTESIAN_POINT('',(1.E0,-8.447541162307E-1,2.564096514343E1));
#826=LINE('504',#825,#824);
#827=DIRECTION('',(-1.E0,0.E0,0.E0));
#828=VECTOR('',#827,1.325E0);
#829=CARTESIAN_POINT('',(2.325E0,-8.447541162307E-1,2.564096514343E1));
#830=LINE('522',#829,#828);
#831=DIRECTION('',(0.E0,-1.E0,0.E0));
#832=VECTOR('',#831,2.055245883769E0);
#833=CARTESIAN_POINT('',(-1.124066150789E0,-8.447541162307E-1,
2.564096514343E1));
#834=LINE('827',#833,#832);
#835=DIRECTION('',(-1.E0,0.E0,0.E0));
#836=VECTOR('',#835,1.200933849211E0);
#837=CARTESIAN_POINT('',(-1.124066150789E0,-8.447541162307E-1,
2.564096514343E1));
#838=LINE('857',#837,#836);
#839=DIRECTION('',(0.E0,1.E0,0.E0));
#840=VECTOR('',#839,7.342246214340E-1);
#841=CARTESIAN_POINT('',(-2.325E0,-2.9E0,2.564096514343E1));
#842=LINE('1495',#841,#840);
#843=DIRECTION('',(0.E0,-1.E0,0.E0));
#844=VECTOR('',#843,2.081178583356E0);
#845=CARTESIAN_POINT('',(1.E0,-8.188214166444E-1,2.585294578406E1));
#846=LINE('835',#845,#844);
#847=DIRECTION('',(0.E0,0.E0,-1.E0));
#848=VECTOR('',#847,2.119806406319E-1);
#849=CARTESIAN_POINT('',(1.E0,-2.9E0,2.585294578406E1));
#850=LINE('864',#849,#848);
#851=CARTESIAN_POINT('',(1.E0,2.74E0,2.531E1));
#852=DIRECTION('',(1.E0,0.E0,0.E0));
#853=DIRECTION('',(0.E0,-9.885615046234E-1,1.508182733512E-1));
#854=AXIS2_PLACEMENT_3D('',#851,#852,#853);
#856=DIRECTION('',(0.E0,-1.E0,0.E0));
#857=VECTOR('',#856,4.14E0);
#858=CARTESIAN_POINT('',(1.E0,1.24E0,2.900705421594E1));
#859=LINE('836',#858,#857);
#860=DIRECTION('',(0.E0,0.E0,-1.E0));
#861=VECTOR('',#860,4.529457840645E-1);
#862=CARTESIAN_POINT('',(1.E0,-2.9E0,2.946E1));
#863=LINE('863',#862,#861);
#864=DIRECTION('',(0.E0,1.E0,0.E0));
#865=VECTOR('',#864,6.E-2);
#866=CARTESIAN_POINT('',(-2.3E-1,-2.96E0,2.543E1));
#867=LINE('880',#866,#865);
#868=DIRECTION('',(0.E0,0.E0,-1.E0));
#869=VECTOR('',#868,1.841668547780E-1);
#870=CARTESIAN_POINT('',(-1.E0,-2.9E0,2.946E1));
#871=LINE('861',#870,#869);
#872=CARTESIAN_POINT('',(-2.3E-1,-2.9E0,2.743E1));
#873=DIRECTION('',(0.E0,-1.E0,0.E0));
#874=DIRECTION('',(0.E0,0.E0,1.E0));
#875=AXIS2_PLACEMENT_3D('',#872,#873,#874);
#877=CARTESIAN_POINT('',(-2.3E-1,-2.9E0,2.743E1));
#878=DIRECTION('',(0.E0,-1.E0,0.E0));
#879=DIRECTION('',(6.15E-1,0.E0,7.885271079678E-1));
#880=AXIS2_PLACEMENT_3D('',#877,#878,#879);
#882=DIRECTION('',(-1.E0,0.E0,0.E0));
#883=VECTOR('',#882,1.325E0);
#884=CARTESIAN_POINT('',(2.325E0,-2.9E0,2.564096514343E1));
#885=LINE('1487',#884,#883);
#886=CARTESIAN_POINT('',(-2.3E-1,-2.9E0,2.743E1));
#887=DIRECTION('',(0.E0,-1.E0,0.E0));
#888=DIRECTION('',(0.E0,0.E0,-1.E0));
#889=AXIS2_PLACEMENT_3D('',#886,#887,#888);
#891=CARTESIAN_POINT('',(-2.3E-1,-2.9E0,2.743E1));
#892=DIRECTION('',(0.E0,-1.E0,0.E0));
#893=DIRECTION('',(-4.470330753945E-1,0.E0,-8.945174282837E-1));
#894=AXIS2_PLACEMENT_3D('',#891,#892,#893);
#896=DIRECTION('',(-1.E0,0.E0,0.E0));
#897=VECTOR('',#896,1.200933849211E0);
#898=CARTESIAN_POINT('',(-1.124066150789E0,-2.9E0,2.564096514343E1));
#899=LINE('1500',#898,#897);
#900=DIRECTION('',(0.E0,0.E0,1.E0));
#901=VECTOR('',#900,3.661565689881E0);
#902=CARTESIAN_POINT('',(-2.325E0,-2.9E0,2.197939945355E1));
#903=LINE('1496',#902,#901);
#904=DIRECTION('',(-1.E0,0.E0,0.E0));
#905=VECTOR('',#904,4.65E0);
#906=CARTESIAN_POINT('',(2.325E0,-2.9E0,2.197939945355E1));
#907=LINE('1499',#906,#905);
#908=CARTESIAN_POINT('',(-2.325E0,-4.46E0,5.08E0));
#909=DIRECTION('',(-1.E0,0.E0,0.E0));
#910=DIRECTION('',(0.E0,0.E0,1.E0));
#911=AXIS2_PLACEMENT_3D('',#908,#909,#910);
#913=CARTESIAN_POINT('',(-2.325E0,-4.46E0,5.08E0));
#914=DIRECTION('',(-1.E0,0.E0,0.E0));
#915=DIRECTION('',(0.E0,0.E0,-1.E0));
#916=AXIS2_PLACEMENT_3D('',#913,#914,#915);
#918=CARTESIAN_POINT('',(-2.325E0,-4.46E0,2.438E1));
#919=DIRECTION('',(-1.E0,0.E0,0.E0));
#920=DIRECTION('',(0.E0,0.E0,1.E0));
#921=AXIS2_PLACEMENT_3D('',#918,#919,#920);
#923=CARTESIAN_POINT('',(-2.325E0,-4.46E0,2.438E1));
#924=DIRECTION('',(-1.E0,0.E0,0.E0));
#925=DIRECTION('',(0.E0,0.E0,-1.E0));
#926=AXIS2_PLACEMENT_3D('',#923,#924,#925);
#928=DIRECTION('',(0.E0,-1.E0,0.E0));
#929=VECTOR('',#928,4.35E0);
#930=CARTESIAN_POINT('',(-2.325E0,-2.91E0,2.53E0));
#931=LINE('1470',#930,#929);
#932=DIRECTION('',(0.E0,-5.E-1,-8.660254037844E-1));
#933=VECTOR('',#932,1.488449242868E0);
#934=CARTESIAN_POINT('',(-2.325E0,-2.165775378566E0,3.819034856567E0));
#935=LINE('1469',#934,#933);
#936=CARTESIAN_POINT('',(-2.325E0,2.74E0,4.15E0));
#937=DIRECTION('',(1.E0,0.E0,0.E0));
#938=DIRECTION('',(0.E0,-8.551437207272E-1,5.183909884449E-1));
#939=AXIS2_PLACEMENT_3D('',#936,#937,#938);
#941=DIRECTION('',(0.E0,5.E-1,-8.660254037844E-1));
#942=VECTOR('',#941,9.761725847376E-2);
#943=CARTESIAN_POINT('',(-2.325E0,-2.91E0,7.63E0));
#944=LINE('1468',#943,#942);
#945=DIRECTION('',(0.E0,1.E0,0.E0));
#946=VECTOR('',#945,4.35E0);
#947=CARTESIAN_POINT('',(-2.325E0,-7.26E0,7.63E0));
#948=LINE('1467',#947,#946);
#949=DIRECTION('',(0.E0,-1.E0,0.E0));
#950=VECTOR('',#949,4.35E0);
#951=CARTESIAN_POINT('',(-2.325E0,-2.91E0,2.183E1));
#952=LINE('1474',#951,#950);
#953=DIRECTION('',(0.E0,-5.E-1,-8.660254037844E-1));
#954=VECTOR('',#953,9.761725847377E-2);
#955=CARTESIAN_POINT('',(-2.325E0,-2.861191370763E0,2.191453902569E1));
#956=LINE('1473',#955,#954);
#957=CARTESIAN_POINT('',(-2.325E0,2.74E0,2.531E1));
#958=DIRECTION('',(1.E0,0.E0,0.E0));
#959=DIRECTION('',(0.E0,-8.610687022901E-1,-5.084886330455E-1));
#960=AXIS2_PLACEMENT_3D('',#957,#958,#959);
#962=DIRECTION('',(0.E0,5.E-1,-8.660254037844E-1));
#963=VECTOR('',#962,1.488449242868E0);
#964=CARTESIAN_POINT('',(-2.325E0,-2.91E0,2.693E1));
#965=LINE('1472',#964,#963);
#966=DIRECTION('',(0.E0,1.E0,0.E0));
#967=VECTOR('',#966,4.35E0);
#968=CARTESIAN_POINT('',(-2.325E0,-7.26E0,2.693E1));
#969=LINE('1471',#968,#967);
#970=DIRECTION('',(1.E0,0.E0,0.E0));
#971=VECTOR('',#970,6.375E0);
#972=CARTESIAN_POINT('',(-2.325E0,-4.46E0,6.355E0));
#973=LINE('1459',#972,#971);
#974=DIRECTION('',(1.E0,0.E0,0.E0));
#975=VECTOR('',#974,6.375E0);
#976=CARTESIAN_POINT('',(-2.325E0,-4.46E0,3.805E0));
#977=LINE('1460',#976,#975);
#978=CARTESIAN_POINT('',(4.05E0,-4.46E0,5.08E0));
#979=DIRECTION('',(-1.E0,0.E0,0.E0));
#980=DIRECTION('',(0.E0,0.E0,1.E0));
#981=AXIS2_PLACEMENT_3D('',#978,#979,#980);
#983=CARTESIAN_POINT('',(4.05E0,-4.46E0,5.08E0));
#984=DIRECTION('',(-1.E0,0.E0,0.E0));
#985=DIRECTION('',(0.E0,0.E0,-1.E0));
#986=AXIS2_PLACEMENT_3D('',#983,#984,#985);
#988=CARTESIAN_POINT('',(4.05E0,-4.46E0,2.438E1));
#989=DIRECTION('',(-1.E0,0.E0,0.E0));
#990=DIRECTION('',(0.E0,0.E0,1.E0));
#991=AXIS2_PLACEMENT_3D('',#988,#989,#990);
#993=CARTESIAN_POINT('',(4.05E0,-4.46E0,2.438E1));
#994=DIRECTION('',(-1.E0,0.E0,0.E0));
#995=DIRECTION('',(0.E0,0.E0,-1.E0));
#996=AXIS2_PLACEMENT_3D('',#993,#994,#995);
#998=DIRECTION('',(0.E0,1.E0,0.E0));
#999=VECTOR('',#998,1.2E1);
#1000=CARTESIAN_POINT('',(4.05E0,-7.26E0,2.2405E1));
#1001=LINE('32063',#1000,#999);
#1002=DIRECTION('',(0.E0,0.E0,-1.E0));
#1003=VECTOR('',#1002,4.E-1);
#1004=CARTESIAN_POINT('',(4.05E0,4.74E0,2.2805E1));
#1005=LINE('32075',#1004,#1003);
#1006=DIRECTION('',(0.E0,1.E0,0.E0));
#1007=VECTOR('',#1006,1.2E1);
#1008=CARTESIAN_POINT('',(4.05E0,-7.26E0,2.2805E1));
#1009=LINE('32062',#1008,#1007);
#1010=DIRECTION('',(0.E0,0.E0,1.E0));
#1011=VECTOR('',#1010,4.425E0);
#1012=CARTESIAN_POINT('',(4.05E0,-7.26E0,2.2805E1));
#1013=LINE('31879',#1012,#1011);
#1014=DIRECTION('',(0.E0,1.E0,0.E0));
#1015=VECTOR('',#1014,1.2E1);
#1016=CARTESIAN_POINT('',(4.05E0,-7.26E0,2.723E1));
#1017=LINE('32069',#1016,#1015);
#1018=DIRECTION('',(0.E0,0.E0,-1.E0));
#1019=VECTOR('',#1018,4.E-1);
#1020=CARTESIAN_POINT('',(4.05E0,4.74E0,2.763E1));
#1021=LINE('32074',#1020,#1019);
#1022=DIRECTION('',(0.E0,1.E0,0.E0));
#1023=VECTOR('',#1022,1.2E1);
#1024=CARTESIAN_POINT('',(4.05E0,-7.26E0,2.763E1));
#1025=LINE('32068',#1024,#1023);
#1026=DIRECTION('',(0.E0,0.E0,1.E0));
#1027=VECTOR('',#1026,1.83E0);
#1028=CARTESIAN_POINT('',(4.05E0,-7.26E0,2.763E1));
#1029=LINE('31880',#1028,#1027);
#1030=DIRECTION('',(0.E0,9.396926207859E-1,-3.420201433257E-1));
#1031=VECTOR('',#1030,8.939093288798E0);
#1032=CARTESIAN_POINT('',(4.05E0,1.24E0,2.946E1));
#1033=LINE('32081',#1032,#1031);
#1034=DIRECTION('',(0.E0,-9.659258262891E-1,-2.588190451025E-1));
#1035=VECTOR('',#1034,2.970631330539E0);
#1036=CARTESIAN_POINT('',(4.05E0,9.64E0,2.2575E1));
#1037=LINE('108',#1036,#1035);
#1038=CARTESIAN_POINT('',(4.05E0,6.9E0,2.132318112253E1));
#1039=DIRECTION('',(1.E0,0.E0,0.E0));
#1040=DIRECTION('',(0.E0,-2.588190451025E-1,9.659258262891E-1));
#1041=AXIS2_PLACEMENT_3D('',#1038,#1039,#1040);
#1043=DIRECTION('',(0.E0,0.E0,-1.E0));
#1044=VECTOR('',#1043,1.318618112253E1);
#1045=CARTESIAN_POINT('',(4.05E0,6.4E0,2.132318112253E1));
#1046=LINE('110',#1045,#1044);
#1047=CARTESIAN_POINT('',(4.05E0,6.899999967198E0,8.136818886256E0));
#1048=DIRECTION('',(1.E0,0.E0,0.E0));
#1049=DIRECTION('',(0.E0,-9.999999343956E-1,3.622274886723E-4));
#1050=AXIS2_PLACEMENT_3D('',#1047,#1048,#1049);
#1052=DIRECTION('',(0.E0,9.659258262891E-1,-2.588190451025E-1));
#1053=VECTOR('',#1052,2.970631364499E0);
#1054=CARTESIAN_POINT('',(4.05E0,6.770590444647E0,7.653855973111E0));
#1055=LINE('112',#1054,#1053);
#1056=DIRECTION('',(0.E0,-9.396926207859E-1,-3.420201433257E-1));
#1057=VECTOR('',#1056,8.939093288798E0);
#1058=CARTESIAN_POINT('',(4.05E0,9.64E0,3.057349967836E0));
#1059=LINE('32079',#1058,#1057);
#1060=DIRECTION('',(0.E0,0.E0,1.E0));
#1061=VECTOR('',#1060,1.83E0);
#1062=CARTESIAN_POINT('',(4.05E0,-7.26E0,0.E0));
#1063=LINE('31163',#1062,#1061);
#1064=DIRECTION('',(0.E0,1.E0,0.E0));
#1065=VECTOR('',#1064,1.2E1);
#1066=CARTESIAN_POINT('',(4.05E0,-7.26E0,1.83E0));
#1067=LINE('32051',#1066,#1065);
#1068=DIRECTION('',(0.E0,0.E0,-1.E0));
#1069=VECTOR('',#1068,4.E-1);
#1070=CARTESIAN_POINT('',(4.05E0,4.74E0,2.23E0));
#1071=LINE('32077',#1070,#1069);
#1072=DIRECTION('',(0.E0,1.E0,0.E0));
#1073=VECTOR('',#1072,1.2E1);
#1074=CARTESIAN_POINT('',(4.05E0,-7.26E0,2.23E0));
#1075=LINE('32050',#1074,#1073);
#1076=DIRECTION('',(0.E0,0.E0,1.E0));
#1077=VECTOR('',#1076,4.425E0);
#1078=CARTESIAN_POINT('',(4.05E0,-7.26E0,2.23E0));
#1079=LINE('31221',#1078,#1077);
#1080=DIRECTION('',(0.E0,1.E0,0.E0));
#1081=VECTOR('',#1080,1.2E1);
#1082=CARTESIAN_POINT('',(4.05E0,-7.26E0,6.655E0));
#1083=LINE('32059',#1082,#1081);
#1084=DIRECTION('',(0.E0,0.E0,-1.E0));
#1085=VECTOR('',#1084,4.E-1);
#1086=CARTESIAN_POINT('',(4.05E0,4.74E0,7.055E0));
#1087=LINE('32076',#1086,#1085);
#1088=DIRECTION('',(0.E0,1.E0,0.E0));
#1089=VECTOR('',#1088,1.2E1);
#1090=CARTESIAN_POINT('',(4.05E0,-7.26E0,7.055E0));
#1091=LINE('32058',#1090,#1089);
#1092=DIRECTION('',(0.E0,0.E0,1.E0));
#1093=VECTOR('',#1092,3.351794919243E0);
#1094=CARTESIAN_POINT('',(4.05E0,-7.26E0,7.055E0));
#1095=LINE('31222',#1094,#1093);
#1096=DIRECTION('',(0.E0,-8.660254037844E-1,-5.E-1));
#1097=VECTOR('',#1096,3.464101615138E-1);
#1098=CARTESIAN_POINT('',(4.05E0,-6.96E0,1.058E1));
#1099=LINE('17760',#1098,#1097);
#1100=DIRECTION('',(0.E0,0.E0,-1.E0));
#1101=VECTOR('',#1100,6.8E-1);
#1102=CARTESIAN_POINT('',(4.05E0,-3.156076002982E0,1.126E1));
#1103=LINE('17594',#1102,#1101);
#1104=DIRECTION('',(0.E0,1.E0,0.E0));
#1105=VECTOR('',#1104,3.803923997018E0);
#1106=CARTESIAN_POINT('',(4.05E0,-6.96E0,1.126E1));
#1107=LINE('17772',#1106,#1105);
#1108=DIRECTION('',(0.E0,8.660254037844E-1,-5.E-1));
#1109=VECTOR('',#1108,3.464101615138E-1);
#1110=CARTESIAN_POINT('',(4.05E0,-7.26E0,1.143320508076E1));
#1111=LINE('17750',#1110,#1109);
#1112=DIRECTION('',(0.E0,0.E0,1.E0));
#1113=VECTOR('',#1112,1.513589838486E0);
#1114=CARTESIAN_POINT('',(4.05E0,-7.26E0,1.143320508076E1));
#1115=LINE('24779',#1114,#1113);
#1116=DIRECTION('',(0.E0,-8.660254037844E-1,-5.E-1));
#1117=VECTOR('',#1116,3.464101615138E-1);
#1118=CARTESIAN_POINT('',(4.05E0,-6.96E0,1.312E1));
#1119=LINE('20471',#1118,#1117);
#1120=DIRECTION('',(0.E0,0.E0,-1.E0));
#1121=VECTOR('',#1120,6.8E-1);
#1122=CARTESIAN_POINT('',(4.05E0,-3.156076002982E0,1.38E1));
#1123=LINE('17903',#1122,#1121);
#1124=DIRECTION('',(0.E0,1.E0,0.E0));
#1125=VECTOR('',#1124,3.803923997018E0);
#1126=CARTESIAN_POINT('',(4.05E0,-6.96E0,1.38E1));
#1127=LINE('20484',#1126,#1125);
#1128=DIRECTION('',(0.E0,8.660254037844E-1,-5.E-1));
#1129=VECTOR('',#1128,3.464101615138E-1);
#1130=CARTESIAN_POINT('',(4.05E0,-7.26E0,1.397320508076E1));
#1131=LINE('20461',#1130,#1129);
#1132=DIRECTION('',(0.E0,0.E0,1.E0));
#1133=VECTOR('',#1132,1.513589838486E0);
#1134=CARTESIAN_POINT('',(4.05E0,-7.26E0,1.397320508076E1));
#1135=LINE('24781',#1134,#1133);
#1136=DIRECTION('',(0.E0,-8.660254037844E-1,-5.E-1));
#1137=VECTOR('',#1136,3.464101615138E-1);
#1138=CARTESIAN_POINT('',(4.05E0,-6.96E0,1.566E1));
#1139=LINE('20595',#1138,#1137);
#1140=DIRECTION('',(0.E0,0.E0,-1.E0));
#1141=VECTOR('',#1140,6.8E-1);
#1142=CARTESIAN_POINT('',(4.05E0,-3.156076002982E0,1.634E1));
#1143=LINE('18037',#1142,#1141);
#1144=DIRECTION('',(0.E0,1.E0,0.E0));
#1145=VECTOR('',#1144,3.803923997018E0);
#1146=CARTESIAN_POINT('',(4.05E0,-6.96E0,1.634E1));
#1147=LINE('20608',#1146,#1145);
#1148=DIRECTION('',(0.E0,8.660254037844E-1,-5.E-1));
#1149=VECTOR('',#1148,3.464101615138E-1);
#1150=CARTESIAN_POINT('',(4.05E0,-7.26E0,1.651320508076E1));
#1151=LINE('20585',#1150,#1149);
#1152=DIRECTION('',(0.E0,0.E0,1.E0));
#1153=VECTOR('',#1152,1.513589838486E0);
#1154=CARTESIAN_POINT('',(4.05E0,-7.26E0,1.651320508076E1));
#1155=LINE('24783',#1154,#1153);
#1156=DIRECTION('',(0.E0,-8.660254037844E-1,-5.E-1));
#1157=VECTOR('',#1156,3.464101615138E-1);
#1158=CARTESIAN_POINT('',(4.05E0,-6.96E0,1.82E1));
#1159=LINE('20719',#1158,#1157);
#1160=DIRECTION('',(0.E0,0.E0,-1.E0));
#1161=VECTOR('',#1160,6.8E-1);
#1162=CARTESIAN_POINT('',(4.05E0,-3.156076002982E0,1.888E1));
#1163=LINE('18171',#1162,#1161);
#1164=DIRECTION('',(0.E0,1.E0,0.E0));
#1165=VECTOR('',#1164,3.803923997018E0);
#1166=CARTESIAN_POINT('',(4.05E0,-6.96E0,1.888E1));
#1167=LINE('20732',#1166,#1165);
#1168=DIRECTION('',(0.E0,8.660254037844E-1,-5.E-1));
#1169=VECTOR('',#1168,3.464101615138E-1);
#1170=CARTESIAN_POINT('',(4.05E0,-7.26E0,1.905320508076E1));
#1171=LINE('20709',#1170,#1169);
#1172=DIRECTION('',(0.E0,0.E0,1.E0));
#1173=VECTOR('',#1172,3.351794919243E0);
#1174=CARTESIAN_POINT('',(4.05E0,-7.26E0,1.905320508076E1));
#1175=LINE('31877',#1174,#1173);
#1176=DIRECTION('',(1.E0,0.E0,0.E0));
#1177=VECTOR('',#1176,6.375E0);
#1178=CARTESIAN_POINT('',(-2.325E0,-4.46E0,2.5655E1));
#1179=LINE('1461',#1178,#1177);
#1180=DIRECTION('',(1.E0,0.E0,0.E0));
#1181=VECTOR('',#1180,6.375E0);
#1182=CARTESIAN_POINT('',(-2.325E0,-4.46E0,2.3105E1));
#1183=LINE('1462',#1182,#1181);
#1184=DIRECTION('',(-1.E0,0.E0,0.E0));
#1185=VECTOR('',#1184,1.E-1);
#1186=CARTESIAN_POINT('',(4.15E0,4.74E0,2.2405E1));
#1187=LINE('32033',#1186,#1185);
#1188=DIRECTION('',(0.E0,1.E0,0.E0));
#1189=VECTOR('',#1188,1.E-1);
#1190=CARTESIAN_POINT('',(-2.325E0,-7.36E0,2.2405E1));
#1191=LINE('31962',#1190,#1189);
#1192=DIRECTION('',(1.E0,0.E0,0.E0));
#1193=VECTOR('',#1192,6.475E0);
#1194=CARTESIAN_POINT('',(-2.325E0,-7.36E0,2.2405E1));
#1195=LINE('31970',#1194,#1193);
#1196=DIRECTION('',(0.E0,1.E0,0.E0));
#1197=VECTOR('',#1196,1.21E1);
#1198=CARTESIAN_POINT('',(4.15E0,-7.36E0,2.2405E1));
#1199=LINE('32061',#1198,#1197);
#1200=DIRECTION('',(-1.E0,0.E0,0.E0));
#1201=VECTOR('',#1200,1.E-1);
#1202=CARTESIAN_POINT('',(4.15E0,4.74E0,2.2805E1));
#1203=LINE('32031',#1202,#1201);
#1204=DIRECTION('',(0.E0,1.E0,0.E0));
#1205=VECTOR('',#1204,1.E-1);
#1206=CARTESIAN_POINT('',(-2.325E0,-7.36E0,2.2805E1));
#1207=LINE('31960',#1206,#1205);
#1208=CARTESIAN_POINT('',(4.15E0,4.74E0,2.2605E1));
#1209=DIRECTION('',(0.E0,1.E0,0.E0));
#1210=DIRECTION('',(0.E0,0.E0,1.E0));
#1211=AXIS2_PLACEMENT_3D('',#1208,#1209,#1210);
#1213=CARTESIAN_POINT('',(4.15E0,-7.36E0,2.2805E1));
#1214=CARTESIAN_POINT('',(4.168411760242E0,-7.378681526927E0,2.2805E1));
#1215=CARTESIAN_POINT('',(4.203450699870E0,-7.413325500785E0,2.279979370394E1));
#1216=CARTESIAN_POINT('',(4.246105510591E0,-7.456139057363E0,2.278227466086E1));
#1217=CARTESIAN_POINT('',(4.282794690410E0,-7.492785702407E0,2.275673006679E1));
#1218=CARTESIAN_POINT('',(4.312709691144E0,-7.522712096384E0,2.272408218217E1));
#1219=CARTESIAN_POINT('',(4.336211621748E0,-7.546210988790E0,2.268362396724E1));
#1220=CARTESIAN_POINT('',(4.350646225658E0,-7.560646352249E0,2.263173426918E1));
#1221=CARTESIAN_POINT('',(4.350646225658E0,-7.560646352249E0,2.257826573082E1));
#1222=CARTESIAN_POINT('',(4.336211621748E0,-7.546210988790E0,2.252637603276E1));
#1223=CARTESIAN_POINT('',(4.312709691144E0,-7.522712096384E0,2.248591781783E1));
#1224=CARTESIAN_POINT('',(4.282794690410E0,-7.492785702407E0,2.245326993321E1));
#1225=CARTESIAN_POINT('',(4.246105510591E0,-7.456139057363E0,2.242772533914E1));
#1226=CARTESIAN_POINT('',(4.203450699870E0,-7.413325500785E0,2.241020629606E1));
#1227=CARTESIAN_POINT('',(4.168411760242E0,-7.378681526927E0,2.2405E1));
#1228=CARTESIAN_POINT('',(4.15E0,-7.36E0,2.2405E1));
#1230=DIRECTION('',(0.E0,1.E0,0.E0));
#1231=VECTOR('',#1230,1.21E1);
#1232=CARTESIAN_POINT('',(4.15E0,-7.36E0,2.2805E1));
#1233=LINE('32060',#1232,#1231);
#1234=CARTESIAN_POINT('',(-2.325E0,-7.36E0,2.2605E1));
#1235=DIRECTION('',(1.E0,0.E0,0.E0));
#1236=DIRECTION('',(0.E0,0.E0,1.E0));
#1237=AXIS2_PLACEMENT_3D('',#1234,#1235,#1236);
#1239=DIRECTION('',(1.E0,0.E0,0.E0));
#1240=VECTOR('',#1239,6.475E0);
#1241=CARTESIAN_POINT('',(-2.325E0,-7.36E0,2.2805E1));
#1242=LINE('31969',#1241,#1240);
#1243=DIRECTION('',(-1.E0,0.E0,0.E0));
#1244=VECTOR('',#1243,5.15E0);
#1245=CARTESIAN_POINT('',(3.35E0,-7.26E0,2.196E1));
#1246=LINE('8003',#1245,#1244);
#1247=DIRECTION('',(0.E0,0.E0,-1.E0));
#1248=VECTOR('',#1247,1.55E0);
#1249=CARTESIAN_POINT('',(-1.8E0,-7.26E0,2.196E1));
#1250=LINE('8004',#1249,#1248);
#1251=DIRECTION('',(1.E0,0.E0,0.E0));
#1252=VECTOR('',#1251,5.15E0);
#1253=CARTESIAN_POINT('',(-1.8E0,-7.26E0,2.041E1));
#1254=LINE('8005',#1253,#1252);
#1255=DIRECTION('',(0.E0,0.E0,1.E0));
#1256=VECTOR('',#1255,1.55E0);
#1257=CARTESIAN_POINT('',(3.35E0,-7.26E0,2.041E1));
#1258=LINE('9297',#1257,#1256);
#1259=DIRECTION('',(-1.E0,0.E0,0.E0));
#1260=VECTOR('',#1259,5.15E0);
#1261=CARTESIAN_POINT('',(3.35E0,-7.26E0,9.05E0));
#1262=LINE('8006',#1261,#1260);
#1263=DIRECTION('',(0.E0,0.E0,-1.E0));
#1264=VECTOR('',#1263,1.55E0);
#1265=CARTESIAN_POINT('',(-1.8E0,-7.26E0,9.05E0));
#1266=LINE('8007',#1265,#1264);
#1267=DIRECTION('',(1.E0,0.E0,0.E0));
#1268=VECTOR('',#1267,5.15E0);
#1269=CARTESIAN_POINT('',(-1.8E0,-7.26E0,7.5E0));
#1270=LINE('8008',#1269,#1268);
#1271=DIRECTION('',(0.E0,0.E0,1.E0));
#1272=VECTOR('',#1271,1.55E0);
#1273=CARTESIAN_POINT('',(3.35E0,-7.26E0,7.5E0));
#1274=LINE('9262',#1273,#1272);
#1275=DIRECTION('',(1.E0,0.E0,0.E0));
#1276=VECTOR('',#1275,3.214684999360E0);
#1277=CARTESIAN_POINT('',(-4.05E0,-7.26E0,1.83E0));
#1278=LINE('31147',#1277,#1276);
#1279=CARTESIAN_POINT('',(-2.3E-1,-7.26E0,2.03E0));
#1280=DIRECTION('',(0.E0,-1.E0,0.E0));
#1281=DIRECTION('',(-9.495137264944E-1,0.E0,-3.137254901961E-1));
#1282=AXIS2_PLACEMENT_3D('',#1279,#1280,#1281);
#1284=CARTESIAN_POINT('',(-2.3E-1,-7.26E0,2.03E0));
#1285=DIRECTION('',(0.E0,-1.E0,0.E0));
#1286=DIRECTION('',(0.E0,0.E0,-1.E0));
#1287=AXIS2_PLACEMENT_3D('',#1284,#1285,#1286);
#1289=DIRECTION('',(1.E0,0.E0,0.E0));
#1290=VECTOR('',#1289,3.674684999360E0);
#1291=CARTESIAN_POINT('',(3.753150006402E-1,-7.26E0,1.83E0));
#1292=LINE('31148',#1291,#1290);
#1293=DIRECTION('',(0.E0,0.E0,1.E0));
#1294=VECTOR('',#1293,1.83E0);
#1295=CARTESIAN_POINT('',(-4.05E0,-7.26E0,0.E0));
#1296=LINE('31161',#1295,#1294);
#1297=DIRECTION('',(1.E0,0.E0,0.E0));
#1298=VECTOR('',#1297,3.214684999360E0);
#1299=CARTESIAN_POINT('',(-4.05E0,-7.26E0,2.763E1));
#1300=LINE('31609',#1299,#1298);
#1301=DIRECTION('',(0.E0,0.E0,1.E0));
#1302=VECTOR('',#1301,1.83E0);
#1303=CARTESIAN_POINT('',(-4.05E0,-7.26E0,2.763E1));
#1304=LINE('31626',#1303,#1302);
#1305=DIRECTION('',(1.E0,0.E0,0.E0));
#1306=VECTOR('',#1305,3.674684999360E0);
#1307=CARTESIAN_POINT('',(3.753150006402E-1,-7.26E0,2.763E1));
#1308=LINE('31610',#1307,#1306);
#1309=CARTESIAN_POINT('',(-2.3E-1,-7.26E0,2.743E1));
#1310=DIRECTION('',(0.E0,-1.E0,0.E0));
#1311=DIRECTION('',(9.495137264944E-1,0.E0,3.137254901961E-1));
#1312=AXIS2_PLACEMENT_3D('',#1309,#1310,#1311);
#1314=CARTESIAN_POINT('',(-2.3E-1,-7.26E0,2.743E1));
#1315=DIRECTION('',(0.E0,-1.E0,0.E0));
#1316=DIRECTION('',(0.E0,0.E0,1.E0));
#1317=AXIS2_PLACEMENT_3D('',#1314,#1315,#1316);
#1319=DIRECTION('',(1.E0,0.E0,0.E0));
#1320=VECTOR('',#1319,6.375E0);
#1321=CARTESIAN_POINT('',(-2.325E0,-7.26E0,7.055E0));
#1322=LINE('31965',#1321,#1320);
#1323=DIRECTION('',(0.E0,0.E0,-1.E0));
#1324=VECTOR('',#1323,5.75E-1);
#1325=CARTESIAN_POINT('',(-2.325E0,-7.26E0,7.63E0));
#1326=LINE('31967',#1325,#1324);
#1327=DIRECTION('',(1.E0,0.E0,0.E0));
#1328=VECTOR('',#1327,1.725E0);
#1329=CARTESIAN_POINT('',(-4.05E0,-7.26E0,7.63E0));
#1330=LINE('1442',#1329,#1328);
#1331=DIRECTION('',(0.E0,0.E0,1.E0));
#1332=VECTOR('',#1331,1.42E1);
#1333=CARTESIAN_POINT('',(-4.05E0,-7.26E0,7.63E0));
#1334=LINE('1457',#1333,#1332);
#1335=DIRECTION('',(1.E0,0.E0,0.E0));
#1336=VECTOR('',#1335,1.725E0);
#1337=CARTESIAN_POINT('',(-4.05E0,-7.26E0,2.183E1));
#1338=LINE('1445',#1337,#1336);
#1339=DIRECTION('',(0.E0,0.E0,-1.E0));
#1340=VECTOR('',#1339,5.75E-1);
#1341=CARTESIAN_POINT('',(-2.325E0,-7.26E0,2.2405E1));
#1342=LINE('31974',#1341,#1340);
#1343=DIRECTION('',(1.E0,0.E0,0.E0));
#1344=VECTOR('',#1343,6.375E0);
#1345=CARTESIAN_POINT('',(-2.325E0,-7.26E0,2.2405E1));
#1346=LINE('31972',#1345,#1344);
#1347=DIRECTION('',(1.E0,0.E0,0.E0));
#1348=VECTOR('',#1347,2.455E0);
#1349=CARTESIAN_POINT('',(1.595E0,-7.26E0,1.905320508076E1));
#1350=LINE('20712',#1349,#1348);
#1351=DIRECTION('',(0.E0,0.E0,-1.E0));
#1352=VECTOR('',#1351,3.679491924313E-2);
#1353=CARTESIAN_POINT('',(1.595E0,-7.26E0,1.909E1));
#1354=LINE('20725',#1353,#1352);
#1355=DIRECTION('',(0.E0,0.E0,1.E0));
#1356=VECTOR('',#1355,3.679491924313E-2);
#1357=CARTESIAN_POINT('',(5.583471458512E-1,-7.26E0,1.905320508076E1));
#1358=LINE('20727',#1357,#1356);
#1359=DIRECTION('',(1.E0,0.E0,0.E0));
#1360=VECTOR('',#1359,1.503347145851E0);
#1361=CARTESIAN_POINT('',(-9.45E-1,-7.26E0,1.905320508076E1));
#1362=LINE('20716',#1361,#1360);
#1363=DIRECTION('',(0.E0,0.E0,-1.E0));
#1364=VECTOR('',#1363,3.679491924313E-2);
#1365=CARTESIAN_POINT('',(-9.45E-1,-7.26E0,1.909E1));
#1366=LINE('20726',#1365,#1364);
#1367=DIRECTION('',(0.E0,0.E0,-1.E0));
#1368=VECTOR('',#1367,1.1E0);
#1369=CARTESIAN_POINT('',(-2.045E0,-7.26E0,1.909E1));
#1370=LINE('12781',#1369,#1368);
#1371=DIRECTION('',(0.E0,0.E0,-1.E0));
#1372=VECTOR('',#1371,3.679491924313E-2);
#1373=CARTESIAN_POINT('',(-9.45E-1,-7.26E0,1.802679491924E1));
#1374=LINE('20729',#1373,#1372);
#1375=DIRECTION('',(-1.E0,0.E0,0.E0));
#1376=VECTOR('',#1375,1.503347145851E0);
#1377=CARTESIAN_POINT('',(5.583471458512E-1,-7.26E0,1.802679491924E1));
#1378=LINE('20724',#1377,#1376);
#1379=DIRECTION('',(0.E0,0.E0,1.E0));
#1380=VECTOR('',#1379,3.679491924313E-2);
#1381=CARTESIAN_POINT('',(5.583471458512E-1,-7.26E0,1.799E1));
#1382=LINE('20728',#1381,#1380);
#1383=DIRECTION('',(0.E0,0.E0,-1.E0));
#1384=VECTOR('',#1383,3.679491924313E-2);
#1385=CARTESIAN_POINT('',(1.595E0,-7.26E0,1.802679491924E1));
#1386=LINE('20730',#1385,#1384);
#1387=DIRECTION('',(-1.E0,0.E0,0.E0));
#1388=VECTOR('',#1387,2.455E0);
#1389=CARTESIAN_POINT('',(4.05E0,-7.26E0,1.802679491924E1));
#1390=LINE('20720',#1389,#1388);
#1391=DIRECTION('',(1.E0,0.E0,0.E0));
#1392=VECTOR('',#1391,2.455E0);
#1393=CARTESIAN_POINT('',(1.595E0,-7.26E0,1.651320508076E1));
#1394=LINE('20588',#1393,#1392);
#1395=DIRECTION('',(0.E0,0.E0,-1.E0));
#1396=VECTOR('',#1395,3.679491924312E-2);
#1397=CARTESIAN_POINT('',(1.595E0,-7.26E0,1.655E1));
#1398=LINE('20601',#1397,#1396);
#1399=DIRECTION('',(0.E0,0.E0,1.E0));
#1400=VECTOR('',#1399,3.679491924312E-2);
#1401=CARTESIAN_POINT('',(5.583471458512E-1,-7.26E0,1.651320508076E1));
#1402=LINE('20603',#1401,#1400);
#1403=DIRECTION('',(1.E0,0.E0,0.E0));
#1404=VECTOR('',#1403,1.503347145851E0);
#1405=CARTESIAN_POINT('',(-9.45E-1,-7.26E0,1.651320508076E1));
#1406=LINE('20592',#1405,#1404);
#1407=DIRECTION('',(0.E0,0.E0,-1.E0));
#1408=VECTOR('',#1407,3.679491924312E-2);
#1409=CARTESIAN_POINT('',(-9.45E-1,-7.26E0,1.655E1));
#1410=LINE('20602',#1409,#1408);
#1411=DIRECTION('',(0.E0,0.E0,-1.E0));
#1412=VECTOR('',#1411,1.1E0);
#1413=CARTESIAN_POINT('',(-2.045E0,-7.26E0,1.655E1));
#1414=LINE('12699',#1413,#1412);
#1415=DIRECTION('',(0.E0,0.E0,-1.E0));
#1416=VECTOR('',#1415,3.679491924313E-2);
#1417=CARTESIAN_POINT('',(-9.45E-1,-7.26E0,1.548679491924E1));
#1418=LINE('20605',#1417,#1416);
#1419=DIRECTION('',(-1.E0,0.E0,0.E0));
#1420=VECTOR('',#1419,1.503347145851E0);
#1421=CARTESIAN_POINT('',(5.583471458512E-1,-7.26E0,1.548679491924E1));
#1422=LINE('20600',#1421,#1420);
#1423=DIRECTION('',(0.E0,0.E0,1.E0));
#1424=VECTOR('',#1423,3.679491924313E-2);
#1425=CARTESIAN_POINT('',(5.583471458512E-1,-7.26E0,1.545E1));
#1426=LINE('20604',#1425,#1424);
#1427=DIRECTION('',(0.E0,0.E0,-1.E0));
#1428=VECTOR('',#1427,3.679491924313E-2);
#1429=CARTESIAN_POINT('',(1.595E0,-7.26E0,1.548679491924E1));
#1430=LINE('20606',#1429,#1428);
#1431=DIRECTION('',(-1.E0,0.E0,0.E0));
#1432=VECTOR('',#1431,2.455E0);
#1433=CARTESIAN_POINT('',(4.05E0,-7.26E0,1.548679491924E1));
#1434=LINE('20596',#1433,#1432);
#1435=DIRECTION('',(1.E0,0.E0,0.E0));
#1436=VECTOR('',#1435,2.455E0);
#1437=CARTESIAN_POINT('',(1.595E0,-7.26E0,1.397320508076E1));
#1438=LINE('20464',#1437,#1436);
#1439=DIRECTION('',(0.E0,0.E0,-1.E0));
#1440=VECTOR('',#1439,3.679491924313E-2);
#1441=CARTESIAN_POINT('',(1.595E0,-7.26E0,1.401E1));
#1442=LINE('20477',#1441,#1440);
#1443=DIRECTION('',(0.E0,0.E0,1.E0));
#1444=VECTOR('',#1443,3.679491924313E-2);
#1445=CARTESIAN_POINT('',(5.583471458512E-1,-7.26E0,1.397320508076E1));
#1446=LINE('20479',#1445,#1444);
#1447=DIRECTION('',(1.E0,0.E0,0.E0));
#1448=VECTOR('',#1447,1.503347145851E0);
#1449=CARTESIAN_POINT('',(-9.45E-1,-7.26E0,1.397320508076E1));
#1450=LINE('20468',#1449,#1448);
#1451=DIRECTION('',(0.E0,0.E0,-1.E0));
#1452=VECTOR('',#1451,3.679491924313E-2);
#1453=CARTESIAN_POINT('',(-9.45E-1,-7.26E0,1.401E1));
#1454=LINE('20478',#1453,#1452);
#1455=DIRECTION('',(0.E0,0.E0,-1.E0));
#1456=VECTOR('',#1455,1.1E0);
#1457=CARTESIAN_POINT('',(-2.045E0,-7.26E0,1.401E1));
#1458=LINE('12617',#1457,#1456);
#1459=DIRECTION('',(0.E0,0.E0,-1.E0));
#1460=VECTOR('',#1459,3.679491924313E-2);
#1461=CARTESIAN_POINT('',(-9.45E-1,-7.26E0,1.294679491924E1));
#1462=LINE('20481',#1461,#1460);
#1463=DIRECTION('',(-1.E0,0.E0,0.E0));
#1464=VECTOR('',#1463,1.503347145851E0);
#1465=CARTESIAN_POINT('',(5.583471458512E-1,-7.26E0,1.294679491924E1));
#1466=LINE('20476',#1465,#1464);
#1467=DIRECTION('',(0.E0,0.E0,1.E0));
#1468=VECTOR('',#1467,3.679491924313E-2);
#1469=CARTESIAN_POINT('',(5.583471458512E-1,-7.26E0,1.291E1));
#1470=LINE('20480',#1469,#1468);
#1471=DIRECTION('',(0.E0,0.E0,-1.E0));
#1472=VECTOR('',#1471,3.679491924313E-2);
#1473=CARTESIAN_POINT('',(1.595E0,-7.26E0,1.294679491924E1));
#1474=LINE('20482',#1473,#1472);
#1475=DIRECTION('',(-1.E0,0.E0,0.E0));
#1476=VECTOR('',#1475,2.455E0);
#1477=CARTESIAN_POINT('',(4.05E0,-7.26E0,1.294679491924E1));
#1478=LINE('20472',#1477,#1476);
#1479=DIRECTION('',(1.E0,0.E0,0.E0));
#1480=VECTOR('',#1479,2.455E0);
#1481=CARTESIAN_POINT('',(1.595E0,-7.26E0,1.143320508076E1));
#1482=LINE('17753',#1481,#1480);
#1483=DIRECTION('',(0.E0,0.E0,-1.E0));
#1484=VECTOR('',#1483,3.679491924313E-2);
#1485=CARTESIAN_POINT('',(1.595E0,-7.26E0,1.147E1));
#1486=LINE('17766',#1485,#1484);
#1487=DIRECTION('',(0.E0,0.E0,1.E0));
#1488=VECTOR('',#1487,3.679491924313E-2);
#1489=CARTESIAN_POINT('',(5.583471458512E-1,-7.26E0,1.143320508076E1));
#1490=LINE('17768',#1489,#1488);
#1491=DIRECTION('',(1.E0,0.E0,0.E0));
#1492=VECTOR('',#1491,1.503347145851E0);
#1493=CARTESIAN_POINT('',(-9.45E-1,-7.26E0,1.143320508076E1));
#1494=LINE('17757',#1493,#1492);
#1495=DIRECTION('',(0.E0,0.E0,-1.E0));
#1496=VECTOR('',#1495,3.679491924313E-2);
#1497=CARTESIAN_POINT('',(-9.45E-1,-7.26E0,1.147E1));
#1498=LINE('17767',#1497,#1496);
#1499=DIRECTION('',(0.E0,0.E0,-1.E0));
#1500=VECTOR('',#1499,1.1E0);
#1501=CARTESIAN_POINT('',(-2.045E0,-7.26E0,1.147E1));
#1502=LINE('1976',#1501,#1500);
#1503=DIRECTION('',(0.E0,0.E0,-1.E0));
#1504=VECTOR('',#1503,3.679491924313E-2);
#1505=CARTESIAN_POINT('',(-9.45E-1,-7.26E0,1.040679491924E1));
#1506=LINE('17770',#1505,#1504);
#1507=DIRECTION('',(-1.E0,0.E0,0.E0));
#1508=VECTOR('',#1507,1.503347145851E0);
#1509=CARTESIAN_POINT('',(5.583471458512E-1,-7.26E0,1.040679491924E1));
#1510=LINE('17765',#1509,#1508);
#1511=DIRECTION('',(0.E0,0.E0,1.E0));
#1512=VECTOR('',#1511,3.679491924313E-2);
#1513=CARTESIAN_POINT('',(5.583471458512E-1,-7.26E0,1.037E1));
#1514=LINE('17769',#1513,#1512);
#1515=DIRECTION('',(0.E0,0.E0,-1.E0));
#1516=VECTOR('',#1515,3.679491924313E-2);
#1517=CARTESIAN_POINT('',(1.595E0,-7.26E0,1.040679491924E1));
#1518=LINE('17771',#1517,#1516);
#1519=DIRECTION('',(-1.E0,0.E0,0.E0));
#1520=VECTOR('',#1519,2.455E0);
#1521=CARTESIAN_POINT('',(4.05E0,-7.26E0,1.040679491924E1));
#1522=LINE('17761',#1521,#1520);
#1523=DIRECTION('',(1.E0,0.E0,0.E0));
#1524=VECTOR('',#1523,6.375E0);
#1525=CARTESIAN_POINT('',(-2.325E0,-7.26E0,6.655E0));
#1526=LINE('31966',#1525,#1524);
#1527=DIRECTION('',(1.E0,0.E0,0.E0));
#1528=VECTOR('',#1527,3.674684999360E0);
#1529=CARTESIAN_POINT('',(3.753150006402E-1,-7.26E0,2.23E0));
#1530=LINE('31146',#1529,#1528);
#1531=CARTESIAN_POINT('',(-2.3E-1,-7.26E0,2.03E0));
#1532=DIRECTION('',(0.E0,-1.E0,0.E0));
#1533=DIRECTION('',(9.495137264944E-1,0.E0,3.137254901961E-1));
#1534=AXIS2_PLACEMENT_3D('',#1531,#1532,#1533);
#1536=CARTESIAN_POINT('',(-2.3E-1,-7.26E0,2.03E0));
#1537=DIRECTION('',(0.E0,-1.E0,0.E0));
#1538=DIRECTION('',(0.E0,0.E0,1.E0));
#1539=AXIS2_PLACEMENT_3D('',#1536,#1537,#1538);
#1541=DIRECTION('',(1.E0,0.E0,0.E0));
#1542=VECTOR('',#1541,3.214684999360E0);
#1543=CARTESIAN_POINT('',(-4.05E0,-7.26E0,2.23E0));
#1544=LINE('31145',#1543,#1542);
#1545=DIRECTION('',(0.E0,0.E0,1.E0));
#1546=VECTOR('',#1545,3.E-1);
#1547=CARTESIAN_POINT('',(-4.05E0,-7.26E0,2.23E0));
#1548=LINE('31162',#1547,#1546);
#1549=DIRECTION('',(1.E0,0.E0,0.E0));
#1550=VECTOR('',#1549,1.725E0);
#1551=CARTESIAN_POINT('',(-4.05E0,-7.26E0,2.53E0));
#1552=LINE('1443',#1551,#1550);
#1553=DIRECTION('',(0.E0,0.E0,-1.E0));
#1554=VECTOR('',#1553,4.125E0);
#1555=CARTESIAN_POINT('',(-2.325E0,-7.26E0,6.655E0));
#1556=LINE('31968',#1555,#1554);
#1557=DIRECTION('',(1.E0,0.E0,0.E0));
#1558=VECTOR('',#1557,6.375E0);
#1559=CARTESIAN_POINT('',(-2.325E0,-7.26E0,2.2805E1));
#1560=LINE('31971',#1559,#1558);
#1561=DIRECTION('',(0.E0,0.E0,-1.E0));
#1562=VECTOR('',#1561,4.125E0);
#1563=CARTESIAN_POINT('',(-2.325E0,-7.26E0,2.693E1));
#1564=LINE('31973',#1563,#1562);
#1565=DIRECTION('',(1.E0,0.E0,0.E0));
#1566=VECTOR('',#1565,1.725E0);
#1567=CARTESIAN_POINT('',(-4.05E0,-7.26E0,2.693E1));
#1568=LINE('1444',#1567,#1566);
#1569=DIRECTION('',(0.E0,0.E0,1.E0));
#1570=VECTOR('',#1569,3.E-1);
#1571=CARTESIAN_POINT('',(-4.05E0,-7.26E0,2.693E1));
#1572=LINE('31625',#1571,#1570);
#1573=DIRECTION('',(1.E0,0.E0,0.E0));
#1574=VECTOR('',#1573,3.214684999360E0);
#1575=CARTESIAN_POINT('',(-4.05E0,-7.26E0,2.723E1));
#1576=LINE('31611',#1575,#1574);
#1577=CARTESIAN_POINT('',(-2.3E-1,-7.26E0,2.743E1));
#1578=DIRECTION('',(0.E0,-1.E0,0.E0));
#1579=DIRECTION('',(-9.495137264944E-1,0.E0,-3.137254901961E-1));
#1580=AXIS2_PLACEMENT_3D('',#1577,#1578,#1579);
#1582=CARTESIAN_POINT('',(-2.3E-1,-7.26E0,2.743E1));
#1583=DIRECTION('',(0.E0,-1.E0,0.E0));
#1584=DIRECTION('',(0.E0,0.E0,-1.E0));
#1585=AXIS2_PLACEMENT_3D('',#1582,#1583,#1584);
#1587=DIRECTION('',(1.E0,0.E0,0.E0));
#1588=VECTOR('',#1587,3.674684999360E0);
#1589=CARTESIAN_POINT('',(3.753150006402E-1,-7.26E0,2.723E1));
#1590=LINE('31612',#1589,#1588);
#1591=DIRECTION('',(0.E0,1.E0,0.E0));
#1592=VECTOR('',#1591,3.8E0);
#1593=CARTESIAN_POINT('',(3.35E0,-7.26E0,2.196E1));
#1594=LINE('9298',#1593,#1592);
#1595=DIRECTION('',(0.E0,1.E0,0.E0));
#1596=VECTOR('',#1595,3.8E0);
#1597=CARTESIAN_POINT('',(3.35E0,-7.26E0,2.041E1));
#1598=LINE('9299',#1597,#1596);
#1599=DIRECTION('',(0.E0,1.E0,0.E0));
#1600=VECTOR('',#1599,3.8E0);
#1601=CARTESIAN_POINT('',(-1.8E0,-7.26E0,2.041E1));
#1602=LINE('8026',#1601,#1600);
#1603=DIRECTION('',(0.E0,1.E0,0.E0));
#1604=VECTOR('',#1603,3.8E0);
#1605=CARTESIAN_POINT('',(-1.8E0,-7.26E0,2.196E1));
#1606=LINE('8025',#1605,#1604);
#1607=DIRECTION('',(-1.E0,0.E0,0.E0));
#1608=VECTOR('',#1607,5.15E0);
#1609=CARTESIAN_POINT('',(3.35E0,-3.46E0,2.196E1));
#1610=LINE('7979',#1609,#1608);
#1611=DIRECTION('',(0.E0,0.E0,1.E0));
#1612=VECTOR('',#1611,1.55E0);
#1613=CARTESIAN_POINT('',(3.35E0,-3.46E0,2.041E1));
#1614=LINE('7982',#1613,#1612);
#1615=DIRECTION('',(1.E0,0.E0,0.E0));
#1616=VECTOR('',#1615,5.15E0);
#1617=CARTESIAN_POINT('',(-1.8E0,-3.46E0,2.041E1));
#1618=LINE('7981',#1617,#1616);
#1619=DIRECTION('',(0.E0,0.E0,-1.E0));
#1620=VECTOR('',#1619,1.55E0);
#1621=CARTESIAN_POINT('',(-1.8E0,-3.46E0,2.196E1));
#1622=LINE('7980',#1621,#1620);
#1623=DIRECTION('',(0.E0,0.E0,1.E0));
#1624=VECTOR('',#1623,1.55E0);
#1625=CARTESIAN_POINT('',(3.35E0,-3.46E0,7.5E0));
#1626=LINE('7983',#1625,#1624);
#1627=DIRECTION('',(1.E0,0.E0,0.E0));
#1628=VECTOR('',#1627,5.15E0);
#1629=CARTESIAN_POINT('',(-1.8E0,-3.46E0,7.5E0));
#1630=LINE('7986',#1629,#1628);
#1631=DIRECTION('',(0.E0,0.E0,-1.E0));
#1632=VECTOR('',#1631,1.55E0);
#1633=CARTESIAN_POINT('',(-1.8E0,-3.46E0,9.05E0));
#1634=LINE('7985',#1633,#1632);
#1635=DIRECTION('',(-1.E0,0.E0,0.E0));
#1636=VECTOR('',#1635,5.15E0);
#1637=CARTESIAN_POINT('',(3.35E0,-3.46E0,9.05E0));
#1638=LINE('7984',#1637,#1636);
#1639=DIRECTION('',(0.E0,1.E0,0.E0));
#1640=VECTOR('',#1639,3.8E0);
#1641=CARTESIAN_POINT('',(3.35E0,-7.26E0,7.5E0));
#1642=LINE('9263',#1641,#1640);
#1643=DIRECTION('',(0.E0,1.E0,0.E0));
#1644=VECTOR('',#1643,3.8E0);
#1645=CARTESIAN_POINT('',(-1.8E0,-7.26E0,7.5E0));
#1646=LINE('8028',#1645,#1644);
#1647=DIRECTION('',(0.E0,1.E0,0.E0));
#1648=VECTOR('',#1647,3.8E0);
#1649=CARTESIAN_POINT('',(-1.8E0,-7.26E0,9.05E0));
#1650=LINE('8027',#1649,#1648);
#1651=DIRECTION('',(0.E0,1.E0,0.E0));
#1652=VECTOR('',#1651,3.8E0);
#1653=CARTESIAN_POINT('',(3.35E0,-7.26E0,9.05E0));
#1654=LINE('9264',#1653,#1652);
#1655=DIRECTION('',(-1.E0,0.E0,0.E0));
#1656=VECTOR('',#1655,1.E-1);
#1657=CARTESIAN_POINT('',(4.15E0,4.74E0,1.83E0));
#1658=LINE('32018',#1657,#1656);
#1659=DIRECTION('',(1.E0,0.E0,0.E0));
#1660=VECTOR('',#1659,8.2E0);
#1661=CARTESIAN_POINT('',(-4.05E0,-7.36E0,1.83E0));
#1662=LINE('31123',#1661,#1660);
#1663=DIRECTION('',(0.E0,1.E0,0.E0));
#1664=VECTOR('',#1663,1.21E1);
#1665=CARTESIAN_POINT('',(4.15E0,-7.36E0,1.83E0));
#1666=LINE('32048',#1665,#1664);
#1667=DIRECTION('',(-1.E0,0.E0,0.E0));
#1668=VECTOR('',#1667,1.E-1);
#1669=CARTESIAN_POINT('',(4.15E0,4.74E0,2.23E0));
#1670=LINE('32015',#1669,#1668);
#1671=DIRECTION('',(1.E0,0.E0,0.E0));
#1672=VECTOR('',#1671,1.210630001280E0);
#1673=CARTESIAN_POINT('',(-8.353150006402E-1,-7.26E0,2.23E0));
#1674=LINE('31167',#1673,#1672);
#1675=CARTESIAN_POINT('',(4.15E0,4.74E0,2.03E0));
#1676=DIRECTION('',(0.E0,1.E0,0.E0));
#1677=DIRECTION('',(0.E0,0.E0,1.E0));
#1678=AXIS2_PLACEMENT_3D('',#1675,#1676,#1677);
#1680=CARTESIAN_POINT('',(4.15E0,-7.36E0,2.23E0));
#1681=CARTESIAN_POINT('',(4.168415417790E0,-7.378685476900E0,2.23E0));
#1682=CARTESIAN_POINT('',(4.203462704017E0,-7.413337369217E0,2.224791674566E0));
#1683=CARTESIAN_POINT('',(4.246131873977E0,-7.456165457113E0,2.207261954424E0));
#1684=CARTESIAN_POINT('',(4.282830490559E0,-7.492821492813E0,2.181700056649E0));
#1685=CARTESIAN_POINT('',(4.312742616542E0,-7.522745024390E0,2.149037794650E0));
#1686=CARTESIAN_POINT('',(4.336230197749E0,-7.546229564105E0,2.108576085389E0));
#1687=CARTESIAN_POINT('',(4.350645421620E0,-7.560645548349E0,2.056713881266E0));
#1688=CARTESIAN_POINT('',(4.350645421620E0,-7.560645548349E0,2.003286118734E0));
#1689=CARTESIAN_POINT('',(4.336230197749E0,-7.546229564105E0,1.951423914611E0));
#1690=CARTESIAN_POINT('',(4.312742616542E0,-7.522745024390E0,1.910962205350E0));
#1691=CARTESIAN_POINT('',(4.282830490559E0,-7.492821492813E0,1.878299943351E0));
#1692=CARTESIAN_POINT('',(4.246131873977E0,-7.456165457113E0,1.852738045576E0));
#1693=CARTESIAN_POINT('',(4.203462704017E0,-7.413337369217E0,1.835208325434E0));
#1694=CARTESIAN_POINT('',(4.168415417790E0,-7.378685476900E0,1.83E0));
#1695=CARTESIAN_POINT('',(4.15E0,-7.36E0,1.83E0));
#1697=DIRECTION('',(0.E0,1.E0,0.E0));
#1698=VECTOR('',#1697,1.21E1);
#1699=CARTESIAN_POINT('',(4.15E0,-7.36E0,2.23E0));
#1700=LINE('32047',#1699,#1698);
#1701=DIRECTION('',(1.E0,0.E0,0.E0));
#1702=VECTOR('',#1701,8.2E0);
#1703=CARTESIAN_POINT('',(-4.05E0,-7.36E0,2.23E0));
#1704=LINE('31121',#1703,#1702);
#1705=DIRECTION('',(1.E0,0.E0,0.E0));
#1706=VECTOR('',#1705,1.210630001280E0);
#1707=CARTESIAN_POINT('',(-8.353150006402E-1,-7.26E0,1.83E0));
#1708=LINE('31168',#1707,#1706);
#1709=CARTESIAN_POINT('',(-2.3E-1,-7.26E0,2.03E0));
#1710=DIRECTION('',(0.E0,-1.E0,0.E0));
#1711=DIRECTION('',(9.495137264944E-1,0.E0,-3.137254901961E-1));
#1712=AXIS2_PLACEMENT_3D('',#1709,#1710,#1711);
#1714=DIRECTION('',(0.E0,1.E0,0.E0));
#1715=VECTOR('',#1714,4.3E0);
#1716=CARTESIAN_POINT('',(-2.3E-1,-7.26E0,1.3925E0));
#1717=LINE('869',#1716,#1715);
#1718=CARTESIAN_POINT('',(-2.3E-1,-7.26E0,2.03E0));
#1719=DIRECTION('',(0.E0,-1.E0,0.E0));
#1720=DIRECTION('',(-9.495137264944E-1,0.E0,3.137254901961E-1));
#1721=AXIS2_PLACEMENT_3D('',#1718,#1719,#1720);
#1723=DIRECTION('',(0.E0,1.E0,0.E0));
#1724=VECTOR('',#1723,4.3E0);
#1725=CARTESIAN_POINT('',(-2.3E-1,-7.26E0,2.6675E0));
#1726=LINE('870',#1725,#1724);
#1727=CARTESIAN_POINT('',(-2.3E-1,-2.96E0,2.743E1));
#1728=DIRECTION('',(0.E0,-1.E0,0.E0));
#1729=DIRECTION('',(0.E0,0.E0,1.E0));
#1730=AXIS2_PLACEMENT_3D('',#1727,#1728,#1729);
#1732=CARTESIAN_POINT('',(-2.3E-1,-2.96E0,2.743E1));
#1733=DIRECTION('',(0.E0,-1.E0,0.E0));
#1734=DIRECTION('',(0.E0,0.E0,-1.E0));
#1735=AXIS2_PLACEMENT_3D('',#1732,#1733,#1734);
#1737=CARTESIAN_POINT('',(-2.3E-1,-2.96E0,2.03E0));
#1738=DIRECTION('',(0.E0,-1.E0,0.E0));
#1739=DIRECTION('',(0.E0,0.E0,1.E0));
#1740=AXIS2_PLACEMENT_3D('',#1737,#1738,#1739);
#1742=CARTESIAN_POINT('',(-2.3E-1,-2.96E0,2.03E0));
#1743=DIRECTION('',(0.E0,-1.E0,0.E0));
#1744=DIRECTION('',(0.E0,0.E0,-1.E0));
#1745=AXIS2_PLACEMENT_3D('',#1742,#1743,#1744);
#1747=CARTESIAN_POINT('',(-2.3E-1,-2.96E0,2.743E1));
#1748=DIRECTION('',(0.E0,-1.E0,0.E0));
#1749=DIRECTION('',(0.E0,0.E0,-1.E0));
#1750=AXIS2_PLACEMENT_3D('',#1747,#1748,#1749);
#1752=CARTESIAN_POINT('',(-2.3E-1,-2.96E0,2.743E1));
#1753=DIRECTION('',(0.E0,-1.E0,0.E0));
#1754=DIRECTION('',(0.E0,0.E0,1.E0));
#1755=AXIS2_PLACEMENT_3D('',#1752,#1753,#1754);
#1757=CARTESIAN_POINT('',(-2.3E-1,-2.96E0,2.03E0));
#1758=DIRECTION('',(0.E0,-1.E0,0.E0));
#1759=DIRECTION('',(0.E0,0.E0,-1.E0));
#1760=AXIS2_PLACEMENT_3D('',#1757,#1758,#1759);
#1762=CARTESIAN_POINT('',(-2.3E-1,-2.96E0,2.03E0));
#1763=DIRECTION('',(0.E0,-1.E0,0.E0));
#1764=DIRECTION('',(0.E0,0.E0,1.E0));
#1765=AXIS2_PLACEMENT_3D('',#1762,#1763,#1764);
#1767=CARTESIAN_POINT('',(-2.3E-1,-7.26E0,2.743E1));
#1768=DIRECTION('',(0.E0,-1.E0,0.E0));
#1769=DIRECTION('',(9.495137264944E-1,0.E0,-3.137254901961E-1));
#1770=AXIS2_PLACEMENT_3D('',#1767,#1768,#1769);
#1772=DIRECTION('',(0.E0,1.E0,0.E0));
#1773=VECTOR('',#1772,4.3E0);
#1774=CARTESIAN_POINT('',(-2.3E-1,-7.26E0,2.67925E1));
#1775=LINE('859',#1774,#1773);
#1776=DIRECTION('',(1.E0,0.E0,0.E0));
#1777=VECTOR('',#1776,1.210630001280E0);
#1778=CARTESIAN_POINT('',(-8.353150006402E-1,-7.26E0,2.723E1));
#1779=LINE('31631',#1778,#1777);
#1780=DIRECTION('',(-1.E0,0.E0,0.E0));
#1781=VECTOR('',#1780,1.E-1);
#1782=CARTESIAN_POINT('',(4.15E0,4.74E0,2.763E1));
#1783=LINE('32038',#1782,#1781);
#1784=DIRECTION('',(1.E0,0.E0,0.E0));
#1785=VECTOR('',#1784,1.210630001280E0);
#1786=CARTESIAN_POINT('',(-8.353150006402E-1,-7.26E0,2.763E1));
#1787=LINE('31632',#1786,#1785);
#1788=CARTESIAN_POINT('',(4.15E0,4.74E0,2.743E1));
#1789=DIRECTION('',(0.E0,1.E0,0.E0));
#1790=DIRECTION('',(0.E0,0.E0,1.E0));
#1791=AXIS2_PLACEMENT_3D('',#1788,#1789,#1790);
#1793=CARTESIAN_POINT('',(4.15E0,-7.36E0,2.763E1));
#1794=CARTESIAN_POINT('',(4.168411760242E0,-7.378681526927E0,2.763E1));
#1795=CARTESIAN_POINT('',(4.203450699870E0,-7.413325500785E0,2.762479370394E1));
#1796=CARTESIAN_POINT('',(4.246105510591E0,-7.456139057363E0,2.760727466086E1));
#1797=CARTESIAN_POINT('',(4.282794690410E0,-7.492785702407E0,2.758173006679E1));
#1798=CARTESIAN_POINT('',(4.312709691144E0,-7.522712096384E0,2.754908218217E1));
#1799=CARTESIAN_POINT('',(4.336211621748E0,-7.546210988790E0,2.750862396724E1));
#1800=CARTESIAN_POINT('',(4.350646225658E0,-7.560646352249E0,2.745673426918E1));
#1801=CARTESIAN_POINT('',(4.350646225658E0,-7.560646352249E0,2.740326573082E1));
#1802=CARTESIAN_POINT('',(4.336211621748E0,-7.546210988790E0,2.735137603276E1));
#1803=CARTESIAN_POINT('',(4.312709691144E0,-7.522712096384E0,2.731091781783E1));
#1804=CARTESIAN_POINT('',(4.282794690410E0,-7.492785702407E0,2.727826993321E1));
#1805=CARTESIAN_POINT('',(4.246105510591E0,-7.456139057363E0,2.725272533914E1));
#1806=CARTESIAN_POINT('',(4.203450699870E0,-7.413325500785E0,2.723520629606E1));
#1807=CARTESIAN_POINT('',(4.168411760242E0,-7.378681526927E0,2.723E1));
#1808=CARTESIAN_POINT('',(4.15E0,-7.36E0,2.723E1));
#1810=DIRECTION('',(0.E0,1.E0,0.E0));
#1811=VECTOR('',#1810,1.21E1);
#1812=CARTESIAN_POINT('',(4.15E0,-7.36E0,2.763E1));
#1813=LINE('32065',#1812,#1811);
#1814=DIRECTION('',(-1.E0,0.E0,0.E0));
#1815=VECTOR('',#1814,1.E-1);
#1816=CARTESIAN_POINT('',(4.15E0,4.74E0,2.723E1));
#1817=LINE('32040',#1816,#1815);
#1818=DIRECTION('',(1.E0,0.E0,0.E0));
#1819=VECTOR('',#1818,8.2E0);
#1820=CARTESIAN_POINT('',(-4.05E0,-7.36E0,2.723E1));
#1821=LINE('31589',#1820,#1819);
#1822=DIRECTION('',(0.E0,1.E0,0.E0));
#1823=VECTOR('',#1822,1.21E1);
#1824=CARTESIAN_POINT('',(4.15E0,-7.36E0,2.723E1));
#1825=LINE('32067',#1824,#1823);
#1826=DIRECTION('',(1.E0,0.E0,0.E0));
#1827=VECTOR('',#1826,8.2E0);
#1828=CARTESIAN_POINT('',(-4.05E0,-7.36E0,2.763E1));
#1829=LINE('31587',#1828,#1827);
#1830=CARTESIAN_POINT('',(-2.3E-1,-7.26E0,2.743E1));
#1831=DIRECTION('',(0.E0,-1.E0,0.E0));
#1832=DIRECTION('',(-9.495137264944E-1,0.E0,3.137254901961E-1));
#1833=AXIS2_PLACEMENT_3D('',#1830,#1831,#1832);
#1835=DIRECTION('',(0.E0,1.E0,0.E0));
#1836=VECTOR('',#1835,4.3E0);
#1837=CARTESIAN_POINT('',(-2.3E-1,-7.26E0,2.80675E1));
#1838=LINE('860',#1837,#1836);
#1839=DIRECTION('',(-1.E0,0.E0,0.E0));
#1840=VECTOR('',#1839,1.E-1);
#1841=CARTESIAN_POINT('',(4.15E0,4.74E0,7.055E0));
#1842=LINE('32025',#1841,#1840);
#1843=DIRECTION('',(0.E0,1.E0,0.E0));
#1844=VECTOR('',#1843,1.E-1);
#1845=CARTESIAN_POINT('',(-2.325E0,-7.36E0,7.055E0));
#1846=LINE('31957',#1845,#1844);
#1847=CARTESIAN_POINT('',(4.15E0,4.74E0,6.855E0));
#1848=DIRECTION('',(0.E0,1.E0,0.E0));
#1849=DIRECTION('',(0.E0,0.E0,1.E0));
#1850=AXIS2_PLACEMENT_3D('',#1847,#1848,#1849);
#1852=CARTESIAN_POINT('',(4.15E0,-7.36E0,7.055E0));
#1853=CARTESIAN_POINT('',(4.168411760243E0,-7.378681526927E0,7.055E0));
#1854=CARTESIAN_POINT('',(4.203450699873E0,-7.413325500787E0,7.049793703942E0));
#1855=CARTESIAN_POINT('',(4.246105510596E0,-7.456139057369E0,7.032274660858E0));
#1856=CARTESIAN_POINT('',(4.282794690417E0,-7.492785702414E0,7.006730066788E0));
#1857=CARTESIAN_POINT('',(4.312709691151E0,-7.522712096391E0,6.974082182164E0));
#1858=CARTESIAN_POINT('',(4.336211621752E0,-7.546210988794E0,6.933623967229E0));
#1859=CARTESIAN_POINT('',(4.350646225658E0,-7.560646352249E0,6.881734269173E0));
#1860=CARTESIAN_POINT('',(4.350646225658E0,-7.560646352249E0,6.828265730827E0));
#1861=CARTESIAN_POINT('',(4.336211621752E0,-7.546210988794E0,6.776376032771E0));
#1862=CARTESIAN_POINT('',(4.312709691151E0,-7.522712096391E0,6.735917817836E0));
#1863=CARTESIAN_POINT('',(4.282794690417E0,-7.492785702414E0,6.703269933212E0));
#1864=CARTESIAN_POINT('',(4.246105510596E0,-7.456139057369E0,6.677725339142E0));
#1865=CARTESIAN_POINT('',(4.203450699873E0,-7.413325500787E0,6.660206296058E0));
#1866=CARTESIAN_POINT('',(4.168411760243E0,-7.378681526927E0,6.655E0));
#1867=CARTESIAN_POINT('',(4.15E0,-7.36E0,6.655E0));
#1869=DIRECTION('',(0.E0,1.E0,0.E0));
#1870=VECTOR('',#1869,1.21E1);
#1871=CARTESIAN_POINT('',(4.15E0,-7.36E0,7.055E0));
#1872=LINE('32056',#1871,#1870);
#1873=DIRECTION('',(-1.E0,0.E0,0.E0));
#1874=VECTOR('',#1873,1.E-1);
#1875=CARTESIAN_POINT('',(4.15E0,4.74E0,6.655E0));
#1876=LINE('32027',#1875,#1874);
#1877=DIRECTION('',(0.E0,1.E0,0.E0));
#1878=VECTOR('',#1877,1.E-1);
#1879=CARTESIAN_POINT('',(-2.325E0,-7.36E0,6.655E0));
#1880=LINE('31959',#1879,#1878);
#1881=DIRECTION('',(1.E0,0.E0,0.E0));
#1882=VECTOR('',#1881,6.475E0);
#1883=CARTESIAN_POINT('',(-2.325E0,-7.36E0,6.655E0));
#1884=LINE('31964',#1883,#1882);
#1885=DIRECTION('',(0.E0,1.E0,0.E0));
#1886=VECTOR('',#1885,1.21E1);
#1887=CARTESIAN_POINT('',(4.15E0,-7.36E0,6.655E0));
#1888=LINE('32057',#1887,#1886);
#1889=CARTESIAN_POINT('',(-2.325E0,-7.36E0,6.855E0));
#1890=DIRECTION('',(1.E0,0.E0,0.E0));
#1891=DIRECTION('',(0.E0,0.E0,1.E0));
#1892=AXIS2_PLACEMENT_3D('',#1889,#1890,#1891);
#1894=DIRECTION('',(1.E0,0.E0,0.E0));
#1895=VECTOR('',#1894,6.475E0);
#1896=CARTESIAN_POINT('',(-2.325E0,-7.36E0,7.055E0));
#1897=LINE('31963',#1896,#1895);
#1898=DIRECTION('',(1.E0,0.E0,0.E0));
#1899=VECTOR('',#1898,1.725E0);
#1900=CARTESIAN_POINT('',(-4.05E0,-2.91E0,7.63E0));
#1901=LINE('1475',#1900,#1899);
#1902=DIRECTION('',(1.E0,0.E0,0.E0));
#1903=VECTOR('',#1902,1.725E0);
#1904=CARTESIAN_POINT('',(-4.05E0,-1.437756813566E0,5.08E0));
#1905=LINE('1476',#1904,#1903);
#1906=DIRECTION('',(1.E0,0.E0,0.E0));
#1907=VECTOR('',#1906,1.725E0);
#1908=CARTESIAN_POINT('',(-4.05E0,-2.91E0,2.53E0));
#1909=LINE('1477',#1908,#1907);
#1910=DIRECTION('',(1.E0,0.E0,0.E0));
#1911=VECTOR('',#1910,1.725E0);
#1912=CARTESIAN_POINT('',(-4.05E0,-2.91E0,2.183E1));
#1913=LINE('1480',#1912,#1911);
#1914=DIRECTION('',(1.E0,0.E0,0.E0));
#1915=VECTOR('',#1914,1.725E0);
#1916=CARTESIAN_POINT('',(-4.05E0,-1.437756813566E0,2.438E1));
#1917=LINE('1479',#1916,#1915);
#1918=DIRECTION('',(1.E0,0.E0,0.E0));
#1919=VECTOR('',#1918,1.725E0);
#1920=CARTESIAN_POINT('',(-4.05E0,-2.91E0,2.693E1));
#1921=LINE('1478',#1920,#1919);
#1922=DIRECTION('',(1.E0,0.E0,0.E0));
#1923=VECTOR('',#1922,2.455E0);
#1924=CARTESIAN_POINT('',(1.595E0,-6.96E0,1.888E1));
#1925=LINE('20710',#1924,#1923);
#1926=DIRECTION('',(0.E0,1.E0,0.E0));
#1927=VECTOR('',#1926,4.16E0);
#1928=CARTESIAN_POINT('',(1.595E0,-6.96E0,1.888E1));
#1929=LINE('20731',#1928,#1927);
#1930=DIRECTION('',(9.876883405951E-1,1.564344650402E-1,0.E0));
#1931=VECTOR('',#1930,1.559272740541E0);
#1932=CARTESIAN_POINT('',(2.509924494360E0,-3.4E0,1.888E1));
#1933=LINE('18160',#1932,#1931);
#1934=DIRECTION('',(9.876883405951E-1,1.564344650402E-1,0.E0));
#1935=VECTOR('',#1934,1.559272740541E0);
#1936=CARTESIAN_POINT('',(2.509924494360E0,-3.4E0,1.82E1));
#1937=LINE('18163',#1936,#1935);
#1938=DIRECTION('',(0.E0,0.E0,1.E0));
#1939=VECTOR('',#1938,6.8E-1);
#1940=CARTESIAN_POINT('',(2.509924494360E0,-3.4E0,1.82E1));
#1941=LINE('18170',#1940,#1939);
#1942=DIRECTION('',(-1.E0,0.E0,0.E0));
#1943=VECTOR('',#1942,2.455E0);
#1944=CARTESIAN_POINT('',(4.05E0,-6.96E0,1.82E1));
#1945=LINE('20718',#1944,#1943);
#1946=DIRECTION('',(0.E0,1.E0,0.E0));
#1947=VECTOR('',#1946,3.803923997018E0);
#1948=CARTESIAN_POINT('',(4.05E0,-6.96E0,1.82E1));
#1949=LINE('20737',#1948,#1947);
#1950=DIRECTION('',(0.E0,8.660254037844E-1,5.E-1));
#1951=VECTOR('',#1950,3.464101615138E-1);
#1952=CARTESIAN_POINT('',(1.595E0,-7.26E0,1.802679491924E1));
#1953=LINE('20717',#1952,#1951);
#1954=DIRECTION('',(0.E0,1.E0,0.E0));
#1955=VECTOR('',#1954,4.16E0);
#1956=CARTESIAN_POINT('',(1.595E0,-6.96E0,1.82E1));
#1957=LINE('20738',#1956,#1955);
#1958=DIRECTION('',(0.E0,-1.E0,0.E0));
#1959=VECTOR('',#1958,1.050133076759E0);
#1960=CARTESIAN_POINT('',(5.583471458512E-1,-6.209866923241E0,1.799E1));
#1961=LINE('18142',#1960,#1959);
#1962=DIRECTION('',(6.021351496324E-2,9.981855201393E-1,0.E0));
#1963=VECTOR('',#1962,3.065429082576E0);
#1964=CARTESIAN_POINT('',(5.583471458512E-1,-6.209866923241E0,1.799E1));
#1965=LINE('18177',#1964,#1963);
#1966=DIRECTION('',(5.E-1,8.660254037844E-1,0.E0));
#1967=VECTOR('',#1966,4.041451884327E-1);
#1968=CARTESIAN_POINT('',(7.429274057836E-1,-3.15E0,1.799E1));
#1969=LINE('14416',#1968,#1967);
#1970=DIRECTION('',(1.E0,0.E0,0.E0));
#1971=VECTOR('',#1970,6.5E-1);
#1972=CARTESIAN_POINT('',(9.45E-1,-2.8E0,1.799E1));
#1973=LINE('18168',#1972,#1971);
#1974=DIRECTION('',(0.E0,-1.E0,0.E0));
#1975=VECTOR('',#1974,4.46E0);
#1976=CARTESIAN_POINT('',(1.595E0,-2.8E0,1.799E1));
#1977=LINE('18144',#1976,#1975);
#1978=DIRECTION('',(-1.E0,0.E0,0.E0));
#1979=VECTOR('',#1978,1.036652854149E0);
#1980=CARTESIAN_POINT('',(1.595E0,-7.26E0,1.799E1));
#1981=LINE('18179',#1980,#1979);
#1982=DIRECTION('',(-1.E0,0.E0,0.E0));
#1983=VECTOR('',#1982,1.1E0);
#1984=CARTESIAN_POINT('',(-9.45E-1,-7.26E0,1.799E1));
#1985=LINE('18180',#1984,#1983);
#1986=DIRECTION('',(1.684203562739E-1,9.857152649688E-1,0.E0));
#1987=VECTOR('',#1986,1.643476628163E0);
#1988=CARTESIAN_POINT('',(-2.045E0,-7.26E0,1.799E1));
#1989=LINE('12808',#1988,#1987);
#1990=DIRECTION('',(5.E-1,8.660254037844E-1,0.E0));
#1991=VECTOR('',#1990,3.464101615138E-1);
#1992=CARTESIAN_POINT('',(-1.768205080757E0,-5.64E0,1.799E1));
#1993=LINE('12750',#1992,#1991);
#1994=DIRECTION('',(0.E0,1.E0,0.E0));
#1995=VECTOR('',#1994,2.54E0);
#1996=CARTESIAN_POINT('',(-1.595E0,-5.34E0,1.799E1));
#1997=LINE('12742',#1996,#1995);
#1998=DIRECTION('',(1.E0,0.E0,0.E0));
#1999=VECTOR('',#1998,6.5E-1);
#2000=CARTESIAN_POINT('',(-1.595E0,-2.8E0,1.799E1));
#2001=LINE('12743',#2000,#1999);
#2002=DIRECTION('',(0.E0,-8.660254037844E-1,-5.E-1));
#2003=VECTOR('',#2002,3.464101615138E-1);
#2004=CARTESIAN_POINT('',(5.583471458512E-1,-6.96E0,1.82E1));
#2005=LINE('20723',#2004,#2003);
#2006=DIRECTION('',(0.E0,-8.660254037844E-1,5.E-1));
#2007=VECTOR('',#2006,3.464101615138E-1);
#2008=CARTESIAN_POINT('',(-9.45E-1,-6.96E0,1.888E1));
#2009=LINE('20715',#2008,#2007);
#2010=DIRECTION('',(0.E0,0.E0,-1.E0));
#2011=VECTOR('',#2010,6.8E-1);
#2012=CARTESIAN_POINT('',(-9.45E-1,-5.745463979883E0,1.888E1));
#2013=LINE('18167',#2012,#2011);
#2014=DIRECTION('',(0.E0,1.E0,0.E0));
#2015=VECTOR('',#2014,1.214536020117E0);
#2016=CARTESIAN_POINT('',(-9.45E-1,-6.96E0,1.82E1));
#2017=LINE('20736',#2016,#2015);
#2018=DIRECTION('',(0.E0,8.660254037844E-1,5.E-1));
#2019=VECTOR('',#2018,3.464101615138E-1);
#2020=CARTESIAN_POINT('',(-9.45E-1,-7.26E0,1.802679491924E1));
#2021=LINE('20721',#2020,#2019);
#2022=DIRECTION('',(0.E0,1.E0,0.E0));
#2023=VECTOR('',#2022,4.46E0);
#2024=CARTESIAN_POINT('',(-9.45E-1,-7.26E0,1.799E1));
#2025=LINE('18203',#2024,#2023);
#2026=DIRECTION('',(0.E0,0.E0,1.E0));
#2027=VECTOR('',#2026,2.15E-1);
#2028=CARTESIAN_POINT('',(-9.45E-1,-2.8E0,1.799E1));
#2029=LINE('12815',#2028,#2027);
#2030=DIRECTION('',(0.E0,0.E0,-1.E0));
#2031=VECTOR('',#2030,6.7E-1);
#2032=CARTESIAN_POINT('',(-9.45E-1,-2.E-1,1.8875E1));
#2033=LINE('11549',#2032,#2031);
#2034=DIRECTION('',(0.E0,-1.E0,0.E0));
#2035=VECTOR('',#2034,2.6E0);
#2036=CARTESIAN_POINT('',(-9.45E-1,-2.E-1,1.8875E1));
#2037=LINE('12803',#2036,#2035);
#2038=DIRECTION('',(0.E0,0.E0,1.E0));
#2039=VECTOR('',#2038,2.15E-1);
#2040=CARTESIAN_POINT('',(-9.45E-1,-2.8E0,1.8875E1));
#2041=LINE('12816',#2040,#2039);
#2042=DIRECTION('',(0.E0,-1.E0,0.E0));
#2043=VECTOR('',#2042,4.46E0);
#2044=CARTESIAN_POINT('',(-9.45E-1,-2.8E0,1.909E1));
#2045=LINE('18202',#2044,#2043);
#2046=DIRECTION('',(0.E0,8.660254037844E-1,-5.E-1));
#2047=VECTOR('',#2046,3.464101615138E-1);
#2048=CARTESIAN_POINT('',(5.583471458512E-1,-7.26E0,1.905320508076E1));
#2049=LINE('20713',#2048,#2047);
#2050=DIRECTION('',(0.E0,1.E0,0.E0));
#2051=VECTOR('',#2050,7.501330767586E-1);
#2052=CARTESIAN_POINT('',(5.583471458512E-1,-6.96E0,1.888E1));
#2053=LINE('20734',#2052,#2051);
#2054=DIRECTION('',(0.E0,-1.E0,0.E0));
#2055=VECTOR('',#2054,4.46E0);
#2056=CARTESIAN_POINT('',(1.595E0,-2.8E0,1.909E1));
#2057=LINE('18145',#2056,#2055);
#2058=DIRECTION('',(1.E0,0.E0,0.E0));
#2059=VECTOR('',#2058,6.5E-1);
#2060=CARTESIAN_POINT('',(9.45E-1,-2.8E0,1.909E1));
#2061=LINE('18169',#2060,#2059);
#2062=DIRECTION('',(5.E-1,8.660254037844E-1,0.E0));
#2063=VECTOR('',#2062,4.041451884327E-1);
#2064=CARTESIAN_POINT('',(7.429274057836E-1,-3.15E0,1.909E1));
#2065=LINE('14424',#2064,#2063);
#2066=DIRECTION('',(6.021351496324E-2,9.981855201393E-1,0.E0));
#2067=VECTOR('',#2066,3.065429082576E0);
#2068=CARTESIAN_POINT('',(5.583471458512E-1,-6.209866923241E0,1.909E1));
#2069=LINE('18178',#2068,#2067);
#2070=DIRECTION('',(0.E0,-1.E0,0.E0));
#2071=VECTOR('',#2070,1.050133076759E0);
#2072=CARTESIAN_POINT('',(5.583471458512E-1,-6.209866923241E0,1.909E1));
#2073=LINE('18147',#2072,#2071);
#2074=DIRECTION('',(1.E0,0.E0,0.E0));
#2075=VECTOR('',#2074,1.036652854149E0);
#2076=CARTESIAN_POINT('',(5.583471458512E-1,-7.26E0,1.909E1));
#2077=LINE('18182',#2076,#2075);
#2078=DIRECTION('',(1.E0,0.E0,0.E0));
#2079=VECTOR('',#2078,6.5E-1);
#2080=CARTESIAN_POINT('',(-1.595E0,-2.8E0,1.909E1));
#2081=LINE('12753',#2080,#2079);
#2082=DIRECTION('',(0.E0,1.E0,0.E0));
#2083=VECTOR('',#2082,2.54E0);
#2084=CARTESIAN_POINT('',(-1.595E0,-5.34E0,1.909E1));
#2085=LINE('12752',#2084,#2083);
#2086=DIRECTION('',(5.E-1,8.660254037844E-1,0.E0));
#2087=VECTOR('',#2086,3.464101615138E-1);
#2088=CARTESIAN_POINT('',(-1.768205080757E0,-5.64E0,1.909E1));
#2089=LINE('12760',#2088,#2087);
#2090=DIRECTION('',(1.684203562739E-1,9.857152649688E-1,0.E0));
#2091=VECTOR('',#2090,1.643476628163E0);
#2092=CARTESIAN_POINT('',(-2.045E0,-7.26E0,1.909E1));
#2093=LINE('12810',#2092,#2091);
#2094=DIRECTION('',(1.E0,0.E0,0.E0));
#2095=VECTOR('',#2094,1.1E0);
#2096=CARTESIAN_POINT('',(-2.045E0,-7.26E0,1.909E1));
#2097=LINE('18181',#2096,#2095);
#2098=DIRECTION('',(0.E0,-8.660254037844E-1,5.E-1));
#2099=VECTOR('',#2098,3.464101615138E-1);
#2100=CARTESIAN_POINT('',(1.595E0,-6.96E0,1.888E1));
#2101=LINE('20711',#2100,#2099);
#2102=DIRECTION('',(0.E0,0.E0,-1.E0));
#2103=VECTOR('',#2102,2.1E-1);
#2104=CARTESIAN_POINT('',(1.595E0,-2.8E0,1.909E1));
#2105=LINE('18156',#2104,#2103);
#2106=DIRECTION('',(0.E0,0.E0,1.E0));
#2107=VECTOR('',#2106,2.15E-1);
#2108=CARTESIAN_POINT('',(9.45E-1,-2.8E0,1.8875E1));
#2109=LINE('14463',#2108,#2107);
#2110=DIRECTION('',(0.E0,0.E0,-1.E0));
#2111=VECTOR('',#2110,2.1E-1);
#2112=CARTESIAN_POINT('',(1.595E0,-2.8E0,1.82E1));
#2113=LINE('18157',#2112,#2111);
#2114=DIRECTION('',(0.E0,0.E0,1.E0));
#2115=VECTOR('',#2114,2.15E-1);
#2116=CARTESIAN_POINT('',(9.45E-1,-2.8E0,1.799E1));
#2117=LINE('14462',#2116,#2115);
#2118=CARTESIAN_POINT('',(2.382660813148E0,-2.596488739989E0,1.888E1));
#2119=DIRECTION('',(0.E0,0.E0,-1.E0));
#2120=DIRECTION('',(1.564344650402E-1,-9.876883405951E-1,0.E0));
#2121=AXIS2_PLACEMENT_3D('',#2118,#2119,#2120);
#2123=CARTESIAN_POINT('',(2.382660813148E0,-2.596488739989E0,1.82E1));
#2124=DIRECTION('',(0.E0,0.E0,-1.E0));
#2125=DIRECTION('',(1.564344650402E-1,-9.876883405951E-1,0.E0));
#2126=AXIS2_PLACEMENT_3D('',#2123,#2124,#2125);
#2128=DIRECTION('',(0.E0,8.881784197035E-14,1.E0));
#2129=VECTOR('',#2128,4.999999999981E-3);
#2130=CARTESIAN_POINT('',(1.595E0,-2.8E0,1.82E1));
#2131=LINE('23151',#2130,#2129);
#2132=DIRECTION('',(0.E0,-8.881784197035E-14,1.E0));
#2133=VECTOR('',#2132,4.999999999981E-3);
#2134=CARTESIAN_POINT('',(1.595E0,-2.8E0,1.8875E1));
#2135=LINE('23152',#2134,#2133);
#2136=DIRECTION('',(0.E0,0.E0,-1.E0));
#2137=VECTOR('',#2136,6.7E-1);
#2138=CARTESIAN_POINT('',(1.595E0,-2.8E0,1.8875E1));
#2139=LINE('14449',#2138,#2137);
#2140=DIRECTION('',(0.E0,0.E0,-1.E0));
#2141=VECTOR('',#2140,6.7E-1);
#2142=CARTESIAN_POINT('',(1.595E0,-2.E-1,1.8875E1));
#2143=LINE('11546',#2142,#2141);
#2144=DIRECTION('',(0.E0,-1.E0,0.E0));
#2145=VECTOR('',#2144,2.6E0);
#2146=CARTESIAN_POINT('',(1.595E0,-2.E-1,1.8875E1));
#2147=LINE('14453',#2146,#2145);
#2148=DIRECTION('',(-1.E0,0.E0,0.E0));
#2149=VECTOR('',#2148,6.5E-1);
#2150=CARTESIAN_POINT('',(1.595E0,-2.8E0,1.8205E1));
#2151=LINE('14446',#2150,#2149);
#2152=DIRECTION('',(-1.E0,0.E0,0.E0));
#2153=VECTOR('',#2152,6.5E-1);
#2154=CARTESIAN_POINT('',(1.595E0,-2.E-1,1.8205E1));
#2155=LINE('11543',#2154,#2153);
#2156=DIRECTION('',(0.E0,-1.E0,0.E0));
#2157=VECTOR('',#2156,2.6E0);
#2158=CARTESIAN_POINT('',(1.595E0,-2.E-1,1.8205E1));
#2159=LINE('14450',#2158,#2157);
#2160=DIRECTION('',(0.E0,0.E0,1.E0));
#2161=VECTOR('',#2160,6.7E-1);
#2162=CARTESIAN_POINT('',(9.45E-1,-2.8E0,1.8205E1));
#2163=LINE('14447',#2162,#2161);
#2164=DIRECTION('',(0.E0,0.E0,1.E0));
#2165=VECTOR('',#2164,6.7E-1);
#2166=CARTESIAN_POINT('',(9.45E-1,-2.E-1,1.8205E1));
#2167=LINE('11544',#2166,#2165);
#2168=DIRECTION('',(0.E0,-1.E0,0.E0));
#2169=VECTOR('',#2168,2.6E0);
#2170=CARTESIAN_POINT('',(9.45E-1,-2.E-1,1.8205E1));
#2171=LINE('14451',#2170,#2169);
#2172=DIRECTION('',(0.E0,0.E0,1.E0));
#2173=VECTOR('',#2172,1.1E0);
#2174=CARTESIAN_POINT('',(7.429274057836E-1,-3.15E0,1.799E1));
#2175=LINE('14437',#2174,#2173);
#2176=DIRECTION('',(0.E0,1.268826313857E-14,-1.E0));
#2177=VECTOR('',#2176,2.1E-1);
#2178=CARTESIAN_POINT('',(5.583471458512E-1,-6.209866923241E0,1.909E1));
#2179=LINE('18153',#2178,#2177);
#2180=DIRECTION('',(0.E0,0.E0,1.E0));
#2181=VECTOR('',#2180,2.1E-1);
#2182=CARTESIAN_POINT('',(5.583471458512E-1,-6.209866923241E0,1.799E1));
#2183=LINE('18154',#2182,#2181);
#2184=DIRECTION('',(0.E0,0.E0,-1.E0));
#2185=VECTOR('',#2184,6.8E-1);
#2186=CARTESIAN_POINT('',(5.583471458512E-1,-6.209866923241E0,1.888E1));
#2187=LINE('18176',#2186,#2185);
#2188=DIRECTION('',(9.876883405951E-1,1.564344650402E-1,0.E0));
#2189=VECTOR('',#2188,8.195768174597E-1);
#2190=CARTESIAN_POINT('',(-2.511393209759E-1,-6.338076984240E0,1.888E1));
#2191=LINE('18152',#2190,#2189);
#2192=DIRECTION('',(9.876883405951E-1,1.564344650402E-1,0.E0));
#2193=VECTOR('',#2192,8.195768174597E-1);
#2194=CARTESIAN_POINT('',(-2.511393209759E-1,-6.338076984240E0,1.82E1));
#2195=LINE('18155',#2194,#2193);
#2196=DIRECTION('',(0.E0,0.E0,1.E0));
#2197=VECTOR('',#2196,6.8E-1);
#2198=CARTESIAN_POINT('',(-2.511393209759E-1,-6.338076984240E0,1.82E1));
#2199=LINE('18166',#2198,#2197);
#2200=DIRECTION('',(1.E0,0.E0,0.E0));
#2201=VECTOR('',#2200,1.503347145851E0);
#2202=CARTESIAN_POINT('',(-9.45E-1,-6.96E0,1.888E1));
#2203=LINE('20714',#2202,#2201);
#2204=DIRECTION('',(0.E0,1.E0,0.E0));
#2205=VECTOR('',#2204,1.214536020117E0);
#2206=CARTESIAN_POINT('',(-9.45E-1,-6.96E0,1.888E1));
#2207=LINE('20733',#2206,#2205);
#2208=CARTESIAN_POINT('',(-3.45E-1,-5.745463979883E0,1.888E1));
#2209=DIRECTION('',(0.E0,0.E0,-1.E0));
#2210=DIRECTION('',(1.564344650402E-1,-9.876883405951E-1,0.E0));
#2211=AXIS2_PLACEMENT_3D('',#2208,#2209,#2210);
#2213=CARTESIAN_POINT('',(-3.45E-1,-5.745463979883E0,1.82E1));
#2214=DIRECTION('',(0.E0,0.E0,-1.E0));
#2215=DIRECTION('',(1.564344650402E-1,-9.876883405951E-1,0.E0));
#2216=AXIS2_PLACEMENT_3D('',#2213,#2214,#2215);
#2218=DIRECTION('',(-1.E0,0.E0,0.E0));
#2219=VECTOR('',#2218,1.503347145851E0);
#2220=CARTESIAN_POINT('',(5.583471458512E-1,-6.96E0,1.82E1));
#2221=LINE('20722',#2220,#2219);
#2222=DIRECTION('',(0.E0,1.E0,0.E0));
#2223=VECTOR('',#2222,7.501330767586E-1);
#2224=CARTESIAN_POINT('',(5.583471458512E-1,-6.96E0,1.82E1));
#2225=LINE('20735',#2224,#2223);
#2226=DIRECTION('',(1.E0,0.E0,0.E0));
#2227=VECTOR('',#2226,6.5E-1);
#2228=CARTESIAN_POINT('',(9.45E-1,-2.8E0,1.8875E1));
#2229=LINE('14448',#2228,#2227);
#2230=DIRECTION('',(1.E0,0.E0,0.E0));
#2231=VECTOR('',#2230,6.5E-1);
#2232=CARTESIAN_POINT('',(9.45E-1,-2.E-1,1.8875E1));
#2233=LINE('11545',#2232,#2231);
#2234=DIRECTION('',(0.E0,-1.E0,0.E0));
#2235=VECTOR('',#2234,2.6E0);
#2236=CARTESIAN_POINT('',(9.45E-1,-2.E-1,1.8875E1));
#2237=LINE('14452',#2236,#2235);
#2238=DIRECTION('',(-1.E0,0.E0,0.E0));
#2239=VECTOR('',#2238,1.3E0);
#2240=CARTESIAN_POINT('',(1.92E0,-2.E-1,1.789E1));
#2241=LINE('9549',#2240,#2239);
#2242=DIRECTION('',(0.E0,0.E0,-1.E0));
#2243=VECTOR('',#2242,1.3E0);
#2244=CARTESIAN_POINT('',(1.92E0,-2.E-1,1.919E1));
#2245=LINE('9552',#2244,#2243);
#2246=DIRECTION('',(1.E0,0.E0,0.E0));
#2247=VECTOR('',#2246,1.3E0);
#2248=CARTESIAN_POINT('',(6.2E-1,-2.E-1,1.919E1));
#2249=LINE('9551',#2248,#2247);
#2250=DIRECTION('',(0.E0,0.E0,1.E0));
#2251=VECTOR('',#2250,1.3E0);
#2252=CARTESIAN_POINT('',(6.2E-1,-2.E-1,1.789E1));
#2253=LINE('9550',#2252,#2251);
#2254=DIRECTION('',(0.E0,0.E0,1.E0));
#2255=VECTOR('',#2254,1.3E0);
#2256=CARTESIAN_POINT('',(-1.92E0,-2.E-1,1.789E1));
#2257=LINE('9553',#2256,#2255);
#2258=DIRECTION('',(-1.E0,0.E0,0.E0));
#2259=VECTOR('',#2258,1.3E0);
#2260=CARTESIAN_POINT('',(-6.2E-1,-2.E-1,1.789E1));
#2261=LINE('9556',#2260,#2259);
#2262=DIRECTION('',(0.E0,0.E0,-1.E0));
#2263=VECTOR('',#2262,1.3E0);
#2264=CARTESIAN_POINT('',(-6.2E-1,-2.E-1,1.919E1));
#2265=LINE('9555',#2264,#2263);
#2266=DIRECTION('',(1.E0,0.E0,0.E0));
#2267=VECTOR('',#2266,1.3E0);
#2268=CARTESIAN_POINT('',(-1.92E0,-2.E-1,1.919E1));
#2269=LINE('9554',#2268,#2267);
#2270=DIRECTION('',(0.E0,-1.E0,0.E0));
#2271=VECTOR('',#2270,2.E-1);
#2272=CARTESIAN_POINT('',(1.92E0,0.E0,1.789E1));
#2273=LINE('9581',#2272,#2271);
#2274=DIRECTION('',(0.E0,0.E0,-1.E0));
#2275=VECTOR('',#2274,3.214361310258E0);
#2276=CARTESIAN_POINT('',(2.325E0,0.E0,2.2575E1));
#2277=LINE('347',#2276,#2275);
#2278=DIRECTION('',(1.E0,0.E0,0.E0));
#2279=VECTOR('',#2278,4.65E0);
#2280=CARTESIAN_POINT('',(-2.325E0,0.E0,1.936063868974E1));
#2281=LINE('349',#2280,#2279);
#2282=DIRECTION('',(0.E0,0.E0,-1.E0));
#2283=VECTOR('',#2282,3.214361310258E0);
#2284=CARTESIAN_POINT('',(-2.325E0,0.E0,2.2575E1));
#2285=LINE('348',#2284,#2283);
#2286=DIRECTION('',(-1.E0,0.E0,0.E0));
#2287=VECTOR('',#2286,8.75E-1);
#2288=CARTESIAN_POINT('',(-2.325E0,0.E0,2.2575E1));
#2289=LINE('361',#2288,#2287);
#2290=DIRECTION('',(0.E0,0.E0,-1.E0));
#2291=VECTOR('',#2290,3.214361310258E0);
#2292=CARTESIAN_POINT('',(-2.325E0,0.E0,1.009936131026E1));
#2293=LINE('407',#2292,#2291);
#2294=DIRECTION('',(1.E0,0.E0,0.E0));
#2295=VECTOR('',#2294,4.65E0);
#2296=CARTESIAN_POINT('',(-2.325E0,0.E0,1.009936131026E1));
#2297=LINE('1535',#2296,#2295);
#2298=DIRECTION('',(0.E0,0.E0,-1.E0));
#2299=VECTOR('',#2298,3.214361310258E0);
#2300=CARTESIAN_POINT('',(2.325E0,0.E0,1.009936131026E1));
#2301=LINE('406',#2300,#2299);
#2302=DIRECTION('',(-1.E0,0.E0,0.E0));
#2303=VECTOR('',#2302,8.75E-1);
#2304=CARTESIAN_POINT('',(3.2E0,0.E0,2.2575E1));
#2305=LINE('360',#2304,#2303);
#2306=DIRECTION('',(-1.E0,0.E0,0.E0));
#2307=VECTOR('',#2306,1.3E0);
#2308=CARTESIAN_POINT('',(1.92E0,0.E0,1.027E1));
#2309=LINE('1844',#2308,#2307);
#2310=DIRECTION('',(0.E0,0.E0,1.E0));
#2311=VECTOR('',#2310,1.3E0);
#2312=CARTESIAN_POINT('',(6.2E-1,0.E0,1.027E1));
#2313=LINE('1845',#2312,#2311);
#2314=DIRECTION('',(1.E0,0.E0,0.E0));
#2315=VECTOR('',#2314,1.3E0);
#2316=CARTESIAN_POINT('',(6.2E-1,0.E0,1.157E1));
#2317=LINE('1846',#2316,#2315);
#2318=DIRECTION('',(0.E0,0.E0,-1.E0));
#2319=VECTOR('',#2318,1.3E0);
#2320=CARTESIAN_POINT('',(1.92E0,0.E0,1.157E1));
#2321=LINE('1847',#2320,#2319);
#2322=DIRECTION('',(0.E0,0.E0,1.E0));
#2323=VECTOR('',#2322,1.3E0);
#2324=CARTESIAN_POINT('',(-1.92E0,0.E0,1.027E1));
#2325=LINE('1848',#2324,#2323);
#2326=DIRECTION('',(1.E0,0.E0,0.E0));
#2327=VECTOR('',#2326,1.3E0);
#2328=CARTESIAN_POINT('',(-1.92E0,0.E0,1.157E1));
#2329=LINE('1849',#2328,#2327);
#2330=DIRECTION('',(0.E0,0.E0,-1.E0));
#2331=VECTOR('',#2330,1.3E0);
#2332=CARTESIAN_POINT('',(-6.2E-1,0.E0,1.157E1));
#2333=LINE('1850',#2332,#2331);
#2334=DIRECTION('',(-1.E0,0.E0,0.E0));
#2335=VECTOR('',#2334,1.3E0);
#2336=CARTESIAN_POINT('',(-6.2E-1,0.E0,1.027E1));
#2337=LINE('1851',#2336,#2335);
#2338=DIRECTION('',(-1.E0,0.E0,0.E0));
#2339=VECTOR('',#2338,1.3E0);
#2340=CARTESIAN_POINT('',(1.92E0,0.E0,1.281E1));
#2341=LINE('9473',#2340,#2339);
#2342=DIRECTION('',(0.E0,0.E0,1.E0));
#2343=VECTOR('',#2342,1.3E0);
#2344=CARTESIAN_POINT('',(6.2E-1,0.E0,1.281E1));
#2345=LINE('9474',#2344,#2343);
#2346=DIRECTION('',(1.E0,0.E0,0.E0));
#2347=VECTOR('',#2346,1.3E0);
#2348=CARTESIAN_POINT('',(6.2E-1,0.E0,1.411E1));
#2349=LINE('9475',#2348,#2347);
#2350=DIRECTION('',(0.E0,0.E0,-1.E0));
#2351=VECTOR('',#2350,1.3E0);
#2352=CARTESIAN_POINT('',(1.92E0,0.E0,1.411E1));
#2353=LINE('9476',#2352,#2351);
#2354=DIRECTION('',(0.E0,0.E0,1.E0));
#2355=VECTOR('',#2354,1.3E0);
#2356=CARTESIAN_POINT('',(-1.92E0,0.E0,1.281E1));
#2357=LINE('9477',#2356,#2355);
#2358=DIRECTION('',(1.E0,0.E0,0.E0));
#2359=VECTOR('',#2358,1.3E0);
#2360=CARTESIAN_POINT('',(-1.92E0,0.E0,1.411E1));
#2361=LINE('9478',#2360,#2359);
#2362=DIRECTION('',(0.E0,0.E0,-1.E0));
#2363=VECTOR('',#2362,1.3E0);
#2364=CARTESIAN_POINT('',(-6.2E-1,0.E0,1.411E1));
#2365=LINE('9479',#2364,#2363);
#2366=DIRECTION('',(-1.E0,0.E0,0.E0));
#2367=VECTOR('',#2366,1.3E0);
#2368=CARTESIAN_POINT('',(-6.2E-1,0.E0,1.281E1));
#2369=LINE('9480',#2368,#2367);
#2370=DIRECTION('',(-1.E0,0.E0,0.E0));
#2371=VECTOR('',#2370,1.3E0);
#2372=CARTESIAN_POINT('',(1.92E0,0.E0,1.535E1));
#2373=LINE('9523',#2372,#2371);
#2374=DIRECTION('',(0.E0,0.E0,1.E0));
#2375=VECTOR('',#2374,1.3E0);
#2376=CARTESIAN_POINT('',(6.2E-1,0.E0,1.535E1));
#2377=LINE('9524',#2376,#2375);
#2378=DIRECTION('',(1.E0,0.E0,0.E0));
#2379=VECTOR('',#2378,1.3E0);
#2380=CARTESIAN_POINT('',(6.2E-1,0.E0,1.665E1));
#2381=LINE('9525',#2380,#2379);
#2382=DIRECTION('',(0.E0,0.E0,-1.E0));
#2383=VECTOR('',#2382,1.3E0);
#2384=CARTESIAN_POINT('',(1.92E0,0.E0,1.665E1));
#2385=LINE('9526',#2384,#2383);
#2386=DIRECTION('',(0.E0,0.E0,1.E0));
#2387=VECTOR('',#2386,1.3E0);
#2388=CARTESIAN_POINT('',(-1.92E0,0.E0,1.535E1));
#2389=LINE('9527',#2388,#2387);
#2390=DIRECTION('',(1.E0,0.E0,0.E0));
#2391=VECTOR('',#2390,1.3E0);
#2392=CARTESIAN_POINT('',(-1.92E0,0.E0,1.665E1));
#2393=LINE('9528',#2392,#2391);
#2394=DIRECTION('',(0.E0,0.E0,-1.E0));
#2395=VECTOR('',#2394,1.3E0);
#2396=CARTESIAN_POINT('',(-6.2E-1,0.E0,1.665E1));
#2397=LINE('9529',#2396,#2395);
#2398=DIRECTION('',(-1.E0,0.E0,0.E0));
#2399=VECTOR('',#2398,1.3E0);
#2400=CARTESIAN_POINT('',(-6.2E-1,0.E0,1.535E1));
#2401=LINE('9530',#2400,#2399);
#2402=DIRECTION('',(-1.E0,0.E0,0.E0));
#2403=VECTOR('',#2402,1.3E0);
#2404=CARTESIAN_POINT('',(1.92E0,0.E0,1.789E1));
#2405=LINE('9573',#2404,#2403);
#2406=DIRECTION('',(0.E0,0.E0,1.E0));
#2407=VECTOR('',#2406,1.3E0);
#2408=CARTESIAN_POINT('',(6.2E-1,0.E0,1.789E1));
#2409=LINE('9574',#2408,#2407);
#2410=DIRECTION('',(1.E0,0.E0,0.E0));
#2411=VECTOR('',#2410,1.3E0);
#2412=CARTESIAN_POINT('',(6.2E-1,0.E0,1.919E1));
#2413=LINE('9575',#2412,#2411);
#2414=DIRECTION('',(0.E0,0.E0,-1.E0));
#2415=VECTOR('',#2414,1.3E0);
#2416=CARTESIAN_POINT('',(1.92E0,0.E0,1.919E1));
#2417=LINE('9576',#2416,#2415);
#2418=DIRECTION('',(0.E0,0.E0,1.E0));
#2419=VECTOR('',#2418,1.3E0);
#2420=CARTESIAN_POINT('',(-1.92E0,0.E0,1.789E1));
#2421=LINE('9577',#2420,#2419);
#2422=DIRECTION('',(1.E0,0.E0,0.E0));
#2423=VECTOR('',#2422,1.3E0);
#2424=CARTESIAN_POINT('',(-1.92E0,0.E0,1.919E1));
#2425=LINE('9578',#2424,#2423);
#2426=DIRECTION('',(0.E0,0.E0,-1.E0));
#2427=VECTOR('',#2426,1.3E0);
#2428=CARTESIAN_POINT('',(-6.2E-1,0.E0,1.919E1));
#2429=LINE('9579',#2428,#2427);
#2430=DIRECTION('',(-1.E0,0.E0,0.E0));
#2431=VECTOR('',#2430,1.3E0);
#2432=CARTESIAN_POINT('',(-6.2E-1,0.E0,1.789E1));
#2433=LINE('9580',#2432,#2431);
#2434=CARTESIAN_POINT('',(-3.2E0,6.9E0,2.132318112253E1));
#2435=DIRECTION('',(1.E0,0.E0,0.E0));
#2436=DIRECTION('',(0.E0,-2.588190451025E-1,9.659258262891E-1));
#2437=AXIS2_PLACEMENT_3D('',#2434,#2435,#2436);
#2439=CARTESIAN_POINT('',(-3.2E0,6.899999967198E0,8.136818886256E0));
#2440=DIRECTION('',(1.E0,0.E0,0.E0));
#2441=DIRECTION('',(0.E0,-9.999999343956E-1,3.622274886759E-4));
#2442=AXIS2_PLACEMENT_3D('',#2439,#2440,#2441);
#2444=DIRECTION('',(0.E0,1.E0,0.E0));
#2445=VECTOR('',#2444,9.64E0);
#2446=CARTESIAN_POINT('',(-3.2E0,0.E0,6.885E0));
#2447=LINE('178',#2446,#2445);
#2448=DIRECTION('',(0.E0,0.E0,-1.E0));
#2449=VECTOR('',#2448,1.569E1);
#2450=CARTESIAN_POINT('',(-3.2E0,0.E0,2.2575E1));
#2451=LINE('141',#2450,#2449);
#2452=DIRECTION('',(0.E0,-1.E0,0.E0));
#2453=VECTOR('',#2452,9.64E0);
#2454=CARTESIAN_POINT('',(-3.2E0,9.64E0,2.2575E1));
#2455=LINE('177',#2454,#2453);
#2456=DIRECTION('',(0.E0,-9.659258262891E-1,-2.588190451025E-1));
#2457=VECTOR('',#2456,2.970631330539E0);
#2458=CARTESIAN_POINT('',(3.2E0,9.64E0,2.2575E1));
#2459=LINE('153',#2458,#2457);
#2460=DIRECTION('',(0.E0,-9.659258262891E-1,-2.588190451025E-1));
#2461=VECTOR('',#2460,2.970631330539E0);
#2462=CARTESIAN_POINT('',(-3.2E0,9.64E0,2.2575E1));
#2463=LINE('154',#2462,#2461);
#2464=DIRECTION('',(0.E0,-1.E0,0.E0));
#2465=VECTOR('',#2464,9.64E0);
#2466=CARTESIAN_POINT('',(3.2E0,9.64E0,2.2575E1));
#2467=LINE('175',#2466,#2465);
#2468=DIRECTION('',(0.E0,0.E0,-1.E0));
#2469=VECTOR('',#2468,1.569E1);
#2470=CARTESIAN_POINT('',(3.2E0,0.E0,2.2575E1));
#2471=LINE('136',#2470,#2469);
#2472=DIRECTION('',(0.E0,1.E0,0.E0));
#2473=VECTOR('',#2472,9.64E0);
#2474=CARTESIAN_POINT('',(3.2E0,0.E0,6.885E0));
#2475=LINE('176',#2474,#2473);
#2476=CARTESIAN_POINT('',(3.2E0,6.899999967198E0,8.136818886256E0));
#2477=DIRECTION('',(1.E0,0.E0,0.E0));
#2478=DIRECTION('',(0.E0,-9.999999343956E-1,3.622274886759E-4));
#2479=AXIS2_PLACEMENT_3D('',#2476,#2477,#2478);
#2481=CARTESIAN_POINT('',(3.2E0,6.9E0,2.132318112253E1));
#2482=DIRECTION('',(1.E0,0.E0,0.E0));
#2483=DIRECTION('',(0.E0,-2.588190451025E-1,9.659258262891E-1));
#2484=AXIS2_PLACEMENT_3D('',#2481,#2482,#2483);
#2486=DIRECTION('',(-1.E0,0.E0,0.E0));
#2487=VECTOR('',#2486,8.75E-1);
#2488=CARTESIAN_POINT('',(3.2E0,0.E0,6.885E0));
#2489=LINE('422',#2488,#2487);
#2490=DIRECTION('',(-1.E0,0.E0,0.E0));
#2491=VECTOR('',#2490,8.75E-1);
#2492=CARTESIAN_POINT('',(-2.325E0,0.E0,6.885E0));
#2493=LINE('423',#2492,#2491);
#2494=DIRECTION('',(0.E0,9.659258262891E-1,-2.588190451025E-1));
#2495=VECTOR('',#2494,2.970631364499E0);
#2496=CARTESIAN_POINT('',(3.2E0,6.770590444647E0,7.653855973111E0));
#2497=LINE('161',#2496,#2495);
#2498=DIRECTION('',(-1.E0,0.E0,0.E0));
#2499=VECTOR('',#2498,8.5E-1);
#2500=CARTESIAN_POINT('',(4.05E0,6.770590444647E0,7.653855973111E0));
#2501=LINE('173',#2500,#2499);
#2502=DIRECTION('',(0.E0,9.659258262891E-1,-2.588190451025E-1));
#2503=VECTOR('',#2502,2.970631364499E0);
#2504=CARTESIAN_POINT('',(-3.2E0,6.770590444647E0,7.653855973111E0));
#2505=LINE('162',#2504,#2503);
#2506=DIRECTION('',(-1.E0,0.E0,0.E0));
#2507=VECTOR('',#2506,8.5E-1);
#2508=CARTESIAN_POINT('',(-3.2E0,6.770590444647E0,7.653855973111E0));
#2509=LINE('174',#2508,#2507);
#2510=DIRECTION('',(-1.E0,0.E0,0.E0));
#2511=VECTOR('',#2510,8.5E-1);
#2512=CARTESIAN_POINT('',(4.05E0,6.4E0,8.137E0));
#2513=LINE('171',#2512,#2511);
#2514=DIRECTION('',(-1.E0,0.E0,0.E0));
#2515=VECTOR('',#2514,8.5E-1);
#2516=CARTESIAN_POINT('',(-3.2E0,6.4E0,8.137E0));
#2517=LINE('172',#2516,#2515);
#2518=DIRECTION('',(0.E0,0.E0,-1.E0));
#2519=VECTOR('',#2518,1.318618112253E1);
#2520=CARTESIAN_POINT('',(3.2E0,6.4E0,2.132318112253E1));
#2521=LINE('157',#2520,#2519);
#2522=DIRECTION('',(-1.E0,0.E0,0.E0));
#2523=VECTOR('',#2522,8.5E-1);
#2524=CARTESIAN_POINT('',(4.05E0,6.4E0,2.132318112253E1));
#2525=LINE('169',#2524,#2523);
#2526=DIRECTION('',(0.E0,0.E0,1.E0));
#2527=VECTOR('',#2526,2.887E0);
#2528=CARTESIAN_POINT('',(-3.85E0,6.4E0,9.4865E0));
#2529=LINE('24357',#2528,#2527);
#2530=DIRECTION('',(1.E0,0.E0,0.E0));
#2531=VECTOR('',#2530,2.E-1);
#2532=CARTESIAN_POINT('',(-4.05E0,6.4E0,9.4865E0));
#2533=LINE('24358',#2532,#2531);
#2534=DIRECTION('',(0.E0,0.E0,-1.E0));
#2535=VECTOR('',#2534,1.318618112253E1);
#2536=CARTESIAN_POINT('',(-3.2E0,6.4E0,2.132318112253E1));
#2537=LINE('158',#2536,#2535);
#2538=DIRECTION('',(-1.E0,0.E0,0.E0));
#2539=VECTOR('',#2538,8.5E-1);
#2540=CARTESIAN_POINT('',(-3.2E0,6.4E0,2.132318112253E1));
#2541=LINE('170',#2540,#2539);
#2542=DIRECTION('',(1.E0,0.E0,0.E0));
#2543=VECTOR('',#2542,2.E-1);
#2544=CARTESIAN_POINT('',(-4.05E0,6.4E0,1.23735E1));
#2545=LINE('24359',#2544,#2543);
#2546=DIRECTION('',(-1.E0,0.E0,0.E0));
#2547=VECTOR('',#2546,8.5E-1);
#2548=CARTESIAN_POINT('',(4.05E0,6.770590477449E0,2.180614403568E1));
#2549=LINE('167',#2548,#2547);
#2550=DIRECTION('',(-1.E0,0.E0,0.E0));
#2551=VECTOR('',#2550,8.5E-1);
#2552=CARTESIAN_POINT('',(-3.2E0,6.770590477449E0,2.180614403568E1));
#2553=LINE('168',#2552,#2551);
#2554=DIRECTION('',(0.E0,8.660067545298E-1,5.000323000655E-1));
#2555=VECTOR('',#2554,2.886813511469E0);
#2556=CARTESIAN_POINT('',(-3.85E0,3.9E0,1.093E1));
#2557=LINE('24363',#2556,#2555);
#2558=DIRECTION('',(0.E0,-8.660067545298E-1,5.000323000655E-1));
#2559=VECTOR('',#2558,2.886813511469E0);
#2560=CARTESIAN_POINT('',(-3.85E0,6.4E0,9.4865E0));
#2561=LINE('24362',#2560,#2559);
#2562=DIRECTION('',(1.E0,0.E0,0.E0));
#2563=VECTOR('',#2562,2.E-1);
#2564=CARTESIAN_POINT('',(-4.05E0,3.9E0,1.093E1));
#2565=LINE('24364',#2564,#2563);
#2566=DIRECTION('',(0.E0,-1.E0,0.E0));
#2567=VECTOR('',#2566,2.E-1);
#2568=CARTESIAN_POINT('',(1.92E0,0.E0,1.027E1));
#2569=LINE('1868',#2568,#2567);
#2570=DIRECTION('',(0.E0,-1.E0,0.E0));
#2571=VECTOR('',#2570,2.E-1);
#2572=CARTESIAN_POINT('',(1.92E0,0.E0,1.157E1));
#2573=LINE('1871',#2572,#2571);
#2574=DIRECTION('',(0.E0,-1.E0,0.E0));
#2575=VECTOR('',#2574,2.E-1);
#2576=CARTESIAN_POINT('',(6.2E-1,0.E0,1.157E1));
#2577=LINE('1870',#2576,#2575);
#2578=DIRECTION('',(0.E0,-1.E0,0.E0));
#2579=VECTOR('',#2578,2.E-1);
#2580=CARTESIAN_POINT('',(6.2E-1,0.E0,1.027E1));
#2581=LINE('1869',#2580,#2579);
#2582=DIRECTION('',(-1.E0,0.E0,0.E0));
#2583=VECTOR('',#2582,1.3E0);
#2584=CARTESIAN_POINT('',(1.92E0,-2.E-1,1.027E1));
#2585=LINE('1820',#2584,#2583);
#2586=DIRECTION('',(0.E0,0.E0,-1.E0));
#2587=VECTOR('',#2586,1.3E0);
#2588=CARTESIAN_POINT('',(1.92E0,-2.E-1,1.157E1));
#2589=LINE('1823',#2588,#2587);
#2590=DIRECTION('',(1.E0,0.E0,0.E0));
#2591=VECTOR('',#2590,1.3E0);
#2592=CARTESIAN_POINT('',(6.2E-1,-2.E-1,1.157E1));
#2593=LINE('1822',#2592,#2591);
#2594=DIRECTION('',(0.E0,0.E0,1.E0));
#2595=VECTOR('',#2594,1.3E0);
#2596=CARTESIAN_POINT('',(6.2E-1,-2.E-1,1.027E1));
#2597=LINE('1821',#2596,#2595);
#2598=DIRECTION('',(0.E0,0.E0,1.E0));
#2599=VECTOR('',#2598,1.3E0);
#2600=CARTESIAN_POINT('',(-1.92E0,-2.E-1,1.027E1));
#2601=LINE('1824',#2600,#2599);
#2602=DIRECTION('',(-1.E0,0.E0,0.E0));
#2603=VECTOR('',#2602,1.3E0);
#2604=CARTESIAN_POINT('',(-6.2E-1,-2.E-1,1.027E1));
#2605=LINE('1827',#2604,#2603);
#2606=DIRECTION('',(0.E0,0.E0,-1.E0));
#2607=VECTOR('',#2606,1.3E0);
#2608=CARTESIAN_POINT('',(-6.2E-1,-2.E-1,1.157E1));
#2609=LINE('1826',#2608,#2607);
#2610=DIRECTION('',(1.E0,0.E0,0.E0));
#2611=VECTOR('',#2610,1.3E0);
#2612=CARTESIAN_POINT('',(-1.92E0,-2.E-1,1.157E1));
#2613=LINE('1825',#2612,#2611);
#2614=DIRECTION('',(0.E0,-1.E0,0.E0));
#2615=VECTOR('',#2614,2.E-1);
#2616=CARTESIAN_POINT('',(-1.92E0,0.E0,1.027E1));
#2617=LINE('1872',#2616,#2615);
#2618=DIRECTION('',(0.E0,-1.E0,0.E0));
#2619=VECTOR('',#2618,2.E-1);
#2620=CARTESIAN_POINT('',(-6.2E-1,0.E0,1.027E1));
#2621=LINE('1875',#2620,#2619);
#2622=DIRECTION('',(0.E0,-1.E0,0.E0));
#2623=VECTOR('',#2622,2.E-1);
#2624=CARTESIAN_POINT('',(-6.2E-1,0.E0,1.157E1));
#2625=LINE('1874',#2624,#2623);
#2626=DIRECTION('',(0.E0,-1.E0,0.E0));
#2627=VECTOR('',#2626,2.E-1);
#2628=CARTESIAN_POINT('',(-1.92E0,0.E0,1.157E1));
#2629=LINE('1873',#2628,#2627);
#2630=DIRECTION('',(-1.E0,0.E0,0.E0));
#2631=VECTOR('',#2630,6.5E-1);
#2632=CARTESIAN_POINT('',(1.595E0,-2.8E0,1.0585E1));
#2633=LINE('1915',#2632,#2631);
#2634=DIRECTION('',(-1.E0,0.E0,0.E0));
#2635=VECTOR('',#2634,6.5E-1);
#2636=CARTESIAN_POINT('',(1.595E0,-2.E-1,1.0585E1));
#2637=LINE('1852',#2636,#2635);
#2638=DIRECTION('',(0.E0,-1.E0,0.E0));
#2639=VECTOR('',#2638,2.6E0);
#2640=CARTESIAN_POINT('',(1.595E0,-2.E-1,1.0585E1));
#2641=LINE('1921',#2640,#2639);
#2642=DIRECTION('',(0.E0,0.E0,-1.E0));
#2643=VECTOR('',#2642,2.1E-1);
#2644=CARTESIAN_POINT('',(1.595E0,-2.8E0,1.147E1));
#2645=LINE('17648',#2644,#2643);
#2646=DIRECTION('',(0.E0,0.E0,1.E0));
#2647=VECTOR('',#2646,2.15E-1);
#2648=CARTESIAN_POINT('',(9.45E-1,-2.8E0,1.1255E1));
#2649=LINE('1932',#2648,#2647);
#2650=DIRECTION('',(0.E0,0.E0,-1.E0));
#2651=VECTOR('',#2650,2.1E-1);
#2652=CARTESIAN_POINT('',(1.595E0,-2.8E0,1.058E1));
#2653=LINE('17649',#2652,#2651);
#2654=DIRECTION('',(0.E0,0.E0,1.E0));
#2655=VECTOR('',#2654,2.15E-1);
#2656=CARTESIAN_POINT('',(9.45E-1,-2.8E0,1.037E1));
#2657=LINE('1931',#2656,#2655);
#2658=DIRECTION('',(0.E0,-8.660254037844E-1,5.E-1));
#2659=VECTOR('',#2658,3.464101615138E-1);
#2660=CARTESIAN_POINT('',(1.595E0,-6.96E0,1.126E1));
#2661=LINE('17752',#2660,#2659);
#2662=DIRECTION('',(1.E0,0.E0,0.E0));
#2663=VECTOR('',#2662,2.455E0);
#2664=CARTESIAN_POINT('',(1.595E0,-6.96E0,1.126E1));
#2665=LINE('17751',#2664,#2663);
#2666=DIRECTION('',(0.E0,1.E0,0.E0));
#2667=VECTOR('',#2666,4.16E0);
#2668=CARTESIAN_POINT('',(1.595E0,-6.96E0,1.126E1));
#2669=LINE('17780',#2668,#2667);
#2670=DIRECTION('',(9.876883405951E-1,1.564344650402E-1,0.E0));
#2671=VECTOR('',#2670,1.559272740541E0);
#2672=CARTESIAN_POINT('',(2.509924494360E0,-3.4E0,1.126E1));
#2673=LINE('17581',#2672,#2671);
#2674=DIRECTION('',(9.876883405951E-1,1.564344650402E-1,0.E0));
#2675=VECTOR('',#2674,1.559272740541E0);
#2676=CARTESIAN_POINT('',(2.509924494360E0,-3.4E0,1.058E1));
#2677=LINE('17582',#2676,#2675);
#2678=DIRECTION('',(0.E0,0.E0,1.E0));
#2679=VECTOR('',#2678,6.8E-1);
#2680=CARTESIAN_POINT('',(2.509924494360E0,-3.4E0,1.058E1));
#2681=LINE('17593',#2680,#2679);
#2682=DIRECTION('',(-1.E0,0.E0,0.E0));
#2683=VECTOR('',#2682,2.455E0);
#2684=CARTESIAN_POINT('',(4.05E0,-6.96E0,1.058E1));
#2685=LINE('17759',#2684,#2683);
#2686=DIRECTION('',(0.E0,1.E0,0.E0));
#2687=VECTOR('',#2686,3.803923997018E0);
#2688=CARTESIAN_POINT('',(4.05E0,-6.96E0,1.058E1));
#2689=LINE('17777',#2688,#2687);
#2690=DIRECTION('',(0.E0,8.660254037844E-1,5.E-1));
#2691=VECTOR('',#2690,3.464101615138E-1);
#2692=CARTESIAN_POINT('',(1.595E0,-7.26E0,1.040679491924E1));
#2693=LINE('17758',#2692,#2691);
#2694=DIRECTION('',(0.E0,1.E0,0.E0));
#2695=VECTOR('',#2694,4.16E0);
#2696=CARTESIAN_POINT('',(1.595E0,-6.96E0,1.058E1));
#2697=LINE('17781',#2696,#2695);
#2698=DIRECTION('',(0.E0,1.E0,0.E0));
#2699=VECTOR('',#2698,1.050133076759E0);
#2700=CARTESIAN_POINT('',(5.583471458512E-1,-7.26E0,1.037E1));
#2701=LINE('17572',#2700,#2699);
#2702=DIRECTION('',(6.021351496324E-2,9.981855201393E-1,0.E0));
#2703=VECTOR('',#2702,3.065429082576E0);
#2704=CARTESIAN_POINT('',(5.583471458512E-1,-6.209866923241E0,1.037E1));
#2705=LINE('17599',#2704,#2703);
#2706=DIRECTION('',(5.E-1,8.660254037844E-1,0.E0));
#2707=VECTOR('',#2706,4.041451884327E-1);
#2708=CARTESIAN_POINT('',(7.429274057836E-1,-3.15E0,1.037E1));
#2709=LINE('1885',#2708,#2707);
#2710=DIRECTION('',(1.E0,0.E0,0.E0));
#2711=VECTOR('',#2710,6.5E-1);
#2712=CARTESIAN_POINT('',(9.45E-1,-2.8E0,1.037E1));
#2713=LINE('17650',#2712,#2711);
#2714=DIRECTION('',(0.E0,1.E0,0.E0));
#2715=VECTOR('',#2714,4.46E0);
#2716=CARTESIAN_POINT('',(1.595E0,-7.26E0,1.037E1));
#2717=LINE('17574',#2716,#2715);
#2718=DIRECTION('',(-1.E0,0.E0,0.E0));
#2719=VECTOR('',#2718,1.036652854149E0);
#2720=CARTESIAN_POINT('',(1.595E0,-7.26E0,1.037E1));
#2721=LINE('17601',#2720,#2719);
#2722=DIRECTION('',(-1.E0,0.E0,0.E0));
#2723=VECTOR('',#2722,1.1E0);
#2724=CARTESIAN_POINT('',(-9.45E-1,-7.26E0,1.037E1));
#2725=LINE('17602',#2724,#2723);
#2726=DIRECTION('',(1.684203562739E-1,9.857152649688E-1,0.E0));
#2727=VECTOR('',#2726,1.643476628163E0);
#2728=CARTESIAN_POINT('',(-2.045E0,-7.26E0,1.037E1));
#2729=LINE('1997',#2728,#2727);
#2730=DIRECTION('',(5.E-1,8.660254037844E-1,0.E0));
#2731=VECTOR('',#2730,3.464101615138E-1);
#2732=CARTESIAN_POINT('',(-1.768205080757E0,-5.64E0,1.037E1));
#2733=LINE('1945',#2732,#2731);
#2734=DIRECTION('',(0.E0,1.E0,0.E0));
#2735=VECTOR('',#2734,2.54E0);
#2736=CARTESIAN_POINT('',(-1.595E0,-5.34E0,1.037E1));
#2737=LINE('1937',#2736,#2735);
#2738=DIRECTION('',(1.E0,0.E0,0.E0));
#2739=VECTOR('',#2738,6.5E-1);
#2740=CARTESIAN_POINT('',(-1.595E0,-2.8E0,1.037E1));
#2741=LINE('1938',#2740,#2739);
#2742=DIRECTION('',(0.E0,-8.660254037844E-1,-5.E-1));
#2743=VECTOR('',#2742,3.464101615138E-1);
#2744=CARTESIAN_POINT('',(5.583471458512E-1,-6.96E0,1.058E1));
#2745=LINE('17764',#2744,#2743);
#2746=DIRECTION('',(0.E0,-8.660254037844E-1,5.E-1));
#2747=VECTOR('',#2746,3.464101615138E-1);
#2748=CARTESIAN_POINT('',(-9.45E-1,-6.96E0,1.126E1));
#2749=LINE('17756',#2748,#2747);
#2750=DIRECTION('',(0.E0,0.E0,-1.E0));
#2751=VECTOR('',#2750,6.8E-1);
#2752=CARTESIAN_POINT('',(-9.45E-1,-5.745463979883E0,1.126E1));
#2753=LINE('17605',#2752,#2751);
#2754=DIRECTION('',(0.E0,1.E0,0.E0));
#2755=VECTOR('',#2754,1.214536020117E0);
#2756=CARTESIAN_POINT('',(-9.45E-1,-6.96E0,1.058E1));
#2757=LINE('17776',#2756,#2755);
#2758=DIRECTION('',(0.E0,8.660254037844E-1,5.E-1));
#2759=VECTOR('',#2758,3.464101615138E-1);
#2760=CARTESIAN_POINT('',(-9.45E-1,-7.26E0,1.040679491924E1));
#2761=LINE('17762',#2760,#2759);
#2762=DIRECTION('',(0.E0,1.E0,0.E0));
#2763=VECTOR('',#2762,4.46E0);
#2764=CARTESIAN_POINT('',(-9.45E-1,-7.26E0,1.037E1));
#2765=LINE('17629',#2764,#2763);
#2766=DIRECTION('',(0.E0,0.E0,1.E0));
#2767=VECTOR('',#2766,2.15E-1);
#2768=CARTESIAN_POINT('',(-9.45E-1,-2.8E0,1.037E1));
#2769=LINE('2004',#2768,#2767);
#2770=DIRECTION('',(0.E0,0.E0,-1.E0));
#2771=VECTOR('',#2770,6.7E-1);
#2772=CARTESIAN_POINT('',(-9.45E-1,-2.E-1,1.1255E1));
#2773=LINE('1858',#2772,#2771);
#2774=DIRECTION('',(0.E0,-1.E0,0.E0));
#2775=VECTOR('',#2774,2.6E0);
#2776=CARTESIAN_POINT('',(-9.45E-1,-2.E-1,1.1255E1));
#2777=LINE('1990',#2776,#2775);
#2778=DIRECTION('',(0.E0,0.E0,1.E0));
#2779=VECTOR('',#2778,2.15E-1);
#2780=CARTESIAN_POINT('',(-9.45E-1,-2.8E0,1.1255E1));
#2781=LINE('2005',#2780,#2779);
#2782=DIRECTION('',(0.E0,-1.E0,0.E0));
#2783=VECTOR('',#2782,4.46E0);
#2784=CARTESIAN_POINT('',(-9.45E-1,-2.8E0,1.147E1));
#2785=LINE('17628',#2784,#2783);
#2786=DIRECTION('',(0.E0,8.660254037844E-1,-5.E-1));
#2787=VECTOR('',#2786,3.464101615138E-1);
#2788=CARTESIAN_POINT('',(5.583471458512E-1,-7.26E0,1.143320508076E1));
#2789=LINE('17754',#2788,#2787);
#2790=DIRECTION('',(0.E0,1.E0,0.E0));
#2791=VECTOR('',#2790,7.501330767586E-1);
#2792=CARTESIAN_POINT('',(5.583471458512E-1,-6.96E0,1.126E1));
#2793=LINE('17774',#2792,#2791);
#2794=DIRECTION('',(0.E0,1.E0,0.E0));
#2795=VECTOR('',#2794,4.46E0);
#2796=CARTESIAN_POINT('',(1.595E0,-7.26E0,1.147E1));
#2797=LINE('17576',#2796,#2795);
#2798=DIRECTION('',(1.E0,0.E0,0.E0));
#2799=VECTOR('',#2798,6.5E-1);
#2800=CARTESIAN_POINT('',(9.45E-1,-2.8E0,1.147E1));
#2801=LINE('17651',#2800,#2799);
#2802=DIRECTION('',(5.E-1,8.660254037844E-1,0.E0));
#2803=VECTOR('',#2802,4.041451884327E-1);
#2804=CARTESIAN_POINT('',(7.429274057836E-1,-3.15E0,1.147E1));
#2805=LINE('1893',#2804,#2803);
#2806=DIRECTION('',(6.021351496324E-2,9.981855201393E-1,0.E0));
#2807=VECTOR('',#2806,3.065429082576E0);
#2808=CARTESIAN_POINT('',(5.583471458512E-1,-6.209866923241E0,1.147E1));
#2809=LINE('17600',#2808,#2807);
#2810=DIRECTION('',(0.E0,1.E0,0.E0));
#2811=VECTOR('',#2810,1.050133076759E0);
#2812=CARTESIAN_POINT('',(5.583471458512E-1,-7.26E0,1.147E1));
#2813=LINE('17578',#2812,#2811);
#2814=DIRECTION('',(1.E0,0.E0,0.E0));
#2815=VECTOR('',#2814,1.036652854149E0);
#2816=CARTESIAN_POINT('',(5.583471458512E-1,-7.26E0,1.147E1));
#2817=LINE('17604',#2816,#2815);
#2818=DIRECTION('',(1.E0,0.E0,0.E0));
#2819=VECTOR('',#2818,6.5E-1);
#2820=CARTESIAN_POINT('',(-1.595E0,-2.8E0,1.147E1));
#2821=LINE('1948',#2820,#2819);
#2822=DIRECTION('',(0.E0,1.E0,0.E0));
#2823=VECTOR('',#2822,2.54E0);
#2824=CARTESIAN_POINT('',(-1.595E0,-5.34E0,1.147E1));
#2825=LINE('1947',#2824,#2823);
#2826=DIRECTION('',(5.E-1,8.660254037844E-1,0.E0));
#2827=VECTOR('',#2826,3.464101615138E-1);
#2828=CARTESIAN_POINT('',(-1.768205080757E0,-5.64E0,1.147E1));
#2829=LINE('1955',#2828,#2827);
#2830=DIRECTION('',(1.684203562739E-1,9.857152649688E-1,0.E0));
#2831=VECTOR('',#2830,1.643476628163E0);
#2832=CARTESIAN_POINT('',(-2.045E0,-7.26E0,1.147E1));
#2833=LINE('1999',#2832,#2831);
#2834=DIRECTION('',(1.E0,0.E0,0.E0));
#2835=VECTOR('',#2834,1.1E0);
#2836=CARTESIAN_POINT('',(-2.045E0,-7.26E0,1.147E1));
#2837=LINE('17603',#2836,#2835);
#2838=DIRECTION('',(0.E0,0.E0,1.E0));
#2839=VECTOR('',#2838,1.1E0);
#2840=CARTESIAN_POINT('',(7.429274057836E-1,-3.15E0,1.037E1));
#2841=LINE('1906',#2840,#2839);
#2842=DIRECTION('',(0.E0,0.E0,1.E0));
#2843=VECTOR('',#2842,6.7E-1);
#2844=CARTESIAN_POINT('',(9.45E-1,-2.8E0,1.0585E1));
#2845=LINE('1916',#2844,#2843);
#2846=DIRECTION('',(0.E0,0.E0,1.E0));
#2847=VECTOR('',#2846,6.7E-1);
#2848=CARTESIAN_POINT('',(9.45E-1,-2.E-1,1.0585E1));
#2849=LINE('1853',#2848,#2847);
#2850=DIRECTION('',(0.E0,-1.E0,0.E0));
#2851=VECTOR('',#2850,2.6E0);
#2852=CARTESIAN_POINT('',(9.45E-1,-2.E-1,1.0585E1));
#2853=LINE('1922',#2852,#2851);
#2854=DIRECTION('',(1.E0,0.E0,0.E0));
#2855=VECTOR('',#2854,6.5E-1);
#2856=CARTESIAN_POINT('',(9.45E-1,-2.8E0,1.1255E1));
#2857=LINE('1917',#2856,#2855);
#2858=DIRECTION('',(1.E0,0.E0,0.E0));
#2859=VECTOR('',#2858,6.5E-1);
#2860=CARTESIAN_POINT('',(9.45E-1,-2.E-1,1.1255E1));
#2861=LINE('1854',#2860,#2859);
#2862=DIRECTION('',(0.E0,-1.E0,0.E0));
#2863=VECTOR('',#2862,2.6E0);
#2864=CARTESIAN_POINT('',(9.45E-1,-2.E-1,1.1255E1));
#2865=LINE('1923',#2864,#2863);
#2866=DIRECTION('',(0.E0,0.E0,-1.E0));
#2867=VECTOR('',#2866,6.7E-1);
#2868=CARTESIAN_POINT('',(1.595E0,-2.8E0,1.1255E1));
#2869=LINE('1918',#2868,#2867);
#2870=DIRECTION('',(0.E0,0.E0,-1.E0));
#2871=VECTOR('',#2870,6.7E-1);
#2872=CARTESIAN_POINT('',(1.595E0,-2.E-1,1.1255E1));
#2873=LINE('1855',#2872,#2871);
#2874=DIRECTION('',(0.E0,-1.E0,0.E0));
#2875=VECTOR('',#2874,2.6E0);
#2876=CARTESIAN_POINT('',(1.595E0,-2.E-1,1.1255E1));
#2877=LINE('1924',#2876,#2875);
#2878=CARTESIAN_POINT('',(2.382660813148E0,-2.596488739989E0,1.058E1));
#2879=DIRECTION('',(0.E0,0.E0,-1.E0));
#2880=DIRECTION('',(1.564344650402E-1,-9.876883405951E-1,0.E0));
#2881=AXIS2_PLACEMENT_3D('',#2878,#2879,#2880);
#2883=DIRECTION('',(0.E0,8.881784197035E-14,1.E0));
#2884=VECTOR('',#2883,4.999999999981E-3);
#2885=CARTESIAN_POINT('',(1.595E0,-2.8E0,1.058E1));
#2886=LINE('23145',#2885,#2884);
#2887=DIRECTION('',(0.E0,-8.881784197028E-14,1.E0));
#2888=VECTOR('',#2887,4.999999999985E-3);
#2889=CARTESIAN_POINT('',(1.595E0,-2.8E0,1.1255E1));
#2890=LINE('23146',#2889,#2888);
#2891=CARTESIAN_POINT('',(2.382660813148E0,-2.596488739989E0,1.126E1));
#2892=DIRECTION('',(0.E0,0.E0,-1.E0));
#2893=DIRECTION('',(1.564344650402E-1,-9.876883405951E-1,0.E0));
#2894=AXIS2_PLACEMENT_3D('',#2891,#2892,#2893);
#2896=DIRECTION('',(0.E0,0.E0,-1.E0));
#2897=VECTOR('',#2896,2.1E-1);
#2898=CARTESIAN_POINT('',(5.583471458512E-1,-6.209866923241E0,1.147E1));
#2899=LINE('17583',#2898,#2897);
#2900=DIRECTION('',(0.E0,0.E0,1.E0));
#2901=VECTOR('',#2900,2.1E-1);
#2902=CARTESIAN_POINT('',(5.583471458512E-1,-6.209866923241E0,1.037E1));
#2903=LINE('17584',#2902,#2901);
#2904=DIRECTION('',(0.E0,0.E0,-1.E0));
#2905=VECTOR('',#2904,6.8E-1);
#2906=CARTESIAN_POINT('',(5.583471458512E-1,-6.209866923241E0,1.126E1));
#2907=LINE('17598',#2906,#2905);
#2908=DIRECTION('',(9.876883405951E-1,1.564344650402E-1,0.E0));
#2909=VECTOR('',#2908,8.195768174597E-1);
#2910=CARTESIAN_POINT('',(-2.511393209759E-1,-6.338076984240E0,1.126E1));
#2911=LINE('17589',#2910,#2909);
#2912=DIRECTION('',(9.876883405951E-1,1.564344650402E-1,0.E0));
#2913=VECTOR('',#2912,8.195768174597E-1);
#2914=CARTESIAN_POINT('',(-2.511393209759E-1,-6.338076984240E0,1.058E1));
#2915=LINE('17590',#2914,#2913);
#2916=DIRECTION('',(0.E0,0.E0,1.E0));
#2917=VECTOR('',#2916,6.8E-1);
#2918=CARTESIAN_POINT('',(-2.511393209759E-1,-6.338076984240E0,1.058E1));
#2919=LINE('17597',#2918,#2917);
#2920=DIRECTION('',(1.E0,0.E0,0.E0));
#2921=VECTOR('',#2920,1.503347145851E0);
#2922=CARTESIAN_POINT('',(-9.45E-1,-6.96E0,1.126E1));
#2923=LINE('17755',#2922,#2921);
#2924=DIRECTION('',(0.E0,1.E0,0.E0));
#2925=VECTOR('',#2924,1.214536020117E0);
#2926=CARTESIAN_POINT('',(-9.45E-1,-6.96E0,1.126E1));
#2927=LINE('17773',#2926,#2925);
#2928=CARTESIAN_POINT('',(-3.45E-1,-5.745463979883E0,1.126E1));
#2929=DIRECTION('',(0.E0,0.E0,-1.E0));
#2930=DIRECTION('',(1.564344650402E-1,-9.876883405951E-1,0.E0));
#2931=AXIS2_PLACEMENT_3D('',#2928,#2929,#2930);
#2933=CARTESIAN_POINT('',(-3.45E-1,-5.745463979883E0,1.058E1));
#2934=DIRECTION('',(0.E0,0.E0,-1.E0));
#2935=DIRECTION('',(1.564344650402E-1,-9.876883405951E-1,0.E0));
#2936=AXIS2_PLACEMENT_3D('',#2933,#2934,#2935);
#2938=DIRECTION('',(-1.E0,0.E0,0.E0));
#2939=VECTOR('',#2938,1.503347145851E0);
#2940=CARTESIAN_POINT('',(5.583471458512E-1,-6.96E0,1.058E1));
#2941=LINE('17763',#2940,#2939);
#2942=DIRECTION('',(0.E0,1.E0,0.E0));
#2943=VECTOR('',#2942,7.501330767586E-1);
#2944=CARTESIAN_POINT('',(5.583471458512E-1,-6.96E0,1.058E1));
#2945=LINE('17775',#2944,#2943);
#2946=DIRECTION('',(0.E0,0.E0,1.E0));
#2947=VECTOR('',#2946,2.15E-1);
#2948=CARTESIAN_POINT('',(-1.595E0,-2.8E0,1.1255E1));
#2949=LINE('2003',#2948,#2947);
#2950=DIRECTION('',(0.E0,0.E0,1.E0));
#2951=VECTOR('',#2950,2.15E-1);
#2952=CARTESIAN_POINT('',(-1.595E0,-2.8E0,1.037E1));
#2953=LINE('2002',#2952,#2951);
#2954=DIRECTION('',(1.E0,0.E0,0.E0));
#2955=VECTOR('',#2954,6.5E-1);
#2956=CARTESIAN_POINT('',(-1.595E0,-2.8E0,1.1255E1));
#2957=LINE('1979',#2956,#2955);
#2958=DIRECTION('',(1.E0,0.E0,0.E0));
#2959=VECTOR('',#2958,6.5E-1);
#2960=CARTESIAN_POINT('',(-1.595E0,-2.E-1,1.1255E1));
#2961=LINE('1857',#2960,#2959);
#2962=DIRECTION('',(0.E0,-1.E0,0.E0));
#2963=VECTOR('',#2962,2.6E0);
#2964=CARTESIAN_POINT('',(-1.595E0,-2.E-1,1.1255E1));
#2965=LINE('1989',#2964,#2963);
#2966=DIRECTION('',(0.E0,-1.E0,0.E0));
#2967=VECTOR('',#2966,2.6E0);
#2968=CARTESIAN_POINT('',(-1.595E0,-2.E-1,1.0585E1));
#2969=LINE('1988',#2968,#2967);
#2970=DIRECTION('',(0.E0,0.E0,1.E0));
#2971=VECTOR('',#2970,1.1E0);
#2972=CARTESIAN_POINT('',(-1.595E0,-5.34E0,1.037E1));
#2973=LINE('2011',#2972,#2971);
#2974=DIRECTION('',(0.E0,0.E0,1.E0));
#2975=VECTOR('',#2974,6.7E-1);
#2976=CARTESIAN_POINT('',(-1.595E0,-2.E-1,1.0585E1));
#2977=LINE('1856',#2976,#2975);
#2978=DIRECTION('',(-1.E0,0.E0,0.E0));
#2979=VECTOR('',#2978,6.5E-1);
#2980=CARTESIAN_POINT('',(-9.45E-1,-2.8E0,1.0585E1));
#2981=LINE('1983',#2980,#2979);
#2982=DIRECTION('',(-1.E0,0.E0,0.E0));
#2983=VECTOR('',#2982,6.5E-1);
#2984=CARTESIAN_POINT('',(-9.45E-1,-2.E-1,1.0585E1));
#2985=LINE('1859',#2984,#2983);
#2986=DIRECTION('',(0.E0,-1.E0,0.E0));
#2987=VECTOR('',#2986,2.6E0);
#2988=CARTESIAN_POINT('',(-9.45E-1,-2.E-1,1.0585E1));
#2989=LINE('1991',#2988,#2987);
#2990=DIRECTION('',(0.E0,0.E0,1.E0));
#2991=VECTOR('',#2990,1.1E0);
#2992=CARTESIAN_POINT('',(-1.768205080757E0,-5.64E0,1.037E1));
#2993=LINE('1973',#2992,#2991);
#2994=DIRECTION('',(0.E0,-1.E0,0.E0));
#2995=VECTOR('',#2994,2.E-1);
#2996=CARTESIAN_POINT('',(1.92E0,0.E0,1.281E1));
#2997=LINE('9481',#2996,#2995);
#2998=DIRECTION('',(0.E0,-1.E0,0.E0));
#2999=VECTOR('',#2998,2.E-1);
#3000=CARTESIAN_POINT('',(1.92E0,0.E0,1.411E1));
#3001=LINE('9484',#3000,#2999);
#3002=DIRECTION('',(0.E0,-1.E0,0.E0));
#3003=VECTOR('',#3002,2.E-1);
#3004=CARTESIAN_POINT('',(6.2E-1,0.E0,1.411E1));
#3005=LINE('9483',#3004,#3003);
#3006=DIRECTION('',(0.E0,-1.E0,0.E0));
#3007=VECTOR('',#3006,2.E-1);
#3008=CARTESIAN_POINT('',(6.2E-1,0.E0,1.281E1));
#3009=LINE('9482',#3008,#3007);
#3010=DIRECTION('',(-1.E0,0.E0,0.E0));
#3011=VECTOR('',#3010,1.3E0);
#3012=CARTESIAN_POINT('',(1.92E0,-2.E-1,1.281E1));
#3013=LINE('9449',#3012,#3011);
#3014=DIRECTION('',(0.E0,0.E0,-1.E0));
#3015=VECTOR('',#3014,1.3E0);
#3016=CARTESIAN_POINT('',(1.92E0,-2.E-1,1.411E1));
#3017=LINE('9452',#3016,#3015);
#3018=DIRECTION('',(1.E0,0.E0,0.E0));
#3019=VECTOR('',#3018,1.3E0);
#3020=CARTESIAN_POINT('',(6.2E-1,-2.E-1,1.411E1));
#3021=LINE('9451',#3020,#3019);
#3022=DIRECTION('',(0.E0,0.E0,1.E0));
#3023=VECTOR('',#3022,1.3E0);
#3024=CARTESIAN_POINT('',(6.2E-1,-2.E-1,1.281E1));
#3025=LINE('9450',#3024,#3023);
#3026=DIRECTION('',(0.E0,0.E0,1.E0));
#3027=VECTOR('',#3026,1.3E0);
#3028=CARTESIAN_POINT('',(-1.92E0,-2.E-1,1.281E1));
#3029=LINE('9453',#3028,#3027);
#3030=DIRECTION('',(-1.E0,0.E0,0.E0));
#3031=VECTOR('',#3030,1.3E0);
#3032=CARTESIAN_POINT('',(-6.2E-1,-2.E-1,1.281E1));
#3033=LINE('9456',#3032,#3031);
#3034=DIRECTION('',(0.E0,0.E0,-1.E0));
#3035=VECTOR('',#3034,1.3E0);
#3036=CARTESIAN_POINT('',(-6.2E-1,-2.E-1,1.411E1));
#3037=LINE('9455',#3036,#3035);
#3038=DIRECTION('',(1.E0,0.E0,0.E0));
#3039=VECTOR('',#3038,1.3E0);
#3040=CARTESIAN_POINT('',(-1.92E0,-2.E-1,1.411E1));
#3041=LINE('9454',#3040,#3039);
#3042=DIRECTION('',(0.E0,-1.E0,0.E0));
#3043=VECTOR('',#3042,2.E-1);
#3044=CARTESIAN_POINT('',(-1.92E0,0.E0,1.281E1));
#3045=LINE('9485',#3044,#3043);
#3046=DIRECTION('',(0.E0,-1.E0,0.E0));
#3047=VECTOR('',#3046,2.E-1);
#3048=CARTESIAN_POINT('',(-6.2E-1,0.E0,1.281E1));
#3049=LINE('9488',#3048,#3047);
#3050=DIRECTION('',(0.E0,-1.E0,0.E0));
#3051=VECTOR('',#3050,2.E-1);
#3052=CARTESIAN_POINT('',(-6.2E-1,0.E0,1.411E1));
#3053=LINE('9487',#3052,#3051);
#3054=DIRECTION('',(0.E0,-1.E0,0.E0));
#3055=VECTOR('',#3054,2.E-1);
#3056=CARTESIAN_POINT('',(-1.92E0,0.E0,1.411E1));
#3057=LINE('9486',#3056,#3055);
#3058=DIRECTION('',(-1.E0,0.E0,0.E0));
#3059=VECTOR('',#3058,6.5E-1);
#3060=CARTESIAN_POINT('',(1.595E0,-2.8E0,1.3125E1));
#3061=LINE('14338',#3060,#3059);
#3062=DIRECTION('',(-1.E0,0.E0,0.E0));
#3063=VECTOR('',#3062,6.5E-1);
#3064=CARTESIAN_POINT('',(1.595E0,-2.E-1,1.3125E1));
#3065=LINE('11511',#3064,#3063);
#3066=DIRECTION('',(0.E0,-1.E0,0.E0));
#3067=VECTOR('',#3066,2.6E0);
#3068=CARTESIAN_POINT('',(1.595E0,-2.E-1,1.3125E1));
#3069=LINE('14344',#3068,#3067);
#3070=DIRECTION('',(0.E0,0.E0,-1.E0));
#3071=VECTOR('',#3070,2.1E-1);
#3072=CARTESIAN_POINT('',(1.595E0,-2.8E0,1.401E1));
#3073=LINE('17888',#3072,#3071);
#3074=DIRECTION('',(0.E0,0.E0,1.E0));
#3075=VECTOR('',#3074,2.15E-1);
#3076=CARTESIAN_POINT('',(9.45E-1,-2.8E0,1.3795E1));
#3077=LINE('14355',#3076,#3075);
#3078=DIRECTION('',(0.E0,0.E0,-1.E0));
#3079=VECTOR('',#3078,2.1E-1);
#3080=CARTESIAN_POINT('',(1.595E0,-2.8E0,1.312E1));
#3081=LINE('17889',#3080,#3079);
#3082=DIRECTION('',(0.E0,0.E0,1.E0));
#3083=VECTOR('',#3082,2.15E-1);
#3084=CARTESIAN_POINT('',(9.45E-1,-2.8E0,1.291E1));
#3085=LINE('14354',#3084,#3083);
#3086=DIRECTION('',(0.E0,-8.660254037844E-1,5.E-1));
#3087=VECTOR('',#3086,3.464101615138E-1);
#3088=CARTESIAN_POINT('',(1.595E0,-6.96E0,1.38E1));
#3089=LINE('20463',#3088,#3087);
#3090=DIRECTION('',(1.E0,0.E0,0.E0));
#3091=VECTOR('',#3090,2.455E0);
#3092=CARTESIAN_POINT('',(1.595E0,-6.96E0,1.38E1));
#3093=LINE('20462',#3092,#3091);
#3094=DIRECTION('',(0.E0,1.E0,0.E0));
#3095=VECTOR('',#3094,4.16E0);
#3096=CARTESIAN_POINT('',(1.595E0,-6.96E0,1.38E1));
#3097=LINE('20483',#3096,#3095);
#3098=DIRECTION('',(9.876883405951E-1,1.564344650402E-1,0.E0));
#3099=VECTOR('',#3098,1.559272740541E0);
#3100=CARTESIAN_POINT('',(2.509924494360E0,-3.4E0,1.38E1));
#3101=LINE('17892',#3100,#3099);
#3102=DIRECTION('',(9.876883405951E-1,1.564344650402E-1,0.E0));
#3103=VECTOR('',#3102,1.559272740541E0);
#3104=CARTESIAN_POINT('',(2.509924494360E0,-3.4E0,1.312E1));
#3105=LINE('17895',#3104,#3103);
#3106=DIRECTION('',(0.E0,0.E0,1.E0));
#3107=VECTOR('',#3106,6.8E-1);
#3108=CARTESIAN_POINT('',(2.509924494360E0,-3.4E0,1.312E1));
#3109=LINE('17902',#3108,#3107);
#3110=DIRECTION('',(-1.E0,0.E0,0.E0));
#3111=VECTOR('',#3110,2.455E0);
#3112=CARTESIAN_POINT('',(4.05E0,-6.96E0,1.312E1));
#3113=LINE('20470',#3112,#3111);
#3114=DIRECTION('',(0.E0,1.E0,0.E0));
#3115=VECTOR('',#3114,3.803923997018E0);
#3116=CARTESIAN_POINT('',(4.05E0,-6.96E0,1.312E1));
#3117=LINE('20489',#3116,#3115);
#3118=DIRECTION('',(0.E0,8.660254037844E-1,5.E-1));
#3119=VECTOR('',#3118,3.464101615138E-1);
#3120=CARTESIAN_POINT('',(1.595E0,-7.26E0,1.294679491924E1));
#3121=LINE('20469',#3120,#3119);
#3122=DIRECTION('',(0.E0,1.E0,0.E0));
#3123=VECTOR('',#3122,4.16E0);
#3124=CARTESIAN_POINT('',(1.595E0,-6.96E0,1.312E1));
#3125=LINE('20490',#3124,#3123);
#3126=DIRECTION('',(0.E0,-1.E0,0.E0));
#3127=VECTOR('',#3126,1.050133076759E0);
#3128=CARTESIAN_POINT('',(5.583471458512E-1,-6.209866923241E0,1.291E1));
#3129=LINE('17874',#3128,#3127);
#3130=DIRECTION('',(6.021351496324E-2,9.981855201393E-1,0.E0));
#3131=VECTOR('',#3130,3.065429082576E0);
#3132=CARTESIAN_POINT('',(5.583471458512E-1,-6.209866923241E0,1.291E1));
#3133=LINE('17909',#3132,#3131);
#3134=DIRECTION('',(5.E-1,8.660254037844E-1,0.E0));
#3135=VECTOR('',#3134,4.041451884327E-1);
#3136=CARTESIAN_POINT('',(7.429274057836E-1,-3.15E0,1.291E1));
#3137=LINE('14308',#3136,#3135);
#3138=DIRECTION('',(1.E0,0.E0,0.E0));
#3139=VECTOR('',#3138,6.5E-1);
#3140=CARTESIAN_POINT('',(9.45E-1,-2.8E0,1.291E1));
#3141=LINE('17900',#3140,#3139);
#3142=DIRECTION('',(0.E0,-1.E0,0.E0));
#3143=VECTOR('',#3142,4.46E0);
#3144=CARTESIAN_POINT('',(1.595E0,-2.8E0,1.291E1));
#3145=LINE('17876',#3144,#3143);
#3146=DIRECTION('',(-1.E0,0.E0,0.E0));
#3147=VECTOR('',#3146,1.036652854149E0);
#3148=CARTESIAN_POINT('',(1.595E0,-7.26E0,1.291E1));
#3149=LINE('17911',#3148,#3147);
#3150=DIRECTION('',(-1.E0,0.E0,0.E0));
#3151=VECTOR('',#3150,1.1E0);
#3152=CARTESIAN_POINT('',(-9.45E-1,-7.26E0,1.291E1));
#3153=LINE('17912',#3152,#3151);
#3154=DIRECTION('',(1.684203562739E-1,9.857152649688E-1,0.E0));
#3155=VECTOR('',#3154,1.643476628163E0);
#3156=CARTESIAN_POINT('',(-2.045E0,-7.26E0,1.291E1));
#3157=LINE('12644',#3156,#3155);
#3158=DIRECTION('',(5.E-1,8.660254037844E-1,0.E0));
#3159=VECTOR('',#3158,3.464101615138E-1);
#3160=CARTESIAN_POINT('',(-1.768205080757E0,-5.64E0,1.291E1));
#3161=LINE('12586',#3160,#3159);
#3162=DIRECTION('',(0.E0,1.E0,0.E0));
#3163=VECTOR('',#3162,2.54E0);
#3164=CARTESIAN_POINT('',(-1.595E0,-5.34E0,1.291E1));
#3165=LINE('12578',#3164,#3163);
#3166=DIRECTION('',(1.E0,0.E0,0.E0));
#3167=VECTOR('',#3166,6.5E-1);
#3168=CARTESIAN_POINT('',(-1.595E0,-2.8E0,1.291E1));
#3169=LINE('12579',#3168,#3167);
#3170=DIRECTION('',(0.E0,-8.660254037844E-1,-5.E-1));
#3171=VECTOR('',#3170,3.464101615138E-1);
#3172=CARTESIAN_POINT('',(5.583471458512E-1,-6.96E0,1.312E1));
#3173=LINE('20475',#3172,#3171);
#3174=DIRECTION('',(0.E0,-8.660254037844E-1,5.E-1));
#3175=VECTOR('',#3174,3.464101615138E-1);
#3176=CARTESIAN_POINT('',(-9.45E-1,-6.96E0,1.38E1));
#3177=LINE('20467',#3176,#3175);
#3178=DIRECTION('',(0.E0,0.E0,-1.E0));
#3179=VECTOR('',#3178,6.8E-1);
#3180=CARTESIAN_POINT('',(-9.45E-1,-5.745463979883E0,1.38E1));
#3181=LINE('17899',#3180,#3179);
#3182=DIRECTION('',(0.E0,1.E0,0.E0));
#3183=VECTOR('',#3182,1.214536020117E0);
#3184=CARTESIAN_POINT('',(-9.45E-1,-6.96E0,1.312E1));
#3185=LINE('20488',#3184,#3183);
#3186=DIRECTION('',(0.E0,8.660254037844E-1,5.E-1));
#3187=VECTOR('',#3186,3.464101615138E-1);
#3188=CARTESIAN_POINT('',(-9.45E-1,-7.26E0,1.294679491924E1));
#3189=LINE('20473',#3188,#3187);
#3190=DIRECTION('',(0.E0,1.E0,0.E0));
#3191=VECTOR('',#3190,4.46E0);
#3192=CARTESIAN_POINT('',(-9.45E-1,-7.26E0,1.291E1));
#3193=LINE('17935',#3192,#3191);
#3194=DIRECTION('',(0.E0,0.E0,1.E0));
#3195=VECTOR('',#3194,2.15E-1);
#3196=CARTESIAN_POINT('',(-9.45E-1,-2.8E0,1.291E1));
#3197=LINE('12651',#3196,#3195);
#3198=DIRECTION('',(0.E0,0.E0,-1.E0));
#3199=VECTOR('',#3198,6.7E-1);
#3200=CARTESIAN_POINT('',(-9.45E-1,-2.E-1,1.3795E1));
#3201=LINE('11517',#3200,#3199);
#3202=DIRECTION('',(0.E0,-1.E0,0.E0));
#3203=VECTOR('',#3202,2.6E0);
#3204=CARTESIAN_POINT('',(-9.45E-1,-2.E-1,1.3795E1));
#3205=LINE('12641',#3204,#3203);
#3206=DIRECTION('',(0.E0,0.E0,1.E0));
#3207=VECTOR('',#3206,2.15E-1);
#3208=CARTESIAN_POINT('',(-9.45E-1,-2.8E0,1.3795E1));
#3209=LINE('12652',#3208,#3207);
#3210=DIRECTION('',(0.E0,-1.E0,0.E0));
#3211=VECTOR('',#3210,4.46E0);
#3212=CARTESIAN_POINT('',(-9.45E-1,-2.8E0,1.401E1));
#3213=LINE('17934',#3212,#3211);
#3214=DIRECTION('',(0.E0,8.660254037844E-1,-5.E-1));
#3215=VECTOR('',#3214,3.464101615138E-1);
#3216=CARTESIAN_POINT('',(5.583471458512E-1,-7.26E0,1.397320508076E1));
#3217=LINE('20465',#3216,#3215);
#3218=DIRECTION('',(0.E0,1.E0,0.E0));
#3219=VECTOR('',#3218,7.501330767586E-1);
#3220=CARTESIAN_POINT('',(5.583471458512E-1,-6.96E0,1.38E1));
#3221=LINE('20486',#3220,#3219);
#3222=DIRECTION('',(0.E0,-1.E0,0.E0));
#3223=VECTOR('',#3222,4.46E0);
#3224=CARTESIAN_POINT('',(1.595E0,-2.8E0,1.401E1));
#3225=LINE('17877',#3224,#3223);
#3226=DIRECTION('',(1.E0,0.E0,0.E0));
#3227=VECTOR('',#3226,6.5E-1);
#3228=CARTESIAN_POINT('',(9.45E-1,-2.8E0,1.401E1));
#3229=LINE('17901',#3228,#3227);
#3230=DIRECTION('',(5.E-1,8.660254037844E-1,0.E0));
#3231=VECTOR('',#3230,4.041451884327E-1);
#3232=CARTESIAN_POINT('',(7.429274057836E-1,-3.15E0,1.401E1));
#3233=LINE('14316',#3232,#3231);
#3234=DIRECTION('',(6.021351496324E-2,9.981855201393E-1,0.E0));
#3235=VECTOR('',#3234,3.065429082576E0);
#3236=CARTESIAN_POINT('',(5.583471458512E-1,-6.209866923241E0,1.401E1));
#3237=LINE('17910',#3236,#3235);
#3238=DIRECTION('',(0.E0,-1.E0,0.E0));
#3239=VECTOR('',#3238,1.050133076759E0);
#3240=CARTESIAN_POINT('',(5.583471458512E-1,-6.209866923241E0,1.401E1));
#3241=LINE('17879',#3240,#3239);
#3242=DIRECTION('',(1.E0,0.E0,0.E0));
#3243=VECTOR('',#3242,1.036652854149E0);
#3244=CARTESIAN_POINT('',(5.583471458512E-1,-7.26E0,1.401E1));
#3245=LINE('17914',#3244,#3243);
#3246=DIRECTION('',(1.E0,0.E0,0.E0));
#3247=VECTOR('',#3246,6.5E-1);
#3248=CARTESIAN_POINT('',(-1.595E0,-2.8E0,1.401E1));
#3249=LINE('12589',#3248,#3247);
#3250=DIRECTION('',(0.E0,1.E0,0.E0));
#3251=VECTOR('',#3250,2.54E0);
#3252=CARTESIAN_POINT('',(-1.595E0,-5.34E0,1.401E1));
#3253=LINE('12588',#3252,#3251);
#3254=DIRECTION('',(5.E-1,8.660254037844E-1,0.E0));
#3255=VECTOR('',#3254,3.464101615138E-1);
#3256=CARTESIAN_POINT('',(-1.768205080757E0,-5.64E0,1.401E1));
#3257=LINE('12596',#3256,#3255);
#3258=DIRECTION('',(1.684203562739E-1,9.857152649688E-1,0.E0));
#3259=VECTOR('',#3258,1.643476628163E0);
#3260=CARTESIAN_POINT('',(-2.045E0,-7.26E0,1.401E1));
#3261=LINE('12646',#3260,#3259);
#3262=DIRECTION('',(1.E0,0.E0,0.E0));
#3263=VECTOR('',#3262,1.1E0);
#3264=CARTESIAN_POINT('',(-2.045E0,-7.26E0,1.401E1));
#3265=LINE('17913',#3264,#3263);
#3266=DIRECTION('',(0.E0,0.E0,1.E0));
#3267=VECTOR('',#3266,1.1E0);
#3268=CARTESIAN_POINT('',(7.429274057836E-1,-3.15E0,1.291E1));
#3269=LINE('14329',#3268,#3267);
#3270=DIRECTION('',(0.E0,0.E0,1.E0));
#3271=VECTOR('',#3270,6.7E-1);
#3272=CARTESIAN_POINT('',(9.45E-1,-2.8E0,1.3125E1));
#3273=LINE('14339',#3272,#3271);
#3274=DIRECTION('',(0.E0,0.E0,1.E0));
#3275=VECTOR('',#3274,6.7E-1);
#3276=CARTESIAN_POINT('',(9.45E-1,-2.E-1,1.3125E1));
#3277=LINE('11512',#3276,#3275);
#3278=DIRECTION('',(0.E0,-1.E0,0.E0));
#3279=VECTOR('',#3278,2.6E0);
#3280=CARTESIAN_POINT('',(9.45E-1,-2.E-1,1.3125E1));
#3281=LINE('14345',#3280,#3279);
#3282=DIRECTION('',(1.E0,0.E0,0.E0));
#3283=VECTOR('',#3282,6.5E-1);
#3284=CARTESIAN_POINT('',(9.45E-1,-2.8E0,1.3795E1));
#3285=LINE('14340',#3284,#3283);
#3286=DIRECTION('',(1.E0,0.E0,0.E0));
#3287=VECTOR('',#3286,6.5E-1);
#3288=CARTESIAN_POINT('',(9.45E-1,-2.E-1,1.3795E1));
#3289=LINE('11513',#3288,#3287);
#3290=DIRECTION('',(0.E0,-1.E0,0.E0));
#3291=VECTOR('',#3290,2.6E0);
#3292=CARTESIAN_POINT('',(9.45E-1,-2.E-1,1.3795E1));
#3293=LINE('14346',#3292,#3291);
#3294=DIRECTION('',(0.E0,0.E0,-1.E0));
#3295=VECTOR('',#3294,6.7E-1);
#3296=CARTESIAN_POINT('',(1.595E0,-2.8E0,1.3795E1));
#3297=LINE('14341',#3296,#3295);
#3298=DIRECTION('',(0.E0,0.E0,-1.E0));
#3299=VECTOR('',#3298,6.7E-1);
#3300=CARTESIAN_POINT('',(1.595E0,-2.E-1,1.3795E1));
#3301=LINE('11514',#3300,#3299);
#3302=DIRECTION('',(0.E0,-1.E0,0.E0));
#3303=VECTOR('',#3302,2.6E0);
#3304=CARTESIAN_POINT('',(1.595E0,-2.E-1,1.3795E1));
#3305=LINE('14347',#3304,#3303);
#3306=CARTESIAN_POINT('',(2.382660813148E0,-2.596488739989E0,1.38E1));
#3307=DIRECTION('',(0.E0,0.E0,-1.E0));
#3308=DIRECTION('',(1.564344650402E-1,-9.876883405951E-1,0.E0));
#3309=AXIS2_PLACEMENT_3D('',#3306,#3307,#3308);
#3311=CARTESIAN_POINT('',(2.382660813148E0,-2.596488739989E0,1.312E1));
#3312=DIRECTION('',(0.E0,0.E0,-1.E0));
#3313=DIRECTION('',(1.564344650402E-1,-9.876883405951E-1,0.E0));
#3314=AXIS2_PLACEMENT_3D('',#3311,#3312,#3313);
#3316=DIRECTION('',(0.E0,8.881784197035E-14,1.E0));
#3317=VECTOR('',#3316,4.999999999981E-3);
#3318=CARTESIAN_POINT('',(1.595E0,-2.8E0,1.312E1));
#3319=LINE('23147',#3318,#3317);
#3320=DIRECTION('',(0.E0,-8.881784197035E-14,1.E0));
#3321=VECTOR('',#3320,4.999999999981E-3);
#3322=CARTESIAN_POINT('',(1.595E0,-2.8E0,1.3795E1));
#3323=LINE('23148',#3322,#3321);
#3324=DIRECTION('',(0.E0,1.268826313857E-14,-1.E0));
#3325=VECTOR('',#3324,2.1E-1);
#3326=CARTESIAN_POINT('',(5.583471458512E-1,-6.209866923241E0,1.401E1));
#3327=LINE('17885',#3326,#3325);
#3328=DIRECTION('',(0.E0,0.E0,1.E0));
#3329=VECTOR('',#3328,2.1E-1);
#3330=CARTESIAN_POINT('',(5.583471458512E-1,-6.209866923241E0,1.291E1));
#3331=LINE('17886',#3330,#3329);
#3332=DIRECTION('',(0.E0,0.E0,-1.E0));
#3333=VECTOR('',#3332,6.8E-1);
#3334=CARTESIAN_POINT('',(5.583471458512E-1,-6.209866923241E0,1.38E1));
#3335=LINE('17908',#3334,#3333);
#3336=DIRECTION('',(9.876883405951E-1,1.564344650402E-1,0.E0));
#3337=VECTOR('',#3336,8.195768174597E-1);
#3338=CARTESIAN_POINT('',(-2.511393209759E-1,-6.338076984240E0,1.38E1));
#3339=LINE('17884',#3338,#3337);
#3340=DIRECTION('',(9.876883405951E-1,1.564344650402E-1,0.E0));
#3341=VECTOR('',#3340,8.195768174597E-1);
#3342=CARTESIAN_POINT('',(-2.511393209759E-1,-6.338076984240E0,1.312E1));
#3343=LINE('17887',#3342,#3341);
#3344=DIRECTION('',(0.E0,0.E0,1.E0));
#3345=VECTOR('',#3344,6.8E-1);
#3346=CARTESIAN_POINT('',(-2.511393209759E-1,-6.338076984240E0,1.312E1));
#3347=LINE('17898',#3346,#3345);
#3348=DIRECTION('',(1.E0,0.E0,0.E0));
#3349=VECTOR('',#3348,1.503347145851E0);
#3350=CARTESIAN_POINT('',(-9.45E-1,-6.96E0,1.38E1));
#3351=LINE('20466',#3350,#3349);
#3352=DIRECTION('',(0.E0,1.E0,0.E0));
#3353=VECTOR('',#3352,1.214536020117E0);
#3354=CARTESIAN_POINT('',(-9.45E-1,-6.96E0,1.38E1));
#3355=LINE('20485',#3354,#3353);
#3356=CARTESIAN_POINT('',(-3.45E-1,-5.745463979883E0,1.38E1));
#3357=DIRECTION('',(0.E0,0.E0,-1.E0));
#3358=DIRECTION('',(1.564344650402E-1,-9.876883405951E-1,0.E0));
#3359=AXIS2_PLACEMENT_3D('',#3356,#3357,#3358);
#3361=CARTESIAN_POINT('',(-3.45E-1,-5.745463979883E0,1.312E1));
#3362=DIRECTION('',(0.E0,0.E0,-1.E0));
#3363=DIRECTION('',(1.564344650402E-1,-9.876883405951E-1,0.E0));
#3364=AXIS2_PLACEMENT_3D('',#3361,#3362,#3363);
#3366=DIRECTION('',(-1.E0,0.E0,0.E0));
#3367=VECTOR('',#3366,1.503347145851E0);
#3368=CARTESIAN_POINT('',(5.583471458512E-1,-6.96E0,1.312E1));
#3369=LINE('20474',#3368,#3367);
#3370=DIRECTION('',(0.E0,1.E0,0.E0));
#3371=VECTOR('',#3370,7.501330767586E-1);
#3372=CARTESIAN_POINT('',(5.583471458512E-1,-6.96E0,1.312E1));
#3373=LINE('20487',#3372,#3371);
#3374=DIRECTION('',(0.E0,0.E0,1.E0));
#3375=VECTOR('',#3374,2.15E-1);
#3376=CARTESIAN_POINT('',(-1.595E0,-2.8E0,1.3795E1));
#3377=LINE('12650',#3376,#3375);
#3378=DIRECTION('',(0.E0,0.E0,1.E0));
#3379=VECTOR('',#3378,2.15E-1);
#3380=CARTESIAN_POINT('',(-1.595E0,-2.8E0,1.291E1));
#3381=LINE('12649',#3380,#3379);
#3382=DIRECTION('',(1.E0,0.E0,0.E0));
#3383=VECTOR('',#3382,6.5E-1);
#3384=CARTESIAN_POINT('',(-1.595E0,-2.8E0,1.3795E1));
#3385=LINE('12627',#3384,#3383);
#3386=DIRECTION('',(1.E0,0.E0,0.E0));
#3387=VECTOR('',#3386,6.5E-1);
#3388=CARTESIAN_POINT('',(-1.595E0,-2.E-1,1.3795E1));
#3389=LINE('11516',#3388,#3387);
#3390=DIRECTION('',(0.E0,-1.E0,0.E0));
#3391=VECTOR('',#3390,2.6E0);
#3392=CARTESIAN_POINT('',(-1.595E0,-2.E-1,1.3795E1));
#3393=LINE('12640',#3392,#3391);
#3394=DIRECTION('',(0.E0,-1.E0,0.E0));
#3395=VECTOR('',#3394,2.6E0);
#3396=CARTESIAN_POINT('',(-1.595E0,-2.E-1,1.3125E1));
#3397=LINE('12639',#3396,#3395);
#3398=DIRECTION('',(0.E0,0.E0,1.E0));
#3399=VECTOR('',#3398,1.1E0);
#3400=CARTESIAN_POINT('',(-1.595E0,-5.34E0,1.291E1));
#3401=LINE('12656',#3400,#3399);
#3402=DIRECTION('',(0.E0,0.E0,1.E0));
#3403=VECTOR('',#3402,6.7E-1);
#3404=CARTESIAN_POINT('',(-1.595E0,-2.E-1,1.3125E1));
#3405=LINE('11515',#3404,#3403);
#3406=DIRECTION('',(-1.E0,0.E0,0.E0));
#3407=VECTOR('',#3406,6.5E-1);
#3408=CARTESIAN_POINT('',(-9.45E-1,-2.8E0,1.3125E1));
#3409=LINE('12631',#3408,#3407);
#3410=DIRECTION('',(-1.E0,0.E0,0.E0));
#3411=VECTOR('',#3410,6.5E-1);
#3412=CARTESIAN_POINT('',(-9.45E-1,-2.E-1,1.3125E1));
#3413=LINE('11518',#3412,#3411);
#3414=DIRECTION('',(0.E0,-1.E0,0.E0));
#3415=VECTOR('',#3414,2.6E0);
#3416=CARTESIAN_POINT('',(-9.45E-1,-2.E-1,1.3125E1));
#3417=LINE('12642',#3416,#3415);
#3418=DIRECTION('',(0.E0,0.E0,1.E0));
#3419=VECTOR('',#3418,1.1E0);
#3420=CARTESIAN_POINT('',(-1.768205080757E0,-5.64E0,1.291E1));
#3421=LINE('12614',#3420,#3419);
#3422=DIRECTION('',(0.E0,-1.E0,0.E0));
#3423=VECTOR('',#3422,2.E-1);
#3424=CARTESIAN_POINT('',(1.92E0,0.E0,1.535E1));
#3425=LINE('9531',#3424,#3423);
#3426=DIRECTION('',(0.E0,-1.E0,0.E0));
#3427=VECTOR('',#3426,2.E-1);
#3428=CARTESIAN_POINT('',(1.92E0,0.E0,1.665E1));
#3429=LINE('9534',#3428,#3427);
#3430=DIRECTION('',(0.E0,-1.E0,0.E0));
#3431=VECTOR('',#3430,2.E-1);
#3432=CARTESIAN_POINT('',(6.2E-1,0.E0,1.665E1));
#3433=LINE('9533',#3432,#3431);
#3434=DIRECTION('',(0.E0,-1.E0,0.E0));
#3435=VECTOR('',#3434,2.E-1);
#3436=CARTESIAN_POINT('',(6.2E-1,0.E0,1.535E1));
#3437=LINE('9532',#3436,#3435);
#3438=DIRECTION('',(-1.E0,0.E0,0.E0));
#3439=VECTOR('',#3438,1.3E0);
#3440=CARTESIAN_POINT('',(1.92E0,-2.E-1,1.535E1));
#3441=LINE('9499',#3440,#3439);
#3442=DIRECTION('',(0.E0,0.E0,-1.E0));
#3443=VECTOR('',#3442,1.3E0);
#3444=CARTESIAN_POINT('',(1.92E0,-2.E-1,1.665E1));
#3445=LINE('9502',#3444,#3443);
#3446=DIRECTION('',(1.E0,0.E0,0.E0));
#3447=VECTOR('',#3446,1.3E0);
#3448=CARTESIAN_POINT('',(6.2E-1,-2.E-1,1.665E1));
#3449=LINE('9501',#3448,#3447);
#3450=DIRECTION('',(0.E0,0.E0,1.E0));
#3451=VECTOR('',#3450,1.3E0);
#3452=CARTESIAN_POINT('',(6.2E-1,-2.E-1,1.535E1));
#3453=LINE('9500',#3452,#3451);
#3454=DIRECTION('',(0.E0,0.E0,1.E0));
#3455=VECTOR('',#3454,1.3E0);
#3456=CARTESIAN_POINT('',(-1.92E0,-2.E-1,1.535E1));
#3457=LINE('9503',#3456,#3455);
#3458=DIRECTION('',(-1.E0,0.E0,0.E0));
#3459=VECTOR('',#3458,1.3E0);
#3460=CARTESIAN_POINT('',(-6.2E-1,-2.E-1,1.535E1));
#3461=LINE('9506',#3460,#3459);
#3462=DIRECTION('',(0.E0,0.E0,-1.E0));
#3463=VECTOR('',#3462,1.3E0);
#3464=CARTESIAN_POINT('',(-6.2E-1,-2.E-1,1.665E1));
#3465=LINE('9505',#3464,#3463);
#3466=DIRECTION('',(1.E0,0.E0,0.E0));
#3467=VECTOR('',#3466,1.3E0);
#3468=CARTESIAN_POINT('',(-1.92E0,-2.E-1,1.665E1));
#3469=LINE('9504',#3468,#3467);
#3470=DIRECTION('',(0.E0,-1.E0,0.E0));
#3471=VECTOR('',#3470,2.E-1);
#3472=CARTESIAN_POINT('',(-1.92E0,0.E0,1.535E1));
#3473=LINE('9535',#3472,#3471);
#3474=DIRECTION('',(0.E0,-1.E0,0.E0));
#3475=VECTOR('',#3474,2.E-1);
#3476=CARTESIAN_POINT('',(-6.2E-1,0.E0,1.535E1));
#3477=LINE('9538',#3476,#3475);
#3478=DIRECTION('',(0.E0,-1.E0,0.E0));
#3479=VECTOR('',#3478,2.E-1);
#3480=CARTESIAN_POINT('',(-6.2E-1,0.E0,1.665E1));
#3481=LINE('9537',#3480,#3479);
#3482=DIRECTION('',(0.E0,-1.E0,0.E0));
#3483=VECTOR('',#3482,2.E-1);
#3484=CARTESIAN_POINT('',(-1.92E0,0.E0,1.665E1));
#3485=LINE('9536',#3484,#3483);
#3486=DIRECTION('',(-1.E0,0.E0,0.E0));
#3487=VECTOR('',#3486,6.5E-1);
#3488=CARTESIAN_POINT('',(1.595E0,-2.8E0,1.5665E1));
#3489=LINE('14392',#3488,#3487);
#3490=DIRECTION('',(-1.E0,0.E0,0.E0));
#3491=VECTOR('',#3490,6.5E-1);
#3492=CARTESIAN_POINT('',(1.595E0,-2.E-1,1.5665E1));
#3493=LINE('11527',#3492,#3491);
#3494=DIRECTION('',(0.E0,-1.E0,0.E0));
#3495=VECTOR('',#3494,2.6E0);
#3496=CARTESIAN_POINT('',(1.595E0,-2.E-1,1.5665E1));
#3497=LINE('14396',#3496,#3495);
#3498=DIRECTION('',(0.E0,0.E0,-1.E0));
#3499=VECTOR('',#3498,2.1E-1);
#3500=CARTESIAN_POINT('',(1.595E0,-2.8E0,1.655E1));
#3501=LINE('18022',#3500,#3499);
#3502=DIRECTION('',(0.E0,0.E0,1.E0));
#3503=VECTOR('',#3502,2.15E-1);
#3504=CARTESIAN_POINT('',(9.45E-1,-2.8E0,1.6335E1));
#3505=LINE('14409',#3504,#3503);
#3506=DIRECTION('',(0.E0,0.E0,-1.E0));
#3507=VECTOR('',#3506,2.1E-1);
#3508=CARTESIAN_POINT('',(1.595E0,-2.8E0,1.566E1));
#3509=LINE('18023',#3508,#3507);
#3510=DIRECTION('',(0.E0,0.E0,1.E0));
#3511=VECTOR('',#3510,2.15E-1);
#3512=CARTESIAN_POINT('',(9.45E-1,-2.8E0,1.545E1));
#3513=LINE('14408',#3512,#3511);
#3514=DIRECTION('',(0.E0,-8.660254037844E-1,5.E-1));
#3515=VECTOR('',#3514,3.464101615138E-1);
#3516=CARTESIAN_POINT('',(1.595E0,-6.96E0,1.634E1));
#3517=LINE('20587',#3516,#3515);
#3518=DIRECTION('',(1.E0,0.E0,0.E0));
#3519=VECTOR('',#3518,2.455E0);
#3520=CARTESIAN_POINT('',(1.595E0,-6.96E0,1.634E1));
#3521=LINE('20586',#3520,#3519);
#3522=DIRECTION('',(0.E0,1.E0,0.E0));
#3523=VECTOR('',#3522,4.16E0);
#3524=CARTESIAN_POINT('',(1.595E0,-6.96E0,1.634E1));
#3525=LINE('20607',#3524,#3523);
#3526=DIRECTION('',(9.876883405951E-1,1.564344650402E-1,0.E0));
#3527=VECTOR('',#3526,1.559272740541E0);
#3528=CARTESIAN_POINT('',(2.509924494360E0,-3.4E0,1.634E1));
#3529=LINE('18026',#3528,#3527);
#3530=DIRECTION('',(9.876883405951E-1,1.564344650402E-1,0.E0));
#3531=VECTOR('',#3530,1.559272740541E0);
#3532=CARTESIAN_POINT('',(2.509924494360E0,-3.4E0,1.566E1));
#3533=LINE('18029',#3532,#3531);
#3534=DIRECTION('',(0.E0,0.E0,1.E0));
#3535=VECTOR('',#3534,6.8E-1);
#3536=CARTESIAN_POINT('',(2.509924494360E0,-3.4E0,1.566E1));
#3537=LINE('18036',#3536,#3535);
#3538=DIRECTION('',(-1.E0,0.E0,0.E0));
#3539=VECTOR('',#3538,2.455E0);
#3540=CARTESIAN_POINT('',(4.05E0,-6.96E0,1.566E1));
#3541=LINE('20594',#3540,#3539);
#3542=DIRECTION('',(0.E0,1.E0,0.E0));
#3543=VECTOR('',#3542,3.803923997018E0);
#3544=CARTESIAN_POINT('',(4.05E0,-6.96E0,1.566E1));
#3545=LINE('20613',#3544,#3543);
#3546=DIRECTION('',(0.E0,8.660254037844E-1,5.E-1));
#3547=VECTOR('',#3546,3.464101615138E-1);
#3548=CARTESIAN_POINT('',(1.595E0,-7.26E0,1.548679491924E1));
#3549=LINE('20593',#3548,#3547);
#3550=DIRECTION('',(0.E0,1.E0,0.E0));
#3551=VECTOR('',#3550,4.16E0);
#3552=CARTESIAN_POINT('',(1.595E0,-6.96E0,1.566E1));
#3553=LINE('20614',#3552,#3551);
#3554=DIRECTION('',(0.E0,-1.E0,0.E0));
#3555=VECTOR('',#3554,1.050133076759E0);
#3556=CARTESIAN_POINT('',(5.583471458512E-1,-6.209866923241E0,1.545E1));
#3557=LINE('18008',#3556,#3555);
#3558=DIRECTION('',(6.021351496324E-2,9.981855201393E-1,0.E0));
#3559=VECTOR('',#3558,3.065429082576E0);
#3560=CARTESIAN_POINT('',(5.583471458512E-1,-6.209866923241E0,1.545E1));
#3561=LINE('18043',#3560,#3559);
#3562=DIRECTION('',(5.E-1,8.660254037844E-1,0.E0));
#3563=VECTOR('',#3562,4.041451884327E-1);
#3564=CARTESIAN_POINT('',(7.429274057836E-1,-3.15E0,1.545E1));
#3565=LINE('14362',#3564,#3563);
#3566=DIRECTION('',(1.E0,0.E0,0.E0));
#3567=VECTOR('',#3566,6.5E-1);
#3568=CARTESIAN_POINT('',(9.45E-1,-2.8E0,1.545E1));
#3569=LINE('18034',#3568,#3567);
#3570=DIRECTION('',(0.E0,-1.E0,0.E0));
#3571=VECTOR('',#3570,4.46E0);
#3572=CARTESIAN_POINT('',(1.595E0,-2.8E0,1.545E1));
#3573=LINE('18010',#3572,#3571);
#3574=DIRECTION('',(-1.E0,0.E0,0.E0));
#3575=VECTOR('',#3574,1.036652854149E0);
#3576=CARTESIAN_POINT('',(1.595E0,-7.26E0,1.545E1));
#3577=LINE('18045',#3576,#3575);
#3578=DIRECTION('',(-1.E0,0.E0,0.E0));
#3579=VECTOR('',#3578,1.1E0);
#3580=CARTESIAN_POINT('',(-9.45E-1,-7.26E0,1.545E1));
#3581=LINE('18046',#3580,#3579);
#3582=DIRECTION('',(1.684203562739E-1,9.857152649688E-1,0.E0));
#3583=VECTOR('',#3582,1.643476628163E0);
#3584=CARTESIAN_POINT('',(-2.045E0,-7.26E0,1.545E1));
#3585=LINE('12726',#3584,#3583);
#3586=DIRECTION('',(5.E-1,8.660254037844E-1,0.E0));
#3587=VECTOR('',#3586,3.464101615138E-1);
#3588=CARTESIAN_POINT('',(-1.768205080757E0,-5.64E0,1.545E1));
#3589=LINE('12668',#3588,#3587);
#3590=DIRECTION('',(0.E0,1.E0,0.E0));
#3591=VECTOR('',#3590,2.54E0);
#3592=CARTESIAN_POINT('',(-1.595E0,-5.34E0,1.545E1));
#3593=LINE('12660',#3592,#3591);
#3594=DIRECTION('',(1.E0,0.E0,0.E0));
#3595=VECTOR('',#3594,6.5E-1);
#3596=CARTESIAN_POINT('',(-1.595E0,-2.8E0,1.545E1));
#3597=LINE('12661',#3596,#3595);
#3598=DIRECTION('',(0.E0,-8.660254037844E-1,-5.E-1));
#3599=VECTOR('',#3598,3.464101615138E-1);
#3600=CARTESIAN_POINT('',(5.583471458512E-1,-6.96E0,1.566E1));
#3601=LINE('20599',#3600,#3599);
#3602=DIRECTION('',(0.E0,-8.660254037844E-1,5.E-1));
#3603=VECTOR('',#3602,3.464101615138E-1);
#3604=CARTESIAN_POINT('',(-9.45E-1,-6.96E0,1.634E1));
#3605=LINE('20591',#3604,#3603);
#3606=DIRECTION('',(0.E0,0.E0,-1.E0));
#3607=VECTOR('',#3606,6.8E-1);
#3608=CARTESIAN_POINT('',(-9.45E-1,-5.745463979883E0,1.634E1));
#3609=LINE('18033',#3608,#3607);
#3610=DIRECTION('',(0.E0,1.E0,0.E0));
#3611=VECTOR('',#3610,1.214536020117E0);
#3612=CARTESIAN_POINT('',(-9.45E-1,-6.96E0,1.566E1));
#3613=LINE('20612',#3612,#3611);
#3614=DIRECTION('',(0.E0,8.660254037844E-1,5.E-1));
#3615=VECTOR('',#3614,3.464101615138E-1);
#3616=CARTESIAN_POINT('',(-9.45E-1,-7.26E0,1.548679491924E1));
#3617=LINE('20597',#3616,#3615);
#3618=DIRECTION('',(0.E0,1.E0,0.E0));
#3619=VECTOR('',#3618,4.46E0);
#3620=CARTESIAN_POINT('',(-9.45E-1,-7.26E0,1.545E1));
#3621=LINE('18069',#3620,#3619);
#3622=DIRECTION('',(0.E0,0.E0,1.E0));
#3623=VECTOR('',#3622,2.15E-1);
#3624=CARTESIAN_POINT('',(-9.45E-1,-2.8E0,1.545E1));
#3625=LINE('12733',#3624,#3623);
#3626=DIRECTION('',(0.E0,0.E0,-1.E0));
#3627=VECTOR('',#3626,6.7E-1);
#3628=CARTESIAN_POINT('',(-9.45E-1,-2.E-1,1.6335E1));
#3629=LINE('11533',#3628,#3627);
#3630=DIRECTION('',(0.E0,-1.E0,0.E0));
#3631=VECTOR('',#3630,2.6E0);
#3632=CARTESIAN_POINT('',(-9.45E-1,-2.E-1,1.6335E1));
#3633=LINE('12721',#3632,#3631);
#3634=DIRECTION('',(0.E0,0.E0,1.E0));
#3635=VECTOR('',#3634,2.15E-1);
#3636=CARTESIAN_POINT('',(-9.45E-1,-2.8E0,1.6335E1));
#3637=LINE('12734',#3636,#3635);
#3638=DIRECTION('',(0.E0,-1.E0,0.E0));
#3639=VECTOR('',#3638,4.46E0);
#3640=CARTESIAN_POINT('',(-9.45E-1,-2.8E0,1.655E1));
#3641=LINE('18068',#3640,#3639);
#3642=DIRECTION('',(0.E0,8.660254037844E-1,-5.E-1));
#3643=VECTOR('',#3642,3.464101615138E-1);
#3644=CARTESIAN_POINT('',(5.583471458512E-1,-7.26E0,1.651320508076E1));
#3645=LINE('20589',#3644,#3643);
#3646=DIRECTION('',(0.E0,1.E0,0.E0));
#3647=VECTOR('',#3646,7.501330767586E-1);
#3648=CARTESIAN_POINT('',(5.583471458512E-1,-6.96E0,1.634E1));
#3649=LINE('20610',#3648,#3647);
#3650=DIRECTION('',(0.E0,-1.E0,0.E0));
#3651=VECTOR('',#3650,4.46E0);
#3652=CARTESIAN_POINT('',(1.595E0,-2.8E0,1.655E1));
#3653=LINE('18011',#3652,#3651);
#3654=DIRECTION('',(1.E0,0.E0,0.E0));
#3655=VECTOR('',#3654,6.5E-1);
#3656=CARTESIAN_POINT('',(9.45E-1,-2.8E0,1.655E1));
#3657=LINE('18035',#3656,#3655);
#3658=DIRECTION('',(5.E-1,8.660254037844E-1,0.E0));
#3659=VECTOR('',#3658,4.041451884327E-1);
#3660=CARTESIAN_POINT('',(7.429274057836E-1,-3.15E0,1.655E1));
#3661=LINE('14370',#3660,#3659);
#3662=DIRECTION('',(6.021351496324E-2,9.981855201393E-1,0.E0));
#3663=VECTOR('',#3662,3.065429082576E0);
#3664=CARTESIAN_POINT('',(5.583471458512E-1,-6.209866923241E0,1.655E1));
#3665=LINE('18044',#3664,#3663);
#3666=DIRECTION('',(0.E0,-1.E0,0.E0));
#3667=VECTOR('',#3666,1.050133076759E0);
#3668=CARTESIAN_POINT('',(5.583471458512E-1,-6.209866923241E0,1.655E1));
#3669=LINE('18013',#3668,#3667);
#3670=DIRECTION('',(1.E0,0.E0,0.E0));
#3671=VECTOR('',#3670,1.036652854149E0);
#3672=CARTESIAN_POINT('',(5.583471458512E-1,-7.26E0,1.655E1));
#3673=LINE('18048',#3672,#3671);
#3674=DIRECTION('',(1.E0,0.E0,0.E0));
#3675=VECTOR('',#3674,6.5E-1);
#3676=CARTESIAN_POINT('',(-1.595E0,-2.8E0,1.655E1));
#3677=LINE('12671',#3676,#3675);
#3678=DIRECTION('',(0.E0,1.E0,0.E0));
#3679=VECTOR('',#3678,2.54E0);
#3680=CARTESIAN_POINT('',(-1.595E0,-5.34E0,1.655E1));
#3681=LINE('12670',#3680,#3679);
#3682=DIRECTION('',(5.E-1,8.660254037844E-1,0.E0));
#3683=VECTOR('',#3682,3.464101615138E-1);
#3684=CARTESIAN_POINT('',(-1.768205080757E0,-5.64E0,1.655E1));
#3685=LINE('12678',#3684,#3683);
#3686=DIRECTION('',(1.684203562739E-1,9.857152649688E-1,0.E0));
#3687=VECTOR('',#3686,1.643476628163E0);
#3688=CARTESIAN_POINT('',(-2.045E0,-7.26E0,1.655E1));
#3689=LINE('12728',#3688,#3687);
#3690=DIRECTION('',(1.E0,0.E0,0.E0));
#3691=VECTOR('',#3690,1.1E0);
#3692=CARTESIAN_POINT('',(-2.045E0,-7.26E0,1.655E1));
#3693=LINE('18047',#3692,#3691);
#3694=DIRECTION('',(0.E0,0.E0,1.E0));
#3695=VECTOR('',#3694,1.1E0);
#3696=CARTESIAN_POINT('',(7.429274057836E-1,-3.15E0,1.545E1));
#3697=LINE('14383',#3696,#3695);
#3698=DIRECTION('',(0.E0,0.E0,1.E0));
#3699=VECTOR('',#3698,6.7E-1);
#3700=CARTESIAN_POINT('',(9.45E-1,-2.8E0,1.5665E1));
#3701=LINE('14393',#3700,#3699);
#3702=DIRECTION('',(0.E0,0.E0,1.E0));
#3703=VECTOR('',#3702,6.7E-1);
#3704=CARTESIAN_POINT('',(9.45E-1,-2.E-1,1.5665E1));
#3705=LINE('11528',#3704,#3703);
#3706=DIRECTION('',(0.E0,-1.E0,0.E0));
#3707=VECTOR('',#3706,2.6E0);
#3708=CARTESIAN_POINT('',(9.45E-1,-2.E-1,1.5665E1));
#3709=LINE('14397',#3708,#3707);
#3710=DIRECTION('',(1.E0,0.E0,0.E0));
#3711=VECTOR('',#3710,6.5E-1);
#3712=CARTESIAN_POINT('',(9.45E-1,-2.8E0,1.6335E1));
#3713=LINE('14394',#3712,#3711);
#3714=DIRECTION('',(1.E0,0.E0,0.E0));
#3715=VECTOR('',#3714,6.5E-1);
#3716=CARTESIAN_POINT('',(9.45E-1,-2.E-1,1.6335E1));
#3717=LINE('11529',#3716,#3715);
#3718=DIRECTION('',(0.E0,-1.E0,0.E0));
#3719=VECTOR('',#3718,2.6E0);
#3720=CARTESIAN_POINT('',(9.45E-1,-2.E-1,1.6335E1));
#3721=LINE('14398',#3720,#3719);
#3722=DIRECTION('',(0.E0,0.E0,-1.E0));
#3723=VECTOR('',#3722,6.7E-1);
#3724=CARTESIAN_POINT('',(1.595E0,-2.8E0,1.6335E1));
#3725=LINE('14395',#3724,#3723);
#3726=DIRECTION('',(0.E0,0.E0,-1.E0));
#3727=VECTOR('',#3726,6.7E-1);
#3728=CARTESIAN_POINT('',(1.595E0,-2.E-1,1.6335E1));
#3729=LINE('11530',#3728,#3727);
#3730=DIRECTION('',(0.E0,-1.E0,0.E0));
#3731=VECTOR('',#3730,2.6E0);
#3732=CARTESIAN_POINT('',(1.595E0,-2.E-1,1.6335E1));
#3733=LINE('14399',#3732,#3731);
#3734=CARTESIAN_POINT('',(2.382660813148E0,-2.596488739989E0,1.634E1));
#3735=DIRECTION('',(0.E0,0.E0,-1.E0));
#3736=DIRECTION('',(1.564344650402E-1,-9.876883405951E-1,0.E0));
#3737=AXIS2_PLACEMENT_3D('',#3734,#3735,#3736);
#3739=CARTESIAN_POINT('',(2.382660813148E0,-2.596488739989E0,1.566E1));
#3740=DIRECTION('',(0.E0,0.E0,-1.E0));
#3741=DIRECTION('',(1.564344650402E-1,-9.876883405951E-1,0.E0));
#3742=AXIS2_PLACEMENT_3D('',#3739,#3740,#3741);
#3744=DIRECTION('',(0.E0,8.881784197038E-14,1.E0));
#3745=VECTOR('',#3744,4.999999999979E-3);
#3746=CARTESIAN_POINT('',(1.595E0,-2.8E0,1.566E1));
#3747=LINE('23149',#3746,#3745);
#3748=DIRECTION('',(0.E0,-8.881784197035E-14,1.E0));
#3749=VECTOR('',#3748,4.999999999981E-3);
#3750=CARTESIAN_POINT('',(1.595E0,-2.8E0,1.6335E1));
#3751=LINE('23150',#3750,#3749);
#3752=DIRECTION('',(0.E0,1.268826313857E-14,-1.E0));
#3753=VECTOR('',#3752,2.1E-1);
#3754=CARTESIAN_POINT('',(5.583471458512E-1,-6.209866923241E0,1.655E1));
#3755=LINE('18019',#3754,#3753);
#3756=DIRECTION('',(0.E0,0.E0,1.E0));
#3757=VECTOR('',#3756,2.1E-1);
#3758=CARTESIAN_POINT('',(5.583471458512E-1,-6.209866923241E0,1.545E1));
#3759=LINE('18020',#3758,#3757);
#3760=DIRECTION('',(0.E0,0.E0,-1.E0));
#3761=VECTOR('',#3760,6.8E-1);
#3762=CARTESIAN_POINT('',(5.583471458512E-1,-6.209866923241E0,1.634E1));
#3763=LINE('18042',#3762,#3761);
#3764=DIRECTION('',(9.876883405951E-1,1.564344650402E-1,0.E0));
#3765=VECTOR('',#3764,8.195768174597E-1);
#3766=CARTESIAN_POINT('',(-2.511393209759E-1,-6.338076984240E0,1.634E1));
#3767=LINE('18018',#3766,#3765);
#3768=DIRECTION('',(9.876883405951E-1,1.564344650402E-1,0.E0));
#3769=VECTOR('',#3768,8.195768174597E-1);
#3770=CARTESIAN_POINT('',(-2.511393209759E-1,-6.338076984240E0,1.566E1));
#3771=LINE('18021',#3770,#3769);
#3772=DIRECTION('',(0.E0,0.E0,1.E0));
#3773=VECTOR('',#3772,6.8E-1);
#3774=CARTESIAN_POINT('',(-2.511393209759E-1,-6.338076984240E0,1.566E1));
#3775=LINE('18032',#3774,#3773);
#3776=DIRECTION('',(1.E0,0.E0,0.E0));
#3777=VECTOR('',#3776,1.503347145851E0);
#3778=CARTESIAN_POINT('',(-9.45E-1,-6.96E0,1.634E1));
#3779=LINE('20590',#3778,#3777);
#3780=DIRECTION('',(0.E0,1.E0,0.E0));
#3781=VECTOR('',#3780,1.214536020117E0);
#3782=CARTESIAN_POINT('',(-9.45E-1,-6.96E0,1.634E1));
#3783=LINE('20609',#3782,#3781);
#3784=CARTESIAN_POINT('',(-3.45E-1,-5.745463979883E0,1.634E1));
#3785=DIRECTION('',(0.E0,0.E0,-1.E0));
#3786=DIRECTION('',(1.564344650402E-1,-9.876883405951E-1,0.E0));
#3787=AXIS2_PLACEMENT_3D('',#3784,#3785,#3786);
#3789=CARTESIAN_POINT('',(-3.45E-1,-5.745463979883E0,1.566E1));
#3790=DIRECTION('',(0.E0,0.E0,-1.E0));
#3791=DIRECTION('',(1.564344650402E-1,-9.876883405951E-1,0.E0));
#3792=AXIS2_PLACEMENT_3D('',#3789,#3790,#3791);
#3794=DIRECTION('',(-1.E0,0.E0,0.E0));
#3795=VECTOR('',#3794,1.503347145851E0);
#3796=CARTESIAN_POINT('',(5.583471458512E-1,-6.96E0,1.566E1));
#3797=LINE('20598',#3796,#3795);
#3798=DIRECTION('',(0.E0,1.E0,0.E0));
#3799=VECTOR('',#3798,7.501330767586E-1);
#3800=CARTESIAN_POINT('',(5.583471458512E-1,-6.96E0,1.566E1));
#3801=LINE('20611',#3800,#3799);
#3802=DIRECTION('',(0.E0,0.E0,1.E0));
#3803=VECTOR('',#3802,2.15E-1);
#3804=CARTESIAN_POINT('',(-1.595E0,-2.8E0,1.6335E1));
#3805=LINE('12732',#3804,#3803);
#3806=DIRECTION('',(0.E0,0.E0,1.E0));
#3807=VECTOR('',#3806,2.15E-1);
#3808=CARTESIAN_POINT('',(-1.595E0,-2.8E0,1.545E1));
#3809=LINE('12731',#3808,#3807);
#3810=DIRECTION('',(1.E0,0.E0,0.E0));
#3811=VECTOR('',#3810,6.5E-1);
#3812=CARTESIAN_POINT('',(-1.595E0,-2.8E0,1.6335E1));
#3813=LINE('12709',#3812,#3811);
#3814=DIRECTION('',(1.E0,0.E0,0.E0));
#3815=VECTOR('',#3814,6.5E-1);
#3816=CARTESIAN_POINT('',(-1.595E0,-2.E-1,1.6335E1));
#3817=LINE('11532',#3816,#3815);
#3818=DIRECTION('',(0.E0,-1.E0,0.E0));
#3819=VECTOR('',#3818,2.6E0);
#3820=CARTESIAN_POINT('',(-1.595E0,-2.E-1,1.6335E1));
#3821=LINE('12720',#3820,#3819);
#3822=DIRECTION('',(0.E0,-1.E0,0.E0));
#3823=VECTOR('',#3822,2.6E0);
#3824=CARTESIAN_POINT('',(-1.595E0,-2.E-1,1.5665E1));
#3825=LINE('12719',#3824,#3823);
#3826=DIRECTION('',(0.E0,0.E0,1.E0));
#3827=VECTOR('',#3826,1.1E0);
#3828=CARTESIAN_POINT('',(-1.595E0,-5.34E0,1.545E1));
#3829=LINE('12738',#3828,#3827);
#3830=DIRECTION('',(0.E0,0.E0,1.E0));
#3831=VECTOR('',#3830,6.7E-1);
#3832=CARTESIAN_POINT('',(-1.595E0,-2.E-1,1.5665E1));
#3833=LINE('11531',#3832,#3831);
#3834=DIRECTION('',(-1.E0,0.E0,0.E0));
#3835=VECTOR('',#3834,6.5E-1);
#3836=CARTESIAN_POINT('',(-9.45E-1,-2.8E0,1.5665E1));
#3837=LINE('12713',#3836,#3835);
#3838=DIRECTION('',(-1.E0,0.E0,0.E0));
#3839=VECTOR('',#3838,6.5E-1);
#3840=CARTESIAN_POINT('',(-9.45E-1,-2.E-1,1.5665E1));
#3841=LINE('11534',#3840,#3839);
#3842=DIRECTION('',(0.E0,-1.E0,0.E0));
#3843=VECTOR('',#3842,2.6E0);
#3844=CARTESIAN_POINT('',(-9.45E-1,-2.E-1,1.5665E1));
#3845=LINE('12722',#3844,#3843);
#3846=DIRECTION('',(0.E0,0.E0,1.E0));
#3847=VECTOR('',#3846,1.1E0);
#3848=CARTESIAN_POINT('',(-1.768205080757E0,-5.64E0,1.545E1));
#3849=LINE('12696',#3848,#3847);
#3850=DIRECTION('',(0.E0,-1.E0,0.E0));
#3851=VECTOR('',#3850,2.E-1);
#3852=CARTESIAN_POINT('',(6.2E-1,0.E0,1.789E1));
#3853=LINE('9582',#3852,#3851);
#3854=DIRECTION('',(0.E0,-1.E0,0.E0));
#3855=VECTOR('',#3854,2.E-1);
#3856=CARTESIAN_POINT('',(6.2E-1,0.E0,1.919E1));
#3857=LINE('9583',#3856,#3855);
#3858=DIRECTION('',(0.E0,-1.E0,0.E0));
#3859=VECTOR('',#3858,2.E-1);
#3860=CARTESIAN_POINT('',(1.92E0,0.E0,1.919E1));
#3861=LINE('9584',#3860,#3859);
#3862=DIRECTION('',(0.E0,-1.E0,0.E0));
#3863=VECTOR('',#3862,2.E-1);
#3864=CARTESIAN_POINT('',(-1.92E0,0.E0,1.789E1));
#3865=LINE('9585',#3864,#3863);
#3866=DIRECTION('',(0.E0,-1.E0,0.E0));
#3867=VECTOR('',#3866,2.E-1);
#3868=CARTESIAN_POINT('',(-6.2E-1,0.E0,1.789E1));
#3869=LINE('9588',#3868,#3867);
#3870=DIRECTION('',(0.E0,-1.E0,0.E0));
#3871=VECTOR('',#3870,2.E-1);
#3872=CARTESIAN_POINT('',(-6.2E-1,0.E0,1.919E1));
#3873=LINE('9587',#3872,#3871);
#3874=DIRECTION('',(0.E0,-1.E0,0.E0));
#3875=VECTOR('',#3874,2.E-1);
#3876=CARTESIAN_POINT('',(-1.92E0,0.E0,1.919E1));
#3877=LINE('9586',#3876,#3875);
#3878=DIRECTION('',(0.E0,-1.E0,0.E0));
#3879=VECTOR('',#3878,2.6E0);
#3880=CARTESIAN_POINT('',(-1.595E0,-2.E-1,1.8205E1));
#3881=LINE('12801',#3880,#3879);
#3882=DIRECTION('',(0.E0,0.E0,1.E0));
#3883=VECTOR('',#3882,1.1E0);
#3884=CARTESIAN_POINT('',(-1.595E0,-5.34E0,1.799E1));
#3885=LINE('12820',#3884,#3883);
#3886=DIRECTION('',(0.E0,0.E0,1.E0));
#3887=VECTOR('',#3886,6.7E-1);
#3888=CARTESIAN_POINT('',(-1.595E0,-2.E-1,1.8205E1));
#3889=LINE('11547',#3888,#3887);
#3890=DIRECTION('',(-1.E0,0.E0,0.E0));
#3891=VECTOR('',#3890,6.5E-1);
#3892=CARTESIAN_POINT('',(-9.45E-1,-2.8E0,1.8205E1));
#3893=LINE('12795',#3892,#3891);
#3894=DIRECTION('',(-1.E0,0.E0,0.E0));
#3895=VECTOR('',#3894,6.5E-1);
#3896=CARTESIAN_POINT('',(-9.45E-1,-2.E-1,1.8205E1));
#3897=LINE('11550',#3896,#3895);
#3898=DIRECTION('',(0.E0,-1.E0,0.E0));
#3899=VECTOR('',#3898,2.6E0);
#3900=CARTESIAN_POINT('',(-9.45E-1,-2.E-1,1.8205E1));
#3901=LINE('12804',#3900,#3899);
#3902=DIRECTION('',(0.E0,0.E0,1.E0));
#3903=VECTOR('',#3902,2.15E-1);
#3904=CARTESIAN_POINT('',(-1.595E0,-2.8E0,1.8875E1));
#3905=LINE('12814',#3904,#3903);
#3906=DIRECTION('',(0.E0,0.E0,1.E0));
#3907=VECTOR('',#3906,2.15E-1);
#3908=CARTESIAN_POINT('',(-1.595E0,-2.8E0,1.799E1));
#3909=LINE('12813',#3908,#3907);
#3910=DIRECTION('',(1.E0,0.E0,0.E0));
#3911=VECTOR('',#3910,6.5E-1);
#3912=CARTESIAN_POINT('',(-1.595E0,-2.8E0,1.8875E1));
#3913=LINE('12791',#3912,#3911);
#3914=DIRECTION('',(1.E0,0.E0,0.E0));
#3915=VECTOR('',#3914,6.5E-1);
#3916=CARTESIAN_POINT('',(-1.595E0,-2.E-1,1.8875E1));
#3917=LINE('11548',#3916,#3915);
#3918=DIRECTION('',(0.E0,-1.E0,0.E0));
#3919=VECTOR('',#3918,2.6E0);
#3920=CARTESIAN_POINT('',(-1.595E0,-2.E-1,1.8875E1));
#3921=LINE('12802',#3920,#3919);
#3922=DIRECTION('',(0.E0,0.E0,1.E0));
#3923=VECTOR('',#3922,1.1E0);
#3924=CARTESIAN_POINT('',(-1.768205080757E0,-5.64E0,1.799E1));
#3925=LINE('12778',#3924,#3923);
#3926=DIRECTION('',(7.184773476085E-2,9.974156119741E-1,0.E0));
#3927=VECTOR('',#3926,5.915287397921E0);
#3928=CARTESIAN_POINT('',(2.325E0,3.74E0,3.08E0));
#3929=LINE('1333',#3928,#3927);
#3930=DIRECTION('',(7.184773476085E-2,9.974156119741E-1,0.E0));
#3931=VECTOR('',#3930,5.915287397921E0);
#3932=CARTESIAN_POINT('',(2.325E0,3.74E0,5.08E0));
#3933=LINE('1336',#3932,#3931);
#3934=DIRECTION('',(-7.184773476085E-2,9.974156119741E-1,0.E0));
#3935=VECTOR('',#3934,5.915287397921E0);
#3936=CARTESIAN_POINT('',(-2.325E0,3.74E0,5.08E0));
#3937=LINE('1335',#3936,#3935);
#3938=DIRECTION('',(-7.184773476085E-2,9.974156119741E-1,0.E0));
#3939=VECTOR('',#3938,5.915287397921E0);
#3940=CARTESIAN_POINT('',(-2.325E0,3.74E0,3.08E0));
#3941=LINE('1334',#3940,#3939);
#3942=DIRECTION('',(0.E0,-1.E0,0.E0));
#3943=VECTOR('',#3942,4.E-1);
#3944=CARTESIAN_POINT('',(-2.325E0,2.74E0,3.08E0));
#3945=LINE('779',#3944,#3943);
#3946=DIRECTION('',(1.E0,0.E0,0.E0));
#3947=VECTOR('',#3946,1.725E0);
#3948=CARTESIAN_POINT('',(-4.05E0,2.74E0,3.08E0));
#3949=LINE('782',#3948,#3947);
#3950=DIRECTION('',(0.E0,-1.E0,0.E0));
#3951=VECTOR('',#3950,4.E-1);
#3952=CARTESIAN_POINT('',(2.325E0,2.74E0,3.08E0));
#3953=LINE('778',#3952,#3951);
#3954=DIRECTION('',(1.E0,-1.139202142581E-9,0.E0));
#3955=VECTOR('',#3954,7.25E-1);
#3956=CARTESIAN_POINT('',(2.325E0,2.74E0,3.08E0));
#3957=LINE('1246',#3956,#3955);
#3958=DIRECTION('',(0.E0,1.E0,0.E0));
#3959=VECTOR('',#3958,4.E-1);
#3960=CARTESIAN_POINT('',(3.55E0,2.34E0,3.58E0));
#3961=LINE('1241',#3960,#3959);
#3962=CARTESIAN_POINT('',(3.05E0,2.34E0,3.58E0));
#3963=DIRECTION('',(0.E0,1.E0,0.E0));
#3964=DIRECTION('',(1.E0,0.E0,0.E0));
#3965=AXIS2_PLACEMENT_3D('',#3962,#3963,#3964);
#3967=DIRECTION('',(0.E0,1.E0,0.E0));
#3968=VECTOR('',#3967,3.999999985743E-1);
#3969=CARTESIAN_POINT('',(3.05E0,2.340000000600E0,3.08E0));
#3970=LINE('1242',#3969,#3968);
#3971=CARTESIAN_POINT('',(3.549999999999E0,2.34E0,4.08E0));
#3972=DIRECTION('',(1.E0,0.E0,0.E0));
#3973=DIRECTION('',(0.E0,0.E0,1.E0));
#3974=AXIS2_PLACEMENT_3D('',#3971,#3972,#3973);
#3976=CARTESIAN_POINT('',(3.05E0,2.339999995199E0,4.58E0));
#3977=DIRECTION('',(0.E0,-1.E0,-9.602677736309E-9));
#3978=DIRECTION('',(1.E0,0.E0,0.E0));
#3979=AXIS2_PLACEMENT_3D('',#3976,#3977,#3978);
#3981=CARTESIAN_POINT('',(3.05E0,2.34E0,4.08E0));
#3982=DIRECTION('',(1.E0,0.E0,0.E0));
#3983=DIRECTION('',(0.E0,0.E0,1.E0));
#3984=AXIS2_PLACEMENT_3D('',#3981,#3982,#3983);
#3986=DIRECTION('',(0.E0,-1.E0,0.E0));
#3987=VECTOR('',#3986,4.E-1);
#3988=CARTESIAN_POINT('',(3.55E0,2.74E0,4.58E0));
#3989=LINE('1237',#3988,#3987);
#3990=CARTESIAN_POINT('',(3.05E0,2.74E0,4.58E0));
#3991=DIRECTION('',(0.E0,-1.E0,0.E0));
#3992=DIRECTION('',(1.E0,0.E0,0.E0));
#3993=AXIS2_PLACEMENT_3D('',#3990,#3991,#3992);
#3995=DIRECTION('',(0.E0,-1.E0,0.E0));
#3996=VECTOR('',#3995,3.999999985743E-1);
#3997=CARTESIAN_POINT('',(3.05E0,2.739999999400E0,5.08E0));
#3998=LINE('1238',#3997,#3996);
#3999=CARTESIAN_POINT('',(3.549999999999E0,2.74E0,4.08E0));
#4000=DIRECTION('',(1.E0,0.E0,0.E0));
#4001=DIRECTION('',(0.E0,0.E0,-1.E0));
#4002=AXIS2_PLACEMENT_3D('',#3999,#4000,#4001);
#4004=CARTESIAN_POINT('',(3.05E0,2.740000004801E0,3.58E0));
#4005=DIRECTION('',(0.E0,1.E0,9.602677444875E-9));
#4006=DIRECTION('',(1.E0,0.E0,0.E0));
#4007=AXIS2_PLACEMENT_3D('',#4004,#4005,#4006);
#4009=CARTESIAN_POINT('',(3.05E0,2.74E0,4.08E0));
#4010=DIRECTION('',(1.E0,0.E0,0.E0));
#4011=DIRECTION('',(0.E0,0.E0,-1.E0));
#4012=AXIS2_PLACEMENT_3D('',#4009,#4010,#4011);
#4014=CARTESIAN_POINT('',(3.549999999999E0,2.34E0,2.538E1));
#4015=DIRECTION('',(1.E0,0.E0,0.E0));
#4016=DIRECTION('',(0.E0,1.776359448091E-14,1.E0));
#4017=AXIS2_PLACEMENT_3D('',#4014,#4015,#4016);
#4019=CARTESIAN_POINT('',(3.05E0,2.339999995199E0,2.588E1));
#4020=DIRECTION('',(0.E0,-1.E0,-9.602659889474E-9));
#4021=DIRECTION('',(1.E0,0.E0,0.E0));
#4022=AXIS2_PLACEMENT_3D('',#4019,#4020,#4021);
#4024=CARTESIAN_POINT('',(3.05E0,2.34E0,2.538E1));
#4025=DIRECTION('',(1.E0,0.E0,0.E0));
#4026=DIRECTION('',(0.E0,1.731947918415E-14,1.E0));
#4027=AXIS2_PLACEMENT_3D('',#4024,#4025,#4026);
#4029=DIRECTION('',(0.E0,-1.E0,0.E0));
#4030=VECTOR('',#4029,4.E-1);
#4031=CARTESIAN_POINT('',(3.55E0,2.74E0,2.588E1));
#4032=LINE('1278',#4031,#4030);
#4033=CARTESIAN_POINT('',(3.05E0,2.74E0,2.588E1));
#4034=DIRECTION('',(0.E0,-1.E0,1.340766261229E-14));
#4035=DIRECTION('',(1.E0,0.E0,0.E0));
#4036=AXIS2_PLACEMENT_3D('',#4033,#4034,#4035);
#4038=DIRECTION('',(0.E0,-1.E0,0.E0));
#4039=VECTOR('',#4038,3.999999985743E-1);
#4040=CARTESIAN_POINT('',(3.05E0,2.739999999400E0,2.638E1));
#4041=LINE('1279',#4040,#4039);
#4042=CARTESIAN_POINT('',(3.549999999999E0,2.74E0,2.538E1));
#4043=DIRECTION('',(1.E0,0.E0,0.E0));
#4044=DIRECTION('',(0.E0,0.E0,-1.E0));
#4045=AXIS2_PLACEMENT_3D('',#4042,#4043,#4044);
#4047=CARTESIAN_POINT('',(3.05E0,2.740000004801E0,2.488E1));
#4048=DIRECTION('',(0.E0,1.E0,9.602676959153E-9));
#4049=DIRECTION('',(1.E0,0.E0,0.E0));
#4050=AXIS2_PLACEMENT_3D('',#4047,#4048,#4049);
#4052=CARTESIAN_POINT('',(3.05E0,2.74E0,2.538E1));
#4053=DIRECTION('',(1.E0,0.E0,0.E0));
#4054=DIRECTION('',(0.E0,0.E0,-1.E0));
#4055=AXIS2_PLACEMENT_3D('',#4052,#4053,#4054);
#4057=DIRECTION('',(0.E0,1.E0,0.E0));
#4058=VECTOR('',#4057,4.E-1);
#4059=CARTESIAN_POINT('',(3.55E0,2.34E0,2.488E1));
#4060=LINE('1282',#4059,#4058);
#4061=CARTESIAN_POINT('',(3.05E0,2.34E0,2.488E1));
#4062=DIRECTION('',(0.E0,1.E0,0.E0));
#4063=DIRECTION('',(1.E0,0.E0,0.E0));
#4064=AXIS2_PLACEMENT_3D('',#4061,#4062,#4063);
#4066=DIRECTION('',(0.E0,1.E0,0.E0));
#4067=VECTOR('',#4066,3.999999985743E-1);
#4068=CARTESIAN_POINT('',(3.05E0,2.340000000600E0,2.438E1));
#4069=LINE('1283',#4068,#4067);
#4070=CARTESIAN_POINT('',(-4.05E0,-7.26E0,0.E0));
#4071=CARTESIAN_POINT('',(4.05E0,-7.26E0,0.E0));
#4072=VERTEX_POINT('',#4070);
#4073=VERTEX_POINT('',#4071);
#4074=CARTESIAN_POINT('',(-4.05E0,-7.26E0,2.946E1));
#4075=CARTESIAN_POINT('',(4.05E0,-7.26E0,2.946E1));
#4076=VERTEX_POINT('',#4074);
#4077=VERTEX_POINT('',#4075);
#4078=CARTESIAN_POINT('',(-4.05E0,1.24E0,2.946E1));
#4079=CARTESIAN_POINT('',(-4.05E0,9.64E0,2.640265003216E1));
#4080=VERTEX_POINT('',#4078);
#4081=VERTEX_POINT('',#4079);
#4082=CARTESIAN_POINT('',(-4.05E0,9.64E0,2.2575E1));
#4083=CARTESIAN_POINT('',(-4.05E0,6.770590477449E0,2.180614403568E1));
#4084=VERTEX_POINT('',#4082);
#4085=VERTEX_POINT('',#4083);
#4086=CARTESIAN_POINT('',(-4.05E0,6.4E0,2.132318112253E1));
#4087=VERTEX_POINT('',#4086);
#4088=CARTESIAN_POINT('',(-4.05E0,6.4E0,8.137E0));
#4089=CARTESIAN_POINT('',(-4.05E0,6.770590444647E0,7.653855973111E0));
#4090=VERTEX_POINT('',#4088);
#4091=VERTEX_POINT('',#4089);
#4092=CARTESIAN_POINT('',(-4.05E0,9.64E0,6.885E0));
#4093=VERTEX_POINT('',#4092);
#4094=CARTESIAN_POINT('',(-4.05E0,9.64E0,3.057349967836E0));
#4095=CARTESIAN_POINT('',(-4.05E0,1.24E0,0.E0));
#4096=VERTEX_POINT('',#4094);
#4097=VERTEX_POINT('',#4095);
#4098=CARTESIAN_POINT('',(4.05E0,9.64E0,2.2575E1));
#4099=CARTESIAN_POINT('',(4.05E0,6.770590477449E0,2.180614403568E1));
#4100=VERTEX_POINT('',#4098);
#4101=VERTEX_POINT('',#4099);
#4102=CARTESIAN_POINT('',(4.05E0,6.4E0,2.132318112253E1));
#4103=VERTEX_POINT('',#4102);
#4104=CARTESIAN_POINT('',(4.05E0,6.4E0,8.137E0));
#4105=VERTEX_POINT('',#4104);
#4106=CARTESIAN_POINT('',(4.05E0,6.770590444647E0,7.653855973111E0));
#4107=VERTEX_POINT('',#4106);
#4108=CARTESIAN_POINT('',(4.05E0,9.64E0,6.885E0));
#4109=VERTEX_POINT('',#4108);
#4110=CARTESIAN_POINT('',(4.05E0,1.24E0,0.E0));
#4111=VERTEX_POINT('',#4110);
#4112=CARTESIAN_POINT('',(4.05E0,1.24E0,2.946E1));
#4113=VERTEX_POINT('',#4112);
#4114=CARTESIAN_POINT('',(4.05E0,9.64E0,3.057349967836E0));
#4115=VERTEX_POINT('',#4114);
#4116=CARTESIAN_POINT('',(4.05E0,9.64E0,2.640265003216E1));
#4117=VERTEX_POINT('',#4116);
#4118=CARTESIAN_POINT('',(3.2E0,0.E0,2.2575E1));
#4119=CARTESIAN_POINT('',(3.2E0,0.E0,6.885E0));
#4120=VERTEX_POINT('',#4118);
#4121=VERTEX_POINT('',#4119);
#4122=CARTESIAN_POINT('',(-3.2E0,0.E0,2.2575E1));
#4123=CARTESIAN_POINT('',(-3.2E0,0.E0,6.885E0));
#4124=VERTEX_POINT('',#4122);
#4125=VERTEX_POINT('',#4123);
#4126=CARTESIAN_POINT('',(3.2E0,9.64E0,2.2575E1));
#4127=CARTESIAN_POINT('',(3.2E0,6.770590477449E0,2.180614403568E1));
#4128=VERTEX_POINT('',#4126);
#4129=VERTEX_POINT('',#4127);
#4130=CARTESIAN_POINT('',(-3.2E0,9.64E0,2.2575E1));
#4131=CARTESIAN_POINT('',(-3.2E0,6.770590477449E0,2.180614403568E1));
#4132=VERTEX_POINT('',#4130);
#4133=VERTEX_POINT('',#4131);
#4134=CARTESIAN_POINT('',(3.2E0,6.4E0,2.132318112253E1));
#4135=VERTEX_POINT('',#4134);
#4136=CARTESIAN_POINT('',(-3.2E0,6.4E0,2.132318112253E1));
#4137=VERTEX_POINT('',#4136);
#4138=CARTESIAN_POINT('',(3.2E0,6.4E0,8.137E0));
#4139=VERTEX_POINT('',#4138);
#4140=CARTESIAN_POINT('',(-3.2E0,6.4E0,8.137E0));
#4141=VERTEX_POINT('',#4140);
#4142=CARTESIAN_POINT('',(3.2E0,6.770590444647E0,7.653855973111E0));
#4143=VERTEX_POINT('',#4142);
#4144=CARTESIAN_POINT('',(-3.2E0,6.770590444647E0,7.653855973111E0));
#4145=VERTEX_POINT('',#4144);
#4146=CARTESIAN_POINT('',(3.2E0,9.64E0,6.885E0));
#4147=VERTEX_POINT('',#4146);
#4148=CARTESIAN_POINT('',(-3.2E0,9.64E0,6.885E0));
#4149=VERTEX_POINT('',#4148);
#4150=CARTESIAN_POINT('',(4.05E0,-4.46E0,6.355E0));
#4151=CARTESIAN_POINT('',(4.05E0,-4.46E0,3.805E0));
#4152=VERTEX_POINT('',#4150);
#4153=VERTEX_POINT('',#4151);
#4154=CARTESIAN_POINT('',(4.05E0,-4.46E0,2.5655E1));
#4155=CARTESIAN_POINT('',(4.05E0,-4.46E0,2.3105E1));
#4156=VERTEX_POINT('',#4154);
#4157=VERTEX_POINT('',#4155);
#4158=CARTESIAN_POINT('',(-4.05E0,2.34E0,3.08E0));
#4159=CARTESIAN_POINT('',(-4.05E0,2.34E0,5.08E0));
#4160=VERTEX_POINT('',#4158);
#4161=VERTEX_POINT('',#4159);
#4162=CARTESIAN_POINT('',(-4.05E0,2.74E0,5.08E0));
#4163=VERTEX_POINT('',#4162);
#4164=CARTESIAN_POINT('',(-4.05E0,2.74E0,3.08E0));
#4165=VERTEX_POINT('',#4164);
#4166=CARTESIAN_POINT('',(-4.05E0,2.34E0,2.638E1));
#4167=CARTESIAN_POINT('',(-4.05E0,2.74E0,2.638E1));
#4168=VERTEX_POINT('',#4166);
#4169=VERTEX_POINT('',#4167);
#4170=CARTESIAN_POINT('',(-4.05E0,2.74E0,2.438E1));
#4171=VERTEX_POINT('',#4170);
#4172=CARTESIAN_POINT('',(-4.05E0,2.34E0,2.438E1));
#4173=VERTEX_POINT('',#4172);
#4174=CARTESIAN_POINT('',(2.325E0,1.24E0,2.858261363439E1));
#4175=CARTESIAN_POINT('',(2.325E0,-8.447541162307E-1,2.564096514343E1));
#4176=VERTEX_POINT('',#4174);
#4177=VERTEX_POINT('',#4175);
#4178=CARTESIAN_POINT('',(2.325E0,-2.9E0,2.564096514343E1));
#4179=VERTEX_POINT('',#4178);
#4180=CARTESIAN_POINT('',(-2.325E0,1.24E0,2.858261363439E1));
#4181=CARTESIAN_POINT('',(-2.325E0,-8.447541162307E-1,2.564096514343E1));
#4182=VERTEX_POINT('',#4180);
#4183=VERTEX_POINT('',#4181);
#4184=CARTESIAN_POINT('',(2.325E0,0.E0,2.2575E1));
#4185=CARTESIAN_POINT('',(2.325E0,0.E0,1.936063868974E1));
#4186=VERTEX_POINT('',#4184);
#4187=VERTEX_POINT('',#4185);
#4188=CARTESIAN_POINT('',(-2.325E0,0.E0,2.2575E1));
#4189=CARTESIAN_POINT('',(-2.325E0,0.E0,1.936063868974E1));
#4190=VERTEX_POINT('',#4188);
#4191=VERTEX_POINT('',#4189);
#4192=CARTESIAN_POINT('',(2.325E0,2.34E0,2.438E1));
#4193=CARTESIAN_POINT('',(2.325E0,2.34E0,2.638E1));
#4194=VERTEX_POINT('',#4192);
#4195=VERTEX_POINT('',#4193);
#4196=CARTESIAN_POINT('',(-2.325E0,2.34E0,2.438E1));
#4197=CARTESIAN_POINT('',(-2.325E0,2.34E0,2.638E1));
#4198=VERTEX_POINT('',#4196);
#4199=VERTEX_POINT('',#4197);
#4200=CARTESIAN_POINT('',(-2.325E0,1.24E0,2.946E1));
#4201=VERTEX_POINT('',#4200);
#4202=CARTESIAN_POINT('',(2.325E0,1.24E0,2.946E1));
#4203=VERTEX_POINT('',#4202);
#4204=CARTESIAN_POINT('',(2.325E0,-2.9E0,2.197939945355E1));
#4205=VERTEX_POINT('',#4204);
#4206=CARTESIAN_POINT('',(2.325E0,0.E0,1.009936131026E1));
#4207=CARTESIAN_POINT('',(2.325E0,0.E0,6.885E0));
#4208=VERTEX_POINT('',#4206);
#4209=VERTEX_POINT('',#4207);
#4210=CARTESIAN_POINT('',(-2.325E0,0.E0,1.009936131026E1));
#4211=CARTESIAN_POINT('',(-2.325E0,0.E0,6.885E0));
#4212=VERTEX_POINT('',#4210);
#4213=VERTEX_POINT('',#4211);
#4214=CARTESIAN_POINT('',(2.325E0,2.34E0,3.08E0));
#4215=CARTESIAN_POINT('',(2.325E0,2.34E0,5.08E0));
#4216=VERTEX_POINT('',#4214);
#4217=VERTEX_POINT('',#4215);
#4218=CARTESIAN_POINT('',(-2.325E0,2.34E0,3.08E0));
#4219=CARTESIAN_POINT('',(-2.325E0,2.34E0,5.08E0));
#4220=VERTEX_POINT('',#4218);
#4221=VERTEX_POINT('',#4219);
#4222=CARTESIAN_POINT('',(-2.325E0,1.24E0,0.E0));
#4223=VERTEX_POINT('',#4222);
#4224=CARTESIAN_POINT('',(2.325E0,1.24E0,0.E0));
#4225=VERTEX_POINT('',#4224);
#4226=CARTESIAN_POINT('',(-1.E0,1.24E0,2.946E1));
#4227=CARTESIAN_POINT('',(-1.E0,-2.9E0,2.946E1));
#4228=VERTEX_POINT('',#4226);
#4229=VERTEX_POINT('',#4227);
#4230=CARTESIAN_POINT('',(1.E0,-2.9E0,2.946E1));
#4231=VERTEX_POINT('',#4230);
#4232=CARTESIAN_POINT('',(1.E0,1.24E0,2.946E1));
#4233=VERTEX_POINT('',#4232);
#4234=CARTESIAN_POINT('',(-2.325E0,9.64E0,2.640265003216E1));
#4235=CARTESIAN_POINT('',(-2.325E0,9.64E0,2.2575E1));
#4236=VERTEX_POINT('',#4234);
#4237=VERTEX_POINT('',#4235);
#4238=CARTESIAN_POINT('',(2.325E0,9.64E0,2.640265003216E1));
#4239=CARTESIAN_POINT('',(2.325E0,9.64E0,2.2575E1));
#4240=VERTEX_POINT('',#4238);
#4241=VERTEX_POINT('',#4239);
#4242=CARTESIAN_POINT('',(-2.325E0,2.74E0,2.638E1));
#4243=CARTESIAN_POINT('',(-2.325E0,2.74E0,2.438E1));
#4244=VERTEX_POINT('',#4242);
#4245=VERTEX_POINT('',#4243);
#4246=CARTESIAN_POINT('',(2.325E0,2.74E0,2.638E1));
#4247=CARTESIAN_POINT('',(2.325E0,2.74E0,2.438E1));
#4248=VERTEX_POINT('',#4246);
#4249=VERTEX_POINT('',#4247);
#4250=CARTESIAN_POINT('',(1.E0,-8.447541162307E-1,2.564096514343E1));
#4251=CARTESIAN_POINT('',(1.E0,-2.9E0,2.564096514343E1));
#4252=VERTEX_POINT('',#4250);
#4253=VERTEX_POINT('',#4251);
#4254=CARTESIAN_POINT('',(1.E0,1.24E0,0.E0));
#4255=CARTESIAN_POINT('',(1.E0,-2.9E0,0.E0));
#4256=VERTEX_POINT('',#4254);
#4257=VERTEX_POINT('',#4255);
#4258=CARTESIAN_POINT('',(-1.E0,-2.9E0,0.E0));
#4259=VERTEX_POINT('',#4258);
#4260=CARTESIAN_POINT('',(-1.E0,1.24E0,0.E0));
#4261=VERTEX_POINT('',#4260);
#4262=CARTESIAN_POINT('',(2.325E0,9.64E0,3.057349967836E0));
#4263=VERTEX_POINT('',#4262);
#4264=CARTESIAN_POINT('',(-2.325E0,9.64E0,3.057349967836E0));
#4265=VERTEX_POINT('',#4264);
#4266=CARTESIAN_POINT('',(-2.325E0,9.64E0,6.885E0));
#4267=VERTEX_POINT('',#4266);
#4268=CARTESIAN_POINT('',(2.325E0,9.64E0,6.885E0));
#4269=VERTEX_POINT('',#4268);
#4270=CARTESIAN_POINT('',(2.325E0,2.74E0,5.08E0));
#4271=VERTEX_POINT('',#4270);
#4272=CARTESIAN_POINT('',(-2.325E0,2.74E0,5.08E0));
#4273=VERTEX_POINT('',#4272);
#4274=CARTESIAN_POINT('',(2.325E0,2.74E0,3.08E0));
#4275=VERTEX_POINT('',#4274);
#4276=CARTESIAN_POINT('',(-2.325E0,2.74E0,3.08E0));
#4277=VERTEX_POINT('',#4276);
#4278=CARTESIAN_POINT('',(-2.3E-1,-2.96E0,2.943E1));
#4279=CARTESIAN_POINT('',(-2.3E-1,-2.96E0,2.543E1));
#4280=VERTEX_POINT('',#4278);
#4281=VERTEX_POINT('',#4279);
#4282=CARTESIAN_POINT('',(-2.3E-1,-2.96E0,4.03E0));
#4283=CARTESIAN_POINT('',(-2.3E-1,-2.96E0,3.E-2));
#4284=VERTEX_POINT('',#4282);
#4285=VERTEX_POINT('',#4283);
#4286=CARTESIAN_POINT('',(-2.3E-1,-2.96E0,2.67925E1));
#4287=CARTESIAN_POINT('',(-2.3E-1,-2.96E0,2.80675E1));
#4288=VERTEX_POINT('',#4286);
#4289=VERTEX_POINT('',#4287);
#4290=CARTESIAN_POINT('',(-2.3E-1,-2.96E0,1.3925E0));
#4291=CARTESIAN_POINT('',(-2.3E-1,-2.96E0,2.6675E0));
#4292=VERTEX_POINT('',#4290);
#4293=VERTEX_POINT('',#4291);
#4294=CARTESIAN_POINT('',(-1.E0,1.24E0,2.927583314522E1));
#4295=CARTESIAN_POINT('',(-1.864466827383E0,1.24E0,2.858261363439E1));
#4296=VERTEX_POINT('',#4294);
#4297=VERTEX_POINT('',#4295);
#4298=CARTESIAN_POINT('',(1.404466827383E0,1.24E0,2.858261363439E1));
#4299=CARTESIAN_POINT('',(1.E0,1.24E0,2.900705421594E1));
#4300=VERTEX_POINT('',#4298);
#4301=VERTEX_POINT('',#4299);
#4302=VERTEX_POINT('',#801);
#4303=VERTEX_POINT('',#807);
#4304=CARTESIAN_POINT('',(-1.124066150789E0,-2.9E0,2.564096514343E1));
#4305=VERTEX_POINT('',#4304);
#4306=CARTESIAN_POINT('',(-1.E0,-2.9E0,2.927583314522E1));
#4307=VERTEX_POINT('',#4306);
#4308=CARTESIAN_POINT('',(1.E0,-2.9E0,2.585294578406E1));
#4309=VERTEX_POINT('',#4308);
#4310=CARTESIAN_POINT('',(1.E0,-2.9E0,2.900705421594E1));
#4311=VERTEX_POINT('',#4310);
#4312=CARTESIAN_POINT('',(1.E0,1.24E0,4.529457840645E-1));
#4313=CARTESIAN_POINT('',(1.E0,-2.9E0,4.529457840645E-1));
#4314=VERTEX_POINT('',#4312);
#4315=VERTEX_POINT('',#4313);
#4316=CARTESIAN_POINT('',(1.E0,-8.188214166444E-1,3.607054215936E0));
#4317=CARTESIAN_POINT('',(1.E0,-2.9E0,3.607054215936E0));
#4318=VERTEX_POINT('',#4316);
#4319=VERTEX_POINT('',#4317);
#4320=CARTESIAN_POINT('',(-1.E0,-2.9E0,1.841668547780E-1));
#4321=CARTESIAN_POINT('',(-1.E0,1.24E0,1.841668547780E-1));
#4322=VERTEX_POINT('',#4320);
#4323=VERTEX_POINT('',#4321);
#4324=CARTESIAN_POINT('',(-2.3E-1,-7.26E0,2.67925E1));
#4325=VERTEX_POINT('',#4324);
#4326=CARTESIAN_POINT('',(-2.3E-1,-7.26E0,2.80675E1));
#4327=VERTEX_POINT('',#4326);
#4328=CARTESIAN_POINT('',(-2.3E-1,-7.26E0,1.3925E0));
#4329=VERTEX_POINT('',#4328);
#4330=CARTESIAN_POINT('',(-2.3E-1,-7.26E0,2.6675E0));
#4331=VERTEX_POINT('',#4330);
#4332=CARTESIAN_POINT('',(1.E0,-2.9E0,3.819034856567E0));
#4333=VERTEX_POINT('',#4332);
#4334=CARTESIAN_POINT('',(-2.3E-1,-2.9E0,2.943E1));
#4335=VERTEX_POINT('',#4334);
#4336=CARTESIAN_POINT('',(-2.3E-1,-2.9E0,2.543E1));
#4337=VERTEX_POINT('',#4336);
#4338=CARTESIAN_POINT('',(-2.3E-1,-2.9E0,4.03E0));
#4339=VERTEX_POINT('',#4338);
#4340=CARTESIAN_POINT('',(-2.3E-1,-2.9E0,3.E-2));
#4341=VERTEX_POINT('',#4340);
#4342=CARTESIAN_POINT('',(3.549999999999E0,2.34E0,4.579999265720E0));
#4343=CARTESIAN_POINT('',(3.549999999999E0,2.34E0,3.580000734280E0));
#4344=VERTEX_POINT('',#4342);
#4345=VERTEX_POINT('',#4343);
#4346=CARTESIAN_POINT('',(3.05E0,2.34E0,5.08E0));
#4347=CARTESIAN_POINT('',(3.05E0,2.34E0,3.08E0));
#4348=VERTEX_POINT('',#4346);
#4349=VERTEX_POINT('',#4347);
#4350=CARTESIAN_POINT('',(3.55E0,2.74E0,4.58E0));
#4351=VERTEX_POINT('',#4350);
#4352=CARTESIAN_POINT('',(3.05E0,2.739999999400E0,5.08E0));
#4353=VERTEX_POINT('',#4352);
#4354=CARTESIAN_POINT('',(3.549999999999E0,2.74E0,3.580000734280E0));
#4355=VERTEX_POINT('',#4354);
#4356=CARTESIAN_POINT('',(3.05E0,2.74E0,3.08E0));
#4357=VERTEX_POINT('',#4356);
#4358=CARTESIAN_POINT('',(3.549999999999E0,2.34E0,2.587999926572E1));
#4359=CARTESIAN_POINT('',(3.549999999999E0,2.34E0,2.488000073428E1));
#4360=VERTEX_POINT('',#4358);
#4361=VERTEX_POINT('',#4359);
#4362=CARTESIAN_POINT('',(3.05E0,2.34E0,2.638E1));
#4363=CARTESIAN_POINT('',(3.05E0,2.34E0,2.438E1));
#4364=VERTEX_POINT('',#4362);
#4365=VERTEX_POINT('',#4363);
#4366=CARTESIAN_POINT('',(3.55E0,2.74E0,2.588E1));
#4367=VERTEX_POINT('',#4366);
#4368=CARTESIAN_POINT('',(3.05E0,2.739999999400E0,2.638E1));
#4369=VERTEX_POINT('',#4368);
#4370=CARTESIAN_POINT('',(3.549999999999E0,2.74E0,2.488000073428E1));
#4371=VERTEX_POINT('',#4370);
#4372=CARTESIAN_POINT('',(3.05E0,2.74E0,2.438E1));
#4373=VERTEX_POINT('',#4372);
#4374=CARTESIAN_POINT('',(2.75E0,9.64E0,3.08E0));
#4375=CARTESIAN_POINT('',(2.325E0,9.64E0,3.08E0));
#4376=VERTEX_POINT('',#4374);
#4377=VERTEX_POINT('',#4375);
#4378=CARTESIAN_POINT('',(-2.325E0,9.64E0,3.08E0));
#4379=CARTESIAN_POINT('',(-2.75E0,9.64E0,3.08E0));
#4380=VERTEX_POINT('',#4378);
#4381=VERTEX_POINT('',#4379);
#4382=CARTESIAN_POINT('',(-2.75E0,9.64E0,5.08E0));
#4383=VERTEX_POINT('',#4382);
#4384=CARTESIAN_POINT('',(-2.325E0,9.64E0,5.08E0));
#4385=VERTEX_POINT('',#4384);
#4386=CARTESIAN_POINT('',(2.325E0,9.64E0,5.08E0));
#4387=CARTESIAN_POINT('',(2.75E0,9.64E0,5.08E0));
#4388=VERTEX_POINT('',#4386);
#4389=VERTEX_POINT('',#4387);
#4390=CARTESIAN_POINT('',(2.325E0,3.74E0,3.08E0));
#4391=CARTESIAN_POINT('',(2.325E0,3.74E0,4.08E0));
#4392=VERTEX_POINT('',#4390);
#4393=VERTEX_POINT('',#4391);
#4394=CARTESIAN_POINT('',(2.325E0,3.74E0,5.08E0));
#4395=VERTEX_POINT('',#4394);
#4396=CARTESIAN_POINT('',(-2.325E0,3.74E0,3.08E0));
#4397=CARTESIAN_POINT('',(-2.325E0,3.74E0,4.08E0));
#4398=VERTEX_POINT('',#4396);
#4399=VERTEX_POINT('',#4397);
#4400=CARTESIAN_POINT('',(-2.325E0,3.74E0,5.08E0));
#4401=VERTEX_POINT('',#4400);
#4402=CARTESIAN_POINT('',(-4.05E0,-7.26E0,7.63E0));
#4403=CARTESIAN_POINT('',(-4.05E0,-2.91E0,7.63E0));
#4404=VERTEX_POINT('',#4402);
#4405=VERTEX_POINT('',#4403);
#4406=CARTESIAN_POINT('',(-4.05E0,-1.437756813566E0,5.08E0));
#4407=VERTEX_POINT('',#4406);
#4408=CARTESIAN_POINT('',(-4.05E0,-2.91E0,2.53E0));
#4409=VERTEX_POINT('',#4408);
#4410=CARTESIAN_POINT('',(-4.05E0,-7.26E0,2.53E0));
#4411=VERTEX_POINT('',#4410);
#4412=CARTESIAN_POINT('',(-4.05E0,-7.26E0,2.693E1));
#4413=CARTESIAN_POINT('',(-4.05E0,-2.91E0,2.693E1));
#4414=VERTEX_POINT('',#4412);
#4415=VERTEX_POINT('',#4413);
#4416=CARTESIAN_POINT('',(-4.05E0,-1.437756813566E0,2.438E1));
#4417=VERTEX_POINT('',#4416);
#4418=CARTESIAN_POINT('',(-4.05E0,-2.91E0,2.183E1));
#4419=VERTEX_POINT('',#4418);
#4420=CARTESIAN_POINT('',(-4.05E0,-7.26E0,2.183E1));
#4421=VERTEX_POINT('',#4420);
#4422=CARTESIAN_POINT('',(-2.325E0,-7.26E0,7.63E0));
#4423=VERTEX_POINT('',#4422);
#4424=CARTESIAN_POINT('',(-2.325E0,-7.26E0,2.53E0));
#4425=VERTEX_POINT('',#4424);
#4426=CARTESIAN_POINT('',(-2.325E0,-7.26E0,2.693E1));
#4427=VERTEX_POINT('',#4426);
#4428=CARTESIAN_POINT('',(-2.325E0,-7.26E0,2.183E1));
#4429=VERTEX_POINT('',#4428);
#4430=CARTESIAN_POINT('',(-2.325E0,-4.46E0,6.355E0));
#4431=CARTESIAN_POINT('',(-2.325E0,-4.46E0,3.805E0));
#4432=VERTEX_POINT('',#4430);
#4433=VERTEX_POINT('',#4431);
#4434=CARTESIAN_POINT('',(-2.325E0,-4.46E0,2.5655E1));
#4435=CARTESIAN_POINT('',(-2.325E0,-4.46E0,2.3105E1));
#4436=VERTEX_POINT('',#4434);
#4437=VERTEX_POINT('',#4435);
#4438=CARTESIAN_POINT('',(-2.325E0,-2.861191370763E0,7.545460974314E0));
#4439=CARTESIAN_POINT('',(-2.325E0,-1.437756813566E0,5.08E0));
#4440=VERTEX_POINT('',#4438);
#4441=VERTEX_POINT('',#4439);
#4442=CARTESIAN_POINT('',(-2.325E0,-2.165775378566E0,3.819034856567E0));
#4443=VERTEX_POINT('',#4442);
#4444=CARTESIAN_POINT('',(-2.325E0,-2.165775378566E0,2.564096514343E1));
#4445=CARTESIAN_POINT('',(-2.325E0,-1.437756813566E0,2.438E1));
#4446=VERTEX_POINT('',#4444);
#4447=VERTEX_POINT('',#4445);
#4448=CARTESIAN_POINT('',(-2.325E0,-2.861191370763E0,2.191453902569E1));
#4449=VERTEX_POINT('',#4448);
#4450=CARTESIAN_POINT('',(-2.325E0,-2.91E0,7.63E0));
#4451=VERTEX_POINT('',#4450);
#4452=CARTESIAN_POINT('',(-2.325E0,-2.91E0,2.53E0));
#4453=VERTEX_POINT('',#4452);
#4454=CARTESIAN_POINT('',(-2.325E0,-2.91E0,2.693E1));
#4455=VERTEX_POINT('',#4454);
#4456=CARTESIAN_POINT('',(-2.325E0,-2.91E0,2.183E1));
#4457=VERTEX_POINT('',#4456);
#4458=CARTESIAN_POINT('',(-2.325E0,-2.9E0,2.197939945355E1));
#4459=VERTEX_POINT('',#4458);
#4460=CARTESIAN_POINT('',(-2.325E0,-2.9E0,2.564096514343E1));
#4461=VERTEX_POINT('',#4460);
#4462=CARTESIAN_POINT('',(2.325E0,-2.9E0,7.480600546448E0));
#4463=CARTESIAN_POINT('',(2.325E0,-2.9E0,3.819034856567E0));
#4464=VERTEX_POINT('',#4462);
#4465=VERTEX_POINT('',#4463);
#4466=CARTESIAN_POINT('',(2.325E0,-8.447541162307E-1,3.819034856568E0));
#4467=VERTEX_POINT('',#4466);
#4468=CARTESIAN_POINT('',(2.325E0,1.24E0,8.773863656093E-1));
#4469=VERTEX_POINT('',#4468);
#4470=CARTESIAN_POINT('',(-2.325E0,-8.447541162307E-1,3.819034856568E0));
#4471=CARTESIAN_POINT('',(-2.325E0,1.24E0,8.773863656093E-1));
#4472=VERTEX_POINT('',#4470);
#4473=VERTEX_POINT('',#4471);
#4474=CARTESIAN_POINT('',(1.E0,-8.447541162307E-1,3.819034856568E0));
#4475=VERTEX_POINT('',#4474);
#4476=CARTESIAN_POINT('',(-1.124066150789E0,-2.9E0,3.819034856567E0));
#4477=VERTEX_POINT('',#4476);
#4478=CARTESIAN_POINT('',(-1.124066150789E0,-8.447541162307E-1,
3.819034856568E0));
#4479=VERTEX_POINT('',#4478);
#4480=VERTEX_POINT('',#164);
#4481=VERTEX_POINT('',#170);
#4482=CARTESIAN_POINT('',(-2.325E0,-2.9E0,7.480600546448E0));
#4483=VERTEX_POINT('',#4482);
#4484=CARTESIAN_POINT('',(-2.325E0,-2.9E0,3.819034856567E0));
#4485=VERTEX_POINT('',#4484);
#4486=CARTESIAN_POINT('',(1.92E0,-2.E-1,1.027E1));
#4487=CARTESIAN_POINT('',(6.2E-1,-2.E-1,1.027E1));
#4488=VERTEX_POINT('',#4486);
#4489=VERTEX_POINT('',#4487);
#4490=CARTESIAN_POINT('',(6.2E-1,-2.E-1,1.157E1));
#4491=VERTEX_POINT('',#4490);
#4492=CARTESIAN_POINT('',(1.92E0,-2.E-1,1.157E1));
#4493=VERTEX_POINT('',#4492);
#4494=CARTESIAN_POINT('',(-1.92E0,-2.E-1,1.027E1));
#4495=CARTESIAN_POINT('',(-1.92E0,-2.E-1,1.157E1));
#4496=VERTEX_POINT('',#4494);
#4497=VERTEX_POINT('',#4495);
#4498=CARTESIAN_POINT('',(-6.2E-1,-2.E-1,1.157E1));
#4499=VERTEX_POINT('',#4498);
#4500=CARTESIAN_POINT('',(-6.2E-1,-2.E-1,1.027E1));
#4501=VERTEX_POINT('',#4500);
#4502=CARTESIAN_POINT('',(1.92E0,0.E0,1.027E1));
#4503=CARTESIAN_POINT('',(6.2E-1,0.E0,1.027E1));
#4504=VERTEX_POINT('',#4502);
#4505=VERTEX_POINT('',#4503);
#4506=CARTESIAN_POINT('',(6.2E-1,0.E0,1.157E1));
#4507=VERTEX_POINT('',#4506);
#4508=CARTESIAN_POINT('',(1.92E0,0.E0,1.157E1));
#4509=VERTEX_POINT('',#4508);
#4510=CARTESIAN_POINT('',(-1.92E0,0.E0,1.027E1));
#4511=CARTESIAN_POINT('',(-1.92E0,0.E0,1.157E1));
#4512=VERTEX_POINT('',#4510);
#4513=VERTEX_POINT('',#4511);
#4514=CARTESIAN_POINT('',(-6.2E-1,0.E0,1.157E1));
#4515=VERTEX_POINT('',#4514);
#4516=CARTESIAN_POINT('',(-6.2E-1,0.E0,1.027E1));
#4517=VERTEX_POINT('',#4516);
#4518=CARTESIAN_POINT('',(1.595E0,-2.E-1,1.0585E1));
#4519=CARTESIAN_POINT('',(9.45E-1,-2.E-1,1.0585E1));
#4520=VERTEX_POINT('',#4518);
#4521=VERTEX_POINT('',#4519);
#4522=CARTESIAN_POINT('',(9.45E-1,-2.E-1,1.1255E1));
#4523=VERTEX_POINT('',#4522);
#4524=CARTESIAN_POINT('',(1.595E0,-2.E-1,1.1255E1));
#4525=VERTEX_POINT('',#4524);
#4526=CARTESIAN_POINT('',(-1.595E0,-2.E-1,1.0585E1));
#4527=CARTESIAN_POINT('',(-1.595E0,-2.E-1,1.1255E1));
#4528=VERTEX_POINT('',#4526);
#4529=VERTEX_POINT('',#4527);
#4530=CARTESIAN_POINT('',(-9.45E-1,-2.E-1,1.1255E1));
#4531=VERTEX_POINT('',#4530);
#4532=CARTESIAN_POINT('',(-9.45E-1,-2.E-1,1.0585E1));
#4533=VERTEX_POINT('',#4532);
#4534=CARTESIAN_POINT('',(7.429274057836E-1,-3.15E0,1.037E1));
#4535=CARTESIAN_POINT('',(9.45E-1,-2.8E0,1.037E1));
#4536=VERTEX_POINT('',#4534);
#4537=VERTEX_POINT('',#4535);
#4538=CARTESIAN_POINT('',(7.429274057836E-1,-3.15E0,1.147E1));
#4539=CARTESIAN_POINT('',(9.45E-1,-2.8E0,1.147E1));
#4540=VERTEX_POINT('',#4538);
#4541=VERTEX_POINT('',#4539);
#4542=CARTESIAN_POINT('',(1.595E0,-2.8E0,1.0585E1));
#4543=CARTESIAN_POINT('',(9.45E-1,-2.8E0,1.0585E1));
#4544=VERTEX_POINT('',#4542);
#4545=VERTEX_POINT('',#4543);
#4546=CARTESIAN_POINT('',(9.45E-1,-2.8E0,1.1255E1));
#4547=VERTEX_POINT('',#4546);
#4548=CARTESIAN_POINT('',(1.595E0,-2.8E0,1.1255E1));
#4549=VERTEX_POINT('',#4548);
#4550=CARTESIAN_POINT('',(-1.595E0,-5.34E0,1.037E1));
#4551=CARTESIAN_POINT('',(-1.595E0,-2.8E0,1.037E1));
#4552=VERTEX_POINT('',#4550);
#4553=VERTEX_POINT('',#4551);
#4554=CARTESIAN_POINT('',(-9.45E-1,-2.8E0,1.037E1));
#4555=VERTEX_POINT('',#4554);
#4556=CARTESIAN_POINT('',(-1.768205080757E0,-5.64E0,1.037E1));
#4557=VERTEX_POINT('',#4556);
#4558=CARTESIAN_POINT('',(-1.595E0,-5.34E0,1.147E1));
#4559=CARTESIAN_POINT('',(-1.595E0,-2.8E0,1.147E1));
#4560=VERTEX_POINT('',#4558);
#4561=VERTEX_POINT('',#4559);
#4562=CARTESIAN_POINT('',(-9.45E-1,-2.8E0,1.147E1));
#4563=VERTEX_POINT('',#4562);
#4564=CARTESIAN_POINT('',(-1.768205080757E0,-5.64E0,1.147E1));
#4565=VERTEX_POINT('',#4564);
#4566=CARTESIAN_POINT('',(-2.045E0,-7.26E0,1.147E1));
#4567=CARTESIAN_POINT('',(-2.045E0,-7.26E0,1.037E1));
#4568=VERTEX_POINT('',#4566);
#4569=VERTEX_POINT('',#4567);
#4570=CARTESIAN_POINT('',(-1.595E0,-2.8E0,1.1255E1));
#4571=CARTESIAN_POINT('',(-9.45E-1,-2.8E0,1.1255E1));
#4572=VERTEX_POINT('',#4570);
#4573=VERTEX_POINT('',#4571);
#4574=CARTESIAN_POINT('',(-9.45E-1,-2.8E0,1.0585E1));
#4575=CARTESIAN_POINT('',(-1.595E0,-2.8E0,1.0585E1));
#4576=VERTEX_POINT('',#4574);
#4577=VERTEX_POINT('',#4575);
#4578=CARTESIAN_POINT('',(3.35E0,-3.46E0,2.196E1));
#4579=CARTESIAN_POINT('',(-1.8E0,-3.46E0,2.196E1));
#4580=VERTEX_POINT('',#4578);
#4581=VERTEX_POINT('',#4579);
#4582=CARTESIAN_POINT('',(-1.8E0,-3.46E0,2.041E1));
#4583=VERTEX_POINT('',#4582);
#4584=CARTESIAN_POINT('',(3.35E0,-3.46E0,2.041E1));
#4585=VERTEX_POINT('',#4584);
#4586=CARTESIAN_POINT('',(3.35E0,-3.46E0,7.5E0));
#4587=CARTESIAN_POINT('',(3.35E0,-3.46E0,9.05E0));
#4588=VERTEX_POINT('',#4586);
#4589=VERTEX_POINT('',#4587);
#4590=CARTESIAN_POINT('',(-1.8E0,-3.46E0,9.05E0));
#4591=VERTEX_POINT('',#4590);
#4592=CARTESIAN_POINT('',(-1.8E0,-3.46E0,7.5E0));
#4593=VERTEX_POINT('',#4592);
#4594=CARTESIAN_POINT('',(3.35E0,-7.26E0,2.196E1));
#4595=CARTESIAN_POINT('',(-1.8E0,-7.26E0,2.196E1));
#4596=VERTEX_POINT('',#4594);
#4597=VERTEX_POINT('',#4595);
#4598=CARTESIAN_POINT('',(-1.8E0,-7.26E0,2.041E1));
#4599=VERTEX_POINT('',#4598);
#4600=CARTESIAN_POINT('',(3.35E0,-7.26E0,2.041E1));
#4601=VERTEX_POINT('',#4600);
#4602=CARTESIAN_POINT('',(3.35E0,-7.26E0,9.05E0));
#4603=CARTESIAN_POINT('',(-1.8E0,-7.26E0,9.05E0));
#4604=VERTEX_POINT('',#4602);
#4605=VERTEX_POINT('',#4603);
#4606=CARTESIAN_POINT('',(-1.8E0,-7.26E0,7.5E0));
#4607=VERTEX_POINT('',#4606);
#4608=CARTESIAN_POINT('',(3.35E0,-7.26E0,7.5E0));
#4609=VERTEX_POINT('',#4608);
#4610=CARTESIAN_POINT('',(1.92E0,-2.E-1,1.281E1));
#4611=CARTESIAN_POINT('',(6.2E-1,-2.E-1,1.281E1));
#4612=VERTEX_POINT('',#4610);
#4613=VERTEX_POINT('',#4611);
#4614=CARTESIAN_POINT('',(6.2E-1,-2.E-1,1.411E1));
#4615=VERTEX_POINT('',#4614);
#4616=CARTESIAN_POINT('',(1.92E0,-2.E-1,1.411E1));
#4617=VERTEX_POINT('',#4616);
#4618=CARTESIAN_POINT('',(-1.92E0,-2.E-1,1.281E1));
#4619=CARTESIAN_POINT('',(-1.92E0,-2.E-1,1.411E1));
#4620=VERTEX_POINT('',#4618);
#4621=VERTEX_POINT('',#4619);
#4622=CARTESIAN_POINT('',(-6.2E-1,-2.E-1,1.411E1));
#4623=VERTEX_POINT('',#4622);
#4624=CARTESIAN_POINT('',(-6.2E-1,-2.E-1,1.281E1));
#4625=VERTEX_POINT('',#4624);
#4626=CARTESIAN_POINT('',(1.92E0,0.E0,1.281E1));
#4627=CARTESIAN_POINT('',(6.2E-1,0.E0,1.281E1));
#4628=VERTEX_POINT('',#4626);
#4629=VERTEX_POINT('',#4627);
#4630=CARTESIAN_POINT('',(6.2E-1,0.E0,1.411E1));
#4631=VERTEX_POINT('',#4630);
#4632=CARTESIAN_POINT('',(1.92E0,0.E0,1.411E1));
#4633=VERTEX_POINT('',#4632);
#4634=CARTESIAN_POINT('',(-1.92E0,0.E0,1.281E1));
#4635=CARTESIAN_POINT('',(-1.92E0,0.E0,1.411E1));
#4636=VERTEX_POINT('',#4634);
#4637=VERTEX_POINT('',#4635);
#4638=CARTESIAN_POINT('',(-6.2E-1,0.E0,1.411E1));
#4639=VERTEX_POINT('',#4638);
#4640=CARTESIAN_POINT('',(-6.2E-1,0.E0,1.281E1));
#4641=VERTEX_POINT('',#4640);
#4642=CARTESIAN_POINT('',(1.92E0,-2.E-1,1.535E1));
#4643=CARTESIAN_POINT('',(6.2E-1,-2.E-1,1.535E1));
#4644=VERTEX_POINT('',#4642);
#4645=VERTEX_POINT('',#4643);
#4646=CARTESIAN_POINT('',(6.2E-1,-2.E-1,1.665E1));
#4647=VERTEX_POINT('',#4646);
#4648=CARTESIAN_POINT('',(1.92E0,-2.E-1,1.665E1));
#4649=VERTEX_POINT('',#4648);
#4650=CARTESIAN_POINT('',(-1.92E0,-2.E-1,1.535E1));
#4651=CARTESIAN_POINT('',(-1.92E0,-2.E-1,1.665E1));
#4652=VERTEX_POINT('',#4650);
#4653=VERTEX_POINT('',#4651);
#4654=CARTESIAN_POINT('',(-6.2E-1,-2.E-1,1.665E1));
#4655=VERTEX_POINT('',#4654);
#4656=CARTESIAN_POINT('',(-6.2E-1,-2.E-1,1.535E1));
#4657=VERTEX_POINT('',#4656);
#4658=CARTESIAN_POINT('',(1.92E0,0.E0,1.535E1));
#4659=CARTESIAN_POINT('',(6.2E-1,0.E0,1.535E1));
#4660=VERTEX_POINT('',#4658);
#4661=VERTEX_POINT('',#4659);
#4662=CARTESIAN_POINT('',(6.2E-1,0.E0,1.665E1));
#4663=VERTEX_POINT('',#4662);
#4664=CARTESIAN_POINT('',(1.92E0,0.E0,1.665E1));
#4665=VERTEX_POINT('',#4664);
#4666=CARTESIAN_POINT('',(-1.92E0,0.E0,1.535E1));
#4667=CARTESIAN_POINT('',(-1.92E0,0.E0,1.665E1));
#4668=VERTEX_POINT('',#4666);
#4669=VERTEX_POINT('',#4667);
#4670=CARTESIAN_POINT('',(-6.2E-1,0.E0,1.665E1));
#4671=VERTEX_POINT('',#4670);
#4672=CARTESIAN_POINT('',(-6.2E-1,0.E0,1.535E1));
#4673=VERTEX_POINT('',#4672);
#4674=CARTESIAN_POINT('',(1.92E0,-2.E-1,1.789E1));
#4675=CARTESIAN_POINT('',(6.2E-1,-2.E-1,1.789E1));
#4676=VERTEX_POINT('',#4674);
#4677=VERTEX_POINT('',#4675);
#4678=CARTESIAN_POINT('',(6.2E-1,-2.E-1,1.919E1));
#4679=VERTEX_POINT('',#4678);
#4680=CARTESIAN_POINT('',(1.92E0,-2.E-1,1.919E1));
#4681=VERTEX_POINT('',#4680);
#4682=CARTESIAN_POINT('',(-1.92E0,-2.E-1,1.789E1));
#4683=CARTESIAN_POINT('',(-1.92E0,-2.E-1,1.919E1));
#4684=VERTEX_POINT('',#4682);
#4685=VERTEX_POINT('',#4683);
#4686=CARTESIAN_POINT('',(-6.2E-1,-2.E-1,1.919E1));
#4687=VERTEX_POINT('',#4686);
#4688=CARTESIAN_POINT('',(-6.2E-1,-2.E-1,1.789E1));
#4689=VERTEX_POINT('',#4688);
#4690=CARTESIAN_POINT('',(1.92E0,0.E0,1.789E1));
#4691=CARTESIAN_POINT('',(6.2E-1,0.E0,1.789E1));
#4692=VERTEX_POINT('',#4690);
#4693=VERTEX_POINT('',#4691);
#4694=CARTESIAN_POINT('',(6.2E-1,0.E0,1.919E1));
#4695=VERTEX_POINT('',#4694);
#4696=CARTESIAN_POINT('',(1.92E0,0.E0,1.919E1));
#4697=VERTEX_POINT('',#4696);
#4698=CARTESIAN_POINT('',(-1.92E0,0.E0,1.789E1));
#4699=CARTESIAN_POINT('',(-1.92E0,0.E0,1.919E1));
#4700=VERTEX_POINT('',#4698);
#4701=VERTEX_POINT('',#4699);
#4702=CARTESIAN_POINT('',(-6.2E-1,0.E0,1.919E1));
#4703=VERTEX_POINT('',#4702);
#4704=CARTESIAN_POINT('',(-6.2E-1,0.E0,1.789E1));
#4705=VERTEX_POINT('',#4704);
#4706=CARTESIAN_POINT('',(1.595E0,-2.E-1,1.3125E1));
#4707=CARTESIAN_POINT('',(9.45E-1,-2.E-1,1.3125E1));
#4708=VERTEX_POINT('',#4706);
#4709=VERTEX_POINT('',#4707);
#4710=CARTESIAN_POINT('',(9.45E-1,-2.E-1,1.3795E1));
#4711=VERTEX_POINT('',#4710);
#4712=CARTESIAN_POINT('',(1.595E0,-2.E-1,1.3795E1));
#4713=VERTEX_POINT('',#4712);
#4714=CARTESIAN_POINT('',(-1.595E0,-2.E-1,1.3125E1));
#4715=CARTESIAN_POINT('',(-1.595E0,-2.E-1,1.3795E1));
#4716=VERTEX_POINT('',#4714);
#4717=VERTEX_POINT('',#4715);
#4718=CARTESIAN_POINT('',(-9.45E-1,-2.E-1,1.3795E1));
#4719=VERTEX_POINT('',#4718);
#4720=CARTESIAN_POINT('',(-9.45E-1,-2.E-1,1.3125E1));
#4721=VERTEX_POINT('',#4720);
#4722=CARTESIAN_POINT('',(1.595E0,-2.E-1,1.5665E1));
#4723=CARTESIAN_POINT('',(9.45E-1,-2.E-1,1.5665E1));
#4724=VERTEX_POINT('',#4722);
#4725=VERTEX_POINT('',#4723);
#4726=CARTESIAN_POINT('',(9.45E-1,-2.E-1,1.6335E1));
#4727=VERTEX_POINT('',#4726);
#4728=CARTESIAN_POINT('',(1.595E0,-2.E-1,1.6335E1));
#4729=VERTEX_POINT('',#4728);
#4730=CARTESIAN_POINT('',(-1.595E0,-2.E-1,1.5665E1));
#4731=CARTESIAN_POINT('',(-1.595E0,-2.E-1,1.6335E1));
#4732=VERTEX_POINT('',#4730);
#4733=VERTEX_POINT('',#4731);
#4734=CARTESIAN_POINT('',(-9.45E-1,-2.E-1,1.6335E1));
#4735=VERTEX_POINT('',#4734);
#4736=CARTESIAN_POINT('',(-9.45E-1,-2.E-1,1.5665E1));
#4737=VERTEX_POINT('',#4736);
#4738=CARTESIAN_POINT('',(1.595E0,-2.E-1,1.8205E1));
#4739=CARTESIAN_POINT('',(9.45E-1,-2.E-1,1.8205E1));
#4740=VERTEX_POINT('',#4738);
#4741=VERTEX_POINT('',#4739);
#4742=CARTESIAN_POINT('',(9.45E-1,-2.E-1,1.8875E1));
#4743=VERTEX_POINT('',#4742);
#4744=CARTESIAN_POINT('',(1.595E0,-2.E-1,1.8875E1));
#4745=VERTEX_POINT('',#4744);
#4746=CARTESIAN_POINT('',(-1.595E0,-2.E-1,1.8205E1));
#4747=CARTESIAN_POINT('',(-1.595E0,-2.E-1,1.8875E1));
#4748=VERTEX_POINT('',#4746);
#4749=VERTEX_POINT('',#4747);
#4750=CARTESIAN_POINT('',(-9.45E-1,-2.E-1,1.8875E1));
#4751=VERTEX_POINT('',#4750);
#4752=CARTESIAN_POINT('',(-9.45E-1,-2.E-1,1.8205E1));
#4753=VERTEX_POINT('',#4752);
#4754=CARTESIAN_POINT('',(-1.595E0,-5.34E0,1.291E1));
#4755=CARTESIAN_POINT('',(-1.595E0,-2.8E0,1.291E1));
#4756=VERTEX_POINT('',#4754);
#4757=VERTEX_POINT('',#4755);
#4758=CARTESIAN_POINT('',(-9.45E-1,-2.8E0,1.291E1));
#4759=VERTEX_POINT('',#4758);
#4760=CARTESIAN_POINT('',(-1.768205080757E0,-5.64E0,1.291E1));
#4761=VERTEX_POINT('',#4760);
#4762=CARTESIAN_POINT('',(-1.595E0,-5.34E0,1.401E1));
#4763=CARTESIAN_POINT('',(-1.595E0,-2.8E0,1.401E1));
#4764=VERTEX_POINT('',#4762);
#4765=VERTEX_POINT('',#4763);
#4766=CARTESIAN_POINT('',(-9.45E-1,-2.8E0,1.401E1));
#4767=VERTEX_POINT('',#4766);
#4768=CARTESIAN_POINT('',(-1.768205080757E0,-5.64E0,1.401E1));
#4769=VERTEX_POINT('',#4768);
#4770=CARTESIAN_POINT('',(-2.045E0,-7.26E0,1.401E1));
#4771=CARTESIAN_POINT('',(-2.045E0,-7.26E0,1.291E1));
#4772=VERTEX_POINT('',#4770);
#4773=VERTEX_POINT('',#4771);
#4774=CARTESIAN_POINT('',(-1.595E0,-2.8E0,1.3795E1));
#4775=CARTESIAN_POINT('',(-9.45E-1,-2.8E0,1.3795E1));
#4776=VERTEX_POINT('',#4774);
#4777=VERTEX_POINT('',#4775);
#4778=CARTESIAN_POINT('',(-9.45E-1,-2.8E0,1.3125E1));
#4779=CARTESIAN_POINT('',(-1.595E0,-2.8E0,1.3125E1));
#4780=VERTEX_POINT('',#4778);
#4781=VERTEX_POINT('',#4779);
#4782=CARTESIAN_POINT('',(-1.595E0,-5.34E0,1.545E1));
#4783=CARTESIAN_POINT('',(-1.595E0,-2.8E0,1.545E1));
#4784=VERTEX_POINT('',#4782);
#4785=VERTEX_POINT('',#4783);
#4786=CARTESIAN_POINT('',(-9.45E-1,-2.8E0,1.545E1));
#4787=VERTEX_POINT('',#4786);
#4788=CARTESIAN_POINT('',(-1.768205080757E0,-5.64E0,1.545E1));
#4789=VERTEX_POINT('',#4788);
#4790=CARTESIAN_POINT('',(-1.595E0,-5.34E0,1.655E1));
#4791=CARTESIAN_POINT('',(-1.595E0,-2.8E0,1.655E1));
#4792=VERTEX_POINT('',#4790);
#4793=VERTEX_POINT('',#4791);
#4794=CARTESIAN_POINT('',(-9.45E-1,-2.8E0,1.655E1));
#4795=VERTEX_POINT('',#4794);
#4796=CARTESIAN_POINT('',(-1.768205080757E0,-5.64E0,1.655E1));
#4797=VERTEX_POINT('',#4796);
#4798=CARTESIAN_POINT('',(-2.045E0,-7.26E0,1.655E1));
#4799=CARTESIAN_POINT('',(-2.045E0,-7.26E0,1.545E1));
#4800=VERTEX_POINT('',#4798);
#4801=VERTEX_POINT('',#4799);
#4802=CARTESIAN_POINT('',(-1.595E0,-2.8E0,1.6335E1));
#4803=CARTESIAN_POINT('',(-9.45E-1,-2.8E0,1.6335E1));
#4804=VERTEX_POINT('',#4802);
#4805=VERTEX_POINT('',#4803);
#4806=CARTESIAN_POINT('',(-9.45E-1,-2.8E0,1.5665E1));
#4807=CARTESIAN_POINT('',(-1.595E0,-2.8E0,1.5665E1));
#4808=VERTEX_POINT('',#4806);
#4809=VERTEX_POINT('',#4807);
#4810=CARTESIAN_POINT('',(-1.595E0,-5.34E0,1.799E1));
#4811=CARTESIAN_POINT('',(-1.595E0,-2.8E0,1.799E1));
#4812=VERTEX_POINT('',#4810);
#4813=VERTEX_POINT('',#4811);
#4814=CARTESIAN_POINT('',(-9.45E-1,-2.8E0,1.799E1));
#4815=VERTEX_POINT('',#4814);
#4816=CARTESIAN_POINT('',(-1.768205080757E0,-5.64E0,1.799E1));
#4817=VERTEX_POINT('',#4816);
#4818=CARTESIAN_POINT('',(-1.595E0,-5.34E0,1.909E1));
#4819=CARTESIAN_POINT('',(-1.595E0,-2.8E0,1.909E1));
#4820=VERTEX_POINT('',#4818);
#4821=VERTEX_POINT('',#4819);
#4822=CARTESIAN_POINT('',(-9.45E-1,-2.8E0,1.909E1));
#4823=VERTEX_POINT('',#4822);
#4824=CARTESIAN_POINT('',(-1.768205080757E0,-5.64E0,1.909E1));
#4825=VERTEX_POINT('',#4824);
#4826=CARTESIAN_POINT('',(-2.045E0,-7.26E0,1.909E1));
#4827=CARTESIAN_POINT('',(-2.045E0,-7.26E0,1.799E1));
#4828=VERTEX_POINT('',#4826);
#4829=VERTEX_POINT('',#4827);
#4830=CARTESIAN_POINT('',(-1.595E0,-2.8E0,1.8875E1));
#4831=CARTESIAN_POINT('',(-9.45E-1,-2.8E0,1.8875E1));
#4832=VERTEX_POINT('',#4830);
#4833=VERTEX_POINT('',#4831);
#4834=CARTESIAN_POINT('',(-9.45E-1,-2.8E0,1.8205E1));
#4835=CARTESIAN_POINT('',(-1.595E0,-2.8E0,1.8205E1));
#4836=VERTEX_POINT('',#4834);
#4837=VERTEX_POINT('',#4835);
#4838=CARTESIAN_POINT('',(7.429274057836E-1,-3.15E0,1.291E1));
#4839=CARTESIAN_POINT('',(9.45E-1,-2.8E0,1.291E1));
#4840=VERTEX_POINT('',#4838);
#4841=VERTEX_POINT('',#4839);
#4842=CARTESIAN_POINT('',(7.429274057836E-1,-3.15E0,1.401E1));
#4843=CARTESIAN_POINT('',(9.45E-1,-2.8E0,1.401E1));
#4844=VERTEX_POINT('',#4842);
#4845=VERTEX_POINT('',#4843);
#4846=CARTESIAN_POINT('',(1.595E0,-2.8E0,1.3125E1));
#4847=CARTESIAN_POINT('',(9.45E-1,-2.8E0,1.3125E1));
#4848=VERTEX_POINT('',#4846);
#4849=VERTEX_POINT('',#4847);
#4850=CARTESIAN_POINT('',(9.45E-1,-2.8E0,1.3795E1));
#4851=VERTEX_POINT('',#4850);
#4852=CARTESIAN_POINT('',(1.595E0,-2.8E0,1.3795E1));
#4853=VERTEX_POINT('',#4852);
#4854=CARTESIAN_POINT('',(7.429274057836E-1,-3.15E0,1.545E1));
#4855=CARTESIAN_POINT('',(9.45E-1,-2.8E0,1.545E1));
#4856=VERTEX_POINT('',#4854);
#4857=VERTEX_POINT('',#4855);
#4858=CARTESIAN_POINT('',(7.429274057836E-1,-3.15E0,1.655E1));
#4859=CARTESIAN_POINT('',(9.45E-1,-2.8E0,1.655E1));
#4860=VERTEX_POINT('',#4858);
#4861=VERTEX_POINT('',#4859);
#4862=CARTESIAN_POINT('',(1.595E0,-2.8E0,1.5665E1));
#4863=CARTESIAN_POINT('',(9.45E-1,-2.8E0,1.5665E1));
#4864=VERTEX_POINT('',#4862);
#4865=VERTEX_POINT('',#4863);
#4866=CARTESIAN_POINT('',(9.45E-1,-2.8E0,1.6335E1));
#4867=VERTEX_POINT('',#4866);
#4868=CARTESIAN_POINT('',(1.595E0,-2.8E0,1.6335E1));
#4869=VERTEX_POINT('',#4868);
#4870=CARTESIAN_POINT('',(7.429274057836E-1,-3.15E0,1.799E1));
#4871=CARTESIAN_POINT('',(9.45E-1,-2.8E0,1.799E1));
#4872=VERTEX_POINT('',#4870);
#4873=VERTEX_POINT('',#4871);
#4874=CARTESIAN_POINT('',(7.429274057836E-1,-3.15E0,1.909E1));
#4875=CARTESIAN_POINT('',(9.45E-1,-2.8E0,1.909E1));
#4876=VERTEX_POINT('',#4874);
#4877=VERTEX_POINT('',#4875);
#4878=CARTESIAN_POINT('',(1.595E0,-2.8E0,1.8205E1));
#4879=CARTESIAN_POINT('',(9.45E-1,-2.8E0,1.8205E1));
#4880=VERTEX_POINT('',#4878);
#4881=VERTEX_POINT('',#4879);
#4882=CARTESIAN_POINT('',(9.45E-1,-2.8E0,1.8875E1));
#4883=VERTEX_POINT('',#4882);
#4884=CARTESIAN_POINT('',(1.595E0,-2.8E0,1.8875E1));
#4885=VERTEX_POINT('',#4884);
#4886=CARTESIAN_POINT('',(5.583471458512E-1,-7.26E0,1.037E1));
#4887=CARTESIAN_POINT('',(5.583471458512E-1,-6.209866923241E0,1.037E1));
#4888=VERTEX_POINT('',#4886);
#4889=VERTEX_POINT('',#4887);
#4890=CARTESIAN_POINT('',(1.595E0,-7.26E0,1.037E1));
#4891=CARTESIAN_POINT('',(1.595E0,-2.8E0,1.037E1));
#4892=VERTEX_POINT('',#4890);
#4893=VERTEX_POINT('',#4891);
#4894=CARTESIAN_POINT('',(1.595E0,-7.26E0,1.147E1));
#4895=CARTESIAN_POINT('',(1.595E0,-2.8E0,1.147E1));
#4896=VERTEX_POINT('',#4894);
#4897=VERTEX_POINT('',#4895);
#4898=CARTESIAN_POINT('',(5.583471458512E-1,-7.26E0,1.147E1));
#4899=CARTESIAN_POINT('',(5.583471458512E-1,-6.209866923241E0,1.147E1));
#4900=VERTEX_POINT('',#4898);
#4901=VERTEX_POINT('',#4899);
#4902=CARTESIAN_POINT('',(2.509924494360E0,-3.4E0,1.126E1));
#4903=CARTESIAN_POINT('',(4.05E0,-3.156076002982E0,1.126E1));
#4904=VERTEX_POINT('',#4902);
#4905=VERTEX_POINT('',#4903);
#4906=CARTESIAN_POINT('',(2.509924494360E0,-3.4E0,1.058E1));
#4907=CARTESIAN_POINT('',(4.05E0,-3.156076002982E0,1.058E1));
#4908=VERTEX_POINT('',#4906);
#4909=VERTEX_POINT('',#4907);
#4910=CARTESIAN_POINT('',(5.583471458512E-1,-6.209866923241E0,1.126E1));
#4911=VERTEX_POINT('',#4910);
#4912=CARTESIAN_POINT('',(5.583471458512E-1,-6.209866923241E0,1.058E1));
#4913=VERTEX_POINT('',#4912);
#4914=CARTESIAN_POINT('',(-2.511393209759E-1,-6.338076984240E0,1.126E1));
#4915=CARTESIAN_POINT('',(-9.45E-1,-5.745463979883E0,1.126E1));
#4916=VERTEX_POINT('',#4914);
#4917=VERTEX_POINT('',#4915);
#4918=CARTESIAN_POINT('',(-2.511393209759E-1,-6.338076984240E0,1.058E1));
#4919=CARTESIAN_POINT('',(-9.45E-1,-5.745463979883E0,1.058E1));
#4920=VERTEX_POINT('',#4918);
#4921=VERTEX_POINT('',#4919);
#4922=CARTESIAN_POINT('',(-9.45E-1,-7.26E0,1.037E1));
#4923=VERTEX_POINT('',#4922);
#4924=CARTESIAN_POINT('',(-9.45E-1,-7.26E0,1.147E1));
#4925=VERTEX_POINT('',#4924);
#4926=CARTESIAN_POINT('',(1.595E0,-2.8E0,1.126E1));
#4927=VERTEX_POINT('',#4926);
#4928=CARTESIAN_POINT('',(1.595E0,-2.8E0,1.058E1));
#4929=VERTEX_POINT('',#4928);
#4930=CARTESIAN_POINT('',(4.05E0,-7.26E0,1.143320508076E1));
#4931=CARTESIAN_POINT('',(4.05E0,-6.96E0,1.126E1));
#4932=VERTEX_POINT('',#4930);
#4933=VERTEX_POINT('',#4931);
#4934=CARTESIAN_POINT('',(1.595E0,-6.96E0,1.126E1));
#4935=VERTEX_POINT('',#4934);
#4936=CARTESIAN_POINT('',(1.595E0,-7.26E0,1.143320508076E1));
#4937=VERTEX_POINT('',#4936);
#4938=CARTESIAN_POINT('',(5.583471458512E-1,-7.26E0,1.143320508076E1));
#4939=CARTESIAN_POINT('',(5.583471458512E-1,-6.96E0,1.126E1));
#4940=VERTEX_POINT('',#4938);
#4941=VERTEX_POINT('',#4939);
#4942=CARTESIAN_POINT('',(-9.45E-1,-6.96E0,1.126E1));
#4943=VERTEX_POINT('',#4942);
#4944=CARTESIAN_POINT('',(-9.45E-1,-7.26E0,1.143320508076E1));
#4945=VERTEX_POINT('',#4944);
#4946=CARTESIAN_POINT('',(1.595E0,-7.26E0,1.040679491924E1));
#4947=CARTESIAN_POINT('',(1.595E0,-6.96E0,1.058E1));
#4948=VERTEX_POINT('',#4946);
#4949=VERTEX_POINT('',#4947);
#4950=CARTESIAN_POINT('',(4.05E0,-6.96E0,1.058E1));
#4951=VERTEX_POINT('',#4950);
#4952=CARTESIAN_POINT('',(4.05E0,-7.26E0,1.040679491924E1));
#4953=VERTEX_POINT('',#4952);
#4954=CARTESIAN_POINT('',(-9.45E-1,-7.26E0,1.040679491924E1));
#4955=CARTESIAN_POINT('',(-9.45E-1,-6.96E0,1.058E1));
#4956=VERTEX_POINT('',#4954);
#4957=VERTEX_POINT('',#4955);
#4958=CARTESIAN_POINT('',(5.583471458512E-1,-6.96E0,1.058E1));
#4959=VERTEX_POINT('',#4958);
#4960=CARTESIAN_POINT('',(5.583471458512E-1,-7.26E0,1.040679491924E1));
#4961=VERTEX_POINT('',#4960);
#4962=CARTESIAN_POINT('',(5.583471458512E-1,-6.209866923241E0,1.291E1));
#4963=CARTESIAN_POINT('',(5.583471458512E-1,-7.26E0,1.291E1));
#4964=VERTEX_POINT('',#4962);
#4965=VERTEX_POINT('',#4963);
#4966=CARTESIAN_POINT('',(1.595E0,-2.8E0,1.291E1));
#4967=CARTESIAN_POINT('',(1.595E0,-7.26E0,1.291E1));
#4968=VERTEX_POINT('',#4966);
#4969=VERTEX_POINT('',#4967);
#4970=CARTESIAN_POINT('',(1.595E0,-2.8E0,1.401E1));
#4971=CARTESIAN_POINT('',(1.595E0,-7.26E0,1.401E1));
#4972=VERTEX_POINT('',#4970);
#4973=VERTEX_POINT('',#4971);
#4974=CARTESIAN_POINT('',(5.583471458512E-1,-6.209866923241E0,1.401E1));
#4975=CARTESIAN_POINT('',(5.583471458512E-1,-7.26E0,1.401E1));
#4976=VERTEX_POINT('',#4974);
#4977=VERTEX_POINT('',#4975);
#4978=CARTESIAN_POINT('',(-2.511393209759E-1,-6.338076984240E0,1.38E1));
#4979=CARTESIAN_POINT('',(-9.45E-1,-5.745463979883E0,1.38E1));
#4980=VERTEX_POINT('',#4978);
#4981=VERTEX_POINT('',#4979);
#4982=CARTESIAN_POINT('',(-2.511393209759E-1,-6.338076984240E0,1.312E1));
#4983=CARTESIAN_POINT('',(-9.45E-1,-5.745463979883E0,1.312E1));
#4984=VERTEX_POINT('',#4982);
#4985=VERTEX_POINT('',#4983);
#4986=CARTESIAN_POINT('',(5.583471458512E-1,-6.209866923241E0,1.38E1));
#4987=VERTEX_POINT('',#4986);
#4988=CARTESIAN_POINT('',(5.583471458512E-1,-6.209866923241E0,1.312E1));
#4989=VERTEX_POINT('',#4988);
#4990=CARTESIAN_POINT('',(1.595E0,-2.8E0,1.38E1));
#4991=VERTEX_POINT('',#4990);
#4992=CARTESIAN_POINT('',(1.595E0,-2.8E0,1.312E1));
#4993=VERTEX_POINT('',#4992);
#4994=CARTESIAN_POINT('',(2.509924494360E0,-3.4E0,1.38E1));
#4995=VERTEX_POINT('',#4994);
#4996=CARTESIAN_POINT('',(2.509924494360E0,-3.4E0,1.312E1));
#4997=VERTEX_POINT('',#4996);
#4998=CARTESIAN_POINT('',(4.05E0,-3.156076002982E0,1.38E1));
#4999=VERTEX_POINT('',#4998);
#5000=CARTESIAN_POINT('',(4.05E0,-3.156076002982E0,1.312E1));
#5001=VERTEX_POINT('',#5000);
#5002=CARTESIAN_POINT('',(-9.45E-1,-7.26E0,1.291E1));
#5003=VERTEX_POINT('',#5002);
#5004=CARTESIAN_POINT('',(-9.45E-1,-7.26E0,1.401E1));
#5005=VERTEX_POINT('',#5004);
#5006=CARTESIAN_POINT('',(5.583471458512E-1,-6.209866923241E0,1.545E1));
#5007=CARTESIAN_POINT('',(5.583471458512E-1,-7.26E0,1.545E1));
#5008=VERTEX_POINT('',#5006);
#5009=VERTEX_POINT('',#5007);
#5010=CARTESIAN_POINT('',(1.595E0,-2.8E0,1.545E1));
#5011=CARTESIAN_POINT('',(1.595E0,-7.26E0,1.545E1));
#5012=VERTEX_POINT('',#5010);
#5013=VERTEX_POINT('',#5011);
#5014=CARTESIAN_POINT('',(1.595E0,-2.8E0,1.655E1));
#5015=CARTESIAN_POINT('',(1.595E0,-7.26E0,1.655E1));
#5016=VERTEX_POINT('',#5014);
#5017=VERTEX_POINT('',#5015);
#5018=CARTESIAN_POINT('',(5.583471458512E-1,-6.209866923241E0,1.655E1));
#5019=CARTESIAN_POINT('',(5.583471458512E-1,-7.26E0,1.655E1));
#5020=VERTEX_POINT('',#5018);
#5021=VERTEX_POINT('',#5019);
#5022=CARTESIAN_POINT('',(-2.511393209759E-1,-6.338076984240E0,1.634E1));
#5023=CARTESIAN_POINT('',(-9.45E-1,-5.745463979883E0,1.634E1));
#5024=VERTEX_POINT('',#5022);
#5025=VERTEX_POINT('',#5023);
#5026=CARTESIAN_POINT('',(-2.511393209759E-1,-6.338076984240E0,1.566E1));
#5027=CARTESIAN_POINT('',(-9.45E-1,-5.745463979883E0,1.566E1));
#5028=VERTEX_POINT('',#5026);
#5029=VERTEX_POINT('',#5027);
#5030=CARTESIAN_POINT('',(5.583471458512E-1,-6.209866923241E0,1.634E1));
#5031=VERTEX_POINT('',#5030);
#5032=CARTESIAN_POINT('',(5.583471458512E-1,-6.209866923241E0,1.566E1));
#5033=VERTEX_POINT('',#5032);
#5034=CARTESIAN_POINT('',(1.595E0,-2.8E0,1.634E1));
#5035=VERTEX_POINT('',#5034);
#5036=CARTESIAN_POINT('',(1.595E0,-2.8E0,1.566E1));
#5037=VERTEX_POINT('',#5036);
#5038=CARTESIAN_POINT('',(2.509924494360E0,-3.4E0,1.634E1));
#5039=VERTEX_POINT('',#5038);
#5040=CARTESIAN_POINT('',(2.509924494360E0,-3.4E0,1.566E1));
#5041=VERTEX_POINT('',#5040);
#5042=CARTESIAN_POINT('',(4.05E0,-3.156076002982E0,1.634E1));
#5043=VERTEX_POINT('',#5042);
#5044=CARTESIAN_POINT('',(4.05E0,-3.156076002982E0,1.566E1));
#5045=VERTEX_POINT('',#5044);
#5046=CARTESIAN_POINT('',(-9.45E-1,-7.26E0,1.545E1));
#5047=VERTEX_POINT('',#5046);
#5048=CARTESIAN_POINT('',(-9.45E-1,-7.26E0,1.655E1));
#5049=VERTEX_POINT('',#5048);
#5050=CARTESIAN_POINT('',(5.583471458512E-1,-6.209866923241E0,1.799E1));
#5051=CARTESIAN_POINT('',(5.583471458512E-1,-7.26E0,1.799E1));
#5052=VERTEX_POINT('',#5050);
#5053=VERTEX_POINT('',#5051);
#5054=CARTESIAN_POINT('',(1.595E0,-2.8E0,1.799E1));
#5055=CARTESIAN_POINT('',(1.595E0,-7.26E0,1.799E1));
#5056=VERTEX_POINT('',#5054);
#5057=VERTEX_POINT('',#5055);
#5058=CARTESIAN_POINT('',(1.595E0,-2.8E0,1.909E1));
#5059=CARTESIAN_POINT('',(1.595E0,-7.26E0,1.909E1));
#5060=VERTEX_POINT('',#5058);
#5061=VERTEX_POINT('',#5059);
#5062=CARTESIAN_POINT('',(5.583471458512E-1,-6.209866923241E0,1.909E1));
#5063=CARTESIAN_POINT('',(5.583471458512E-1,-7.26E0,1.909E1));
#5064=VERTEX_POINT('',#5062);
#5065=VERTEX_POINT('',#5063);
#5066=CARTESIAN_POINT('',(-2.511393209759E-1,-6.338076984240E0,1.888E1));
#5067=CARTESIAN_POINT('',(-9.45E-1,-5.745463979883E0,1.888E1));
#5068=VERTEX_POINT('',#5066);
#5069=VERTEX_POINT('',#5067);
#5070=CARTESIAN_POINT('',(-2.511393209759E-1,-6.338076984240E0,1.82E1));
#5071=CARTESIAN_POINT('',(-9.45E-1,-5.745463979883E0,1.82E1));
#5072=VERTEX_POINT('',#5070);
#5073=VERTEX_POINT('',#5071);
#5074=CARTESIAN_POINT('',(5.583471458512E-1,-6.209866923241E0,1.888E1));
#5075=VERTEX_POINT('',#5074);
#5076=CARTESIAN_POINT('',(5.583471458512E-1,-6.209866923241E0,1.82E1));
#5077=VERTEX_POINT('',#5076);
#5078=CARTESIAN_POINT('',(1.595E0,-2.8E0,1.888E1));
#5079=VERTEX_POINT('',#5078);
#5080=CARTESIAN_POINT('',(1.595E0,-2.8E0,1.82E1));
#5081=VERTEX_POINT('',#5080);
#5082=CARTESIAN_POINT('',(2.509924494360E0,-3.4E0,1.888E1));
#5083=VERTEX_POINT('',#5082);
#5084=CARTESIAN_POINT('',(2.509924494360E0,-3.4E0,1.82E1));
#5085=VERTEX_POINT('',#5084);
#5086=CARTESIAN_POINT('',(4.05E0,-3.156076002982E0,1.888E1));
#5087=VERTEX_POINT('',#5086);
#5088=CARTESIAN_POINT('',(4.05E0,-3.156076002982E0,1.82E1));
#5089=VERTEX_POINT('',#5088);
#5090=CARTESIAN_POINT('',(-9.45E-1,-7.26E0,1.799E1));
#5091=VERTEX_POINT('',#5090);
#5092=CARTESIAN_POINT('',(-9.45E-1,-7.26E0,1.909E1));
#5093=VERTEX_POINT('',#5092);
#5094=CARTESIAN_POINT('',(4.05E0,-7.26E0,1.397320508076E1));
#5095=CARTESIAN_POINT('',(4.05E0,-6.96E0,1.38E1));
#5096=VERTEX_POINT('',#5094);
#5097=VERTEX_POINT('',#5095);
#5098=CARTESIAN_POINT('',(1.595E0,-6.96E0,1.38E1));
#5099=VERTEX_POINT('',#5098);
#5100=CARTESIAN_POINT('',(1.595E0,-7.26E0,1.397320508076E1));
#5101=VERTEX_POINT('',#5100);
#5102=CARTESIAN_POINT('',(5.583471458512E-1,-7.26E0,1.397320508076E1));
#5103=CARTESIAN_POINT('',(5.583471458512E-1,-6.96E0,1.38E1));
#5104=VERTEX_POINT('',#5102);
#5105=VERTEX_POINT('',#5103);
#5106=CARTESIAN_POINT('',(-9.45E-1,-6.96E0,1.38E1));
#5107=VERTEX_POINT('',#5106);
#5108=CARTESIAN_POINT('',(-9.45E-1,-7.26E0,1.397320508076E1));
#5109=VERTEX_POINT('',#5108);
#5110=CARTESIAN_POINT('',(1.595E0,-7.26E0,1.294679491924E1));
#5111=CARTESIAN_POINT('',(1.595E0,-6.96E0,1.312E1));
#5112=VERTEX_POINT('',#5110);
#5113=VERTEX_POINT('',#5111);
#5114=CARTESIAN_POINT('',(4.05E0,-6.96E0,1.312E1));
#5115=VERTEX_POINT('',#5114);
#5116=CARTESIAN_POINT('',(4.05E0,-7.26E0,1.294679491924E1));
#5117=VERTEX_POINT('',#5116);
#5118=CARTESIAN_POINT('',(-9.45E-1,-7.26E0,1.294679491924E1));
#5119=CARTESIAN_POINT('',(-9.45E-1,-6.96E0,1.312E1));
#5120=VERTEX_POINT('',#5118);
#5121=VERTEX_POINT('',#5119);
#5122=CARTESIAN_POINT('',(5.583471458512E-1,-6.96E0,1.312E1));
#5123=VERTEX_POINT('',#5122);
#5124=CARTESIAN_POINT('',(5.583471458512E-1,-7.26E0,1.294679491924E1));
#5125=VERTEX_POINT('',#5124);
#5126=CARTESIAN_POINT('',(4.05E0,-7.26E0,1.651320508076E1));
#5127=CARTESIAN_POINT('',(4.05E0,-6.96E0,1.634E1));
#5128=VERTEX_POINT('',#5126);
#5129=VERTEX_POINT('',#5127);
#5130=CARTESIAN_POINT('',(1.595E0,-6.96E0,1.634E1));
#5131=VERTEX_POINT('',#5130);
#5132=CARTESIAN_POINT('',(1.595E0,-7.26E0,1.651320508076E1));
#5133=VERTEX_POINT('',#5132);
#5134=CARTESIAN_POINT('',(5.583471458512E-1,-7.26E0,1.651320508076E1));
#5135=CARTESIAN_POINT('',(5.583471458512E-1,-6.96E0,1.634E1));
#5136=VERTEX_POINT('',#5134);
#5137=VERTEX_POINT('',#5135);
#5138=CARTESIAN_POINT('',(-9.45E-1,-6.96E0,1.634E1));
#5139=VERTEX_POINT('',#5138);
#5140=CARTESIAN_POINT('',(-9.45E-1,-7.26E0,1.651320508076E1));
#5141=VERTEX_POINT('',#5140);
#5142=CARTESIAN_POINT('',(1.595E0,-7.26E0,1.548679491924E1));
#5143=CARTESIAN_POINT('',(1.595E0,-6.96E0,1.566E1));
#5144=VERTEX_POINT('',#5142);
#5145=VERTEX_POINT('',#5143);
#5146=CARTESIAN_POINT('',(4.05E0,-6.96E0,1.566E1));
#5147=VERTEX_POINT('',#5146);
#5148=CARTESIAN_POINT('',(4.05E0,-7.26E0,1.548679491924E1));
#5149=VERTEX_POINT('',#5148);
#5150=CARTESIAN_POINT('',(-9.45E-1,-7.26E0,1.548679491924E1));
#5151=CARTESIAN_POINT('',(-9.45E-1,-6.96E0,1.566E1));
#5152=VERTEX_POINT('',#5150);
#5153=VERTEX_POINT('',#5151);
#5154=CARTESIAN_POINT('',(5.583471458512E-1,-6.96E0,1.566E1));
#5155=VERTEX_POINT('',#5154);
#5156=CARTESIAN_POINT('',(5.583471458512E-1,-7.26E0,1.548679491924E1));
#5157=VERTEX_POINT('',#5156);
#5158=CARTESIAN_POINT('',(4.05E0,-7.26E0,1.905320508076E1));
#5159=CARTESIAN_POINT('',(4.05E0,-6.96E0,1.888E1));
#5160=VERTEX_POINT('',#5158);
#5161=VERTEX_POINT('',#5159);
#5162=CARTESIAN_POINT('',(1.595E0,-6.96E0,1.888E1));
#5163=VERTEX_POINT('',#5162);
#5164=CARTESIAN_POINT('',(1.595E0,-7.26E0,1.905320508076E1));
#5165=VERTEX_POINT('',#5164);
#5166=CARTESIAN_POINT('',(5.583471458512E-1,-7.26E0,1.905320508076E1));
#5167=CARTESIAN_POINT('',(5.583471458512E-1,-6.96E0,1.888E1));
#5168=VERTEX_POINT('',#5166);
#5169=VERTEX_POINT('',#5167);
#5170=CARTESIAN_POINT('',(-9.45E-1,-6.96E0,1.888E1));
#5171=VERTEX_POINT('',#5170);
#5172=CARTESIAN_POINT('',(-9.45E-1,-7.26E0,1.905320508076E1));
#5173=VERTEX_POINT('',#5172);
#5174=CARTESIAN_POINT('',(1.595E0,-7.26E0,1.802679491924E1));
#5175=CARTESIAN_POINT('',(1.595E0,-6.96E0,1.82E1));
#5176=VERTEX_POINT('',#5174);
#5177=VERTEX_POINT('',#5175);
#5178=CARTESIAN_POINT('',(4.05E0,-6.96E0,1.82E1));
#5179=VERTEX_POINT('',#5178);
#5180=CARTESIAN_POINT('',(4.05E0,-7.26E0,1.802679491924E1));
#5181=VERTEX_POINT('',#5180);
#5182=CARTESIAN_POINT('',(-9.45E-1,-7.26E0,1.802679491924E1));
#5183=CARTESIAN_POINT('',(-9.45E-1,-6.96E0,1.82E1));
#5184=VERTEX_POINT('',#5182);
#5185=VERTEX_POINT('',#5183);
#5186=CARTESIAN_POINT('',(5.583471458512E-1,-6.96E0,1.82E1));
#5187=VERTEX_POINT('',#5186);
#5188=CARTESIAN_POINT('',(5.583471458512E-1,-7.26E0,1.802679491924E1));
#5189=VERTEX_POINT('',#5188);
#5190=CARTESIAN_POINT('',(-4.05E0,6.4E0,9.4865E0));
#5191=CARTESIAN_POINT('',(-4.05E0,3.9E0,1.093E1));
#5192=VERTEX_POINT('',#5190);
#5193=VERTEX_POINT('',#5191);
#5194=CARTESIAN_POINT('',(-4.05E0,6.4E0,1.23735E1));
#5195=VERTEX_POINT('',#5194);
#5196=CARTESIAN_POINT('',(-3.85E0,6.4E0,9.4865E0));
#5197=CARTESIAN_POINT('',(-3.85E0,6.4E0,1.23735E1));
#5198=VERTEX_POINT('',#5196);
#5199=VERTEX_POINT('',#5197);
#5200=CARTESIAN_POINT('',(-3.85E0,3.9E0,1.093E1));
#5201=VERTEX_POINT('',#5200);
#5202=CARTESIAN_POINT('',(-4.05E0,-7.36E0,2.23E0));
#5203=CARTESIAN_POINT('',(-4.05E0,-7.36E0,1.83E0));
#5204=VERTEX_POINT('',#5202);
#5205=VERTEX_POINT('',#5203);
#5206=VERTEX_POINT('',#1680);
#5207=VERTEX_POINT('',#1695);
#5208=CARTESIAN_POINT('',(-4.05E0,-7.26E0,2.23E0));
#5209=CARTESIAN_POINT('',(-8.353150006402E-1,-7.26E0,2.23E0));
#5210=VERTEX_POINT('',#5208);
#5211=VERTEX_POINT('',#5209);
#5212=CARTESIAN_POINT('',(3.753150006402E-1,-7.26E0,2.23E0));
#5213=CARTESIAN_POINT('',(4.05E0,-7.26E0,2.23E0));
#5214=VERTEX_POINT('',#5212);
#5215=VERTEX_POINT('',#5213);
#5216=CARTESIAN_POINT('',(-4.05E0,-7.26E0,1.83E0));
#5217=CARTESIAN_POINT('',(-8.353150006402E-1,-7.26E0,1.83E0));
#5218=VERTEX_POINT('',#5216);
#5219=VERTEX_POINT('',#5217);
#5220=CARTESIAN_POINT('',(3.753150006402E-1,-7.26E0,1.83E0));
#5221=CARTESIAN_POINT('',(4.05E0,-7.26E0,1.83E0));
#5222=VERTEX_POINT('',#5220);
#5223=VERTEX_POINT('',#5221);
#5224=VERTEX_POINT('',#1852);
#5225=VERTEX_POINT('',#1867);
#5226=CARTESIAN_POINT('',(4.05E0,-7.26E0,6.655E0));
#5227=VERTEX_POINT('',#5226);
#5228=CARTESIAN_POINT('',(4.05E0,-7.26E0,7.055E0));
#5229=VERTEX_POINT('',#5228);
#5230=VERTEX_POINT('',#1213);
#5231=VERTEX_POINT('',#1228);
#5232=CARTESIAN_POINT('',(-4.05E0,-7.36E0,2.763E1));
#5233=CARTESIAN_POINT('',(-4.05E0,-7.36E0,2.723E1));
#5234=VERTEX_POINT('',#5232);
#5235=VERTEX_POINT('',#5233);
#5236=VERTEX_POINT('',#1793);
#5237=VERTEX_POINT('',#1808);
#5238=CARTESIAN_POINT('',(-4.05E0,-7.26E0,2.763E1));
#5239=CARTESIAN_POINT('',(-8.353150006402E-1,-7.26E0,2.763E1));
#5240=VERTEX_POINT('',#5238);
#5241=VERTEX_POINT('',#5239);
#5242=CARTESIAN_POINT('',(3.753150006402E-1,-7.26E0,2.763E1));
#5243=CARTESIAN_POINT('',(4.05E0,-7.26E0,2.763E1));
#5244=VERTEX_POINT('',#5242);
#5245=VERTEX_POINT('',#5243);
#5246=CARTESIAN_POINT('',(-4.05E0,-7.26E0,2.723E1));
#5247=CARTESIAN_POINT('',(-8.353150006402E-1,-7.26E0,2.723E1));
#5248=VERTEX_POINT('',#5246);
#5249=VERTEX_POINT('',#5247);
#5250=CARTESIAN_POINT('',(3.753150006402E-1,-7.26E0,2.723E1));
#5251=CARTESIAN_POINT('',(4.05E0,-7.26E0,2.723E1));
#5252=VERTEX_POINT('',#5250);
#5253=VERTEX_POINT('',#5251);
#5254=CARTESIAN_POINT('',(4.05E0,-7.26E0,2.2405E1));
#5255=VERTEX_POINT('',#5254);
#5256=CARTESIAN_POINT('',(4.05E0,-7.26E0,2.2805E1));
#5257=VERTEX_POINT('',#5256);
#5258=CARTESIAN_POINT('',(-2.325E0,-7.36E0,7.055E0));
#5259=CARTESIAN_POINT('',(-2.325E0,-7.26E0,7.055E0));
#5260=VERTEX_POINT('',#5258);
#5261=VERTEX_POINT('',#5259);
#5262=CARTESIAN_POINT('',(-2.325E0,-7.36E0,6.655E0));
#5263=VERTEX_POINT('',#5262);
#5264=CARTESIAN_POINT('',(-2.325E0,-7.26E0,6.655E0));
#5265=VERTEX_POINT('',#5264);
#5266=CARTESIAN_POINT('',(-2.325E0,-7.36E0,2.2805E1));
#5267=CARTESIAN_POINT('',(-2.325E0,-7.26E0,2.2805E1));
#5268=VERTEX_POINT('',#5266);
#5269=VERTEX_POINT('',#5267);
#5270=CARTESIAN_POINT('',(-2.325E0,-7.36E0,2.2405E1));
#5271=VERTEX_POINT('',#5270);
#5272=CARTESIAN_POINT('',(-2.325E0,-7.26E0,2.2405E1));
#5273=VERTEX_POINT('',#5272);
#5274=CARTESIAN_POINT('',(4.15E0,4.74E0,2.23E0));
#5275=CARTESIAN_POINT('',(4.05E0,4.74E0,2.23E0));
#5276=VERTEX_POINT('',#5274);
#5277=VERTEX_POINT('',#5275);
#5278=CARTESIAN_POINT('',(4.15E0,4.74E0,1.83E0));
#5279=CARTESIAN_POINT('',(4.05E0,4.74E0,1.83E0));
#5280=VERTEX_POINT('',#5278);
#5281=VERTEX_POINT('',#5279);
#5282=CARTESIAN_POINT('',(4.15E0,4.74E0,7.055E0));
#5283=CARTESIAN_POINT('',(4.05E0,4.74E0,7.055E0));
#5284=VERTEX_POINT('',#5282);
#5285=VERTEX_POINT('',#5283);
#5286=CARTESIAN_POINT('',(4.15E0,4.74E0,6.655E0));
#5287=CARTESIAN_POINT('',(4.05E0,4.74E0,6.655E0));
#5288=VERTEX_POINT('',#5286);
#5289=VERTEX_POINT('',#5287);
#5290=CARTESIAN_POINT('',(4.15E0,4.74E0,2.2805E1));
#5291=CARTESIAN_POINT('',(4.05E0,4.74E0,2.2805E1));
#5292=VERTEX_POINT('',#5290);
#5293=VERTEX_POINT('',#5291);
#5294=CARTESIAN_POINT('',(4.15E0,4.74E0,2.2405E1));
#5295=CARTESIAN_POINT('',(4.05E0,4.74E0,2.2405E1));
#5296=VERTEX_POINT('',#5294);
#5297=VERTEX_POINT('',#5295);
#5298=CARTESIAN_POINT('',(4.15E0,4.74E0,2.763E1));
#5299=CARTESIAN_POINT('',(4.05E0,4.74E0,2.763E1));
#5300=VERTEX_POINT('',#5298);
#5301=VERTEX_POINT('',#5299);
#5302=CARTESIAN_POINT('',(4.15E0,4.74E0,2.723E1));
#5303=CARTESIAN_POINT('',(4.05E0,4.74E0,2.723E1));
#5304=VERTEX_POINT('',#5302);
#5305=VERTEX_POINT('',#5303);
#5306=CARTESIAN_POINT('',(0.E0,0.E0,0.E0));
#5307=DIRECTION('',(0.E0,0.E0,1.E0));
#5308=DIRECTION('',(1.E0,0.E0,0.E0));
#5309=AXIS2_PLACEMENT_3D('',#5306,#5307,#5308);
#5310=PLANE('27',#5309);
#5312=ORIENTED_EDGE('732',*,*,#5311,.T.);
#5314=ORIENTED_EDGE('733',*,*,#5313,.T.);
#5316=ORIENTED_EDGE('734',*,*,#5315,.F.);
#5318=ORIENTED_EDGE('1564',*,*,#5317,.F.);
#5320=ORIENTED_EDGE('420',*,*,#5319,.F.);
#5322=ORIENTED_EDGE('118',*,*,#5321,.T.);
#5324=ORIENTED_EDGE('29',*,*,#5323,.T.);
#5326=ORIENTED_EDGE('119',*,*,#5325,.T.);
#5328=ORIENTED_EDGE('421',*,*,#5327,.F.);
#5330=ORIENTED_EDGE('1565',*,*,#5329,.F.);
#5331=EDGE_LOOP('27',(#5312,#5314,#5316,#5318,#5320,#5322,#5324,#5326,#5328,
#5330));
#5332=FACE_OUTER_BOUND('27',#5331,.F.);
#5333=ADVANCED_FACE('27',(#5332),#5310,.F.);
#5334=CARTESIAN_POINT('',(1.E0,1.24E0,0.E0));
#5335=DIRECTION('',(1.E0,0.E0,0.E0));
#5336=DIRECTION('',(0.E0,-1.E0,0.E0));
#5337=AXIS2_PLACEMENT_3D('',#5334,#5335,#5336);
#5338=PLANE('721',#5337);
#5340=ORIENTED_EDGE('843',*,*,#5339,.T.);
#5342=ORIENTED_EDGE('875',*,*,#5341,.F.);
#5343=ORIENTED_EDGE('732',*,*,#5311,.F.);
#5345=ORIENTED_EDGE('1576',*,*,#5344,.F.);
#5346=EDGE_LOOP('721',(#5340,#5342,#5343,#5345));
#5347=FACE_OUTER_BOUND('721',#5346,.F.);
#5348=ADVANCED_FACE('721',(#5347),#5338,.F.);
#5349=CARTESIAN_POINT('',(1.E0,1.24E0,0.E0));
#5350=DIRECTION('',(1.E0,0.E0,0.E0));
#5351=DIRECTION('',(0.E0,-1.E0,0.E0));
#5352=AXIS2_PLACEMENT_3D('',#5349,#5350,#5351);
#5353=PLANE('721',#5352);
#5355=ORIENTED_EDGE('844',*,*,#5354,.F.);
#5357=ORIENTED_EDGE('1575',*,*,#5356,.F.);
#5359=ORIENTED_EDGE('1551',*,*,#5358,.F.);
#5361=ORIENTED_EDGE('876',*,*,#5360,.F.);
#5362=EDGE_LOOP('721',(#5355,#5357,#5359,#5361));
#5363=FACE_OUTER_BOUND('721',#5362,.F.);
#5364=ADVANCED_FACE('721',(#5363),#5353,.F.);
#5365=CARTESIAN_POINT('',(-2.3E-1,-2.96E0,2.03E0));
#5366=DIRECTION('',(0.E0,-1.E0,0.E0));
#5367=DIRECTION('',(0.E0,0.E0,1.E0));
#5368=AXIS2_PLACEMENT_3D('',#5365,#5366,#5367);
#5369=CYLINDRICAL_SURFACE('813',#5368,2.E0);
#5370=ORIENTED_EDGE('843',*,*,#5339,.F.);
#5372=ORIENTED_EDGE('1574',*,*,#5371,.T.);
#5374=ORIENTED_EDGE('1572',*,*,#5373,.T.);
#5375=ORIENTED_EDGE('844',*,*,#5354,.T.);
#5377=ORIENTED_EDGE('1569',*,*,#5376,.T.);
#5379=ORIENTED_EDGE('881',*,*,#5378,.F.);
#5381=ORIENTED_EDGE('801',*,*,#5380,.F.);
#5383=ORIENTED_EDGE('882',*,*,#5382,.T.);
#5385=ORIENTED_EDGE('1568',*,*,#5384,.T.);
#5386=EDGE_LOOP('813',(#5370,#5372,#5374,#5375,#5377,#5379,#5381,#5383,#5385));
#5387=FACE_OUTER_BOUND('813',#5386,.F.);
#5388=ADVANCED_FACE('813',(#5387),#5369,.F.);
#5389=CARTESIAN_POINT('',(2.325E0,1.24E0,8.773863656093E-1));
#5390=DIRECTION('',(0.E0,-1.E0,0.E0));
#5391=DIRECTION('',(0.E0,0.E0,-1.E0));
#5392=AXIS2_PLACEMENT_3D('',#5389,#5390,#5391);
#5393=PLANE('1531',#5392);
#5395=ORIENTED_EDGE('1573',*,*,#5394,.F.);
#5397=ORIENTED_EDGE('1581',*,*,#5396,.T.);
#5399=ORIENTED_EDGE('1550',*,*,#5398,.T.);
#5400=ORIENTED_EDGE('1564',*,*,#5317,.T.);
#5402=ORIENTED_EDGE('1577',*,*,#5401,.F.);
#5403=EDGE_LOOP('1531',(#5395,#5397,#5399,#5400,#5402));
#5404=FACE_OUTER_BOUND('1531',#5403,.F.);
#5405=ADVANCED_FACE('1531',(#5404),#5393,.F.);
#5406=CARTESIAN_POINT('',(2.325E0,1.24E0,8.773863656093E-1));
#5407=DIRECTION('',(0.E0,-1.E0,0.E0));
#5408=DIRECTION('',(0.E0,0.E0,-1.E0));
#5409=AXIS2_PLACEMENT_3D('',#5406,#5407,#5408);
#5410=PLANE('1531',#5409);
#5411=ORIENTED_EDGE('1574',*,*,#5371,.F.);
#5412=ORIENTED_EDGE('1576',*,*,#5344,.T.);
#5413=ORIENTED_EDGE('1565',*,*,#5329,.T.);
#5415=ORIENTED_EDGE('1546',*,*,#5414,.F.);
#5417=ORIENTED_EDGE('1580',*,*,#5416,.T.);
#5418=EDGE_LOOP('1531',(#5411,#5412,#5413,#5415,#5417));
#5419=FACE_OUTER_BOUND('1531',#5418,.F.);
#5420=ADVANCED_FACE('1531',(#5419),#5410,.F.);
#5421=CARTESIAN_POINT('',(-2.3E-1,-2.96E0,2.03E0));
#5422=DIRECTION('',(0.E0,-1.E0,0.E0));
#5423=DIRECTION('',(0.E0,0.E0,1.E0));
#5424=AXIS2_PLACEMENT_3D('',#5421,#5422,#5423);
#5425=CYLINDRICAL_SURFACE('811',#5424,2.E0);
#5427=ORIENTED_EDGE('849',*,*,#5426,.F.);
#5429=ORIENTED_EDGE('1567',*,*,#5428,.T.);
#5430=ORIENTED_EDGE('882',*,*,#5382,.F.);
#5432=ORIENTED_EDGE('800',*,*,#5431,.F.);
#5433=ORIENTED_EDGE('881',*,*,#5378,.T.);
#5435=ORIENTED_EDGE('1566',*,*,#5434,.T.);
#5437=ORIENTED_EDGE('1570',*,*,#5436,.F.);
#5439=ORIENTED_EDGE('1571',*,*,#5438,.T.);
#5440=ORIENTED_EDGE('1573',*,*,#5394,.T.);
#5441=EDGE_LOOP('811',(#5427,#5429,#5430,#5432,#5433,#5435,#5437,#5439,#5440));
#5442=FACE_OUTER_BOUND('811',#5441,.F.);
#5443=ADVANCED_FACE('811',(#5442),#5425,.F.);
#5444=CARTESIAN_POINT('',(-1.E0,-2.9E0,0.E0));
#5445=DIRECTION('',(-1.E0,0.E0,0.E0));
#5446=DIRECTION('',(0.E0,1.E0,0.E0));
#5447=AXIS2_PLACEMENT_3D('',#5444,#5445,#5446);
#5448=PLANE('725',#5447);
#5449=ORIENTED_EDGE('849',*,*,#5426,.T.);
#5450=ORIENTED_EDGE('1577',*,*,#5401,.T.);
#5451=ORIENTED_EDGE('734',*,*,#5315,.T.);
#5453=ORIENTED_EDGE('877',*,*,#5452,.T.);
#5454=EDGE_LOOP('725',(#5449,#5450,#5451,#5453));
#5455=FACE_OUTER_BOUND('725',#5454,.F.);
#5456=ADVANCED_FACE('725',(#5455),#5448,.F.);
#5457=CARTESIAN_POINT('',(2.325E0,-2.9E0,7.480600546448E0));
#5458=DIRECTION('',(0.E0,-1.E0,0.E0));
#5459=DIRECTION('',(0.E0,0.E0,-1.E0));
#5460=AXIS2_PLACEMENT_3D('',#5457,#5458,#5459);
#5461=PLANE('1525',#5460);
#5462=ORIENTED_EDGE('875',*,*,#5341,.T.);
#5463=ORIENTED_EDGE('1568',*,*,#5384,.F.);
#5464=ORIENTED_EDGE('1567',*,*,#5428,.F.);
#5465=ORIENTED_EDGE('877',*,*,#5452,.F.);
#5466=ORIENTED_EDGE('733',*,*,#5313,.F.);
#5467=EDGE_LOOP('1525',(#5462,#5463,#5464,#5465,#5466));
#5468=FACE_OUTER_BOUND('1525',#5467,.F.);
#5469=ADVANCED_FACE('1525',(#5468),#5461,.F.);
#5470=CARTESIAN_POINT('',(2.325E0,-2.9E0,7.480600546448E0));
#5471=DIRECTION('',(0.E0,-1.E0,0.E0));
#5472=DIRECTION('',(0.E0,0.E0,-1.E0));
#5473=AXIS2_PLACEMENT_3D('',#5470,#5471,#5472);
#5474=PLANE('1525',#5473);
#5476=ORIENTED_EDGE('1588',*,*,#5475,.F.);
#5477=ORIENTED_EDGE('1566',*,*,#5434,.F.);
#5478=ORIENTED_EDGE('1569',*,*,#5376,.F.);
#5479=ORIENTED_EDGE('876',*,*,#5360,.T.);
#5481=ORIENTED_EDGE('1558',*,*,#5480,.F.);
#5483=ORIENTED_EDGE('1505',*,*,#5482,.F.);
#5485=ORIENTED_EDGE('1586',*,*,#5484,.T.);
#5487=ORIENTED_EDGE('1583',*,*,#5486,.T.);
#5488=EDGE_LOOP('1525',(#5476,#5477,#5478,#5479,#5481,#5483,#5485,#5487));
#5489=FACE_OUTER_BOUND('1525',#5488,.F.);
#5490=ADVANCED_FACE('1525',(#5489),#5474,.F.);
#5491=CARTESIAN_POINT('',(2.325E0,-2.9E0,3.819034856567E0));
#5492=DIRECTION('',(0.E0,1.663784826356E-14,-1.E0));
#5493=DIRECTION('',(0.E0,1.E0,1.663784826356E-14));
#5494=AXIS2_PLACEMENT_3D('',#5491,#5492,#5493);
#5495=PLANE('1527',#5494);
#5496=ORIENTED_EDGE('1551',*,*,#5358,.T.);
#5498=ORIENTED_EDGE('1560',*,*,#5497,.F.);
#5500=ORIENTED_EDGE('1506',*,*,#5499,.F.);
#5501=ORIENTED_EDGE('1558',*,*,#5480,.T.);
#5502=EDGE_LOOP('1527',(#5496,#5498,#5500,#5501));
#5503=FACE_OUTER_BOUND('1527',#5502,.F.);
#5504=ADVANCED_FACE('1527',(#5503),#5495,.F.);
#5505=CARTESIAN_POINT('',(2.325E0,-2.9E0,3.819034856567E0));
#5506=DIRECTION('',(0.E0,1.663784826356E-14,-1.E0));
#5507=DIRECTION('',(0.E0,1.E0,1.663784826356E-14));
#5508=AXIS2_PLACEMENT_3D('',#5505,#5506,#5507);
#5509=PLANE('1527',#5508);
#5511=ORIENTED_EDGE('1585',*,*,#5510,.T.);
#5513=ORIENTED_EDGE('1579',*,*,#5512,.F.);
#5514=ORIENTED_EDGE('1570',*,*,#5436,.T.);
#5515=ORIENTED_EDGE('1588',*,*,#5475,.T.);
#5517=ORIENTED_EDGE('1584',*,*,#5516,.T.);
#5518=EDGE_LOOP('1527',(#5511,#5513,#5514,#5515,#5517));
#5519=FACE_OUTER_BOUND('1527',#5518,.F.);
#5520=ADVANCED_FACE('1527',(#5519),#5509,.F.);
#5521=CARTESIAN_POINT('',(2.325E0,2.74E0,4.15E0));
#5522=DIRECTION('',(1.E0,0.E0,0.E0));
#5523=DIRECTION('',(0.E0,0.E0,-1.E0));
#5524=AXIS2_PLACEMENT_3D('',#5521,#5522,#5523);
#5525=CYLINDRICAL_SURFACE('1529',#5524,3.6E0);
#5526=ORIENTED_EDGE('1571',*,*,#5438,.F.);
#5527=ORIENTED_EDGE('1579',*,*,#5512,.T.);
#5529=ORIENTED_EDGE('1515',*,*,#5528,.T.);
#5530=ORIENTED_EDGE('1581',*,*,#5396,.F.);
#5531=EDGE_LOOP('1529',(#5526,#5527,#5529,#5530));
#5532=FACE_OUTER_BOUND('1529',#5531,.F.);
#5533=ADVANCED_FACE('1529',(#5532),#5525,.F.);
#5534=CARTESIAN_POINT('',(2.325E0,2.74E0,4.15E0));
#5535=DIRECTION('',(1.E0,0.E0,0.E0));
#5536=DIRECTION('',(0.E0,0.E0,-1.E0));
#5537=AXIS2_PLACEMENT_3D('',#5534,#5535,#5536);
#5538=CYLINDRICAL_SURFACE('1529',#5537,3.6E0);
#5539=ORIENTED_EDGE('1572',*,*,#5373,.F.);
#5540=ORIENTED_EDGE('1580',*,*,#5416,.F.);
#5542=ORIENTED_EDGE('1507',*,*,#5541,.F.);
#5543=ORIENTED_EDGE('1560',*,*,#5497,.T.);
#5544=ORIENTED_EDGE('1575',*,*,#5356,.T.);
#5545=EDGE_LOOP('1529',(#5539,#5540,#5542,#5543,#5544));
#5546=FACE_OUTER_BOUND('1529',#5545,.F.);
#5547=ADVANCED_FACE('1529',(#5546),#5538,.F.);
#5548=CARTESIAN_POINT('',(-2.325E0,0.E0,0.E0));
#5549=DIRECTION('',(1.E0,0.E0,0.E0));
#5550=DIRECTION('',(0.E0,0.E0,-1.E0));
#5551=AXIS2_PLACEMENT_3D('',#5548,#5549,#5550);
#5552=PLANE('318',#5551);
#5554=ORIENTED_EDGE('1450',*,*,#5553,.F.);
#5556=ORIENTED_EDGE('1587',*,*,#5555,.F.);
#5558=ORIENTED_EDGE('407',*,*,#5557,.T.);
#5560=ORIENTED_EDGE('790',*,*,#5559,.T.);
#5562=ORIENTED_EDGE('1328',*,*,#5561,.F.);
#5564=ORIENTED_EDGE('1324',*,*,#5563,.T.);
#5566=ORIENTED_EDGE('1338',*,*,#5565,.F.);
#5568=ORIENTED_EDGE('1331',*,*,#5567,.F.);
#5570=ORIENTED_EDGE('777',*,*,#5569,.F.);
#5572=ORIENTED_EDGE('417',*,*,#5571,.F.);
#5574=ORIENTED_EDGE('779',*,*,#5573,.F.);
#5576=ORIENTED_EDGE('1332',*,*,#5575,.F.);
#5578=ORIENTED_EDGE('1322',*,*,#5577,.F.);
#5580=ORIENTED_EDGE('1323',*,*,#5579,.F.);
#5582=ORIENTED_EDGE('1327',*,*,#5581,.F.);
#5584=ORIENTED_EDGE('791',*,*,#5583,.T.);
#5585=ORIENTED_EDGE('1550',*,*,#5398,.F.);
#5586=ORIENTED_EDGE('1515',*,*,#5528,.F.);
#5587=ORIENTED_EDGE('1585',*,*,#5510,.F.);
#5589=ORIENTED_EDGE('1451',*,*,#5588,.T.);
#5590=EDGE_LOOP('318',(#5554,#5556,#5558,#5560,#5562,#5564,#5566,#5568,#5570,
#5572,#5574,#5576,#5578,#5580,#5582,#5584,#5585,#5586,#5587,#5589));
#5591=FACE_OUTER_BOUND('318',#5590,.F.);
#5592=ADVANCED_FACE('318',(#5591),#5552,.T.);
#5593=CARTESIAN_POINT('',(-2.325E0,0.E0,0.E0));
#5594=DIRECTION('',(1.E0,0.E0,0.E0));
#5595=DIRECTION('',(0.E0,0.E0,-1.E0));
#5596=AXIS2_PLACEMENT_3D('',#5593,#5594,#5595);
#5597=PLANE('318',#5596);
#5599=ORIENTED_EDGE('1452',*,*,#5598,.F.);
#5601=ORIENTED_EDGE('1497',*,*,#5600,.F.);
#5603=ORIENTED_EDGE('323',*,*,#5602,.F.);
#5605=ORIENTED_EDGE('373',*,*,#5604,.F.);
#5607=ORIENTED_EDGE('540',*,*,#5606,.T.);
#5609=ORIENTED_EDGE('477',*,*,#5608,.T.);
#5611=ORIENTED_EDGE('541',*,*,#5610,.T.);
#5613=ORIENTED_EDGE('348',*,*,#5612,.T.);
#5615=ORIENTED_EDGE('1498',*,*,#5614,.F.);
#5617=ORIENTED_EDGE('1453',*,*,#5616,.T.);
#5618=EDGE_LOOP('318',(#5599,#5601,#5603,#5605,#5607,#5609,#5611,#5613,#5615,
#5617));
#5619=FACE_OUTER_BOUND('318',#5618,.F.);
#5621=ORIENTED_EDGE('689',*,*,#5620,.F.);
#5623=ORIENTED_EDGE('487',*,*,#5622,.F.);
#5625=ORIENTED_EDGE('687',*,*,#5624,.F.);
#5627=ORIENTED_EDGE('355',*,*,#5626,.F.);
#5628=EDGE_LOOP('318',(#5621,#5623,#5625,#5627));
#5629=FACE_BOUND('318',#5628,.F.);
#5630=ADVANCED_FACE('318',(#5619,#5629),#5597,.T.);
#5631=CARTESIAN_POINT('',(-4.05E0,2.74E0,2.438E1));
#5632=DIRECTION('',(0.E0,0.E0,-1.E0));
#5633=DIRECTION('',(0.E0,-1.E0,0.E0));
#5634=AXIS2_PLACEMENT_3D('',#5631,#5632,#5633);
#5635=PLANE('287',#5634);
#5636=ORIENTED_EDGE('689',*,*,#5620,.T.);
#5638=ORIENTED_EDGE('672',*,*,#5637,.F.);
#5640=ORIENTED_EDGE('297',*,*,#5639,.F.);
#5642=ORIENTED_EDGE('692',*,*,#5641,.T.);
#5643=EDGE_LOOP('287',(#5636,#5638,#5640,#5642));
#5644=FACE_OUTER_BOUND('287',#5643,.F.);
#5645=ADVANCED_FACE('287',(#5644),#5635,.F.);
#5646=CARTESIAN_POINT('',(-4.05E0,2.74E0,2.438E1));
#5647=DIRECTION('',(0.E0,0.E0,-1.E0));
#5648=DIRECTION('',(0.E0,-1.E0,0.E0));
#5649=AXIS2_PLACEMENT_3D('',#5646,#5647,#5648);
#5650=PLANE('287',#5649);
#5652=ORIENTED_EDGE('1283',*,*,#5651,.F.);
#5654=ORIENTED_EDGE('1285',*,*,#5653,.F.);
#5656=ORIENTED_EDGE('688',*,*,#5655,.F.);
#5658=ORIENTED_EDGE('1287',*,*,#5657,.T.);
#5659=EDGE_LOOP('287',(#5652,#5654,#5656,#5658));
#5660=FACE_OUTER_BOUND('287',#5659,.F.);
#5661=ADVANCED_FACE('287',(#5660),#5650,.F.);
#5662=CARTESIAN_POINT('',(-4.05E0,2.34E0,2.538E1));
#5663=DIRECTION('',(-1.E0,0.E0,0.E0));
#5664=DIRECTION('',(0.E0,0.E0,1.E0));
#5665=AXIS2_PLACEMENT_3D('',#5662,#5663,#5664);
#5666=CYLINDRICAL_SURFACE('289',#5665,1.E0);
#5667=ORIENTED_EDGE('355',*,*,#5626,.T.);
#5669=ORIENTED_EDGE('666',*,*,#5668,.F.);
#5671=ORIENTED_EDGE('298',*,*,#5670,.F.);
#5672=ORIENTED_EDGE('672',*,*,#5637,.T.);
#5673=EDGE_LOOP('289',(#5667,#5669,#5671,#5672));
#5674=FACE_OUTER_BOUND('289',#5673,.F.);
#5675=ADVANCED_FACE('289',(#5674),#5666,.F.);
#5676=CARTESIAN_POINT('',(-4.05E0,2.34E0,2.538E1));
#5677=DIRECTION('',(-1.E0,0.E0,0.E0));
#5678=DIRECTION('',(0.E0,0.E0,1.E0));
#5679=AXIS2_PLACEMENT_3D('',#5676,#5677,#5678);
#5680=CYLINDRICAL_SURFACE('289',#5679,1.E0);
#5682=ORIENTED_EDGE('1277',*,*,#5681,.F.);
#5684=ORIENTED_EDGE('1284',*,*,#5683,.F.);
#5686=ORIENTED_EDGE('354',*,*,#5685,.F.);
#5687=ORIENTED_EDGE('1285',*,*,#5653,.T.);
#5688=EDGE_LOOP('289',(#5682,#5684,#5686,#5687));
#5689=FACE_OUTER_BOUND('289',#5688,.F.);
#5690=ADVANCED_FACE('289',(#5689),#5680,.F.);
#5691=CARTESIAN_POINT('',(-4.05E0,2.34E0,2.638E1));
#5692=DIRECTION('',(0.E0,1.776356839400E-14,1.E0));
#5693=DIRECTION('',(0.E0,1.E0,-1.776356839400E-14));
#5694=AXIS2_PLACEMENT_3D('',#5691,#5692,#5693);
#5695=PLANE('283',#5694);
#5696=ORIENTED_EDGE('687',*,*,#5624,.T.);
#5698=ORIENTED_EDGE('690',*,*,#5697,.F.);
#5700=ORIENTED_EDGE('295',*,*,#5699,.F.);
#5701=ORIENTED_EDGE('666',*,*,#5668,.T.);
#5702=EDGE_LOOP('283',(#5696,#5698,#5700,#5701));
#5703=FACE_OUTER_BOUND('283',#5702,.F.);
#5704=ADVANCED_FACE('283',(#5703),#5695,.F.);
#5705=CARTESIAN_POINT('',(-4.05E0,2.34E0,2.638E1));
#5706=DIRECTION('',(0.E0,1.776356839400E-14,1.E0));
#5707=DIRECTION('',(0.E0,1.E0,-1.776356839400E-14));
#5708=AXIS2_PLACEMENT_3D('',#5705,#5706,#5707);
#5709=PLANE('283',#5708);
#5711=ORIENTED_EDGE('1279',*,*,#5710,.F.);
#5713=ORIENTED_EDGE('1286',*,*,#5712,.F.);
#5715=ORIENTED_EDGE('686',*,*,#5714,.F.);
#5716=ORIENTED_EDGE('1284',*,*,#5683,.T.);
#5717=EDGE_LOOP('283',(#5711,#5713,#5715,#5716));
#5718=FACE_OUTER_BOUND('283',#5717,.F.);
#5719=ADVANCED_FACE('283',(#5718),#5709,.F.);
#5720=CARTESIAN_POINT('',(-4.05E0,2.74E0,2.538E1));
#5721=DIRECTION('',(-1.E0,0.E0,0.E0));
#5722=DIRECTION('',(0.E0,0.E0,1.E0));
#5723=AXIS2_PLACEMENT_3D('',#5720,#5721,#5722);
#5724=CYLINDRICAL_SURFACE('285',#5723,1.E0);
#5725=ORIENTED_EDGE('487',*,*,#5622,.T.);
#5726=ORIENTED_EDGE('692',*,*,#5641,.F.);
#5728=ORIENTED_EDGE('296',*,*,#5727,.F.);
#5729=ORIENTED_EDGE('690',*,*,#5697,.T.);
#5730=EDGE_LOOP('285',(#5725,#5726,#5728,#5729));
#5731=FACE_OUTER_BOUND('285',#5730,.F.);
#5732=ADVANCED_FACE('285',(#5731),#5724,.F.);
#5733=CARTESIAN_POINT('',(-4.05E0,2.74E0,2.538E1));
#5734=DIRECTION('',(-1.E0,0.E0,0.E0));
#5735=DIRECTION('',(0.E0,0.E0,1.E0));
#5736=AXIS2_PLACEMENT_3D('',#5733,#5734,#5735);
#5737=CYLINDRICAL_SURFACE('285',#5736,1.E0);
#5739=ORIENTED_EDGE('1281',*,*,#5738,.F.);
#5740=ORIENTED_EDGE('1287',*,*,#5657,.F.);
#5742=ORIENTED_EDGE('488',*,*,#5741,.F.);
#5743=ORIENTED_EDGE('1286',*,*,#5712,.T.);
#5744=EDGE_LOOP('285',(#5739,#5740,#5742,#5743));
#5745=FACE_OUTER_BOUND('285',#5744,.F.);
#5746=ADVANCED_FACE('285',(#5745),#5737,.F.);
#5747=CARTESIAN_POINT('',(-4.05E0,9.64E0,0.E0));
#5748=DIRECTION('',(-1.E0,0.E0,0.E0));
#5749=DIRECTION('',(0.E0,-1.E0,0.E0));
#5750=AXIS2_PLACEMENT_3D('',#5747,#5748,#5749);
#5751=PLANE('37',#5750);
#5753=ORIENTED_EDGE('31626',*,*,#5752,.F.);
#5755=ORIENTED_EDGE('31629',*,*,#5754,.T.);
#5757=ORIENTED_EDGE('31575',*,*,#5756,.T.);
#5759=ORIENTED_EDGE('31630',*,*,#5758,.T.);
#5761=ORIENTED_EDGE('31625',*,*,#5760,.F.);
#5763=ORIENTED_EDGE('1436',*,*,#5762,.T.);
#5765=ORIENTED_EDGE('1437',*,*,#5764,.T.);
#5767=ORIENTED_EDGE('1438',*,*,#5766,.T.);
#5769=ORIENTED_EDGE('1439',*,*,#5768,.F.);
#5771=ORIENTED_EDGE('1457',*,*,#5770,.F.);
#5773=ORIENTED_EDGE('1432',*,*,#5772,.T.);
#5775=ORIENTED_EDGE('1433',*,*,#5774,.T.);
#5777=ORIENTED_EDGE('1434',*,*,#5776,.T.);
#5779=ORIENTED_EDGE('1435',*,*,#5778,.F.);
#5781=ORIENTED_EDGE('31162',*,*,#5780,.F.);
#5783=ORIENTED_EDGE('31165',*,*,#5782,.T.);
#5785=ORIENTED_EDGE('31110',*,*,#5784,.T.);
#5787=ORIENTED_EDGE('31166',*,*,#5786,.T.);
#5789=ORIENTED_EDGE('31161',*,*,#5788,.F.);
#5790=ORIENTED_EDGE('118',*,*,#5321,.F.);
#5792=ORIENTED_EDGE('106',*,*,#5791,.F.);
#5794=ORIENTED_EDGE('122',*,*,#5793,.T.);
#5796=ORIENTED_EDGE('105',*,*,#5795,.F.);
#5798=ORIENTED_EDGE('104',*,*,#5797,.F.);
#5800=ORIENTED_EDGE('31876',*,*,#5799,.F.);
#5802=ORIENTED_EDGE('24355',*,*,#5801,.T.);
#5804=ORIENTED_EDGE('24356',*,*,#5803,.T.);
#5806=ORIENTED_EDGE('31875',*,*,#5805,.F.);
#5808=ORIENTED_EDGE('102',*,*,#5807,.F.);
#5810=ORIENTED_EDGE('101',*,*,#5809,.F.);
#5812=ORIENTED_EDGE('123',*,*,#5811,.T.);
#5814=ORIENTED_EDGE('100',*,*,#5813,.F.);
#5816=ORIENTED_EDGE('120',*,*,#5815,.T.);
#5817=EDGE_LOOP('37',(#5753,#5755,#5757,#5759,#5761,#5763,#5765,#5767,#5769,
#5771,#5773,#5775,#5777,#5779,#5781,#5783,#5785,#5787,#5789,#5790,#5792,#5794,
#5796,#5798,#5800,#5802,#5804,#5806,#5808,#5810,#5812,#5814,#5816));
#5818=FACE_OUTER_BOUND('37',#5817,.F.);
#5820=ORIENTED_EDGE('291',*,*,#5819,.T.);
#5822=ORIENTED_EDGE('292',*,*,#5821,.T.);
#5824=ORIENTED_EDGE('293',*,*,#5823,.T.);
#5826=ORIENTED_EDGE('294',*,*,#5825,.T.);
#5827=EDGE_LOOP('37',(#5820,#5822,#5824,#5826));
#5828=FACE_BOUND('37',#5827,.F.);
#5829=ORIENTED_EDGE('295',*,*,#5699,.T.);
#5830=ORIENTED_EDGE('296',*,*,#5727,.T.);
#5831=ORIENTED_EDGE('297',*,*,#5639,.T.);
#5832=ORIENTED_EDGE('298',*,*,#5670,.T.);
#5833=EDGE_LOOP('37',(#5829,#5830,#5831,#5832));
#5834=FACE_BOUND('37',#5833,.F.);
#5835=ADVANCED_FACE('37',(#5818,#5828,#5834),#5751,.T.);
#5836=CARTESIAN_POINT('',(-4.05E0,2.34E0,4.08E0));
#5837=DIRECTION('',(-1.E0,0.E0,0.E0));
#5838=DIRECTION('',(0.E0,0.E0,1.E0));
#5839=AXIS2_PLACEMENT_3D('',#5836,#5837,#5838);
#5840=CYLINDRICAL_SURFACE('275',#5839,1.E0);
#5841=ORIENTED_EDGE('417',*,*,#5571,.T.);
#5843=ORIENTED_EDGE('660',*,*,#5842,.F.);
#5844=ORIENTED_EDGE('291',*,*,#5819,.F.);
#5846=ORIENTED_EDGE('658',*,*,#5845,.T.);
#5847=EDGE_LOOP('275',(#5841,#5843,#5844,#5846));
#5848=FACE_OUTER_BOUND('275',#5847,.F.);
#5849=ADVANCED_FACE('275',(#5848),#5840,.F.);
#5850=CARTESIAN_POINT('',(-4.05E0,2.34E0,4.08E0));
#5851=DIRECTION('',(-1.E0,0.E0,0.E0));
#5852=DIRECTION('',(0.E0,0.E0,1.E0));
#5853=AXIS2_PLACEMENT_3D('',#5850,#5851,#5852);
#5854=CYLINDRICAL_SURFACE('275',#5853,1.E0);
#5856=ORIENTED_EDGE('1236',*,*,#5855,.F.);
#5858=ORIENTED_EDGE('1244',*,*,#5857,.F.);
#5860=ORIENTED_EDGE('416',*,*,#5859,.F.);
#5862=ORIENTED_EDGE('1243',*,*,#5861,.T.);
#5863=EDGE_LOOP('275',(#5856,#5858,#5860,#5862));
#5864=FACE_OUTER_BOUND('275',#5863,.F.);
#5865=ADVANCED_FACE('275',(#5864),#5854,.F.);
#5866=CARTESIAN_POINT('',(-4.05E0,2.34E0,5.08E0));
#5867=DIRECTION('',(0.E0,0.E0,1.E0));
#5868=DIRECTION('',(0.E0,1.E0,0.E0));
#5869=AXIS2_PLACEMENT_3D('',#5866,#5867,#5868);
#5870=PLANE('277',#5869);
#5871=ORIENTED_EDGE('777',*,*,#5569,.T.);
#5873=ORIENTED_EDGE('780',*,*,#5872,.F.);
#5874=ORIENTED_EDGE('292',*,*,#5821,.F.);
#5875=ORIENTED_EDGE('660',*,*,#5842,.T.);
#5876=EDGE_LOOP('277',(#5871,#5873,#5874,#5875));
#5877=FACE_OUTER_BOUND('277',#5876,.F.);
#5878=ADVANCED_FACE('277',(#5877),#5870,.F.);
#5879=CARTESIAN_POINT('',(-4.05E0,2.34E0,5.08E0));
#5880=DIRECTION('',(0.E0,0.E0,1.E0));
#5881=DIRECTION('',(0.E0,1.E0,0.E0));
#5882=AXIS2_PLACEMENT_3D('',#5879,#5880,#5881);
#5883=PLANE('277',#5882);
#5885=ORIENTED_EDGE('1238',*,*,#5884,.F.);
#5887=ORIENTED_EDGE('1245',*,*,#5886,.F.);
#5889=ORIENTED_EDGE('776',*,*,#5888,.F.);
#5890=ORIENTED_EDGE('1244',*,*,#5857,.T.);
#5891=EDGE_LOOP('277',(#5885,#5887,#5889,#5890));
#5892=FACE_OUTER_BOUND('277',#5891,.F.);
#5893=ADVANCED_FACE('277',(#5892),#5883,.F.);
#5894=CARTESIAN_POINT('',(-4.05E0,2.74E0,4.08E0));
#5895=DIRECTION('',(-1.E0,0.E0,0.E0));
#5896=DIRECTION('',(0.E0,0.E0,1.E0));
#5897=AXIS2_PLACEMENT_3D('',#5894,#5895,#5896);
#5898=CYLINDRICAL_SURFACE('279',#5897,1.E0);
#5900=ORIENTED_EDGE('1329',*,*,#5899,.F.);
#5901=ORIENTED_EDGE('1245',*,*,#5886,.T.);
#5903=ORIENTED_EDGE('1240',*,*,#5902,.F.);
#5905=ORIENTED_EDGE('1246',*,*,#5904,.F.);
#5907=ORIENTED_EDGE('1330',*,*,#5906,.F.);
#5908=EDGE_LOOP('279',(#5900,#5901,#5903,#5905,#5907));
#5909=FACE_OUTER_BOUND('279',#5908,.F.);
#5910=ADVANCED_FACE('279',(#5909),#5898,.F.);
#5911=CARTESIAN_POINT('',(-4.05E0,2.74E0,4.08E0));
#5912=DIRECTION('',(-1.E0,0.E0,0.E0));
#5913=DIRECTION('',(0.E0,0.E0,1.E0));
#5914=AXIS2_PLACEMENT_3D('',#5911,#5912,#5913);
#5915=CYLINDRICAL_SURFACE('279',#5914,1.E0);
#5916=ORIENTED_EDGE('1331',*,*,#5567,.T.);
#5917=ORIENTED_EDGE('1332',*,*,#5575,.T.);
#5919=ORIENTED_EDGE('782',*,*,#5918,.F.);
#5920=ORIENTED_EDGE('293',*,*,#5823,.F.);
#5921=ORIENTED_EDGE('780',*,*,#5872,.T.);
#5922=EDGE_LOOP('279',(#5916,#5917,#5919,#5920,#5921));
#5923=FACE_OUTER_BOUND('279',#5922,.F.);
#5924=ADVANCED_FACE('279',(#5923),#5915,.F.);
#5925=CARTESIAN_POINT('',(2.325E0,0.E0,0.E0));
#5926=DIRECTION('',(1.E0,0.E0,0.E0));
#5927=DIRECTION('',(0.E0,0.E0,-1.E0));
#5928=AXIS2_PLACEMENT_3D('',#5925,#5926,#5927);
#5929=PLANE('310',#5928);
#5931=ORIENTED_EDGE('544',*,*,#5930,.T.);
#5933=ORIENTED_EDGE('478',*,*,#5932,.F.);
#5935=ORIENTED_EDGE('545',*,*,#5934,.T.);
#5937=ORIENTED_EDGE('369',*,*,#5936,.T.);
#5939=ORIENTED_EDGE('315',*,*,#5938,.T.);
#5941=ORIENTED_EDGE('316',*,*,#5940,.T.);
#5943=ORIENTED_EDGE('1481',*,*,#5942,.T.);
#5945=ORIENTED_EDGE('366',*,*,#5944,.T.);
#5947=ORIENTED_EDGE('347',*,*,#5946,.F.);
#5948=EDGE_LOOP('310',(#5931,#5933,#5935,#5937,#5939,#5941,#5943,#5945,#5947));
#5949=FACE_OUTER_BOUND('310',#5948,.F.);
#5950=ORIENTED_EDGE('686',*,*,#5714,.T.);
#5951=ORIENTED_EDGE('488',*,*,#5741,.T.);
#5952=ORIENTED_EDGE('688',*,*,#5655,.T.);
#5953=ORIENTED_EDGE('354',*,*,#5685,.T.);
#5954=EDGE_LOOP('310',(#5950,#5951,#5952,#5953));
#5955=FACE_BOUND('310',#5954,.F.);
#5956=ADVANCED_FACE('310',(#5949,#5955),#5929,.F.);
#5957=CARTESIAN_POINT('',(2.325E0,0.E0,0.E0));
#5958=DIRECTION('',(1.E0,0.E0,0.E0));
#5959=DIRECTION('',(0.E0,0.E0,-1.E0));
#5960=AXIS2_PLACEMENT_3D('',#5957,#5958,#5959);
#5961=PLANE('310',#5960);
#5963=ORIENTED_EDGE('1319',*,*,#5962,.T.);
#5964=ORIENTED_EDGE('1330',*,*,#5906,.T.);
#5966=ORIENTED_EDGE('778',*,*,#5965,.T.);
#5967=ORIENTED_EDGE('416',*,*,#5859,.T.);
#5968=ORIENTED_EDGE('776',*,*,#5888,.T.);
#5969=ORIENTED_EDGE('1329',*,*,#5899,.T.);
#5971=ORIENTED_EDGE('1337',*,*,#5970,.T.);
#5973=ORIENTED_EDGE('1321',*,*,#5972,.F.);
#5975=ORIENTED_EDGE('1326',*,*,#5974,.T.);
#5977=ORIENTED_EDGE('789',*,*,#5976,.T.);
#5979=ORIENTED_EDGE('406',*,*,#5978,.F.);
#5981=ORIENTED_EDGE('1545',*,*,#5980,.T.);
#5982=ORIENTED_EDGE('1505',*,*,#5482,.T.);
#5983=ORIENTED_EDGE('1506',*,*,#5499,.T.);
#5984=ORIENTED_EDGE('1507',*,*,#5541,.T.);
#5985=ORIENTED_EDGE('1546',*,*,#5414,.T.);
#5987=ORIENTED_EDGE('788',*,*,#5986,.T.);
#5989=ORIENTED_EDGE('1325',*,*,#5988,.T.);
#5991=ORIENTED_EDGE('1320',*,*,#5990,.T.);
#5992=EDGE_LOOP('310',(#5963,#5964,#5966,#5967,#5968,#5969,#5971,#5973,#5975,
#5977,#5979,#5981,#5982,#5983,#5984,#5985,#5987,#5989,#5991));
#5993=FACE_OUTER_BOUND('310',#5992,.F.);
#5994=ADVANCED_FACE('310',(#5993),#5961,.F.);
#5995=CARTESIAN_POINT('',(3.2E0,9.64E0,2.2575E1));
#5996=DIRECTION('',(0.E0,0.E0,1.E0));
#5997=DIRECTION('',(0.E0,-1.E0,0.E0));
#5998=AXIS2_PLACEMENT_3D('',#5995,#5996,#5997);
#5999=PLANE('145',#5998);
#6000=ORIENTED_EDGE('541',*,*,#5610,.F.);
#6002=ORIENTED_EDGE('510',*,*,#6001,.F.);
#6004=ORIENTED_EDGE('177',*,*,#6003,.T.);
#6006=ORIENTED_EDGE('361',*,*,#6005,.F.);
#6007=EDGE_LOOP('145',(#6000,#6002,#6004,#6006));
#6008=FACE_OUTER_BOUND('145',#6007,.F.);
#6009=ADVANCED_FACE('145',(#6008),#5999,.F.);
#6010=CARTESIAN_POINT('',(3.2E0,9.64E0,2.2575E1));
#6011=DIRECTION('',(0.E0,0.E0,1.E0));
#6012=DIRECTION('',(0.E0,-1.E0,0.E0));
#6013=AXIS2_PLACEMENT_3D('',#6010,#6011,#6012);
#6014=PLANE('145',#6013);
#6015=ORIENTED_EDGE('544',*,*,#5930,.F.);
#6017=ORIENTED_EDGE('360',*,*,#6016,.F.);
#6019=ORIENTED_EDGE('175',*,*,#6018,.F.);
#6021=ORIENTED_EDGE('511',*,*,#6020,.F.);
#6022=EDGE_LOOP('145',(#6015,#6017,#6019,#6021));
#6023=FACE_OUTER_BOUND('145',#6022,.F.);
#6024=ADVANCED_FACE('145',(#6023),#6014,.F.);
#6025=CARTESIAN_POINT('',(4.05E0,9.64E0,0.E0));
#6026=DIRECTION('',(0.E0,1.E0,0.E0));
#6027=DIRECTION('',(-1.E0,0.E0,0.E0));
#6028=AXIS2_PLACEMENT_3D('',#6025,#6026,#6027);
#6029=PLANE('43',#6028);
#6030=ORIENTED_EDGE('477',*,*,#5608,.F.);
#6032=ORIENTED_EDGE('509',*,*,#6031,.T.);
#6033=ORIENTED_EDGE('123',*,*,#5811,.F.);
#6035=ORIENTED_EDGE('164',*,*,#6034,.F.);
#6036=ORIENTED_EDGE('510',*,*,#6001,.T.);
#6037=EDGE_LOOP('43',(#6030,#6032,#6033,#6035,#6036));
#6038=FACE_OUTER_BOUND('43',#6037,.F.);
#6039=ADVANCED_FACE('43',(#6038),#6029,.T.);
#6040=CARTESIAN_POINT('',(4.05E0,9.64E0,0.E0));
#6041=DIRECTION('',(0.E0,1.E0,0.E0));
#6042=DIRECTION('',(-1.E0,0.E0,0.E0));
#6043=AXIS2_PLACEMENT_3D('',#6040,#6041,#6042);
#6044=PLANE('43',#6043);
#6045=ORIENTED_EDGE('478',*,*,#5932,.T.);
#6046=ORIENTED_EDGE('511',*,*,#6020,.T.);
#6048=ORIENTED_EDGE('163',*,*,#6047,.F.);
#6050=ORIENTED_EDGE('125',*,*,#6049,.T.);
#6052=ORIENTED_EDGE('508',*,*,#6051,.T.);
#6053=EDGE_LOOP('43',(#6045,#6046,#6048,#6050,#6052));
#6054=FACE_OUTER_BOUND('43',#6053,.F.);
#6055=ADVANCED_FACE('43',(#6054),#6044,.T.);
#6056=CARTESIAN_POINT('',(4.05E0,9.64E0,0.E0));
#6057=DIRECTION('',(0.E0,1.E0,0.E0));
#6058=DIRECTION('',(-1.E0,0.E0,0.E0));
#6059=AXIS2_PLACEMENT_3D('',#6056,#6057,#6058);
#6060=PLANE('43',#6059);
#6062=ORIENTED_EDGE('1313',*,*,#6061,.T.);
#6063=ORIENTED_EDGE('1325',*,*,#5988,.F.);
#6065=ORIENTED_EDGE('758',*,*,#6064,.F.);
#6067=ORIENTED_EDGE('124',*,*,#6066,.T.);
#6069=ORIENTED_EDGE('165',*,*,#6068,.T.);
#6071=ORIENTED_EDGE('761',*,*,#6070,.F.);
#6072=ORIENTED_EDGE('1326',*,*,#5974,.F.);
#6074=ORIENTED_EDGE('1317',*,*,#6073,.T.);
#6076=ORIENTED_EDGE('1318',*,*,#6075,.T.);
#6077=EDGE_LOOP('43',(#6062,#6063,#6065,#6067,#6069,#6071,#6072,#6074,#6076));
#6078=FACE_OUTER_BOUND('43',#6077,.F.);
#6079=ADVANCED_FACE('43',(#6078),#6060,.T.);
#6080=CARTESIAN_POINT('',(4.05E0,9.64E0,0.E0));
#6081=DIRECTION('',(0.E0,1.E0,0.E0));
#6082=DIRECTION('',(-1.E0,0.E0,0.E0));
#6083=AXIS2_PLACEMENT_3D('',#6080,#6081,#6082);
#6084=PLANE('43',#6083);
#6086=ORIENTED_EDGE('1314',*,*,#6085,.T.);
#6088=ORIENTED_EDGE('1315',*,*,#6087,.T.);
#6090=ORIENTED_EDGE('1316',*,*,#6089,.T.);
#6091=ORIENTED_EDGE('1328',*,*,#5561,.T.);
#6093=ORIENTED_EDGE('760',*,*,#6092,.F.);
#6095=ORIENTED_EDGE('166',*,*,#6094,.T.);
#6096=ORIENTED_EDGE('122',*,*,#5793,.F.);
#6098=ORIENTED_EDGE('759',*,*,#6097,.F.);
#6099=ORIENTED_EDGE('1327',*,*,#5581,.T.);
#6100=EDGE_LOOP('43',(#6086,#6088,#6090,#6091,#6093,#6095,#6096,#6098,#6099));
#6101=FACE_OUTER_BOUND('43',#6100,.F.);
#6102=ADVANCED_FACE('43',(#6101),#6084,.T.);
#6103=CARTESIAN_POINT('',(4.05E0,1.24E0,2.946E1));
#6104=DIRECTION('',(0.E0,-3.420201433257E-1,-9.396926207859E-1));
#6105=DIRECTION('',(0.E0,9.396926207859E-1,-3.420201433257E-1));
#6106=AXIS2_PLACEMENT_3D('',#6103,#6104,#6105);
#6107=PLANE('74',#6106);
#6108=ORIENTED_EDGE('540',*,*,#5606,.F.);
#6110=ORIENTED_EDGE('358',*,*,#6109,.F.);
#6111=ORIENTED_EDGE('100',*,*,#5813,.T.);
#6112=ORIENTED_EDGE('509',*,*,#6031,.F.);
#6113=EDGE_LOOP('74',(#6108,#6110,#6111,#6112));
#6114=FACE_OUTER_BOUND('74',#6113,.F.);
#6115=ADVANCED_FACE('74',(#6114),#6107,.F.);
#6116=CARTESIAN_POINT('',(4.05E0,1.24E0,2.946E1));
#6117=DIRECTION('',(0.E0,-3.420201433257E-1,-9.396926207859E-1));
#6118=DIRECTION('',(0.E0,9.396926207859E-1,-3.420201433257E-1));
#6119=AXIS2_PLACEMENT_3D('',#6116,#6117,#6118);
#6120=PLANE('74',#6119);
#6122=ORIENTED_EDGE('32081',*,*,#6121,.F.);
#6124=ORIENTED_EDGE('359',*,*,#6123,.F.);
#6125=ORIENTED_EDGE('545',*,*,#5934,.F.);
#6126=ORIENTED_EDGE('508',*,*,#6051,.F.);
#6127=EDGE_LOOP('74',(#6122,#6124,#6125,#6126));
#6128=FACE_OUTER_BOUND('74',#6127,.F.);
#6129=ADVANCED_FACE('74',(#6128),#6120,.F.);
#6130=CARTESIAN_POINT('',(0.E0,0.E0,2.946E1));
#6131=DIRECTION('',(0.E0,0.E0,1.E0));
#6132=DIRECTION('',(1.E0,0.E0,0.E0));
#6133=AXIS2_PLACEMENT_3D('',#6130,#6131,#6132);
#6134=PLANE('32',#6133);
#6136=ORIENTED_EDGE('474',*,*,#6135,.T.);
#6138=ORIENTED_EDGE('475',*,*,#6137,.T.);
#6140=ORIENTED_EDGE('476',*,*,#6139,.F.);
#6142=ORIENTED_EDGE('527',*,*,#6141,.T.);
#6143=ORIENTED_EDGE('359',*,*,#6123,.T.);
#6145=ORIENTED_EDGE('121',*,*,#6144,.F.);
#6147=ORIENTED_EDGE('34',*,*,#6146,.F.);
#6148=ORIENTED_EDGE('120',*,*,#5815,.F.);
#6149=ORIENTED_EDGE('358',*,*,#6109,.T.);
#6151=ORIENTED_EDGE('526',*,*,#6150,.T.);
#6152=EDGE_LOOP('32',(#6136,#6138,#6140,#6142,#6143,#6145,#6147,#6148,#6149,
#6151));
#6153=FACE_OUTER_BOUND('32',#6152,.F.);
#6154=ADVANCED_FACE('32',(#6153),#6134,.T.);
#6155=CARTESIAN_POINT('',(-1.E0,1.24E0,2.946E1));
#6156=DIRECTION('',(-1.E0,0.E0,0.E0));
#6157=DIRECTION('',(0.E0,-1.E0,0.E0));
#6158=AXIS2_PLACEMENT_3D('',#6155,#6156,#6157);
#6159=PLANE('463',#6158);
#6161=ORIENTED_EDGE('829',*,*,#6160,.T.);
#6163=ORIENTED_EDGE('861',*,*,#6162,.F.);
#6164=ORIENTED_EDGE('474',*,*,#6135,.F.);
#6166=ORIENTED_EDGE('851',*,*,#6165,.T.);
#6167=EDGE_LOOP('463',(#6161,#6163,#6164,#6166));
#6168=FACE_OUTER_BOUND('463',#6167,.F.);
#6169=ADVANCED_FACE('463',(#6168),#6159,.F.);
#6170=CARTESIAN_POINT('',(-2.3E-1,-2.96E0,2.743E1));
#6171=DIRECTION('',(0.E0,-1.E0,0.E0));
#6172=DIRECTION('',(0.E0,0.E0,1.E0));
#6173=AXIS2_PLACEMENT_3D('',#6170,#6171,#6172);
#6174=CYLINDRICAL_SURFACE('807',#6173,2.E0);
#6176=ORIENTED_EDGE('823',*,*,#6175,.T.);
#6178=ORIENTED_EDGE('825',*,*,#6177,.T.);
#6180=ORIENTED_EDGE('827',*,*,#6179,.T.);
#6182=ORIENTED_EDGE('1490',*,*,#6181,.T.);
#6184=ORIENTED_EDGE('880',*,*,#6183,.F.);
#6186=ORIENTED_EDGE('798',*,*,#6185,.F.);
#6188=ORIENTED_EDGE('879',*,*,#6187,.T.);
#6190=ORIENTED_EDGE('1489',*,*,#6189,.T.);
#6191=ORIENTED_EDGE('829',*,*,#6160,.F.);
#6192=EDGE_LOOP('807',(#6176,#6178,#6180,#6182,#6184,#6186,#6188,#6190,#6191));
#6193=FACE_OUTER_BOUND('807',#6192,.F.);
#6194=ADVANCED_FACE('807',(#6193),#6174,.F.);
#6195=CARTESIAN_POINT('',(2.325E0,1.24E0,2.946E1));
#6196=DIRECTION('',(0.E0,-1.E0,0.E0));
#6197=DIRECTION('',(0.E0,0.E0,-1.E0));
#6198=AXIS2_PLACEMENT_3D('',#6195,#6196,#6197);
#6199=PLANE('332',#6198);
#6200=ORIENTED_EDGE('823',*,*,#6175,.F.);
#6201=ORIENTED_EDGE('851',*,*,#6165,.F.);
#6202=ORIENTED_EDGE('526',*,*,#6150,.F.);
#6203=ORIENTED_EDGE('373',*,*,#5604,.T.);
#6205=ORIENTED_EDGE('856',*,*,#6204,.F.);
#6206=EDGE_LOOP('332',(#6200,#6201,#6202,#6203,#6205));
#6207=FACE_OUTER_BOUND('332',#6206,.F.);
#6208=ADVANCED_FACE('332',(#6207),#6199,.F.);
#6209=CARTESIAN_POINT('',(2.325E0,1.24E0,2.946E1));
#6210=DIRECTION('',(0.E0,-1.E0,0.E0));
#6211=DIRECTION('',(0.E0,0.E0,-1.E0));
#6212=AXIS2_PLACEMENT_3D('',#6209,#6210,#6211);
#6213=PLANE('332',#6212);
#6215=ORIENTED_EDGE('824',*,*,#6214,.F.);
#6217=ORIENTED_EDGE('855',*,*,#6216,.F.);
#6218=ORIENTED_EDGE('369',*,*,#5936,.F.);
#6219=ORIENTED_EDGE('527',*,*,#6141,.F.);
#6221=ORIENTED_EDGE('852',*,*,#6220,.T.);
#6222=EDGE_LOOP('332',(#6215,#6217,#6218,#6219,#6221));
#6223=FACE_OUTER_BOUND('332',#6222,.F.);
#6224=ADVANCED_FACE('332',(#6223),#6213,.F.);
#6225=CARTESIAN_POINT('',(2.325E0,2.74E0,2.531E1));
#6226=DIRECTION('',(1.E0,0.E0,0.E0));
#6227=DIRECTION('',(0.E0,0.E0,-1.E0));
#6228=AXIS2_PLACEMENT_3D('',#6225,#6226,#6227);
#6229=CYLINDRICAL_SURFACE('334',#6228,3.6E0);
#6230=ORIENTED_EDGE('825',*,*,#6177,.F.);
#6231=ORIENTED_EDGE('856',*,*,#6204,.T.);
#6232=ORIENTED_EDGE('323',*,*,#5602,.T.);
#6234=ORIENTED_EDGE('857',*,*,#6233,.F.);
#6235=EDGE_LOOP('334',(#6230,#6231,#6232,#6234));
#6236=FACE_OUTER_BOUND('334',#6235,.F.);
#6237=ADVANCED_FACE('334',(#6236),#6229,.F.);
#6238=CARTESIAN_POINT('',(2.325E0,2.74E0,2.531E1));
#6239=DIRECTION('',(1.E0,0.E0,0.E0));
#6240=DIRECTION('',(0.E0,0.E0,-1.E0));
#6241=AXIS2_PLACEMENT_3D('',#6238,#6239,#6240);
#6242=CYLINDRICAL_SURFACE('334',#6241,3.6E0);
#6244=ORIENTED_EDGE('826',*,*,#6243,.F.);
#6246=ORIENTED_EDGE('853',*,*,#6245,.T.);
#6248=ORIENTED_EDGE('522',*,*,#6247,.F.);
#6249=ORIENTED_EDGE('315',*,*,#5938,.F.);
#6250=ORIENTED_EDGE('855',*,*,#6216,.T.);
#6251=EDGE_LOOP('334',(#6244,#6246,#6248,#6249,#6250));
#6252=FACE_OUTER_BOUND('334',#6251,.F.);
#6253=ADVANCED_FACE('334',(#6252),#6242,.F.);
#6254=CARTESIAN_POINT('',(2.325E0,-8.447541162307E-1,2.564096514343E1));
#6255=DIRECTION('',(0.E0,0.E0,1.E0));
#6256=DIRECTION('',(0.E0,-1.E0,0.E0));
#6257=AXIS2_PLACEMENT_3D('',#6254,#6255,#6256);
#6258=PLANE('336',#6257);
#6260=ORIENTED_EDGE('504',*,*,#6259,.T.);
#6262=ORIENTED_EDGE('1487',*,*,#6261,.F.);
#6263=ORIENTED_EDGE('316',*,*,#5940,.F.);
#6264=ORIENTED_EDGE('522',*,*,#6247,.T.);
#6265=EDGE_LOOP('336',(#6260,#6262,#6263,#6264));
#6266=FACE_OUTER_BOUND('336',#6265,.F.);
#6267=ADVANCED_FACE('336',(#6266),#6258,.F.);
#6268=CARTESIAN_POINT('',(2.325E0,-8.447541162307E-1,2.564096514343E1));
#6269=DIRECTION('',(0.E0,0.E0,1.E0));
#6270=DIRECTION('',(0.E0,-1.E0,0.E0));
#6271=AXIS2_PLACEMENT_3D('',#6268,#6269,#6270);
#6272=PLANE('336',#6271);
#6274=ORIENTED_EDGE('1500',*,*,#6273,.F.);
#6275=ORIENTED_EDGE('827',*,*,#6179,.F.);
#6276=ORIENTED_EDGE('857',*,*,#6233,.T.);
#6277=ORIENTED_EDGE('1497',*,*,#5600,.T.);
#6279=ORIENTED_EDGE('1495',*,*,#6278,.F.);
#6280=EDGE_LOOP('336',(#6274,#6275,#6276,#6277,#6279));
#6281=FACE_OUTER_BOUND('336',#6280,.F.);
#6282=ADVANCED_FACE('336',(#6281),#6272,.F.);
#6283=CARTESIAN_POINT('',(1.E0,-2.9E0,2.946E1));
#6284=DIRECTION('',(1.E0,0.E0,0.E0));
#6285=DIRECTION('',(0.E0,1.E0,0.E0));
#6286=AXIS2_PLACEMENT_3D('',#6283,#6284,#6285);
#6287=PLANE('467',#6286);
#6289=ORIENTED_EDGE('835',*,*,#6288,.T.);
#6291=ORIENTED_EDGE('864',*,*,#6290,.T.);
#6292=ORIENTED_EDGE('504',*,*,#6259,.F.);
#6293=ORIENTED_EDGE('853',*,*,#6245,.F.);
#6294=EDGE_LOOP('467',(#6289,#6291,#6292,#6293));
#6295=FACE_OUTER_BOUND('467',#6294,.F.);
#6296=ADVANCED_FACE('467',(#6295),#6287,.F.);
#6297=CARTESIAN_POINT('',(1.E0,-2.9E0,2.946E1));
#6298=DIRECTION('',(1.E0,0.E0,0.E0));
#6299=DIRECTION('',(0.E0,1.E0,0.E0));
#6300=AXIS2_PLACEMENT_3D('',#6297,#6298,#6299);
#6301=PLANE('467',#6300);
#6303=ORIENTED_EDGE('836',*,*,#6302,.F.);
#6304=ORIENTED_EDGE('852',*,*,#6220,.F.);
#6305=ORIENTED_EDGE('476',*,*,#6139,.T.);
#6307=ORIENTED_EDGE('863',*,*,#6306,.T.);
#6308=EDGE_LOOP('467',(#6303,#6304,#6305,#6307));
#6309=FACE_OUTER_BOUND('467',#6308,.F.);
#6310=ADVANCED_FACE('467',(#6309),#6301,.F.);
#6311=CARTESIAN_POINT('',(-2.3E-1,-2.96E0,2.743E1));
#6312=DIRECTION('',(0.E0,-1.E0,0.E0));
#6313=DIRECTION('',(0.E0,0.E0,1.E0));
#6314=AXIS2_PLACEMENT_3D('',#6311,#6312,#6313);
#6315=CYLINDRICAL_SURFACE('809',#6314,2.E0);
#6316=ORIENTED_EDGE('824',*,*,#6214,.T.);
#6317=ORIENTED_EDGE('836',*,*,#6302,.T.);
#6319=ORIENTED_EDGE('1492',*,*,#6318,.T.);
#6320=ORIENTED_EDGE('879',*,*,#6187,.F.);
#6322=ORIENTED_EDGE('799',*,*,#6321,.F.);
#6323=ORIENTED_EDGE('880',*,*,#6183,.T.);
#6325=ORIENTED_EDGE('1491',*,*,#6324,.T.);
#6326=ORIENTED_EDGE('835',*,*,#6288,.F.);
#6327=ORIENTED_EDGE('826',*,*,#6243,.T.);
#6328=EDGE_LOOP('809',(#6316,#6317,#6319,#6320,#6322,#6323,#6325,#6326,#6327));
#6329=FACE_OUTER_BOUND('809',#6328,.F.);
#6330=ADVANCED_FACE('809',(#6329),#6315,.F.);
#6331=CARTESIAN_POINT('',(2.325E0,-2.9E0,2.564096514343E1));
#6332=DIRECTION('',(0.E0,-1.E0,0.E0));
#6333=DIRECTION('',(0.E0,0.E0,-1.E0));
#6334=AXIS2_PLACEMENT_3D('',#6331,#6332,#6333);
#6335=PLANE('1483',#6334);
#6336=ORIENTED_EDGE('861',*,*,#6162,.T.);
#6337=ORIENTED_EDGE('1489',*,*,#6189,.F.);
#6338=ORIENTED_EDGE('1492',*,*,#6318,.F.);
#6339=ORIENTED_EDGE('863',*,*,#6306,.F.);
#6340=ORIENTED_EDGE('475',*,*,#6137,.F.);
#6341=EDGE_LOOP('1483',(#6336,#6337,#6338,#6339,#6340));
#6342=FACE_OUTER_BOUND('1483',#6341,.F.);
#6343=ADVANCED_FACE('1483',(#6342),#6335,.F.);
#6344=CARTESIAN_POINT('',(2.325E0,-2.9E0,2.564096514343E1));
#6345=DIRECTION('',(0.E0,-1.E0,0.E0));
#6346=DIRECTION('',(0.E0,0.E0,-1.E0));
#6347=AXIS2_PLACEMENT_3D('',#6344,#6345,#6346);
#6348=PLANE('1483',#6347);
#6350=ORIENTED_EDGE('1499',*,*,#6349,.F.);
#6351=ORIENTED_EDGE('1481',*,*,#5942,.F.);
#6352=ORIENTED_EDGE('1487',*,*,#6261,.T.);
#6353=ORIENTED_EDGE('864',*,*,#6290,.F.);
#6354=ORIENTED_EDGE('1491',*,*,#6324,.F.);
#6355=ORIENTED_EDGE('1490',*,*,#6181,.F.);
#6356=ORIENTED_EDGE('1500',*,*,#6273,.T.);
#6358=ORIENTED_EDGE('1496',*,*,#6357,.F.);
#6359=EDGE_LOOP('1483',(#6350,#6351,#6352,#6353,#6354,#6355,#6356,#6358));
#6360=FACE_OUTER_BOUND('1483',#6359,.F.);
#6361=ADVANCED_FACE('1483',(#6360),#6348,.F.);
#6362=CARTESIAN_POINT('',(2.325E0,2.74E0,2.531E1));
#6363=DIRECTION('',(1.E0,0.E0,0.E0));
#6364=DIRECTION('',(0.E0,0.E0,-1.E0));
#6365=AXIS2_PLACEMENT_3D('',#6362,#6363,#6364);
#6366=CYLINDRICAL_SURFACE('326',#6365,6.55E0);
#6368=ORIENTED_EDGE('1494',*,*,#6367,.T.);
#6369=ORIENTED_EDGE('1498',*,*,#5614,.T.);
#6371=ORIENTED_EDGE('349',*,*,#6370,.T.);
#6372=ORIENTED_EDGE('366',*,*,#5944,.F.);
#6373=ORIENTED_EDGE('1499',*,*,#6349,.T.);
#6374=EDGE_LOOP('326',(#6368,#6369,#6371,#6372,#6373));
#6375=FACE_OUTER_BOUND('326',#6374,.F.);
#6376=ADVANCED_FACE('326',(#6375),#6366,.F.);
#6377=CARTESIAN_POINT('',(-2.325E0,0.E0,0.E0));
#6378=DIRECTION('',(1.E0,0.E0,0.E0));
#6379=DIRECTION('',(0.E0,0.E0,-1.E0));
#6380=AXIS2_PLACEMENT_3D('',#6377,#6378,#6379);
#6381=PLANE('1431',#6380);
#6383=ORIENTED_EDGE('31967',*,*,#6382,.T.);
#6385=ORIENTED_EDGE('31957',*,*,#6384,.F.);
#6387=ORIENTED_EDGE('31958',*,*,#6386,.T.);
#6389=ORIENTED_EDGE('31959',*,*,#6388,.T.);
#6391=ORIENTED_EDGE('31968',*,*,#6390,.T.);
#6393=ORIENTED_EDGE('1470',*,*,#6392,.F.);
#6395=ORIENTED_EDGE('1469',*,*,#6394,.F.);
#6396=ORIENTED_EDGE('1584',*,*,#5516,.F.);
#6397=ORIENTED_EDGE('1583',*,*,#5486,.F.);
#6399=ORIENTED_EDGE('1582',*,*,#6398,.F.);
#6401=ORIENTED_EDGE('1468',*,*,#6400,.F.);
#6403=ORIENTED_EDGE('1467',*,*,#6402,.F.);
#6404=EDGE_LOOP('1431',(#6383,#6385,#6387,#6389,#6391,#6393,#6395,#6396,#6397,
#6399,#6401,#6403));
#6405=FACE_OUTER_BOUND('1431',#6404,.F.);
#6407=ORIENTED_EDGE('1446',*,*,#6406,.T.);
#6409=ORIENTED_EDGE('1447',*,*,#6408,.T.);
#6410=EDGE_LOOP('1431',(#6407,#6409));
#6411=FACE_BOUND('1431',#6410,.F.);
#6412=ADVANCED_FACE('1431',(#6405,#6411),#6381,.F.);
#6413=CARTESIAN_POINT('',(-2.325E0,0.E0,0.E0));
#6414=DIRECTION('',(1.E0,0.E0,0.E0));
#6415=DIRECTION('',(0.E0,0.E0,-1.E0));
#6416=AXIS2_PLACEMENT_3D('',#6413,#6414,#6415);
#6417=PLANE('1431',#6416);
#6419=ORIENTED_EDGE('31973',*,*,#6418,.T.);
#6421=ORIENTED_EDGE('31960',*,*,#6420,.F.);
#6423=ORIENTED_EDGE('31961',*,*,#6422,.T.);
#6425=ORIENTED_EDGE('31962',*,*,#6424,.T.);
#6427=ORIENTED_EDGE('31974',*,*,#6426,.T.);
#6429=ORIENTED_EDGE('1474',*,*,#6428,.F.);
#6431=ORIENTED_EDGE('1473',*,*,#6430,.F.);
#6432=ORIENTED_EDGE('1494',*,*,#6367,.F.);
#6433=ORIENTED_EDGE('1496',*,*,#6357,.T.);
#6434=ORIENTED_EDGE('1495',*,*,#6278,.T.);
#6436=ORIENTED_EDGE('1472',*,*,#6435,.F.);
#6438=ORIENTED_EDGE('1471',*,*,#6437,.F.);
#6439=EDGE_LOOP('1431',(#6419,#6421,#6423,#6425,#6427,#6429,#6431,#6432,#6433,
#6434,#6436,#6438));
#6440=FACE_OUTER_BOUND('1431',#6439,.F.);
#6442=ORIENTED_EDGE('1448',*,*,#6441,.T.);
#6444=ORIENTED_EDGE('1449',*,*,#6443,.T.);
#6445=EDGE_LOOP('1431',(#6442,#6444));
#6446=FACE_BOUND('1431',#6445,.F.);
#6447=ADVANCED_FACE('1431',(#6440,#6446),#6417,.F.);
#6448=CARTESIAN_POINT('',(-4.05E0,-4.46E0,5.08E0));
#6449=DIRECTION('',(-1.E0,0.E0,0.E0));
#6450=DIRECTION('',(0.E0,0.E0,1.E0));
#6451=AXIS2_PLACEMENT_3D('',#6448,#6449,#6450);
#6452=CYLINDRICAL_SURFACE('230',#6451,1.275E0);
#6453=ORIENTED_EDGE('1446',*,*,#6406,.F.);
#6455=ORIENTED_EDGE('1459',*,*,#6454,.T.);
#6457=ORIENTED_EDGE('246',*,*,#6456,.T.);
#6459=ORIENTED_EDGE('1460',*,*,#6458,.F.);
#6460=EDGE_LOOP('230',(#6453,#6455,#6457,#6459));
#6461=FACE_OUTER_BOUND('230',#6460,.F.);
#6462=ADVANCED_FACE('230',(#6461),#6452,.F.);
#6463=CARTESIAN_POINT('',(-4.05E0,-4.46E0,5.08E0));
#6464=DIRECTION('',(-1.E0,0.E0,0.E0));
#6465=DIRECTION('',(0.E0,0.E0,1.E0));
#6466=AXIS2_PLACEMENT_3D('',#6463,#6464,#6465);
#6467=CYLINDRICAL_SURFACE('232',#6466,1.275E0);
#6468=ORIENTED_EDGE('1447',*,*,#6408,.F.);
#6469=ORIENTED_EDGE('1460',*,*,#6458,.T.);
#6471=ORIENTED_EDGE('247',*,*,#6470,.T.);
#6472=ORIENTED_EDGE('1459',*,*,#6454,.F.);
#6473=EDGE_LOOP('232',(#6468,#6469,#6471,#6472));
#6474=FACE_OUTER_BOUND('232',#6473,.F.);
#6475=ADVANCED_FACE('232',(#6474),#6467,.F.);
#6476=CARTESIAN_POINT('',(4.05E0,-7.26E0,0.E0));
#6477=DIRECTION('',(1.E0,0.E0,0.E0));
#6478=DIRECTION('',(0.E0,1.E0,0.E0));
#6479=AXIS2_PLACEMENT_3D('',#6476,#6477,#6478);
#6480=PLANE('41',#6479);
#6482=ORIENTED_EDGE('32063',*,*,#6481,.T.);
#6484=ORIENTED_EDGE('32075',*,*,#6483,.F.);
#6486=ORIENTED_EDGE('32062',*,*,#6485,.F.);
#6488=ORIENTED_EDGE('31879',*,*,#6487,.T.);
#6490=ORIENTED_EDGE('32069',*,*,#6489,.T.);
#6492=ORIENTED_EDGE('32074',*,*,#6491,.F.);
#6494=ORIENTED_EDGE('32068',*,*,#6493,.F.);
#6496=ORIENTED_EDGE('31880',*,*,#6495,.T.);
#6497=ORIENTED_EDGE('121',*,*,#6144,.T.);
#6498=ORIENTED_EDGE('32081',*,*,#6121,.T.);
#6499=ORIENTED_EDGE('125',*,*,#6049,.F.);
#6501=ORIENTED_EDGE('108',*,*,#6500,.T.);
#6503=ORIENTED_EDGE('109',*,*,#6502,.T.);
#6505=ORIENTED_EDGE('110',*,*,#6504,.T.);
#6507=ORIENTED_EDGE('111',*,*,#6506,.T.);
#6509=ORIENTED_EDGE('112',*,*,#6508,.T.);
#6510=ORIENTED_EDGE('124',*,*,#6066,.F.);
#6512=ORIENTED_EDGE('32079',*,*,#6511,.T.);
#6513=ORIENTED_EDGE('119',*,*,#5325,.F.);
#6515=ORIENTED_EDGE('31163',*,*,#6514,.T.);
#6517=ORIENTED_EDGE('32051',*,*,#6516,.T.);
#6519=ORIENTED_EDGE('32077',*,*,#6518,.F.);
#6521=ORIENTED_EDGE('32050',*,*,#6520,.F.);
#6523=ORIENTED_EDGE('31221',*,*,#6522,.T.);
#6525=ORIENTED_EDGE('32059',*,*,#6524,.T.);
#6527=ORIENTED_EDGE('32076',*,*,#6526,.F.);
#6529=ORIENTED_EDGE('32058',*,*,#6528,.F.);
#6531=ORIENTED_EDGE('31222',*,*,#6530,.T.);
#6533=ORIENTED_EDGE('17760',*,*,#6532,.F.);
#6535=ORIENTED_EDGE('17777',*,*,#6534,.T.);
#6537=ORIENTED_EDGE('17594',*,*,#6536,.F.);
#6539=ORIENTED_EDGE('17772',*,*,#6538,.F.);
#6541=ORIENTED_EDGE('17750',*,*,#6540,.F.);
#6543=ORIENTED_EDGE('24779',*,*,#6542,.T.);
#6545=ORIENTED_EDGE('20471',*,*,#6544,.F.);
#6547=ORIENTED_EDGE('20489',*,*,#6546,.T.);
#6549=ORIENTED_EDGE('17903',*,*,#6548,.F.);
#6551=ORIENTED_EDGE('20484',*,*,#6550,.F.);
#6553=ORIENTED_EDGE('20461',*,*,#6552,.F.);
#6555=ORIENTED_EDGE('24781',*,*,#6554,.T.);
#6557=ORIENTED_EDGE('20595',*,*,#6556,.F.);
#6559=ORIENTED_EDGE('20613',*,*,#6558,.T.);
#6561=ORIENTED_EDGE('18037',*,*,#6560,.F.);
#6563=ORIENTED_EDGE('20608',*,*,#6562,.F.);
#6565=ORIENTED_EDGE('20585',*,*,#6564,.F.);
#6567=ORIENTED_EDGE('24783',*,*,#6566,.T.);
#6569=ORIENTED_EDGE('20719',*,*,#6568,.F.);
#6571=ORIENTED_EDGE('20737',*,*,#6570,.T.);
#6573=ORIENTED_EDGE('18171',*,*,#6572,.F.);
#6575=ORIENTED_EDGE('20732',*,*,#6574,.F.);
#6577=ORIENTED_EDGE('20709',*,*,#6576,.F.);
#6579=ORIENTED_EDGE('31877',*,*,#6578,.T.);
#6580=EDGE_LOOP('41',(#6482,#6484,#6486,#6488,#6490,#6492,#6494,#6496,#6497,
#6498,#6499,#6501,#6503,#6505,#6507,#6509,#6510,#6512,#6513,#6515,#6517,#6519,
#6521,#6523,#6525,#6527,#6529,#6531,#6533,#6535,#6537,#6539,#6541,#6543,#6545,
#6547,#6549,#6551,#6553,#6555,#6557,#6559,#6561,#6563,#6565,#6567,#6569,#6571,
#6573,#6575,#6577,#6579));
#6581=FACE_OUTER_BOUND('41',#6580,.F.);
#6582=ORIENTED_EDGE('246',*,*,#6456,.F.);
#6583=ORIENTED_EDGE('247',*,*,#6470,.F.);
#6584=EDGE_LOOP('41',(#6582,#6583));
#6585=FACE_BOUND('41',#6584,.F.);
#6587=ORIENTED_EDGE('248',*,*,#6586,.F.);
#6589=ORIENTED_EDGE('249',*,*,#6588,.F.);
#6590=EDGE_LOOP('41',(#6587,#6589));
#6591=FACE_BOUND('41',#6590,.F.);
#6592=ADVANCED_FACE('41',(#6581,#6585,#6591),#6480,.T.);
#6593=CARTESIAN_POINT('',(-4.05E0,-4.46E0,2.438E1));
#6594=DIRECTION('',(-1.E0,0.E0,0.E0));
#6595=DIRECTION('',(0.E0,0.E0,1.E0));
#6596=AXIS2_PLACEMENT_3D('',#6593,#6594,#6595);
#6597=CYLINDRICAL_SURFACE('234',#6596,1.275E0);
#6598=ORIENTED_EDGE('1448',*,*,#6441,.F.);
#6600=ORIENTED_EDGE('1461',*,*,#6599,.T.);
#6601=ORIENTED_EDGE('248',*,*,#6586,.T.);
#6603=ORIENTED_EDGE('1462',*,*,#6602,.F.);
#6604=EDGE_LOOP('234',(#6598,#6600,#6601,#6603));
#6605=FACE_OUTER_BOUND('234',#6604,.F.);
#6606=ADVANCED_FACE('234',(#6605),#6597,.F.);
#6607=CARTESIAN_POINT('',(-4.05E0,-4.46E0,2.438E1));
#6608=DIRECTION('',(-1.E0,0.E0,0.E0));
#6609=DIRECTION('',(0.E0,0.E0,1.E0));
#6610=AXIS2_PLACEMENT_3D('',#6607,#6608,#6609);
#6611=CYLINDRICAL_SURFACE('236',#6610,1.275E0);
#6612=ORIENTED_EDGE('1449',*,*,#6443,.F.);
#6613=ORIENTED_EDGE('1462',*,*,#6602,.T.);
#6614=ORIENTED_EDGE('249',*,*,#6588,.T.);
#6615=ORIENTED_EDGE('1461',*,*,#6599,.F.);
#6616=EDGE_LOOP('236',(#6612,#6613,#6614,#6615));
#6617=FACE_OUTER_BOUND('236',#6616,.F.);
#6618=ADVANCED_FACE('236',(#6617),#6611,.F.);
#6619=CARTESIAN_POINT('',(-4.05E0,-7.36E0,2.2405E1));
#6620=DIRECTION('',(0.E0,0.E0,-1.E0));
#6621=DIRECTION('',(0.E0,1.E0,0.E0));
#6622=AXIS2_PLACEMENT_3D('',#6619,#6620,#6621);
#6623=PLANE('31533',#6622);
#6625=ORIENTED_EDGE('32033',*,*,#6624,.T.);
#6626=ORIENTED_EDGE('32063',*,*,#6481,.F.);
#6628=ORIENTED_EDGE('31972',*,*,#6627,.F.);
#6629=ORIENTED_EDGE('31962',*,*,#6424,.F.);
#6631=ORIENTED_EDGE('31970',*,*,#6630,.T.);
#6633=ORIENTED_EDGE('32061',*,*,#6632,.T.);
#6634=EDGE_LOOP('31533',(#6625,#6626,#6628,#6629,#6631,#6633));
#6635=FACE_OUTER_BOUND('31533',#6634,.F.);
#6636=ADVANCED_FACE('31533',(#6635),#6623,.T.);
#6637=CARTESIAN_POINT('',(4.05E0,4.74E0,2.818610418007E1));
#6638=DIRECTION('',(0.E0,-1.E0,0.E0));
#6639=DIRECTION('',(0.E0,0.E0,-1.E0));
#6640=AXIS2_PLACEMENT_3D('',#6637,#6638,#6639);
#6641=PLANE('32002',#6640);
#6643=ORIENTED_EDGE('32031',*,*,#6642,.T.);
#6644=ORIENTED_EDGE('32075',*,*,#6483,.T.);
#6645=ORIENTED_EDGE('32033',*,*,#6624,.F.);
#6647=ORIENTED_EDGE('32035',*,*,#6646,.F.);
#6648=EDGE_LOOP('32002',(#6643,#6644,#6645,#6647));
#6649=FACE_OUTER_BOUND('32002',#6648,.F.);
#6650=ADVANCED_FACE('32002',(#6649),#6641,.F.);
#6651=CARTESIAN_POINT('',(4.05E0,4.74E0,2.818610418007E1));
#6652=DIRECTION('',(0.E0,-1.E0,0.E0));
#6653=DIRECTION('',(0.E0,0.E0,-1.E0));
#6654=AXIS2_PLACEMENT_3D('',#6651,#6652,#6653);
#6655=PLANE('32002',#6654);
#6657=ORIENTED_EDGE('32038',*,*,#6656,.T.);
#6658=ORIENTED_EDGE('32074',*,*,#6491,.T.);
#6660=ORIENTED_EDGE('32040',*,*,#6659,.F.);
#6662=ORIENTED_EDGE('32045',*,*,#6661,.F.);
#6663=EDGE_LOOP('32002',(#6657,#6658,#6660,#6662));
#6664=FACE_OUTER_BOUND('32002',#6663,.F.);
#6665=ADVANCED_FACE('32002',(#6664),#6655,.F.);
#6666=CARTESIAN_POINT('',(-4.05E0,-7.26E0,2.2805E1));
#6667=DIRECTION('',(0.E0,0.E0,1.E0));
#6668=DIRECTION('',(0.E0,-1.E0,0.E0));
#6669=AXIS2_PLACEMENT_3D('',#6666,#6667,#6668);
#6670=PLANE('31529',#6669);
#6671=ORIENTED_EDGE('32031',*,*,#6642,.F.);
#6673=ORIENTED_EDGE('32060',*,*,#6672,.F.);
#6675=ORIENTED_EDGE('31969',*,*,#6674,.F.);
#6676=ORIENTED_EDGE('31960',*,*,#6420,.T.);
#6678=ORIENTED_EDGE('31971',*,*,#6677,.T.);
#6679=ORIENTED_EDGE('32062',*,*,#6485,.T.);
#6680=EDGE_LOOP('31529',(#6671,#6673,#6675,#6676,#6678,#6679));
#6681=FACE_OUTER_BOUND('31529',#6680,.F.);
#6682=ADVANCED_FACE('31529',(#6681),#6670,.T.);
#6683=CARTESIAN_POINT('',(4.15E0,-7.26E0,2.2605E1));
#6684=DIRECTION('',(0.E0,1.E0,0.E0));
#6685=DIRECTION('',(-1.E0,0.E0,0.E0));
#6686=AXIS2_PLACEMENT_3D('',#6683,#6684,#6685);
#6687=CYLINDRICAL_SURFACE('31549',#6686,2.E-1);
#6688=ORIENTED_EDGE('32035',*,*,#6646,.T.);
#6689=ORIENTED_EDGE('32061',*,*,#6632,.F.);
#6691=ORIENTED_EDGE('31525',*,*,#6690,.F.);
#6692=ORIENTED_EDGE('32060',*,*,#6672,.T.);
#6693=EDGE_LOOP('31549',(#6688,#6689,#6691,#6692));
#6694=FACE_OUTER_BOUND('31549',#6693,.F.);
#6695=ADVANCED_FACE('31549',(#6694),#6687,.T.);
#6696=CARTESIAN_POINT('',(-4.05E0,-7.36E0,2.2605E1));
#6697=DIRECTION('',(1.E0,0.E0,0.E0));
#6698=DIRECTION('',(0.E0,1.E0,0.E0));
#6699=AXIS2_PLACEMENT_3D('',#6696,#6697,#6698);
#6700=CYLINDRICAL_SURFACE('31531',#6699,2.E-1);
#6701=ORIENTED_EDGE('31961',*,*,#6422,.F.);
#6702=ORIENTED_EDGE('31969',*,*,#6674,.T.);
#6703=ORIENTED_EDGE('31525',*,*,#6690,.T.);
#6704=ORIENTED_EDGE('31970',*,*,#6630,.F.);
#6705=EDGE_LOOP('31531',(#6701,#6702,#6703,#6704));
#6706=FACE_OUTER_BOUND('31531',#6705,.F.);
#6707=ADVANCED_FACE('31531',(#6706),#6700,.T.);
#6708=CARTESIAN_POINT('',(-4.05E0,-7.26E0,0.E0));
#6709=DIRECTION('',(0.E0,-1.E0,0.E0));
#6710=DIRECTION('',(1.E0,0.E0,0.E0));
#6711=AXIS2_PLACEMENT_3D('',#6708,#6709,#6710);
#6712=PLANE('39',#6711);
#6714=ORIENTED_EDGE('31147',*,*,#6713,.T.);
#6716=ORIENTED_EDGE('31160',*,*,#6715,.T.);
#6718=ORIENTED_EDGE('31157',*,*,#6717,.T.);
#6720=ORIENTED_EDGE('31148',*,*,#6719,.T.);
#6721=ORIENTED_EDGE('31163',*,*,#6514,.F.);
#6722=ORIENTED_EDGE('29',*,*,#5323,.F.);
#6723=ORIENTED_EDGE('31161',*,*,#5788,.T.);
#6724=EDGE_LOOP('39',(#6714,#6716,#6718,#6720,#6721,#6722,#6723));
#6725=FACE_OUTER_BOUND('39',#6724,.F.);
#6726=ADVANCED_FACE('39',(#6725),#6712,.T.);
#6727=CARTESIAN_POINT('',(-4.05E0,-7.26E0,0.E0));
#6728=DIRECTION('',(0.E0,-1.E0,0.E0));
#6729=DIRECTION('',(1.E0,0.E0,0.E0));
#6730=AXIS2_PLACEMENT_3D('',#6727,#6728,#6729);
#6731=PLANE('39',#6730);
#6733=ORIENTED_EDGE('31609',*,*,#6732,.F.);
#6734=ORIENTED_EDGE('31626',*,*,#5752,.T.);
#6735=ORIENTED_EDGE('34',*,*,#6146,.T.);
#6736=ORIENTED_EDGE('31880',*,*,#6495,.F.);
#6738=ORIENTED_EDGE('31610',*,*,#6737,.F.);
#6740=ORIENTED_EDGE('31622',*,*,#6739,.T.);
#6742=ORIENTED_EDGE('31623',*,*,#6741,.T.);
#6743=EDGE_LOOP('39',(#6733,#6734,#6735,#6736,#6738,#6740,#6742));
#6744=FACE_OUTER_BOUND('39',#6743,.F.);
#6745=ADVANCED_FACE('39',(#6744),#6731,.T.);
#6746=CARTESIAN_POINT('',(-4.05E0,-7.26E0,0.E0));
#6747=DIRECTION('',(0.E0,-1.E0,0.E0));
#6748=DIRECTION('',(1.E0,0.E0,0.E0));
#6749=AXIS2_PLACEMENT_3D('',#6746,#6747,#6748);
#6750=PLANE('39',#6749);
#6752=ORIENTED_EDGE('31965',*,*,#6751,.F.);
#6753=ORIENTED_EDGE('31967',*,*,#6382,.F.);
#6755=ORIENTED_EDGE('1442',*,*,#6754,.F.);
#6756=ORIENTED_EDGE('1457',*,*,#5770,.T.);
#6758=ORIENTED_EDGE('1445',*,*,#6757,.T.);
#6759=ORIENTED_EDGE('31974',*,*,#6426,.F.);
#6760=ORIENTED_EDGE('31972',*,*,#6627,.T.);
#6761=ORIENTED_EDGE('31877',*,*,#6578,.F.);
#6763=ORIENTED_EDGE('20712',*,*,#6762,.F.);
#6765=ORIENTED_EDGE('20725',*,*,#6764,.F.);
#6767=ORIENTED_EDGE('18182',*,*,#6766,.F.);
#6769=ORIENTED_EDGE('20727',*,*,#6768,.F.);
#6771=ORIENTED_EDGE('20716',*,*,#6770,.F.);
#6773=ORIENTED_EDGE('20726',*,*,#6772,.F.);
#6775=ORIENTED_EDGE('18181',*,*,#6774,.F.);
#6777=ORIENTED_EDGE('12781',*,*,#6776,.T.);
#6779=ORIENTED_EDGE('18180',*,*,#6778,.F.);
#6781=ORIENTED_EDGE('20729',*,*,#6780,.F.);
#6783=ORIENTED_EDGE('20724',*,*,#6782,.F.);
#6785=ORIENTED_EDGE('20728',*,*,#6784,.F.);
#6787=ORIENTED_EDGE('18179',*,*,#6786,.F.);
#6789=ORIENTED_EDGE('20730',*,*,#6788,.F.);
#6791=ORIENTED_EDGE('20720',*,*,#6790,.F.);
#6792=ORIENTED_EDGE('24783',*,*,#6566,.F.);
#6794=ORIENTED_EDGE('20588',*,*,#6793,.F.);
#6796=ORIENTED_EDGE('20601',*,*,#6795,.F.);
#6798=ORIENTED_EDGE('18048',*,*,#6797,.F.);
#6800=ORIENTED_EDGE('20603',*,*,#6799,.F.);
#6802=ORIENTED_EDGE('20592',*,*,#6801,.F.);
#6804=ORIENTED_EDGE('20602',*,*,#6803,.F.);
#6806=ORIENTED_EDGE('18047',*,*,#6805,.F.);
#6808=ORIENTED_EDGE('12699',*,*,#6807,.T.);
#6810=ORIENTED_EDGE('18046',*,*,#6809,.F.);
#6812=ORIENTED_EDGE('20605',*,*,#6811,.F.);
#6814=ORIENTED_EDGE('20600',*,*,#6813,.F.);
#6816=ORIENTED_EDGE('20604',*,*,#6815,.F.);
#6818=ORIENTED_EDGE('18045',*,*,#6817,.F.);
#6820=ORIENTED_EDGE('20606',*,*,#6819,.F.);
#6822=ORIENTED_EDGE('20596',*,*,#6821,.F.);
#6823=ORIENTED_EDGE('24781',*,*,#6554,.F.);
#6825=ORIENTED_EDGE('20464',*,*,#6824,.F.);
#6827=ORIENTED_EDGE('20477',*,*,#6826,.F.);
#6829=ORIENTED_EDGE('17914',*,*,#6828,.F.);
#6831=ORIENTED_EDGE('20479',*,*,#6830,.F.);
#6833=ORIENTED_EDGE('20468',*,*,#6832,.F.);
#6835=ORIENTED_EDGE('20478',*,*,#6834,.F.);
#6837=ORIENTED_EDGE('17913',*,*,#6836,.F.);
#6839=ORIENTED_EDGE('12617',*,*,#6838,.T.);
#6841=ORIENTED_EDGE('17912',*,*,#6840,.F.);
#6843=ORIENTED_EDGE('20481',*,*,#6842,.F.);
#6845=ORIENTED_EDGE('20476',*,*,#6844,.F.);
#6847=ORIENTED_EDGE('20480',*,*,#6846,.F.);
#6849=ORIENTED_EDGE('17911',*,*,#6848,.F.);
#6851=ORIENTED_EDGE('20482',*,*,#6850,.F.);
#6853=ORIENTED_EDGE('20472',*,*,#6852,.F.);
#6854=ORIENTED_EDGE('24779',*,*,#6542,.F.);
#6856=ORIENTED_EDGE('17753',*,*,#6855,.F.);
#6858=ORIENTED_EDGE('17766',*,*,#6857,.F.);
#6860=ORIENTED_EDGE('17604',*,*,#6859,.F.);
#6862=ORIENTED_EDGE('17768',*,*,#6861,.F.);
#6864=ORIENTED_EDGE('17757',*,*,#6863,.F.);
#6866=ORIENTED_EDGE('17767',*,*,#6865,.F.);
#6868=ORIENTED_EDGE('17603',*,*,#6867,.F.);
#6870=ORIENTED_EDGE('1976',*,*,#6869,.T.);
#6872=ORIENTED_EDGE('17602',*,*,#6871,.F.);
#6874=ORIENTED_EDGE('17770',*,*,#6873,.F.);
#6876=ORIENTED_EDGE('17765',*,*,#6875,.F.);
#6878=ORIENTED_EDGE('17769',*,*,#6877,.F.);
#6880=ORIENTED_EDGE('17601',*,*,#6879,.F.);
#6882=ORIENTED_EDGE('17771',*,*,#6881,.F.);
#6884=ORIENTED_EDGE('17761',*,*,#6883,.F.);
#6885=ORIENTED_EDGE('31222',*,*,#6530,.F.);
#6886=EDGE_LOOP('39',(#6752,#6753,#6755,#6756,#6758,#6759,#6760,#6761,#6763,
#6765,#6767,#6769,#6771,#6773,#6775,#6777,#6779,#6781,#6783,#6785,#6787,#6789,
#6791,#6792,#6794,#6796,#6798,#6800,#6802,#6804,#6806,#6808,#6810,#6812,#6814,
#6816,#6818,#6820,#6822,#6823,#6825,#6827,#6829,#6831,#6833,#6835,#6837,#6839,
#6841,#6843,#6845,#6847,#6849,#6851,#6853,#6854,#6856,#6858,#6860,#6862,#6864,
#6866,#6868,#6870,#6872,#6874,#6876,#6878,#6880,#6882,#6884,#6885));
#6887=FACE_OUTER_BOUND('39',#6886,.F.);
#6889=ORIENTED_EDGE('8003',*,*,#6888,.T.);
#6891=ORIENTED_EDGE('8004',*,*,#6890,.T.);
#6893=ORIENTED_EDGE('8005',*,*,#6892,.T.);
#6895=ORIENTED_EDGE('9297',*,*,#6894,.T.);
#6896=EDGE_LOOP('39',(#6889,#6891,#6893,#6895));
#6897=FACE_BOUND('39',#6896,.F.);
#6899=ORIENTED_EDGE('8006',*,*,#6898,.T.);
#6901=ORIENTED_EDGE('8007',*,*,#6900,.T.);
#6903=ORIENTED_EDGE('8008',*,*,#6902,.T.);
#6905=ORIENTED_EDGE('9262',*,*,#6904,.T.);
#6906=EDGE_LOOP('39',(#6899,#6901,#6903,#6905));
#6907=FACE_BOUND('39',#6906,.F.);
#6908=ADVANCED_FACE('39',(#6887,#6897,#6907),#6750,.T.);
#6909=CARTESIAN_POINT('',(-4.05E0,-7.26E0,0.E0));
#6910=DIRECTION('',(0.E0,-1.E0,0.E0));
#6911=DIRECTION('',(1.E0,0.E0,0.E0));
#6912=AXIS2_PLACEMENT_3D('',#6909,#6910,#6911);
#6913=PLANE('39',#6912);
#6915=ORIENTED_EDGE('31966',*,*,#6914,.T.);
#6916=ORIENTED_EDGE('31221',*,*,#6522,.F.);
#6918=ORIENTED_EDGE('31146',*,*,#6917,.F.);
#6920=ORIENTED_EDGE('31158',*,*,#6919,.T.);
#6922=ORIENTED_EDGE('31159',*,*,#6921,.T.);
#6924=ORIENTED_EDGE('31145',*,*,#6923,.F.);
#6925=ORIENTED_EDGE('31162',*,*,#5780,.T.);
#6927=ORIENTED_EDGE('1443',*,*,#6926,.T.);
#6928=ORIENTED_EDGE('31968',*,*,#6390,.F.);
#6929=EDGE_LOOP('39',(#6915,#6916,#6918,#6920,#6922,#6924,#6925,#6927,#6928));
#6930=FACE_OUTER_BOUND('39',#6929,.F.);
#6931=ADVANCED_FACE('39',(#6930),#6913,.T.);
#6932=CARTESIAN_POINT('',(-4.05E0,-7.26E0,0.E0));
#6933=DIRECTION('',(0.E0,-1.E0,0.E0));
#6934=DIRECTION('',(1.E0,0.E0,0.E0));
#6935=AXIS2_PLACEMENT_3D('',#6932,#6933,#6934);
#6936=PLANE('39',#6935);
#6937=ORIENTED_EDGE('31971',*,*,#6677,.F.);
#6938=ORIENTED_EDGE('31973',*,*,#6418,.F.);
#6940=ORIENTED_EDGE('1444',*,*,#6939,.F.);
#6941=ORIENTED_EDGE('31625',*,*,#5760,.T.);
#6943=ORIENTED_EDGE('31611',*,*,#6942,.T.);
#6945=ORIENTED_EDGE('31624',*,*,#6944,.T.);
#6947=ORIENTED_EDGE('31621',*,*,#6946,.T.);
#6949=ORIENTED_EDGE('31612',*,*,#6948,.T.);
#6950=ORIENTED_EDGE('31879',*,*,#6487,.F.);
#6951=EDGE_LOOP('39',(#6937,#6938,#6940,#6941,#6943,#6945,#6947,#6949,#6950));
#6952=FACE_OUTER_BOUND('39',#6951,.F.);
#6953=ADVANCED_FACE('39',(#6952),#6936,.T.);
#6954=CARTESIAN_POINT('',(3.35E0,-7.26E0,2.196E1));
#6955=DIRECTION('',(0.E0,0.E0,1.E0));
#6956=DIRECTION('',(-1.E0,0.E0,0.E0));
#6957=AXIS2_PLACEMENT_3D('',#6954,#6955,#6956);
#6958=PLANE('7987',#6957);
#6959=ORIENTED_EDGE('8003',*,*,#6888,.F.);
#6961=ORIENTED_EDGE('9298',*,*,#6960,.T.);
#6963=ORIENTED_EDGE('7979',*,*,#6962,.T.);
#6965=ORIENTED_EDGE('8025',*,*,#6964,.F.);
#6966=EDGE_LOOP('7987',(#6959,#6961,#6963,#6965));
#6967=FACE_OUTER_BOUND('7987',#6966,.F.);
#6968=ADVANCED_FACE('7987',(#6967),#6958,.F.);
#6969=CARTESIAN_POINT('',(3.35E0,-7.26E0,2.041E1));
#6970=DIRECTION('',(1.E0,0.E0,0.E0));
#6971=DIRECTION('',(0.E0,0.E0,1.E0));
#6972=AXIS2_PLACEMENT_3D('',#6969,#6970,#6971);
#6973=PLANE('7993',#6972);
#6974=ORIENTED_EDGE('9297',*,*,#6894,.F.);
#6976=ORIENTED_EDGE('9299',*,*,#6975,.T.);
#6978=ORIENTED_EDGE('7982',*,*,#6977,.T.);
#6979=ORIENTED_EDGE('9298',*,*,#6960,.F.);
#6980=EDGE_LOOP('7993',(#6974,#6976,#6978,#6979));
#6981=FACE_OUTER_BOUND('7993',#6980,.F.);
#6982=ADVANCED_FACE('7993',(#6981),#6973,.F.);
#6983=CARTESIAN_POINT('',(-1.8E0,-7.26E0,2.041E1));
#6984=DIRECTION('',(0.E0,0.E0,-1.E0));
#6985=DIRECTION('',(1.E0,0.E0,0.E0));
#6986=AXIS2_PLACEMENT_3D('',#6983,#6984,#6985);
#6987=PLANE('7991',#6986);
#6988=ORIENTED_EDGE('8005',*,*,#6892,.F.);
#6990=ORIENTED_EDGE('8026',*,*,#6989,.T.);
#6992=ORIENTED_EDGE('7981',*,*,#6991,.T.);
#6993=ORIENTED_EDGE('9299',*,*,#6975,.F.);
#6994=EDGE_LOOP('7991',(#6988,#6990,#6992,#6993));
#6995=FACE_OUTER_BOUND('7991',#6994,.F.);
#6996=ADVANCED_FACE('7991',(#6995),#6987,.F.);
#6997=CARTESIAN_POINT('',(-1.8E0,-7.26E0,2.196E1));
#6998=DIRECTION('',(-1.E0,0.E0,0.E0));
#6999=DIRECTION('',(0.E0,0.E0,-1.E0));
#7000=AXIS2_PLACEMENT_3D('',#6997,#6998,#6999);
#7001=PLANE('7989',#7000);
#7002=ORIENTED_EDGE('8004',*,*,#6890,.F.);
#7003=ORIENTED_EDGE('8025',*,*,#6964,.T.);
#7005=ORIENTED_EDGE('7980',*,*,#7004,.T.);
#7006=ORIENTED_EDGE('8026',*,*,#6989,.F.);
#7007=EDGE_LOOP('7989',(#7002,#7003,#7005,#7006));
#7008=FACE_OUTER_BOUND('7989',#7007,.F.);
#7009=ADVANCED_FACE('7989',(#7008),#7001,.F.);
#7010=CARTESIAN_POINT('',(-4.05E0,-3.46E0,0.E0));
#7011=DIRECTION('',(0.E0,-1.E0,0.E0));
#7012=DIRECTION('',(0.E0,0.E0,-1.E0));
#7013=AXIS2_PLACEMENT_3D('',#7010,#7011,#7012);
#7014=PLANE('7978',#7013);
#7015=ORIENTED_EDGE('7979',*,*,#6962,.F.);
#7016=ORIENTED_EDGE('7982',*,*,#6977,.F.);
#7017=ORIENTED_EDGE('7981',*,*,#6991,.F.);
#7018=ORIENTED_EDGE('7980',*,*,#7004,.F.);
#7019=EDGE_LOOP('7978',(#7015,#7016,#7017,#7018));
#7020=FACE_OUTER_BOUND('7978',#7019,.F.);
#7021=ADVANCED_FACE('7978',(#7020),#7014,.T.);
#7022=CARTESIAN_POINT('',(-4.05E0,-3.46E0,0.E0));
#7023=DIRECTION('',(0.E0,-1.E0,0.E0));
#7024=DIRECTION('',(0.E0,0.E0,-1.E0));
#7025=AXIS2_PLACEMENT_3D('',#7022,#7023,#7024);
#7026=PLANE('7978',#7025);
#7028=ORIENTED_EDGE('7983',*,*,#7027,.F.);
#7030=ORIENTED_EDGE('7986',*,*,#7029,.F.);
#7032=ORIENTED_EDGE('7985',*,*,#7031,.F.);
#7034=ORIENTED_EDGE('7984',*,*,#7033,.F.);
#7035=EDGE_LOOP('7978',(#7028,#7030,#7032,#7034));
#7036=FACE_OUTER_BOUND('7978',#7035,.F.);
#7037=ADVANCED_FACE('7978',(#7036),#7026,.T.);
#7038=CARTESIAN_POINT('',(3.35E0,-7.26E0,7.5E0));
#7039=DIRECTION('',(1.E0,0.E0,0.E0));
#7040=DIRECTION('',(0.E0,0.E0,1.E0));
#7041=AXIS2_PLACEMENT_3D('',#7038,#7039,#7040);
#7042=PLANE('7995',#7041);
#7043=ORIENTED_EDGE('9262',*,*,#6904,.F.);
#7045=ORIENTED_EDGE('9263',*,*,#7044,.T.);
#7046=ORIENTED_EDGE('7983',*,*,#7027,.T.);
#7048=ORIENTED_EDGE('9264',*,*,#7047,.F.);
#7049=EDGE_LOOP('7995',(#7043,#7045,#7046,#7048));
#7050=FACE_OUTER_BOUND('7995',#7049,.F.);
#7051=ADVANCED_FACE('7995',(#7050),#7042,.F.);
#7052=CARTESIAN_POINT('',(-1.8E0,-7.26E0,7.5E0));
#7053=DIRECTION('',(0.E0,0.E0,-1.E0));
#7054=DIRECTION('',(1.E0,0.E0,0.E0));
#7055=AXIS2_PLACEMENT_3D('',#7052,#7053,#7054);
#7056=PLANE('8001',#7055);
#7057=ORIENTED_EDGE('8008',*,*,#6902,.F.);
#7059=ORIENTED_EDGE('8028',*,*,#7058,.T.);
#7060=ORIENTED_EDGE('7986',*,*,#7029,.T.);
#7061=ORIENTED_EDGE('9263',*,*,#7044,.F.);
#7062=EDGE_LOOP('8001',(#7057,#7059,#7060,#7061));
#7063=FACE_OUTER_BOUND('8001',#7062,.F.);
#7064=ADVANCED_FACE('8001',(#7063),#7056,.F.);
#7065=CARTESIAN_POINT('',(-1.8E0,-7.26E0,9.05E0));
#7066=DIRECTION('',(-1.E0,0.E0,0.E0));
#7067=DIRECTION('',(0.E0,0.E0,-1.E0));
#7068=AXIS2_PLACEMENT_3D('',#7065,#7066,#7067);
#7069=PLANE('7999',#7068);
#7070=ORIENTED_EDGE('8007',*,*,#6900,.F.);
#7072=ORIENTED_EDGE('8027',*,*,#7071,.T.);
#7073=ORIENTED_EDGE('7985',*,*,#7031,.T.);
#7074=ORIENTED_EDGE('8028',*,*,#7058,.F.);
#7075=EDGE_LOOP('7999',(#7070,#7072,#7073,#7074));
#7076=FACE_OUTER_BOUND('7999',#7075,.F.);
#7077=ADVANCED_FACE('7999',(#7076),#7069,.F.);
#7078=CARTESIAN_POINT('',(3.35E0,-7.26E0,9.05E0));
#7079=DIRECTION('',(0.E0,0.E0,1.E0));
#7080=DIRECTION('',(-1.E0,0.E0,0.E0));
#7081=AXIS2_PLACEMENT_3D('',#7078,#7079,#7080);
#7082=PLANE('7997',#7081);
#7083=ORIENTED_EDGE('8006',*,*,#6898,.F.);
#7084=ORIENTED_EDGE('9264',*,*,#7047,.T.);
#7085=ORIENTED_EDGE('7984',*,*,#7033,.T.);
#7086=ORIENTED_EDGE('8027',*,*,#7071,.F.);
#7087=EDGE_LOOP('7997',(#7083,#7084,#7085,#7086));
#7088=FACE_OUTER_BOUND('7997',#7087,.F.);
#7089=ADVANCED_FACE('7997',(#7088),#7082,.F.);
#7090=CARTESIAN_POINT('',(-4.05E0,-7.36E0,1.83E0));
#7091=DIRECTION('',(0.E0,0.E0,-1.E0));
#7092=DIRECTION('',(0.E0,1.E0,0.E0));
#7093=AXIS2_PLACEMENT_3D('',#7090,#7091,#7092);
#7094=PLANE('31122',#7093);
#7096=ORIENTED_EDGE('32018',*,*,#7095,.T.);
#7097=ORIENTED_EDGE('32051',*,*,#6516,.F.);
#7098=ORIENTED_EDGE('31148',*,*,#6719,.F.);
#7100=ORIENTED_EDGE('31168',*,*,#7099,.F.);
#7101=ORIENTED_EDGE('31147',*,*,#6713,.F.);
#7102=ORIENTED_EDGE('31166',*,*,#5786,.F.);
#7104=ORIENTED_EDGE('31123',*,*,#7103,.T.);
#7106=ORIENTED_EDGE('32048',*,*,#7105,.T.);
#7107=EDGE_LOOP('31122',(#7096,#7097,#7098,#7100,#7101,#7102,#7104,#7106));
#7108=FACE_OUTER_BOUND('31122',#7107,.F.);
#7109=ADVANCED_FACE('31122',(#7108),#7094,.T.);
#7110=CARTESIAN_POINT('',(4.05E0,4.74E0,8.197951042913E0));
#7111=DIRECTION('',(0.E0,-1.E0,0.E0));
#7112=DIRECTION('',(0.E0,0.E0,-1.E0));
#7113=AXIS2_PLACEMENT_3D('',#7110,#7111,#7112);
#7114=PLANE('32010',#7113);
#7116=ORIENTED_EDGE('32015',*,*,#7115,.T.);
#7117=ORIENTED_EDGE('32077',*,*,#6518,.T.);
#7118=ORIENTED_EDGE('32018',*,*,#7095,.F.);
#7120=ORIENTED_EDGE('32022',*,*,#7119,.F.);
#7121=EDGE_LOOP('32010',(#7116,#7117,#7118,#7120));
#7122=FACE_OUTER_BOUND('32010',#7121,.F.);
#7123=ADVANCED_FACE('32010',(#7122),#7114,.F.);
#7124=CARTESIAN_POINT('',(4.05E0,4.74E0,8.197951042913E0));
#7125=DIRECTION('',(0.E0,-1.E0,0.E0));
#7126=DIRECTION('',(0.E0,0.E0,-1.E0));
#7127=AXIS2_PLACEMENT_3D('',#7124,#7125,#7126);
#7128=PLANE('32010',#7127);
#7130=ORIENTED_EDGE('32025',*,*,#7129,.T.);
#7131=ORIENTED_EDGE('32076',*,*,#6526,.T.);
#7133=ORIENTED_EDGE('32027',*,*,#7132,.F.);
#7135=ORIENTED_EDGE('32029',*,*,#7134,.F.);
#7136=EDGE_LOOP('32010',(#7130,#7131,#7133,#7135));
#7137=FACE_OUTER_BOUND('32010',#7136,.F.);
#7138=ADVANCED_FACE('32010',(#7137),#7128,.F.);
#7139=CARTESIAN_POINT('',(-4.05E0,-7.26E0,2.23E0));
#7140=DIRECTION('',(0.E0,0.E0,1.E0));
#7141=DIRECTION('',(0.E0,-1.E0,0.E0));
#7142=AXIS2_PLACEMENT_3D('',#7139,#7140,#7141);
#7143=PLANE('31118',#7142);
#7144=ORIENTED_EDGE('32015',*,*,#7115,.F.);
#7146=ORIENTED_EDGE('32047',*,*,#7145,.F.);
#7148=ORIENTED_EDGE('31121',*,*,#7147,.F.);
#7149=ORIENTED_EDGE('31165',*,*,#5782,.F.);
#7150=ORIENTED_EDGE('31145',*,*,#6923,.T.);
#7152=ORIENTED_EDGE('31167',*,*,#7151,.T.);
#7153=ORIENTED_EDGE('31146',*,*,#6917,.T.);
#7154=ORIENTED_EDGE('32050',*,*,#6520,.T.);
#7155=EDGE_LOOP('31118',(#7144,#7146,#7148,#7149,#7150,#7152,#7153,#7154));
#7156=FACE_OUTER_BOUND('31118',#7155,.F.);
#7157=ADVANCED_FACE('31118',(#7156),#7143,.T.);
#7158=CARTESIAN_POINT('',(4.15E0,-7.26E0,2.03E0));
#7159=DIRECTION('',(0.E0,1.E0,0.E0));
#7160=DIRECTION('',(1.E0,0.E0,0.E0));
#7161=AXIS2_PLACEMENT_3D('',#7158,#7159,#7160);
#7162=CYLINDRICAL_SURFACE('31138',#7161,2.E-1);
#7163=ORIENTED_EDGE('32022',*,*,#7119,.T.);
#7164=ORIENTED_EDGE('32048',*,*,#7105,.F.);
#7166=ORIENTED_EDGE('31115',*,*,#7165,.F.);
#7167=ORIENTED_EDGE('32047',*,*,#7145,.T.);
#7168=EDGE_LOOP('31138',(#7163,#7164,#7166,#7167));
#7169=FACE_OUTER_BOUND('31138',#7168,.F.);
#7170=ADVANCED_FACE('31138',(#7169),#7162,.T.);
#7171=CARTESIAN_POINT('',(-4.05E0,-7.36E0,2.03E0));
#7172=DIRECTION('',(1.E0,0.E0,0.E0));
#7173=DIRECTION('',(0.E0,-1.E0,0.E0));
#7174=AXIS2_PLACEMENT_3D('',#7171,#7172,#7173);
#7175=CYLINDRICAL_SURFACE('31120',#7174,2.E-1);
#7176=ORIENTED_EDGE('31110',*,*,#5784,.F.);
#7177=ORIENTED_EDGE('31121',*,*,#7147,.T.);
#7178=ORIENTED_EDGE('31115',*,*,#7165,.T.);
#7179=ORIENTED_EDGE('31123',*,*,#7103,.F.);
#7180=EDGE_LOOP('31120',(#7176,#7177,#7178,#7179));
#7181=FACE_OUTER_BOUND('31120',#7180,.F.);
#7182=ADVANCED_FACE('31120',(#7181),#7175,.T.);
#7183=CARTESIAN_POINT('',(-4.05E0,-7.26E0,1.83E0));
#7184=DIRECTION('',(0.E0,1.E0,0.E0));
#7185=DIRECTION('',(0.E0,0.E0,1.E0));
#7186=AXIS2_PLACEMENT_3D('',#7183,#7184,#7185);
#7187=PLANE('31124',#7186);
#7189=ORIENTED_EDGE('31153',*,*,#7188,.T.);
#7190=ORIENTED_EDGE('31167',*,*,#7151,.F.);
#7192=ORIENTED_EDGE('31154',*,*,#7191,.T.);
#7193=ORIENTED_EDGE('31168',*,*,#7099,.T.);
#7194=EDGE_LOOP('31124',(#7189,#7190,#7192,#7193));
#7195=FACE_OUTER_BOUND('31124',#7194,.F.);
#7196=ADVANCED_FACE('31124',(#7195),#7187,.T.);
#7197=CARTESIAN_POINT('',(-2.3E-1,-7.76E0,2.03E0));
#7198=DIRECTION('',(0.E0,-1.E0,0.E0));
#7199=DIRECTION('',(0.E0,0.E0,-1.E0));
#7200=AXIS2_PLACEMENT_3D('',#7197,#7198,#7199);
#7201=CYLINDRICAL_SURFACE('196',#7200,6.375E-1);
#7202=ORIENTED_EDGE('31153',*,*,#7188,.F.);
#7203=ORIENTED_EDGE('31157',*,*,#6717,.F.);
#7205=ORIENTED_EDGE('869',*,*,#7204,.T.);
#7207=ORIENTED_EDGE('821',*,*,#7206,.T.);
#7209=ORIENTED_EDGE('870',*,*,#7208,.F.);
#7210=ORIENTED_EDGE('31158',*,*,#6919,.F.);
#7211=EDGE_LOOP('196',(#7202,#7203,#7205,#7207,#7209,#7210));
#7212=FACE_OUTER_BOUND('196',#7211,.F.);
#7213=ADVANCED_FACE('196',(#7212),#7201,.F.);
#7214=CARTESIAN_POINT('',(-2.3E-1,-7.76E0,2.03E0));
#7215=DIRECTION('',(0.E0,-1.E0,0.E0));
#7216=DIRECTION('',(0.E0,0.E0,-1.E0));
#7217=AXIS2_PLACEMENT_3D('',#7214,#7215,#7216);
#7218=CYLINDRICAL_SURFACE('198',#7217,6.375E-1);
#7219=ORIENTED_EDGE('31154',*,*,#7191,.F.);
#7220=ORIENTED_EDGE('31159',*,*,#6921,.F.);
#7221=ORIENTED_EDGE('870',*,*,#7208,.T.);
#7223=ORIENTED_EDGE('822',*,*,#7222,.T.);
#7224=ORIENTED_EDGE('869',*,*,#7204,.F.);
#7225=ORIENTED_EDGE('31160',*,*,#6715,.F.);
#7226=EDGE_LOOP('198',(#7219,#7220,#7221,#7223,#7224,#7225));
#7227=FACE_OUTER_BOUND('198',#7226,.F.);
#7228=ADVANCED_FACE('198',(#7227),#7218,.F.);
#7229=CARTESIAN_POINT('',(-4.05E0,-2.96E0,0.E0));
#7230=DIRECTION('',(0.E0,-1.E0,0.E0));
#7231=DIRECTION('',(0.E0,0.E0,1.E0));
#7232=AXIS2_PLACEMENT_3D('',#7229,#7230,#7231);
#7233=PLANE('797',#7232);
#7234=ORIENTED_EDGE('798',*,*,#6185,.T.);
#7235=ORIENTED_EDGE('799',*,*,#6321,.T.);
#7236=EDGE_LOOP('797',(#7234,#7235));
#7237=FACE_OUTER_BOUND('797',#7236,.F.);
#7239=ORIENTED_EDGE('819',*,*,#7238,.F.);
#7241=ORIENTED_EDGE('820',*,*,#7240,.F.);
#7242=EDGE_LOOP('797',(#7239,#7241));
#7243=FACE_BOUND('797',#7242,.F.);
#7244=ADVANCED_FACE('797',(#7237,#7243),#7233,.F.);
#7245=CARTESIAN_POINT('',(-4.05E0,-2.96E0,0.E0));
#7246=DIRECTION('',(0.E0,-1.E0,0.E0));
#7247=DIRECTION('',(0.E0,0.E0,1.E0));
#7248=AXIS2_PLACEMENT_3D('',#7245,#7246,#7247);
#7249=PLANE('797',#7248);
#7250=ORIENTED_EDGE('800',*,*,#5431,.T.);
#7251=ORIENTED_EDGE('801',*,*,#5380,.T.);
#7252=EDGE_LOOP('797',(#7250,#7251));
#7253=FACE_OUTER_BOUND('797',#7252,.F.);
#7254=ORIENTED_EDGE('821',*,*,#7206,.F.);
#7255=ORIENTED_EDGE('822',*,*,#7222,.F.);
#7256=EDGE_LOOP('797',(#7254,#7255));
#7257=FACE_BOUND('797',#7256,.F.);
#7258=ADVANCED_FACE('797',(#7253,#7257),#7249,.F.);
#7259=CARTESIAN_POINT('',(-2.3E-1,-7.76E0,2.743E1));
#7260=DIRECTION('',(0.E0,-1.E0,0.E0));
#7261=DIRECTION('',(0.E0,0.E0,-1.E0));
#7262=AXIS2_PLACEMENT_3D('',#7259,#7260,#7261);
#7263=CYLINDRICAL_SURFACE('192',#7262,6.375E-1);
#7265=ORIENTED_EDGE('31617',*,*,#7264,.F.);
#7266=ORIENTED_EDGE('31621',*,*,#6946,.F.);
#7268=ORIENTED_EDGE('859',*,*,#7267,.T.);
#7269=ORIENTED_EDGE('819',*,*,#7238,.T.);
#7271=ORIENTED_EDGE('860',*,*,#7270,.F.);
#7272=ORIENTED_EDGE('31622',*,*,#6739,.F.);
#7273=EDGE_LOOP('192',(#7265,#7266,#7268,#7269,#7271,#7272));
#7274=FACE_OUTER_BOUND('192',#7273,.F.);
#7275=ADVANCED_FACE('192',(#7274),#7263,.F.);
#7276=CARTESIAN_POINT('',(-4.05E0,-7.26E0,2.723E1));
#7277=DIRECTION('',(0.E0,1.E0,0.E0));
#7278=DIRECTION('',(0.E0,0.E0,1.E0));
#7279=AXIS2_PLACEMENT_3D('',#7276,#7277,#7278);
#7280=PLANE('31582',#7279);
#7281=ORIENTED_EDGE('31617',*,*,#7264,.T.);
#7283=ORIENTED_EDGE('31632',*,*,#7282,.F.);
#7285=ORIENTED_EDGE('31618',*,*,#7284,.T.);
#7287=ORIENTED_EDGE('31631',*,*,#7286,.T.);
#7288=EDGE_LOOP('31582',(#7281,#7283,#7285,#7287));
#7289=FACE_OUTER_BOUND('31582',#7288,.F.);
#7290=ADVANCED_FACE('31582',(#7289),#7280,.T.);
#7291=CARTESIAN_POINT('',(-4.05E0,-7.26E0,2.763E1));
#7292=DIRECTION('',(0.E0,0.E0,1.E0));
#7293=DIRECTION('',(0.E0,-1.E0,0.E0));
#7294=AXIS2_PLACEMENT_3D('',#7291,#7292,#7293);
#7295=PLANE('31584',#7294);
#7296=ORIENTED_EDGE('32038',*,*,#6656,.F.);
#7298=ORIENTED_EDGE('32065',*,*,#7297,.F.);
#7300=ORIENTED_EDGE('31587',*,*,#7299,.F.);
#7301=ORIENTED_EDGE('31629',*,*,#5754,.F.);
#7302=ORIENTED_EDGE('31609',*,*,#6732,.T.);
#7303=ORIENTED_EDGE('31632',*,*,#7282,.T.);
#7304=ORIENTED_EDGE('31610',*,*,#6737,.T.);
#7305=ORIENTED_EDGE('32068',*,*,#6493,.T.);
#7306=EDGE_LOOP('31584',(#7296,#7298,#7300,#7301,#7302,#7303,#7304,#7305));
#7307=FACE_OUTER_BOUND('31584',#7306,.F.);
#7308=ADVANCED_FACE('31584',(#7307),#7295,.T.);
#7309=CARTESIAN_POINT('',(4.15E0,-7.26E0,2.743E1));
#7310=DIRECTION('',(0.E0,1.E0,0.E0));
#7311=DIRECTION('',(-1.E0,0.E0,0.E0));
#7312=AXIS2_PLACEMENT_3D('',#7309,#7310,#7311);
#7313=CYLINDRICAL_SURFACE('31604',#7312,2.E-1);
#7314=ORIENTED_EDGE('32045',*,*,#6661,.T.);
#7316=ORIENTED_EDGE('32067',*,*,#7315,.F.);
#7318=ORIENTED_EDGE('31580',*,*,#7317,.F.);
#7319=ORIENTED_EDGE('32065',*,*,#7297,.T.);
#7320=EDGE_LOOP('31604',(#7314,#7316,#7318,#7319));
#7321=FACE_OUTER_BOUND('31604',#7320,.F.);
#7322=ADVANCED_FACE('31604',(#7321),#7313,.T.);
#7323=CARTESIAN_POINT('',(-4.05E0,-7.36E0,2.723E1));
#7324=DIRECTION('',(0.E0,0.E0,-1.E0));
#7325=DIRECTION('',(0.E0,1.E0,0.E0));
#7326=AXIS2_PLACEMENT_3D('',#7323,#7324,#7325);
#7327=PLANE('31588',#7326);
#7328=ORIENTED_EDGE('32040',*,*,#6659,.T.);
#7329=ORIENTED_EDGE('32069',*,*,#6489,.F.);
#7330=ORIENTED_EDGE('31612',*,*,#6948,.F.);
#7331=ORIENTED_EDGE('31631',*,*,#7286,.F.);
#7332=ORIENTED_EDGE('31611',*,*,#6942,.F.);
#7333=ORIENTED_EDGE('31630',*,*,#5758,.F.);
#7335=ORIENTED_EDGE('31589',*,*,#7334,.T.);
#7336=ORIENTED_EDGE('32067',*,*,#7315,.T.);
#7337=EDGE_LOOP('31588',(#7328,#7329,#7330,#7331,#7332,#7333,#7335,#7336));
#7338=FACE_OUTER_BOUND('31588',#7337,.F.);
#7339=ADVANCED_FACE('31588',(#7338),#7327,.T.);
#7340=CARTESIAN_POINT('',(-4.05E0,-7.36E0,2.743E1));
#7341=DIRECTION('',(1.E0,0.E0,0.E0));
#7342=DIRECTION('',(0.E0,1.E0,0.E0));
#7343=AXIS2_PLACEMENT_3D('',#7340,#7341,#7342);
#7344=CYLINDRICAL_SURFACE('31586',#7343,2.E-1);
#7345=ORIENTED_EDGE('31575',*,*,#5756,.F.);
#7346=ORIENTED_EDGE('31587',*,*,#7299,.T.);
#7347=ORIENTED_EDGE('31580',*,*,#7317,.T.);
#7348=ORIENTED_EDGE('31589',*,*,#7334,.F.);
#7349=EDGE_LOOP('31586',(#7345,#7346,#7347,#7348));
#7350=FACE_OUTER_BOUND('31586',#7349,.F.);
#7351=ADVANCED_FACE('31586',(#7350),#7344,.T.);
#7352=CARTESIAN_POINT('',(-2.3E-1,-7.76E0,2.743E1));
#7353=DIRECTION('',(0.E0,-1.E0,0.E0));
#7354=DIRECTION('',(0.E0,0.E0,-1.E0));
#7355=AXIS2_PLACEMENT_3D('',#7352,#7353,#7354);
#7356=CYLINDRICAL_SURFACE('194',#7355,6.375E-1);
#7357=ORIENTED_EDGE('31618',*,*,#7284,.F.);
#7358=ORIENTED_EDGE('31623',*,*,#6741,.F.);
#7359=ORIENTED_EDGE('860',*,*,#7270,.T.);
#7360=ORIENTED_EDGE('820',*,*,#7240,.T.);
#7361=ORIENTED_EDGE('859',*,*,#7267,.F.);
#7362=ORIENTED_EDGE('31624',*,*,#6944,.F.);
#7363=EDGE_LOOP('194',(#7357,#7358,#7359,#7360,#7361,#7362));
#7364=FACE_OUTER_BOUND('194',#7363,.F.);
#7365=ADVANCED_FACE('194',(#7364),#7356,.F.);
#7366=CARTESIAN_POINT('',(-4.05E0,-7.26E0,7.055E0));
#7367=DIRECTION('',(0.E0,0.E0,1.E0));
#7368=DIRECTION('',(0.E0,-1.E0,0.E0));
#7369=AXIS2_PLACEMENT_3D('',#7366,#7367,#7368);
#7370=PLANE('31187',#7369);
#7371=ORIENTED_EDGE('32025',*,*,#7129,.F.);
#7373=ORIENTED_EDGE('32056',*,*,#7372,.F.);
#7375=ORIENTED_EDGE('31963',*,*,#7374,.F.);
#7376=ORIENTED_EDGE('31957',*,*,#6384,.T.);
#7377=ORIENTED_EDGE('31965',*,*,#6751,.T.);
#7378=ORIENTED_EDGE('32058',*,*,#6528,.T.);
#7379=EDGE_LOOP('31187',(#7371,#7373,#7375,#7376,#7377,#7378));
#7380=FACE_OUTER_BOUND('31187',#7379,.F.);
#7381=ADVANCED_FACE('31187',(#7380),#7370,.T.);
#7382=CARTESIAN_POINT('',(4.15E0,-7.26E0,6.855E0));
#7383=DIRECTION('',(0.E0,1.E0,0.E0));
#7384=DIRECTION('',(1.E0,0.E0,0.E0));
#7385=AXIS2_PLACEMENT_3D('',#7382,#7383,#7384);
#7386=CYLINDRICAL_SURFACE('31207',#7385,2.E-1);
#7387=ORIENTED_EDGE('32029',*,*,#7134,.T.);
#7389=ORIENTED_EDGE('32057',*,*,#7388,.F.);
#7391=ORIENTED_EDGE('31184',*,*,#7390,.F.);
#7392=ORIENTED_EDGE('32056',*,*,#7372,.T.);
#7393=EDGE_LOOP('31207',(#7387,#7389,#7391,#7392));
#7394=FACE_OUTER_BOUND('31207',#7393,.F.);
#7395=ADVANCED_FACE('31207',(#7394),#7386,.T.);
#7396=CARTESIAN_POINT('',(-4.05E0,-7.36E0,6.655E0));
#7397=DIRECTION('',(0.E0,0.E0,-1.E0));
#7398=DIRECTION('',(0.E0,1.E0,0.E0));
#7399=AXIS2_PLACEMENT_3D('',#7396,#7397,#7398);
#7400=PLANE('31191',#7399);
#7401=ORIENTED_EDGE('32027',*,*,#7132,.T.);
#7402=ORIENTED_EDGE('32059',*,*,#6524,.F.);
#7403=ORIENTED_EDGE('31966',*,*,#6914,.F.);
#7404=ORIENTED_EDGE('31959',*,*,#6388,.F.);
#7406=ORIENTED_EDGE('31964',*,*,#7405,.T.);
#7407=ORIENTED_EDGE('32057',*,*,#7388,.T.);
#7408=EDGE_LOOP('31191',(#7401,#7402,#7403,#7404,#7406,#7407));
#7409=FACE_OUTER_BOUND('31191',#7408,.F.);
#7410=ADVANCED_FACE('31191',(#7409),#7400,.T.);
#7411=CARTESIAN_POINT('',(-4.05E0,-7.36E0,6.855E0));
#7412=DIRECTION('',(1.E0,0.E0,0.E0));
#7413=DIRECTION('',(0.E0,-1.E0,0.E0));
#7414=AXIS2_PLACEMENT_3D('',#7411,#7412,#7413);
#7415=CYLINDRICAL_SURFACE('31189',#7414,2.E-1);
#7416=ORIENTED_EDGE('31958',*,*,#6386,.F.);
#7417=ORIENTED_EDGE('31963',*,*,#7374,.T.);
#7418=ORIENTED_EDGE('31184',*,*,#7390,.T.);
#7419=ORIENTED_EDGE('31964',*,*,#7405,.F.);
#7420=EDGE_LOOP('31189',(#7416,#7417,#7418,#7419));
#7421=FACE_OUTER_BOUND('31189',#7420,.F.);
#7422=ADVANCED_FACE('31189',(#7421),#7415,.T.);
#7423=CARTESIAN_POINT('',(-4.05E0,-7.26E0,7.63E0));
#7424=DIRECTION('',(0.E0,0.E0,1.E0));
#7425=DIRECTION('',(0.E0,1.E0,0.E0));
#7426=AXIS2_PLACEMENT_3D('',#7423,#7424,#7425);
#7427=PLANE('1411',#7426);
#7428=ORIENTED_EDGE('1432',*,*,#5772,.F.);
#7429=ORIENTED_EDGE('1442',*,*,#6754,.T.);
#7430=ORIENTED_EDGE('1467',*,*,#6402,.T.);
#7432=ORIENTED_EDGE('1475',*,*,#7431,.F.);
#7433=EDGE_LOOP('1411',(#7428,#7429,#7430,#7432));
#7434=FACE_OUTER_BOUND('1411',#7433,.F.);
#7435=ADVANCED_FACE('1411',(#7434),#7427,.F.);
#7436=CARTESIAN_POINT('',(-4.05E0,-2.91E0,7.63E0));
#7437=DIRECTION('',(0.E0,8.660254037844E-1,5.E-1));
#7438=DIRECTION('',(0.E0,5.E-1,-8.660254037844E-1));
#7439=AXIS2_PLACEMENT_3D('',#7436,#7437,#7438);
#7440=PLANE('1413',#7439);
#7441=ORIENTED_EDGE('1433',*,*,#5774,.F.);
#7442=ORIENTED_EDGE('1475',*,*,#7431,.T.);
#7443=ORIENTED_EDGE('1468',*,*,#6400,.T.);
#7444=ORIENTED_EDGE('1450',*,*,#5553,.T.);
#7446=ORIENTED_EDGE('1476',*,*,#7445,.F.);
#7447=EDGE_LOOP('1413',(#7441,#7442,#7443,#7444,#7446));
#7448=FACE_OUTER_BOUND('1413',#7447,.F.);
#7449=ADVANCED_FACE('1413',(#7448),#7440,.F.);
#7450=CARTESIAN_POINT('',(-4.05E0,-1.437756813566E0,5.08E0));
#7451=DIRECTION('',(0.E0,8.660254037844E-1,-5.E-1));
#7452=DIRECTION('',(0.E0,-5.E-1,-8.660254037844E-1));
#7453=AXIS2_PLACEMENT_3D('',#7450,#7451,#7452);
#7454=PLANE('1415',#7453);
#7455=ORIENTED_EDGE('1434',*,*,#5776,.F.);
#7456=ORIENTED_EDGE('1476',*,*,#7445,.T.);
#7457=ORIENTED_EDGE('1451',*,*,#5588,.F.);
#7458=ORIENTED_EDGE('1469',*,*,#6394,.T.);
#7460=ORIENTED_EDGE('1477',*,*,#7459,.F.);
#7461=EDGE_LOOP('1415',(#7455,#7456,#7457,#7458,#7460));
#7462=FACE_OUTER_BOUND('1415',#7461,.F.);
#7463=ADVANCED_FACE('1415',(#7462),#7454,.F.);
#7464=CARTESIAN_POINT('',(-4.05E0,-2.91E0,2.53E0));
#7465=DIRECTION('',(0.E0,0.E0,-1.E0));
#7466=DIRECTION('',(0.E0,-1.E0,0.E0));
#7467=AXIS2_PLACEMENT_3D('',#7464,#7465,#7466);
#7468=PLANE('1417',#7467);
#7469=ORIENTED_EDGE('1435',*,*,#5778,.T.);
#7470=ORIENTED_EDGE('1477',*,*,#7459,.T.);
#7471=ORIENTED_EDGE('1470',*,*,#6392,.T.);
#7472=ORIENTED_EDGE('1443',*,*,#6926,.F.);
#7473=EDGE_LOOP('1417',(#7469,#7470,#7471,#7472));
#7474=FACE_OUTER_BOUND('1417',#7473,.F.);
#7475=ADVANCED_FACE('1417',(#7474),#7468,.F.);
#7476=CARTESIAN_POINT('',(-4.05E0,-2.91E0,2.183E1));
#7477=DIRECTION('',(0.E0,0.E0,-1.E0));
#7478=DIRECTION('',(0.E0,-1.E0,0.E0));
#7479=AXIS2_PLACEMENT_3D('',#7476,#7477,#7478);
#7480=PLANE('1429',#7479);
#7481=ORIENTED_EDGE('1439',*,*,#5768,.T.);
#7483=ORIENTED_EDGE('1480',*,*,#7482,.T.);
#7484=ORIENTED_EDGE('1474',*,*,#6428,.T.);
#7485=ORIENTED_EDGE('1445',*,*,#6757,.F.);
#7486=EDGE_LOOP('1429',(#7481,#7483,#7484,#7485));
#7487=FACE_OUTER_BOUND('1429',#7486,.F.);
#7488=ADVANCED_FACE('1429',(#7487),#7480,.F.);
#7489=CARTESIAN_POINT('',(-4.05E0,-1.437756813566E0,2.438E1));
#7490=DIRECTION('',(0.E0,8.660254037844E-1,-5.E-1));
#7491=DIRECTION('',(0.E0,-5.E-1,-8.660254037844E-1));
#7492=AXIS2_PLACEMENT_3D('',#7489,#7490,#7491);
#7493=PLANE('1427',#7492);
#7494=ORIENTED_EDGE('1438',*,*,#5766,.F.);
#7496=ORIENTED_EDGE('1479',*,*,#7495,.T.);
#7497=ORIENTED_EDGE('1453',*,*,#5616,.F.);
#7498=ORIENTED_EDGE('1473',*,*,#6430,.T.);
#7499=ORIENTED_EDGE('1480',*,*,#7482,.F.);
#7500=EDGE_LOOP('1427',(#7494,#7496,#7497,#7498,#7499));
#7501=FACE_OUTER_BOUND('1427',#7500,.F.);
#7502=ADVANCED_FACE('1427',(#7501),#7493,.F.);
#7503=CARTESIAN_POINT('',(-4.05E0,-2.91E0,2.693E1));
#7504=DIRECTION('',(0.E0,8.660254037844E-1,5.E-1));
#7505=DIRECTION('',(0.E0,5.E-1,-8.660254037844E-1));
#7506=AXIS2_PLACEMENT_3D('',#7503,#7504,#7505);
#7507=PLANE('1425',#7506);
#7508=ORIENTED_EDGE('1437',*,*,#5764,.F.);
#7510=ORIENTED_EDGE('1478',*,*,#7509,.T.);
#7511=ORIENTED_EDGE('1472',*,*,#6435,.T.);
#7512=ORIENTED_EDGE('1452',*,*,#5598,.T.);
#7513=ORIENTED_EDGE('1479',*,*,#7495,.F.);
#7514=EDGE_LOOP('1425',(#7508,#7510,#7511,#7512,#7513));
#7515=FACE_OUTER_BOUND('1425',#7514,.F.);
#7516=ADVANCED_FACE('1425',(#7515),#7507,.F.);
#7517=CARTESIAN_POINT('',(-4.05E0,-7.26E0,2.693E1));
#7518=DIRECTION('',(0.E0,0.E0,1.E0));
#7519=DIRECTION('',(0.E0,1.E0,0.E0));
#7520=AXIS2_PLACEMENT_3D('',#7517,#7518,#7519);
#7521=PLANE('1423',#7520);
#7522=ORIENTED_EDGE('1436',*,*,#5762,.F.);
#7523=ORIENTED_EDGE('1444',*,*,#6939,.T.);
#7524=ORIENTED_EDGE('1471',*,*,#6437,.T.);
#7525=ORIENTED_EDGE('1478',*,*,#7509,.F.);
#7526=EDGE_LOOP('1423',(#7522,#7523,#7524,#7525));
#7527=FACE_OUTER_BOUND('1423',#7526,.F.);
#7528=ADVANCED_FACE('1423',(#7527),#7521,.F.);
#7529=CARTESIAN_POINT('',(2.8225E0,-7.11E0,1.896660254038E1));
#7530=DIRECTION('',(0.E0,-5.E-1,-8.660254037844E-1));
#7531=DIRECTION('',(-1.E0,0.E0,0.E0));
#7532=AXIS2_PLACEMENT_3D('',#7529,#7530,#7531);
#7533=PLANE('20617',#7532);
#7534=ORIENTED_EDGE('20709',*,*,#6576,.T.);
#7536=ORIENTED_EDGE('20710',*,*,#7535,.F.);
#7538=ORIENTED_EDGE('20711',*,*,#7537,.T.);
#7539=ORIENTED_EDGE('20712',*,*,#6762,.T.);
#7540=EDGE_LOOP('20617',(#7534,#7536,#7538,#7539));
#7541=FACE_OUTER_BOUND('20617',#7540,.F.);
#7542=ADVANCED_FACE('20617',(#7541),#7533,.T.);
#7543=CARTESIAN_POINT('',(1.595E0,-7.26E0,1.888E1));
#7544=DIRECTION('',(0.E0,0.E0,-1.E0));
#7545=DIRECTION('',(1.E0,0.E0,0.E0));
#7546=AXIS2_PLACEMENT_3D('',#7543,#7544,#7545);
#7547=PLANE('18108',#7546);
#7548=ORIENTED_EDGE('20710',*,*,#7535,.T.);
#7549=ORIENTED_EDGE('20732',*,*,#6574,.T.);
#7551=ORIENTED_EDGE('18160',*,*,#7550,.F.);
#7553=ORIENTED_EDGE('18158',*,*,#7552,.T.);
#7555=ORIENTED_EDGE('20731',*,*,#7554,.F.);
#7556=EDGE_LOOP('18108',(#7548,#7549,#7551,#7553,#7555));
#7557=FACE_OUTER_BOUND('18108',#7556,.F.);
#7558=ADVANCED_FACE('18108',(#7557),#7547,.T.);
#7559=CARTESIAN_POINT('',(2.509924494360E0,-3.4E0,1.799E1));
#7560=DIRECTION('',(-1.564344650402E-1,9.876883405951E-1,0.E0));
#7561=DIRECTION('',(9.876883405951E-1,1.564344650402E-1,0.E0));
#7562=AXIS2_PLACEMENT_3D('',#7559,#7560,#7561);
#7563=PLANE('14428',#7562);
#7564=ORIENTED_EDGE('18160',*,*,#7550,.T.);
#7565=ORIENTED_EDGE('18171',*,*,#6572,.T.);
#7567=ORIENTED_EDGE('18163',*,*,#7566,.F.);
#7569=ORIENTED_EDGE('18170',*,*,#7568,.T.);
#7570=EDGE_LOOP('14428',(#7564,#7565,#7567,#7569));
#7571=FACE_OUTER_BOUND('14428',#7570,.F.);
#7572=ADVANCED_FACE('14428',(#7571),#7563,.F.);
#7573=CARTESIAN_POINT('',(4.05E0,-7.26E0,1.82E1));
#7574=DIRECTION('',(0.E0,0.E0,1.E0));
#7575=DIRECTION('',(-1.E0,0.E0,0.E0));
#7576=AXIS2_PLACEMENT_3D('',#7573,#7574,#7575);
#7577=PLANE('18130',#7576);
#7579=ORIENTED_EDGE('20718',*,*,#7578,.T.);
#7581=ORIENTED_EDGE('20738',*,*,#7580,.T.);
#7583=ORIENTED_EDGE('18159',*,*,#7582,.F.);
#7584=ORIENTED_EDGE('18163',*,*,#7566,.T.);
#7585=ORIENTED_EDGE('20737',*,*,#6570,.F.);
#7586=EDGE_LOOP('18130',(#7579,#7581,#7583,#7584,#7585));
#7587=FACE_OUTER_BOUND('18130',#7586,.F.);
#7588=ADVANCED_FACE('18130',(#7587),#7577,.T.);
#7589=CARTESIAN_POINT('',(2.8225E0,-7.11E0,1.811339745962E1));
#7590=DIRECTION('',(0.E0,-5.E-1,8.660254037844E-1));
#7591=DIRECTION('',(-1.E0,0.E0,0.E0));
#7592=AXIS2_PLACEMENT_3D('',#7589,#7590,#7591);
#7593=PLANE('20627',#7592);
#7595=ORIENTED_EDGE('20717',*,*,#7594,.T.);
#7596=ORIENTED_EDGE('20718',*,*,#7578,.F.);
#7597=ORIENTED_EDGE('20719',*,*,#6568,.T.);
#7598=ORIENTED_EDGE('20720',*,*,#6790,.T.);
#7599=EDGE_LOOP('20627',(#7595,#7596,#7597,#7598));
#7600=FACE_OUTER_BOUND('20627',#7599,.F.);
#7601=ADVANCED_FACE('20627',(#7600),#7593,.T.);
#7602=CARTESIAN_POINT('',(1.595E0,-7.26E0,1.82E1));
#7603=DIRECTION('',(-1.E0,0.E0,0.E0));
#7604=DIRECTION('',(0.E0,0.E0,-1.E0));
#7605=AXIS2_PLACEMENT_3D('',#7602,#7603,#7604);
#7606=PLANE('18132',#7605);
#7607=ORIENTED_EDGE('20717',*,*,#7594,.F.);
#7608=ORIENTED_EDGE('20730',*,*,#6788,.T.);
#7610=ORIENTED_EDGE('18144',*,*,#7609,.F.);
#7612=ORIENTED_EDGE('18157',*,*,#7611,.F.);
#7613=ORIENTED_EDGE('20738',*,*,#7580,.F.);
#7614=EDGE_LOOP('18132',(#7607,#7608,#7610,#7612,#7613));
#7615=FACE_OUTER_BOUND('18132',#7614,.F.);
#7616=ADVANCED_FACE('18132',(#7615),#7606,.T.);
#7617=CARTESIAN_POINT('',(0.E0,0.E0,1.799E1));
#7618=DIRECTION('',(0.E0,0.E0,-1.E0));
#7619=DIRECTION('',(1.E0,0.E0,0.E0));
#7620=AXIS2_PLACEMENT_3D('',#7617,#7618,#7619);
#7621=PLANE('12741',#7620);
#7623=ORIENTED_EDGE('18142',*,*,#7622,.F.);
#7625=ORIENTED_EDGE('18177',*,*,#7624,.T.);
#7627=ORIENTED_EDGE('14416',*,*,#7626,.T.);
#7629=ORIENTED_EDGE('18168',*,*,#7628,.T.);
#7630=ORIENTED_EDGE('18144',*,*,#7609,.T.);
#7631=ORIENTED_EDGE('18179',*,*,#6786,.T.);
#7632=EDGE_LOOP('12741',(#7623,#7625,#7627,#7629,#7630,#7631));
#7633=FACE_OUTER_BOUND('12741',#7632,.F.);
#7634=ADVANCED_FACE('12741',(#7633),#7621,.F.);
#7635=CARTESIAN_POINT('',(0.E0,0.E0,1.799E1));
#7636=DIRECTION('',(0.E0,0.E0,-1.E0));
#7637=DIRECTION('',(1.E0,0.E0,0.E0));
#7638=AXIS2_PLACEMENT_3D('',#7635,#7636,#7637);
#7639=PLANE('12741',#7638);
#7641=ORIENTED_EDGE('18203',*,*,#7640,.F.);
#7642=ORIENTED_EDGE('18180',*,*,#6778,.T.);
#7644=ORIENTED_EDGE('12808',*,*,#7643,.T.);
#7646=ORIENTED_EDGE('12750',*,*,#7645,.T.);
#7648=ORIENTED_EDGE('12742',*,*,#7647,.T.);
#7650=ORIENTED_EDGE('12743',*,*,#7649,.T.);
#7651=EDGE_LOOP('12741',(#7641,#7642,#7644,#7646,#7648,#7650));
#7652=FACE_OUTER_BOUND('12741',#7651,.F.);
#7653=ADVANCED_FACE('12741',(#7652),#7639,.F.);
#7654=CARTESIAN_POINT('',(5.583471458512E-1,-7.26E0,1.799E1));
#7655=DIRECTION('',(1.E0,0.E0,0.E0));
#7656=DIRECTION('',(0.E0,0.E0,1.E0));
#7657=AXIS2_PLACEMENT_3D('',#7654,#7655,#7656);
#7658=PLANE('18120',#7657);
#7660=ORIENTED_EDGE('20723',*,*,#7659,.F.);
#7662=ORIENTED_EDGE('20735',*,*,#7661,.T.);
#7664=ORIENTED_EDGE('18154',*,*,#7663,.F.);
#7665=ORIENTED_EDGE('18142',*,*,#7622,.T.);
#7666=ORIENTED_EDGE('20728',*,*,#6784,.T.);
#7667=EDGE_LOOP('18120',(#7660,#7662,#7664,#7665,#7666));
#7668=FACE_OUTER_BOUND('18120',#7667,.F.);
#7669=ADVANCED_FACE('18120',(#7668),#7658,.T.);
#7670=CARTESIAN_POINT('',(-1.933264270744E-1,-7.11E0,1.811339745962E1));
#7671=DIRECTION('',(0.E0,-5.E-1,8.660254037844E-1));
#7672=DIRECTION('',(-1.E0,0.E0,0.E0));
#7673=AXIS2_PLACEMENT_3D('',#7670,#7671,#7672);
#7674=PLANE('20632',#7673);
#7676=ORIENTED_EDGE('20721',*,*,#7675,.T.);
#7678=ORIENTED_EDGE('20722',*,*,#7677,.F.);
#7679=ORIENTED_EDGE('20723',*,*,#7659,.T.);
#7680=ORIENTED_EDGE('20724',*,*,#6782,.T.);
#7681=EDGE_LOOP('20632',(#7676,#7678,#7679,#7680));
#7682=FACE_OUTER_BOUND('20632',#7681,.F.);
#7683=ADVANCED_FACE('20632',(#7682),#7674,.T.);
#7684=CARTESIAN_POINT('',(-9.45E-1,0.E0,1.8875E1));
#7685=DIRECTION('',(1.E0,0.E0,0.E0));
#7686=DIRECTION('',(0.E0,0.E0,-1.E0));
#7687=AXIS2_PLACEMENT_3D('',#7684,#7685,#7686);
#7688=PLANE('10555',#7687);
#7690=ORIENTED_EDGE('20715',*,*,#7689,.F.);
#7692=ORIENTED_EDGE('20733',*,*,#7691,.T.);
#7694=ORIENTED_EDGE('18167',*,*,#7693,.T.);
#7696=ORIENTED_EDGE('20736',*,*,#7695,.F.);
#7697=ORIENTED_EDGE('20721',*,*,#7675,.F.);
#7698=ORIENTED_EDGE('20729',*,*,#6780,.T.);
#7699=ORIENTED_EDGE('18203',*,*,#7640,.T.);
#7701=ORIENTED_EDGE('12815',*,*,#7700,.T.);
#7703=ORIENTED_EDGE('12804',*,*,#7702,.F.);
#7705=ORIENTED_EDGE('11549',*,*,#7704,.F.);
#7707=ORIENTED_EDGE('12803',*,*,#7706,.T.);
#7709=ORIENTED_EDGE('12816',*,*,#7708,.T.);
#7711=ORIENTED_EDGE('18202',*,*,#7710,.T.);
#7712=ORIENTED_EDGE('20726',*,*,#6772,.T.);
#7713=EDGE_LOOP('10555',(#7690,#7692,#7694,#7696,#7697,#7698,#7699,#7701,#7703,
#7705,#7707,#7709,#7711,#7712));
#7714=FACE_OUTER_BOUND('10555',#7713,.F.);
#7715=ADVANCED_FACE('10555',(#7714),#7688,.F.);
#7716=CARTESIAN_POINT('',(-1.933264270744E-1,-7.11E0,1.896660254038E1));
#7717=DIRECTION('',(0.E0,-5.E-1,-8.660254037844E-1));
#7718=DIRECTION('',(-1.E0,0.E0,0.E0));
#7719=AXIS2_PLACEMENT_3D('',#7716,#7717,#7718);
#7720=PLANE('20622',#7719);
#7722=ORIENTED_EDGE('20713',*,*,#7721,.T.);
#7724=ORIENTED_EDGE('20714',*,*,#7723,.F.);
#7725=ORIENTED_EDGE('20715',*,*,#7689,.T.);
#7726=ORIENTED_EDGE('20716',*,*,#6770,.T.);
#7727=EDGE_LOOP('20622',(#7722,#7724,#7725,#7726));
#7728=FACE_OUTER_BOUND('20622',#7727,.F.);
#7729=ADVANCED_FACE('20622',(#7728),#7720,.T.);
#7730=CARTESIAN_POINT('',(5.583471458512E-1,-7.26E0,1.888E1));
#7731=DIRECTION('',(1.E0,0.E0,0.E0));
#7732=DIRECTION('',(0.E0,0.E0,1.E0));
#7733=AXIS2_PLACEMENT_3D('',#7730,#7731,#7732);
#7734=PLANE('18118',#7733);
#7735=ORIENTED_EDGE('20713',*,*,#7721,.F.);
#7736=ORIENTED_EDGE('20727',*,*,#6768,.T.);
#7738=ORIENTED_EDGE('18147',*,*,#7737,.F.);
#7740=ORIENTED_EDGE('18153',*,*,#7739,.T.);
#7742=ORIENTED_EDGE('20734',*,*,#7741,.F.);
#7743=EDGE_LOOP('18118',(#7735,#7736,#7738,#7740,#7742));
#7744=FACE_OUTER_BOUND('18118',#7743,.F.);
#7745=ADVANCED_FACE('18118',(#7744),#7734,.T.);
#7746=CARTESIAN_POINT('',(0.E0,0.E0,1.909E1));
#7747=DIRECTION('',(0.E0,0.E0,-1.E0));
#7748=DIRECTION('',(1.E0,0.E0,0.E0));
#7749=AXIS2_PLACEMENT_3D('',#7746,#7747,#7748);
#7750=PLANE('12751',#7749);
#7752=ORIENTED_EDGE('18145',*,*,#7751,.F.);
#7754=ORIENTED_EDGE('18169',*,*,#7753,.F.);
#7756=ORIENTED_EDGE('14424',*,*,#7755,.F.);
#7758=ORIENTED_EDGE('18178',*,*,#7757,.F.);
#7759=ORIENTED_EDGE('18147',*,*,#7737,.T.);
#7760=ORIENTED_EDGE('18182',*,*,#6766,.T.);
#7761=EDGE_LOOP('12751',(#7752,#7754,#7756,#7758,#7759,#7760));
#7762=FACE_OUTER_BOUND('12751',#7761,.F.);
#7763=ADVANCED_FACE('12751',(#7762),#7750,.T.);
#7764=CARTESIAN_POINT('',(0.E0,0.E0,1.909E1));
#7765=DIRECTION('',(0.E0,0.E0,-1.E0));
#7766=DIRECTION('',(1.E0,0.E0,0.E0));
#7767=AXIS2_PLACEMENT_3D('',#7764,#7765,#7766);
#7768=PLANE('12751',#7767);
#7769=ORIENTED_EDGE('18202',*,*,#7710,.F.);
#7771=ORIENTED_EDGE('12753',*,*,#7770,.F.);
#7773=ORIENTED_EDGE('12752',*,*,#7772,.F.);
#7775=ORIENTED_EDGE('12760',*,*,#7774,.F.);
#7777=ORIENTED_EDGE('12810',*,*,#7776,.F.);
#7778=ORIENTED_EDGE('18181',*,*,#6774,.T.);
#7779=EDGE_LOOP('12751',(#7769,#7771,#7773,#7775,#7777,#7778));
#7780=FACE_OUTER_BOUND('12751',#7779,.F.);
#7781=ADVANCED_FACE('12751',(#7780),#7768,.T.);
#7782=CARTESIAN_POINT('',(1.595E0,-7.26E0,1.909E1));
#7783=DIRECTION('',(-1.E0,0.E0,0.E0));
#7784=DIRECTION('',(0.E0,0.E0,-1.E0));
#7785=AXIS2_PLACEMENT_3D('',#7782,#7783,#7784);
#7786=PLANE('18106',#7785);
#7787=ORIENTED_EDGE('20711',*,*,#7537,.F.);
#7788=ORIENTED_EDGE('20731',*,*,#7554,.T.);
#7790=ORIENTED_EDGE('18156',*,*,#7789,.F.);
#7791=ORIENTED_EDGE('18145',*,*,#7751,.T.);
#7792=ORIENTED_EDGE('20725',*,*,#6764,.T.);
#7793=EDGE_LOOP('18106',(#7787,#7788,#7790,#7791,#7792));
#7794=FACE_OUTER_BOUND('18106',#7793,.F.);
#7795=ADVANCED_FACE('18106',(#7794),#7786,.T.);
#7796=CARTESIAN_POINT('',(9.45E-1,-2.8E0,1.799E1));
#7797=DIRECTION('',(0.E0,1.E0,0.E0));
#7798=DIRECTION('',(1.E0,0.E0,0.E0));
#7799=AXIS2_PLACEMENT_3D('',#7796,#7797,#7798);
#7800=PLANE('14438',#7799);
#7801=ORIENTED_EDGE('18156',*,*,#7789,.T.);
#7803=ORIENTED_EDGE('23152',*,*,#7802,.F.);
#7805=ORIENTED_EDGE('14448',*,*,#7804,.F.);
#7807=ORIENTED_EDGE('14463',*,*,#7806,.T.);
#7808=ORIENTED_EDGE('18169',*,*,#7753,.T.);
#7809=EDGE_LOOP('14438',(#7801,#7803,#7805,#7807,#7808));
#7810=FACE_OUTER_BOUND('14438',#7809,.F.);
#7811=ADVANCED_FACE('14438',(#7810),#7800,.F.);
#7812=CARTESIAN_POINT('',(9.45E-1,-2.8E0,1.799E1));
#7813=DIRECTION('',(0.E0,1.E0,0.E0));
#7814=DIRECTION('',(1.E0,0.E0,0.E0));
#7815=AXIS2_PLACEMENT_3D('',#7812,#7813,#7814);
#7816=PLANE('14438',#7815);
#7817=ORIENTED_EDGE('18157',*,*,#7611,.T.);
#7818=ORIENTED_EDGE('18168',*,*,#7628,.F.);
#7820=ORIENTED_EDGE('14462',*,*,#7819,.T.);
#7822=ORIENTED_EDGE('14446',*,*,#7821,.F.);
#7824=ORIENTED_EDGE('23151',*,*,#7823,.F.);
#7825=EDGE_LOOP('14438',(#7817,#7818,#7820,#7822,#7824));
#7826=FACE_OUTER_BOUND('14438',#7825,.F.);
#7827=ADVANCED_FACE('14438',(#7826),#7816,.F.);
#7828=CARTESIAN_POINT('',(2.382660813148E0,-2.596488739989E0,1.799E1));
#7829=DIRECTION('',(0.E0,0.E0,-1.E0));
#7830=DIRECTION('',(-1.E0,0.E0,0.E0));
#7831=AXIS2_PLACEMENT_3D('',#7828,#7829,#7830);
#7832=CYLINDRICAL_SURFACE('14426',#7831,8.135271289396E-1);
#7833=ORIENTED_EDGE('18158',*,*,#7552,.F.);
#7834=ORIENTED_EDGE('18170',*,*,#7568,.F.);
#7835=ORIENTED_EDGE('18159',*,*,#7582,.T.);
#7836=ORIENTED_EDGE('23151',*,*,#7823,.T.);
#7838=ORIENTED_EDGE('14449',*,*,#7837,.F.);
#7839=ORIENTED_EDGE('23152',*,*,#7802,.T.);
#7840=EDGE_LOOP('14426',(#7833,#7834,#7835,#7836,#7838,#7839));
#7841=FACE_OUTER_BOUND('14426',#7840,.F.);
#7842=ADVANCED_FACE('14426',(#7841),#7832,.T.);
#7843=CARTESIAN_POINT('',(1.595E0,0.E0,1.8875E1));
#7844=DIRECTION('',(1.E0,0.E0,0.E0));
#7845=DIRECTION('',(0.E0,0.E0,-1.E0));
#7846=AXIS2_PLACEMENT_3D('',#7843,#7844,#7845);
#7847=PLANE('10549',#7846);
#7848=ORIENTED_EDGE('14449',*,*,#7837,.T.);
#7850=ORIENTED_EDGE('14450',*,*,#7849,.F.);
#7852=ORIENTED_EDGE('11546',*,*,#7851,.F.);
#7854=ORIENTED_EDGE('14453',*,*,#7853,.T.);
#7855=EDGE_LOOP('10549',(#7848,#7850,#7852,#7854));
#7856=FACE_OUTER_BOUND('10549',#7855,.F.);
#7857=ADVANCED_FACE('10549',(#7856),#7847,.F.);
#7858=CARTESIAN_POINT('',(1.595E0,0.E0,1.8205E1));
#7859=DIRECTION('',(0.E0,0.E0,-1.E0));
#7860=DIRECTION('',(-1.E0,0.E0,0.E0));
#7861=AXIS2_PLACEMENT_3D('',#7858,#7859,#7860);
#7862=PLANE('10543',#7861);
#7863=ORIENTED_EDGE('14446',*,*,#7821,.T.);
#7865=ORIENTED_EDGE('14451',*,*,#7864,.F.);
#7867=ORIENTED_EDGE('11543',*,*,#7866,.F.);
#7868=ORIENTED_EDGE('14450',*,*,#7849,.T.);
#7869=EDGE_LOOP('10543',(#7863,#7865,#7867,#7868));
#7870=FACE_OUTER_BOUND('10543',#7869,.F.);
#7871=ADVANCED_FACE('10543',(#7870),#7862,.F.);
#7872=CARTESIAN_POINT('',(9.45E-1,0.E0,1.8205E1));
#7873=DIRECTION('',(-1.E0,0.E0,0.E0));
#7874=DIRECTION('',(0.E0,0.E0,1.E0));
#7875=AXIS2_PLACEMENT_3D('',#7872,#7873,#7874);
#7876=PLANE('10545',#7875);
#7878=ORIENTED_EDGE('14447',*,*,#7877,.T.);
#7880=ORIENTED_EDGE('14452',*,*,#7879,.F.);
#7882=ORIENTED_EDGE('11544',*,*,#7881,.F.);
#7883=ORIENTED_EDGE('14451',*,*,#7864,.T.);
#7884=EDGE_LOOP('10545',(#7878,#7880,#7882,#7883));
#7885=FACE_OUTER_BOUND('10545',#7884,.F.);
#7886=ADVANCED_FACE('10545',(#7885),#7876,.F.);
#7887=CARTESIAN_POINT('',(7.429274057836E-1,-3.15E0,1.799E1));
#7888=DIRECTION('',(-8.660254037844E-1,5.E-1,0.E0));
#7889=DIRECTION('',(5.E-1,8.660254037844E-1,0.E0));
#7890=AXIS2_PLACEMENT_3D('',#7887,#7888,#7889);
#7891=PLANE('14436',#7890);
#7892=ORIENTED_EDGE('14447',*,*,#7877,.F.);
#7893=ORIENTED_EDGE('14462',*,*,#7819,.F.);
#7894=ORIENTED_EDGE('14416',*,*,#7626,.F.);
#7896=ORIENTED_EDGE('14437',*,*,#7895,.T.);
#7897=ORIENTED_EDGE('14424',*,*,#7755,.T.);
#7898=ORIENTED_EDGE('14463',*,*,#7806,.F.);
#7899=EDGE_LOOP('14436',(#7892,#7893,#7894,#7896,#7897,#7898));
#7900=FACE_OUTER_BOUND('14436',#7899,.F.);
#7901=ADVANCED_FACE('14436',(#7900),#7891,.F.);
#7902=CARTESIAN_POINT('',(4.95E-1,-7.26E0,1.799E1));
#7903=DIRECTION('',(-9.981855201393E-1,6.021351496324E-2,0.E0));
#7904=DIRECTION('',(6.021351496324E-2,9.981855201393E-1,0.E0));
#7905=AXIS2_PLACEMENT_3D('',#7902,#7903,#7904);
#7906=PLANE('14434',#7905);
#7907=ORIENTED_EDGE('18153',*,*,#7739,.F.);
#7908=ORIENTED_EDGE('18178',*,*,#7757,.T.);
#7909=ORIENTED_EDGE('14437',*,*,#7895,.F.);
#7910=ORIENTED_EDGE('18177',*,*,#7624,.F.);
#7911=ORIENTED_EDGE('18154',*,*,#7663,.T.);
#7913=ORIENTED_EDGE('18176',*,*,#7912,.F.);
#7914=EDGE_LOOP('14434',(#7907,#7908,#7909,#7910,#7911,#7913));
#7915=FACE_OUTER_BOUND('14434',#7914,.F.);
#7916=ADVANCED_FACE('14434',(#7915),#7906,.F.);
#7917=CARTESIAN_POINT('',(-2.511393209759E-1,-6.338076984240E0,1.799E1));
#7918=DIRECTION('',(-1.564344650402E-1,9.876883405951E-1,0.E0));
#7919=DIRECTION('',(9.876883405951E-1,1.564344650402E-1,0.E0));
#7920=AXIS2_PLACEMENT_3D('',#7917,#7918,#7919);
#7921=PLANE('12769',#7920);
#7923=ORIENTED_EDGE('18152',*,*,#7922,.T.);
#7924=ORIENTED_EDGE('18176',*,*,#7912,.T.);
#7926=ORIENTED_EDGE('18155',*,*,#7925,.F.);
#7928=ORIENTED_EDGE('18166',*,*,#7927,.T.);
#7929=EDGE_LOOP('12769',(#7923,#7924,#7926,#7928));
#7930=FACE_OUTER_BOUND('12769',#7929,.F.);
#7931=ADVANCED_FACE('12769',(#7930),#7921,.F.);
#7932=CARTESIAN_POINT('',(-9.45E-1,-7.26E0,1.888E1));
#7933=DIRECTION('',(0.E0,0.E0,-1.E0));
#7934=DIRECTION('',(1.E0,0.E0,0.E0));
#7935=AXIS2_PLACEMENT_3D('',#7932,#7933,#7934);
#7936=PLANE('18116',#7935);
#7937=ORIENTED_EDGE('20714',*,*,#7723,.T.);
#7938=ORIENTED_EDGE('20734',*,*,#7741,.T.);
#7939=ORIENTED_EDGE('18152',*,*,#7922,.F.);
#7941=ORIENTED_EDGE('18149',*,*,#7940,.T.);
#7942=ORIENTED_EDGE('20733',*,*,#7691,.F.);
#7943=EDGE_LOOP('18116',(#7937,#7938,#7939,#7941,#7942));
#7944=FACE_OUTER_BOUND('18116',#7943,.F.);
#7945=ADVANCED_FACE('18116',(#7944),#7936,.T.);
#7946=CARTESIAN_POINT('',(-3.45E-1,-5.745463979883E0,1.799E1));
#7947=DIRECTION('',(0.E0,0.E0,-1.E0));
#7948=DIRECTION('',(1.E0,0.E0,0.E0));
#7949=AXIS2_PLACEMENT_3D('',#7946,#7947,#7948);
#7950=CYLINDRICAL_SURFACE('12767',#7949,6.E-1);
#7951=ORIENTED_EDGE('18149',*,*,#7940,.F.);
#7952=ORIENTED_EDGE('18166',*,*,#7927,.F.);
#7954=ORIENTED_EDGE('18150',*,*,#7953,.T.);
#7955=ORIENTED_EDGE('18167',*,*,#7693,.F.);
#7956=EDGE_LOOP('12767',(#7951,#7952,#7954,#7955));
#7957=FACE_OUTER_BOUND('12767',#7956,.F.);
#7958=ADVANCED_FACE('12767',(#7957),#7950,.T.);
#7959=CARTESIAN_POINT('',(5.583471458512E-1,-7.26E0,1.82E1));
#7960=DIRECTION('',(0.E0,0.E0,1.E0));
#7961=DIRECTION('',(-1.E0,0.E0,0.E0));
#7962=AXIS2_PLACEMENT_3D('',#7959,#7960,#7961);
#7963=PLANE('18122',#7962);
#7964=ORIENTED_EDGE('20722',*,*,#7677,.T.);
#7965=ORIENTED_EDGE('20736',*,*,#7695,.T.);
#7966=ORIENTED_EDGE('18150',*,*,#7953,.F.);
#7967=ORIENTED_EDGE('18155',*,*,#7925,.T.);
#7968=ORIENTED_EDGE('20735',*,*,#7661,.F.);
#7969=EDGE_LOOP('18122',(#7964,#7965,#7966,#7967,#7968));
#7970=FACE_OUTER_BOUND('18122',#7969,.F.);
#7971=ADVANCED_FACE('18122',(#7970),#7963,.T.);
#7972=CARTESIAN_POINT('',(9.45E-1,0.E0,1.8875E1));
#7973=DIRECTION('',(0.E0,0.E0,1.E0));
#7974=DIRECTION('',(1.E0,0.E0,0.E0));
#7975=AXIS2_PLACEMENT_3D('',#7972,#7973,#7974);
#7976=PLANE('10547',#7975);
#7977=ORIENTED_EDGE('14448',*,*,#7804,.T.);
#7978=ORIENTED_EDGE('14453',*,*,#7853,.F.);
#7980=ORIENTED_EDGE('11545',*,*,#7979,.F.);
#7981=ORIENTED_EDGE('14452',*,*,#7879,.T.);
#7982=EDGE_LOOP('10547',(#7977,#7978,#7980,#7981));
#7983=FACE_OUTER_BOUND('10547',#7982,.F.);
#7984=ADVANCED_FACE('10547',(#7983),#7976,.F.);
#7985=CARTESIAN_POINT('',(3.2E0,-2.E-1,2.2575E1));
#7986=DIRECTION('',(0.E0,1.E0,0.E0));
#7987=DIRECTION('',(0.E0,0.E0,1.E0));
#7988=AXIS2_PLACEMENT_3D('',#7985,#7986,#7987);
#7989=PLANE('9548',#7988);
#7991=ORIENTED_EDGE('9549',*,*,#7990,.F.);
#7993=ORIENTED_EDGE('9552',*,*,#7992,.F.);
#7995=ORIENTED_EDGE('9551',*,*,#7994,.F.);
#7997=ORIENTED_EDGE('9550',*,*,#7996,.F.);
#7998=EDGE_LOOP('9548',(#7991,#7993,#7995,#7997));
#7999=FACE_OUTER_BOUND('9548',#7998,.F.);
#8000=ORIENTED_EDGE('11543',*,*,#7866,.T.);
#8001=ORIENTED_EDGE('11544',*,*,#7881,.T.);
#8002=ORIENTED_EDGE('11545',*,*,#7979,.T.);
#8003=ORIENTED_EDGE('11546',*,*,#7851,.T.);
#8004=EDGE_LOOP('9548',(#8000,#8001,#8002,#8003));
#8005=FACE_BOUND('9548',#8004,.F.);
#8006=ADVANCED_FACE('9548',(#7999,#8005),#7989,.T.);
#8007=CARTESIAN_POINT('',(3.2E0,-2.E-1,2.2575E1));
#8008=DIRECTION('',(0.E0,1.E0,0.E0));
#8009=DIRECTION('',(0.E0,0.E0,1.E0));
#8010=AXIS2_PLACEMENT_3D('',#8007,#8008,#8009);
#8011=PLANE('9548',#8010);
#8013=ORIENTED_EDGE('9553',*,*,#8012,.F.);
#8015=ORIENTED_EDGE('9556',*,*,#8014,.F.);
#8017=ORIENTED_EDGE('9555',*,*,#8016,.F.);
#8019=ORIENTED_EDGE('9554',*,*,#8018,.F.);
#8020=EDGE_LOOP('9548',(#8013,#8015,#8017,#8019));
#8021=FACE_OUTER_BOUND('9548',#8020,.F.);
#8023=ORIENTED_EDGE('11547',*,*,#8022,.T.);
#8025=ORIENTED_EDGE('11548',*,*,#8024,.T.);
#8026=ORIENTED_EDGE('11549',*,*,#7704,.T.);
#8028=ORIENTED_EDGE('11550',*,*,#8027,.T.);
#8029=EDGE_LOOP('9548',(#8023,#8025,#8026,#8028));
#8030=FACE_BOUND('9548',#8029,.F.);
#8031=ADVANCED_FACE('9548',(#8021,#8030),#8011,.T.);
#8032=CARTESIAN_POINT('',(1.92E0,0.E0,1.789E1));
#8033=DIRECTION('',(0.E0,0.E0,-1.E0));
#8034=DIRECTION('',(-1.E0,0.E0,0.E0));
#8035=AXIS2_PLACEMENT_3D('',#8032,#8033,#8034);
#8036=PLANE('9557',#8035);
#8038=ORIENTED_EDGE('9573',*,*,#8037,.F.);
#8040=ORIENTED_EDGE('9581',*,*,#8039,.T.);
#8041=ORIENTED_EDGE('9549',*,*,#7990,.T.);
#8043=ORIENTED_EDGE('9582',*,*,#8042,.F.);
#8044=EDGE_LOOP('9557',(#8038,#8040,#8041,#8043));
#8045=FACE_OUTER_BOUND('9557',#8044,.F.);
#8046=ADVANCED_FACE('9557',(#8045),#8036,.F.);
#8047=CARTESIAN_POINT('',(3.2E0,0.E0,2.2575E1));
#8048=DIRECTION('',(0.E0,-1.E0,0.E0));
#8049=DIRECTION('',(0.E0,0.E0,-1.E0));
#8050=AXIS2_PLACEMENT_3D('',#8047,#8048,#8049);
#8051=PLANE('147',#8050);
#8052=ORIENTED_EDGE('347',*,*,#5946,.T.);
#8053=ORIENTED_EDGE('349',*,*,#6370,.F.);
#8054=ORIENTED_EDGE('348',*,*,#5612,.F.);
#8055=ORIENTED_EDGE('361',*,*,#6005,.T.);
#8057=ORIENTED_EDGE('141',*,*,#8056,.T.);
#8059=ORIENTED_EDGE('423',*,*,#8058,.F.);
#8060=ORIENTED_EDGE('407',*,*,#5557,.F.);
#8062=ORIENTED_EDGE('1535',*,*,#8061,.T.);
#8063=ORIENTED_EDGE('406',*,*,#5978,.T.);
#8065=ORIENTED_EDGE('422',*,*,#8064,.F.);
#8067=ORIENTED_EDGE('136',*,*,#8066,.F.);
#8068=ORIENTED_EDGE('360',*,*,#6016,.T.);
#8069=EDGE_LOOP('147',(#8052,#8053,#8054,#8055,#8057,#8059,#8060,#8062,#8063,
#8065,#8067,#8068));
#8070=FACE_OUTER_BOUND('147',#8069,.F.);
#8072=ORIENTED_EDGE('1844',*,*,#8071,.T.);
#8074=ORIENTED_EDGE('1845',*,*,#8073,.T.);
#8076=ORIENTED_EDGE('1846',*,*,#8075,.T.);
#8078=ORIENTED_EDGE('1847',*,*,#8077,.T.);
#8079=EDGE_LOOP('147',(#8072,#8074,#8076,#8078));
#8080=FACE_BOUND('147',#8079,.F.);
#8082=ORIENTED_EDGE('1848',*,*,#8081,.T.);
#8084=ORIENTED_EDGE('1849',*,*,#8083,.T.);
#8086=ORIENTED_EDGE('1850',*,*,#8085,.T.);
#8088=ORIENTED_EDGE('1851',*,*,#8087,.T.);
#8089=EDGE_LOOP('147',(#8082,#8084,#8086,#8088));
#8090=FACE_BOUND('147',#8089,.F.);
#8092=ORIENTED_EDGE('9473',*,*,#8091,.T.);
#8094=ORIENTED_EDGE('9474',*,*,#8093,.T.);
#8096=ORIENTED_EDGE('9475',*,*,#8095,.T.);
#8098=ORIENTED_EDGE('9476',*,*,#8097,.T.);
#8099=EDGE_LOOP('147',(#8092,#8094,#8096,#8098));
#8100=FACE_BOUND('147',#8099,.F.);
#8102=ORIENTED_EDGE('9477',*,*,#8101,.T.);
#8104=ORIENTED_EDGE('9478',*,*,#8103,.T.);
#8106=ORIENTED_EDGE('9479',*,*,#8105,.T.);
#8108=ORIENTED_EDGE('9480',*,*,#8107,.T.);
#8109=EDGE_LOOP('147',(#8102,#8104,#8106,#8108));
#8110=FACE_BOUND('147',#8109,.F.);
#8112=ORIENTED_EDGE('9523',*,*,#8111,.T.);
#8114=ORIENTED_EDGE('9524',*,*,#8113,.T.);
#8116=ORIENTED_EDGE('9525',*,*,#8115,.T.);
#8118=ORIENTED_EDGE('9526',*,*,#8117,.T.);
#8119=EDGE_LOOP('147',(#8112,#8114,#8116,#8118));
#8120=FACE_BOUND('147',#8119,.F.);
#8122=ORIENTED_EDGE('9527',*,*,#8121,.T.);
#8124=ORIENTED_EDGE('9528',*,*,#8123,.T.);
#8126=ORIENTED_EDGE('9529',*,*,#8125,.T.);
#8128=ORIENTED_EDGE('9530',*,*,#8127,.T.);
#8129=EDGE_LOOP('147',(#8122,#8124,#8126,#8128));
#8130=FACE_BOUND('147',#8129,.F.);
#8131=ORIENTED_EDGE('9573',*,*,#8037,.T.);
#8133=ORIENTED_EDGE('9574',*,*,#8132,.T.);
#8135=ORIENTED_EDGE('9575',*,*,#8134,.T.);
#8137=ORIENTED_EDGE('9576',*,*,#8136,.T.);
#8138=EDGE_LOOP('147',(#8131,#8133,#8135,#8137));
#8139=FACE_BOUND('147',#8138,.F.);
#8141=ORIENTED_EDGE('9577',*,*,#8140,.T.);
#8143=ORIENTED_EDGE('9578',*,*,#8142,.T.);
#8145=ORIENTED_EDGE('9579',*,*,#8144,.T.);
#8147=ORIENTED_EDGE('9580',*,*,#8146,.T.);
#8148=EDGE_LOOP('147',(#8141,#8143,#8145,#8147));
#8149=FACE_BOUND('147',#8148,.F.);
#8150=ADVANCED_FACE('147',(#8070,#8080,#8090,#8100,#8110,#8120,#8130,#8139,
#8149),#8051,.F.);
#8151=CARTESIAN_POINT('',(-3.2E0,0.E0,0.E0));
#8152=DIRECTION('',(1.E0,0.E0,0.E0));
#8153=DIRECTION('',(0.E0,-1.E0,0.E0));
#8154=AXIS2_PLACEMENT_3D('',#8151,#8152,#8153);
#8155=PLANE('138',#8154);
#8157=ORIENTED_EDGE('154',*,*,#8156,.T.);
#8159=ORIENTED_EDGE('156',*,*,#8158,.T.);
#8161=ORIENTED_EDGE('158',*,*,#8160,.T.);
#8163=ORIENTED_EDGE('160',*,*,#8162,.T.);
#8165=ORIENTED_EDGE('162',*,*,#8164,.T.);
#8167=ORIENTED_EDGE('178',*,*,#8166,.F.);
#8168=ORIENTED_EDGE('141',*,*,#8056,.F.);
#8169=ORIENTED_EDGE('177',*,*,#6003,.F.);
#8170=EDGE_LOOP('138',(#8157,#8159,#8161,#8163,#8165,#8167,#8168,#8169));
#8171=FACE_OUTER_BOUND('138',#8170,.F.);
#8172=ADVANCED_FACE('138',(#8171),#8155,.T.);
#8173=CARTESIAN_POINT('',(4.05E0,9.64E0,2.2575E1));
#8174=DIRECTION('',(0.E0,-2.588190451025E-1,9.659258262891E-1));
#8175=DIRECTION('',(0.E0,-9.659258262891E-1,-2.588190451025E-1));
#8176=AXIS2_PLACEMENT_3D('',#8173,#8174,#8175);
#8177=PLANE('78',#8176);
#8179=ORIENTED_EDGE('153',*,*,#8178,.T.);
#8181=ORIENTED_EDGE('167',*,*,#8180,.F.);
#8182=ORIENTED_EDGE('108',*,*,#6500,.F.);
#8183=ORIENTED_EDGE('163',*,*,#6047,.T.);
#8184=EDGE_LOOP('78',(#8179,#8181,#8182,#8183));
#8185=FACE_OUTER_BOUND('78',#8184,.F.);
#8186=ADVANCED_FACE('78',(#8185),#8177,.F.);
#8187=CARTESIAN_POINT('',(4.05E0,9.64E0,2.2575E1));
#8188=DIRECTION('',(0.E0,-2.588190451025E-1,9.659258262891E-1));
#8189=DIRECTION('',(0.E0,-9.659258262891E-1,-2.588190451025E-1));
#8190=AXIS2_PLACEMENT_3D('',#8187,#8188,#8189);
#8191=PLANE('78',#8190);
#8192=ORIENTED_EDGE('154',*,*,#8156,.F.);
#8193=ORIENTED_EDGE('164',*,*,#6034,.T.);
#8194=ORIENTED_EDGE('101',*,*,#5809,.T.);
#8196=ORIENTED_EDGE('168',*,*,#8195,.F.);
#8197=EDGE_LOOP('78',(#8192,#8193,#8194,#8196));
#8198=FACE_OUTER_BOUND('78',#8197,.F.);
#8199=ADVANCED_FACE('78',(#8198),#8191,.F.);
#8200=CARTESIAN_POINT('',(3.2E0,0.E0,0.E0));
#8201=DIRECTION('',(1.E0,0.E0,0.E0));
#8202=DIRECTION('',(0.E0,-1.E0,0.E0));
#8203=AXIS2_PLACEMENT_3D('',#8200,#8201,#8202);
#8204=PLANE('133',#8203);
#8205=ORIENTED_EDGE('153',*,*,#8178,.F.);
#8206=ORIENTED_EDGE('175',*,*,#6018,.T.);
#8207=ORIENTED_EDGE('136',*,*,#8066,.T.);
#8209=ORIENTED_EDGE('176',*,*,#8208,.T.);
#8211=ORIENTED_EDGE('161',*,*,#8210,.F.);
#8213=ORIENTED_EDGE('159',*,*,#8212,.F.);
#8215=ORIENTED_EDGE('157',*,*,#8214,.F.);
#8217=ORIENTED_EDGE('155',*,*,#8216,.F.);
#8218=EDGE_LOOP('133',(#8205,#8206,#8207,#8209,#8211,#8213,#8215,#8217));
#8219=FACE_OUTER_BOUND('133',#8218,.F.);
#8220=ADVANCED_FACE('133',(#8219),#8204,.F.);
#8221=CARTESIAN_POINT('',(3.2E0,0.E0,6.885E0));
#8222=DIRECTION('',(0.E0,0.E0,-1.E0));
#8223=DIRECTION('',(0.E0,1.E0,0.E0));
#8224=AXIS2_PLACEMENT_3D('',#8221,#8222,#8223);
#8225=PLANE('149',#8224);
#8226=ORIENTED_EDGE('789',*,*,#5976,.F.);
#8227=ORIENTED_EDGE('761',*,*,#6070,.T.);
#8228=ORIENTED_EDGE('176',*,*,#8208,.F.);
#8229=ORIENTED_EDGE('422',*,*,#8064,.T.);
#8230=EDGE_LOOP('149',(#8226,#8227,#8228,#8229));
#8231=FACE_OUTER_BOUND('149',#8230,.F.);
#8232=ADVANCED_FACE('149',(#8231),#8225,.F.);
#8233=CARTESIAN_POINT('',(3.2E0,0.E0,6.885E0));
#8234=DIRECTION('',(0.E0,0.E0,-1.E0));
#8235=DIRECTION('',(0.E0,1.E0,0.E0));
#8236=AXIS2_PLACEMENT_3D('',#8233,#8234,#8235);
#8237=PLANE('149',#8236);
#8238=ORIENTED_EDGE('790',*,*,#5559,.F.);
#8239=ORIENTED_EDGE('423',*,*,#8058,.T.);
#8240=ORIENTED_EDGE('178',*,*,#8166,.T.);
#8241=ORIENTED_EDGE('760',*,*,#6092,.T.);
#8242=EDGE_LOOP('149',(#8238,#8239,#8240,#8241));
#8243=FACE_OUTER_BOUND('149',#8242,.F.);
#8244=ADVANCED_FACE('149',(#8243),#8237,.F.);
#8245=CARTESIAN_POINT('',(4.05E0,6.770590444647E0,7.653855973111E0));
#8246=DIRECTION('',(0.E0,-2.588190451025E-1,-9.659258262891E-1));
#8247=DIRECTION('',(0.E0,9.659258262891E-1,-2.588190451025E-1));
#8248=AXIS2_PLACEMENT_3D('',#8245,#8246,#8247);
#8249=PLANE('86',#8248);
#8250=ORIENTED_EDGE('161',*,*,#8210,.T.);
#8251=ORIENTED_EDGE('165',*,*,#6068,.F.);
#8252=ORIENTED_EDGE('112',*,*,#6508,.F.);
#8254=ORIENTED_EDGE('173',*,*,#8253,.T.);
#8255=EDGE_LOOP('86',(#8250,#8251,#8252,#8254));
#8256=FACE_OUTER_BOUND('86',#8255,.F.);
#8257=ADVANCED_FACE('86',(#8256),#8249,.F.);
#8258=CARTESIAN_POINT('',(4.05E0,6.770590444647E0,7.653855973111E0));
#8259=DIRECTION('',(0.E0,-2.588190451025E-1,-9.659258262891E-1));
#8260=DIRECTION('',(0.E0,9.659258262891E-1,-2.588190451025E-1));
#8261=AXIS2_PLACEMENT_3D('',#8258,#8259,#8260);
#8262=PLANE('86',#8261);
#8263=ORIENTED_EDGE('162',*,*,#8164,.F.);
#8265=ORIENTED_EDGE('174',*,*,#8264,.T.);
#8266=ORIENTED_EDGE('105',*,*,#5795,.T.);
#8267=ORIENTED_EDGE('166',*,*,#6094,.F.);
#8268=EDGE_LOOP('86',(#8263,#8265,#8266,#8267));
#8269=FACE_OUTER_BOUND('86',#8268,.F.);
#8270=ADVANCED_FACE('86',(#8269),#8262,.F.);
#8271=CARTESIAN_POINT('',(4.05E0,6.899999967198E0,8.136818886256E0));
#8272=DIRECTION('',(1.E0,0.E0,0.E0));
#8273=DIRECTION('',(0.E0,0.E0,-1.E0));
#8274=AXIS2_PLACEMENT_3D('',#8271,#8272,#8273);
#8275=CYLINDRICAL_SURFACE('84',#8274,5.E-1);
#8276=ORIENTED_EDGE('159',*,*,#8212,.T.);
#8277=ORIENTED_EDGE('173',*,*,#8253,.F.);
#8278=ORIENTED_EDGE('111',*,*,#6506,.F.);
#8280=ORIENTED_EDGE('171',*,*,#8279,.T.);
#8281=EDGE_LOOP('84',(#8276,#8277,#8278,#8280));
#8282=FACE_OUTER_BOUND('84',#8281,.F.);
#8283=ADVANCED_FACE('84',(#8282),#8275,.F.);
#8284=CARTESIAN_POINT('',(4.05E0,6.899999967198E0,8.136818886256E0));
#8285=DIRECTION('',(1.E0,0.E0,0.E0));
#8286=DIRECTION('',(0.E0,0.E0,-1.E0));
#8287=AXIS2_PLACEMENT_3D('',#8284,#8285,#8286);
#8288=CYLINDRICAL_SURFACE('84',#8287,5.E-1);
#8289=ORIENTED_EDGE('160',*,*,#8162,.F.);
#8291=ORIENTED_EDGE('172',*,*,#8290,.T.);
#8292=ORIENTED_EDGE('104',*,*,#5797,.T.);
#8293=ORIENTED_EDGE('174',*,*,#8264,.F.);
#8294=EDGE_LOOP('84',(#8289,#8291,#8292,#8293));
#8295=FACE_OUTER_BOUND('84',#8294,.F.);
#8296=ADVANCED_FACE('84',(#8295),#8288,.F.);
#8297=CARTESIAN_POINT('',(4.05E0,6.4E0,2.132318112253E1));
#8298=DIRECTION('',(0.E0,-1.E0,0.E0));
#8299=DIRECTION('',(0.E0,0.E0,-1.E0));
#8300=AXIS2_PLACEMENT_3D('',#8297,#8298,#8299);
#8301=PLANE('82',#8300);
#8302=ORIENTED_EDGE('157',*,*,#8214,.T.);
#8303=ORIENTED_EDGE('171',*,*,#8279,.F.);
#8304=ORIENTED_EDGE('110',*,*,#6504,.F.);
#8306=ORIENTED_EDGE('169',*,*,#8305,.T.);
#8307=EDGE_LOOP('82',(#8302,#8303,#8304,#8306));
#8308=FACE_OUTER_BOUND('82',#8307,.F.);
#8309=ADVANCED_FACE('82',(#8308),#8301,.F.);
#8310=CARTESIAN_POINT('',(4.05E0,6.4E0,2.132318112253E1));
#8311=DIRECTION('',(0.E0,-1.E0,0.E0));
#8312=DIRECTION('',(0.E0,0.E0,-1.E0));
#8313=AXIS2_PLACEMENT_3D('',#8310,#8311,#8312);
#8314=PLANE('82',#8313);
#8316=ORIENTED_EDGE('24357',*,*,#8315,.F.);
#8318=ORIENTED_EDGE('24358',*,*,#8317,.F.);
#8319=ORIENTED_EDGE('31876',*,*,#5799,.T.);
#8320=ORIENTED_EDGE('172',*,*,#8290,.F.);
#8321=ORIENTED_EDGE('158',*,*,#8160,.F.);
#8323=ORIENTED_EDGE('170',*,*,#8322,.T.);
#8324=ORIENTED_EDGE('31875',*,*,#5805,.T.);
#8326=ORIENTED_EDGE('24359',*,*,#8325,.T.);
#8327=EDGE_LOOP('82',(#8316,#8318,#8319,#8320,#8321,#8323,#8324,#8326));
#8328=FACE_OUTER_BOUND('82',#8327,.F.);
#8329=ADVANCED_FACE('82',(#8328),#8314,.F.);
#8330=CARTESIAN_POINT('',(4.05E0,6.9E0,2.132318112253E1));
#8331=DIRECTION('',(1.E0,0.E0,0.E0));
#8332=DIRECTION('',(0.E0,0.E0,-1.E0));
#8333=AXIS2_PLACEMENT_3D('',#8330,#8331,#8332);
#8334=CYLINDRICAL_SURFACE('80',#8333,5.E-1);
#8335=ORIENTED_EDGE('155',*,*,#8216,.T.);
#8336=ORIENTED_EDGE('169',*,*,#8305,.F.);
#8337=ORIENTED_EDGE('109',*,*,#6502,.F.);
#8338=ORIENTED_EDGE('167',*,*,#8180,.T.);
#8339=EDGE_LOOP('80',(#8335,#8336,#8337,#8338));
#8340=FACE_OUTER_BOUND('80',#8339,.F.);
#8341=ADVANCED_FACE('80',(#8340),#8334,.F.);
#8342=CARTESIAN_POINT('',(4.05E0,6.9E0,2.132318112253E1));
#8343=DIRECTION('',(1.E0,0.E0,0.E0));
#8344=DIRECTION('',(0.E0,0.E0,-1.E0));
#8345=AXIS2_PLACEMENT_3D('',#8342,#8343,#8344);
#8346=CYLINDRICAL_SURFACE('80',#8345,5.E-1);
#8347=ORIENTED_EDGE('156',*,*,#8158,.F.);
#8348=ORIENTED_EDGE('168',*,*,#8195,.T.);
#8349=ORIENTED_EDGE('102',*,*,#5807,.T.);
#8350=ORIENTED_EDGE('170',*,*,#8322,.F.);
#8351=EDGE_LOOP('80',(#8347,#8348,#8349,#8350));
#8352=FACE_OUTER_BOUND('80',#8351,.F.);
#8353=ADVANCED_FACE('80',(#8352),#8346,.F.);
#8354=CARTESIAN_POINT('',(-3.85E0,0.E0,0.E0));
#8355=DIRECTION('',(-1.E0,0.E0,0.E0));
#8356=DIRECTION('',(0.E0,0.E0,1.E0));
#8357=AXIS2_PLACEMENT_3D('',#8354,#8355,#8356);
#8358=PLANE('24345',#8357);
#8359=ORIENTED_EDGE('24357',*,*,#8315,.T.);
#8361=ORIENTED_EDGE('24363',*,*,#8360,.F.);
#8363=ORIENTED_EDGE('24362',*,*,#8362,.F.);
#8364=EDGE_LOOP('24345',(#8359,#8361,#8363));
#8365=FACE_OUTER_BOUND('24345',#8364,.F.);
#8366=ADVANCED_FACE('24345',(#8365),#8358,.T.);
#8367=CARTESIAN_POINT('',(-4.05E0,3.9E0,1.093E1));
#8368=DIRECTION('',(0.E0,-5.000323000655E-1,8.660067545298E-1));
#8369=DIRECTION('',(0.E0,8.660067545298E-1,5.000323000655E-1));
#8370=AXIS2_PLACEMENT_3D('',#8367,#8368,#8369);
#8371=PLANE('24351',#8370);
#8372=ORIENTED_EDGE('24356',*,*,#5803,.F.);
#8374=ORIENTED_EDGE('24364',*,*,#8373,.T.);
#8375=ORIENTED_EDGE('24363',*,*,#8360,.T.);
#8376=ORIENTED_EDGE('24359',*,*,#8325,.F.);
#8377=EDGE_LOOP('24351',(#8372,#8374,#8375,#8376));
#8378=FACE_OUTER_BOUND('24351',#8377,.F.);
#8379=ADVANCED_FACE('24351',(#8378),#8371,.F.);
#8380=CARTESIAN_POINT('',(-4.05E0,6.4E0,9.4865E0));
#8381=DIRECTION('',(0.E0,-5.000323000655E-1,-8.660067545298E-1));
#8382=DIRECTION('',(0.E0,-8.660067545298E-1,5.000323000655E-1));
#8383=AXIS2_PLACEMENT_3D('',#8380,#8381,#8382);
#8384=PLANE('24349',#8383);
#8385=ORIENTED_EDGE('24355',*,*,#5801,.F.);
#8386=ORIENTED_EDGE('24358',*,*,#8317,.T.);
#8387=ORIENTED_EDGE('24362',*,*,#8362,.T.);
#8388=ORIENTED_EDGE('24364',*,*,#8373,.F.);
#8389=EDGE_LOOP('24349',(#8385,#8386,#8387,#8388));
#8390=FACE_OUTER_BOUND('24349',#8389,.F.);
#8391=ADVANCED_FACE('24349',(#8390),#8384,.F.);
#8392=CARTESIAN_POINT('',(2.325E0,2.74E0,4.15E0));
#8393=DIRECTION('',(1.E0,0.E0,0.E0));
#8394=DIRECTION('',(0.E0,0.E0,-1.E0));
#8395=AXIS2_PLACEMENT_3D('',#8392,#8393,#8394);
#8396=CYLINDRICAL_SURFACE('1523',#8395,6.55E0);
#8397=ORIENTED_EDGE('1582',*,*,#6398,.T.);
#8398=ORIENTED_EDGE('1586',*,*,#5484,.F.);
#8399=ORIENTED_EDGE('1545',*,*,#5980,.F.);
#8400=ORIENTED_EDGE('1535',*,*,#8061,.F.);
#8401=ORIENTED_EDGE('1587',*,*,#5555,.T.);
#8402=EDGE_LOOP('1523',(#8397,#8398,#8399,#8400,#8401));
#8403=FACE_OUTER_BOUND('1523',#8402,.F.);
#8404=ADVANCED_FACE('1523',(#8403),#8396,.F.);
#8405=CARTESIAN_POINT('',(1.92E0,0.E0,1.027E1));
#8406=DIRECTION('',(0.E0,0.E0,-1.E0));
#8407=DIRECTION('',(-1.E0,0.E0,0.E0));
#8408=AXIS2_PLACEMENT_3D('',#8405,#8406,#8407);
#8409=PLANE('1828',#8408);
#8410=ORIENTED_EDGE('1844',*,*,#8071,.F.);
#8412=ORIENTED_EDGE('1868',*,*,#8411,.T.);
#8414=ORIENTED_EDGE('1820',*,*,#8413,.T.);
#8416=ORIENTED_EDGE('1869',*,*,#8415,.F.);
#8417=EDGE_LOOP('1828',(#8410,#8412,#8414,#8416));
#8418=FACE_OUTER_BOUND('1828',#8417,.F.);
#8419=ADVANCED_FACE('1828',(#8418),#8409,.F.);
#8420=CARTESIAN_POINT('',(1.92E0,0.E0,1.157E1));
#8421=DIRECTION('',(1.E0,0.E0,0.E0));
#8422=DIRECTION('',(0.E0,0.E0,-1.E0));
#8423=AXIS2_PLACEMENT_3D('',#8420,#8421,#8422);
#8424=PLANE('1834',#8423);
#8425=ORIENTED_EDGE('1847',*,*,#8077,.F.);
#8427=ORIENTED_EDGE('1871',*,*,#8426,.T.);
#8429=ORIENTED_EDGE('1823',*,*,#8428,.T.);
#8430=ORIENTED_EDGE('1868',*,*,#8411,.F.);
#8431=EDGE_LOOP('1834',(#8425,#8427,#8429,#8430));
#8432=FACE_OUTER_BOUND('1834',#8431,.F.);
#8433=ADVANCED_FACE('1834',(#8432),#8424,.F.);
#8434=CARTESIAN_POINT('',(6.2E-1,0.E0,1.157E1));
#8435=DIRECTION('',(0.E0,0.E0,1.E0));
#8436=DIRECTION('',(1.E0,0.E0,0.E0));
#8437=AXIS2_PLACEMENT_3D('',#8434,#8435,#8436);
#8438=PLANE('1832',#8437);
#8439=ORIENTED_EDGE('1846',*,*,#8075,.F.);
#8441=ORIENTED_EDGE('1870',*,*,#8440,.T.);
#8443=ORIENTED_EDGE('1822',*,*,#8442,.T.);
#8444=ORIENTED_EDGE('1871',*,*,#8426,.F.);
#8445=EDGE_LOOP('1832',(#8439,#8441,#8443,#8444));
#8446=FACE_OUTER_BOUND('1832',#8445,.F.);
#8447=ADVANCED_FACE('1832',(#8446),#8438,.F.);
#8448=CARTESIAN_POINT('',(6.2E-1,0.E0,1.027E1));
#8449=DIRECTION('',(-1.E0,0.E0,0.E0));
#8450=DIRECTION('',(0.E0,0.E0,1.E0));
#8451=AXIS2_PLACEMENT_3D('',#8448,#8449,#8450);
#8452=PLANE('1830',#8451);
#8453=ORIENTED_EDGE('1845',*,*,#8073,.F.);
#8454=ORIENTED_EDGE('1869',*,*,#8415,.T.);
#8456=ORIENTED_EDGE('1821',*,*,#8455,.T.);
#8457=ORIENTED_EDGE('1870',*,*,#8440,.F.);
#8458=EDGE_LOOP('1830',(#8453,#8454,#8456,#8457));
#8459=FACE_OUTER_BOUND('1830',#8458,.F.);
#8460=ADVANCED_FACE('1830',(#8459),#8452,.F.);
#8461=CARTESIAN_POINT('',(3.2E0,-2.E-1,2.2575E1));
#8462=DIRECTION('',(0.E0,1.E0,0.E0));
#8463=DIRECTION('',(0.E0,0.E0,1.E0));
#8464=AXIS2_PLACEMENT_3D('',#8461,#8462,#8463);
#8465=PLANE('1819',#8464);
#8466=ORIENTED_EDGE('1820',*,*,#8413,.F.);
#8467=ORIENTED_EDGE('1823',*,*,#8428,.F.);
#8468=ORIENTED_EDGE('1822',*,*,#8442,.F.);
#8469=ORIENTED_EDGE('1821',*,*,#8455,.F.);
#8470=EDGE_LOOP('1819',(#8466,#8467,#8468,#8469));
#8471=FACE_OUTER_BOUND('1819',#8470,.F.);
#8473=ORIENTED_EDGE('1852',*,*,#8472,.T.);
#8475=ORIENTED_EDGE('1853',*,*,#8474,.T.);
#8477=ORIENTED_EDGE('1854',*,*,#8476,.T.);
#8479=ORIENTED_EDGE('1855',*,*,#8478,.T.);
#8480=EDGE_LOOP('1819',(#8473,#8475,#8477,#8479));
#8481=FACE_BOUND('1819',#8480,.F.);
#8482=ADVANCED_FACE('1819',(#8471,#8481),#8465,.T.);
#8483=CARTESIAN_POINT('',(3.2E0,-2.E-1,2.2575E1));
#8484=DIRECTION('',(0.E0,1.E0,0.E0));
#8485=DIRECTION('',(0.E0,0.E0,1.E0));
#8486=AXIS2_PLACEMENT_3D('',#8483,#8484,#8485);
#8487=PLANE('1819',#8486);
#8489=ORIENTED_EDGE('1824',*,*,#8488,.F.);
#8491=ORIENTED_EDGE('1827',*,*,#8490,.F.);
#8493=ORIENTED_EDGE('1826',*,*,#8492,.F.);
#8495=ORIENTED_EDGE('1825',*,*,#8494,.F.);
#8496=EDGE_LOOP('1819',(#8489,#8491,#8493,#8495));
#8497=FACE_OUTER_BOUND('1819',#8496,.F.);
#8499=ORIENTED_EDGE('1856',*,*,#8498,.T.);
#8501=ORIENTED_EDGE('1857',*,*,#8500,.T.);
#8503=ORIENTED_EDGE('1858',*,*,#8502,.T.);
#8505=ORIENTED_EDGE('1859',*,*,#8504,.T.);
#8506=EDGE_LOOP('1819',(#8499,#8501,#8503,#8505));
#8507=FACE_BOUND('1819',#8506,.F.);
#8508=ADVANCED_FACE('1819',(#8497,#8507),#8487,.T.);
#8509=CARTESIAN_POINT('',(-1.92E0,0.E0,1.027E1));
#8510=DIRECTION('',(-1.E0,0.E0,0.E0));
#8511=DIRECTION('',(0.E0,0.E0,1.E0));
#8512=AXIS2_PLACEMENT_3D('',#8509,#8510,#8511);
#8513=PLANE('1836',#8512);
#8514=ORIENTED_EDGE('1848',*,*,#8081,.F.);
#8516=ORIENTED_EDGE('1872',*,*,#8515,.T.);
#8517=ORIENTED_EDGE('1824',*,*,#8488,.T.);
#8519=ORIENTED_EDGE('1873',*,*,#8518,.F.);
#8520=EDGE_LOOP('1836',(#8514,#8516,#8517,#8519));
#8521=FACE_OUTER_BOUND('1836',#8520,.F.);
#8522=ADVANCED_FACE('1836',(#8521),#8513,.F.);
#8523=CARTESIAN_POINT('',(-6.2E-1,0.E0,1.027E1));
#8524=DIRECTION('',(0.E0,0.E0,-1.E0));
#8525=DIRECTION('',(-1.E0,0.E0,0.E0));
#8526=AXIS2_PLACEMENT_3D('',#8523,#8524,#8525);
#8527=PLANE('1842',#8526);
#8528=ORIENTED_EDGE('1851',*,*,#8087,.F.);
#8530=ORIENTED_EDGE('1875',*,*,#8529,.T.);
#8531=ORIENTED_EDGE('1827',*,*,#8490,.T.);
#8532=ORIENTED_EDGE('1872',*,*,#8515,.F.);
#8533=EDGE_LOOP('1842',(#8528,#8530,#8531,#8532));
#8534=FACE_OUTER_BOUND('1842',#8533,.F.);
#8535=ADVANCED_FACE('1842',(#8534),#8527,.F.);
#8536=CARTESIAN_POINT('',(-6.2E-1,0.E0,1.157E1));
#8537=DIRECTION('',(1.E0,0.E0,0.E0));
#8538=DIRECTION('',(0.E0,0.E0,-1.E0));
#8539=AXIS2_PLACEMENT_3D('',#8536,#8537,#8538);
#8540=PLANE('1840',#8539);
#8541=ORIENTED_EDGE('1850',*,*,#8085,.F.);
#8543=ORIENTED_EDGE('1874',*,*,#8542,.T.);
#8544=ORIENTED_EDGE('1826',*,*,#8492,.T.);
#8545=ORIENTED_EDGE('1875',*,*,#8529,.F.);
#8546=EDGE_LOOP('1840',(#8541,#8543,#8544,#8545));
#8547=FACE_OUTER_BOUND('1840',#8546,.F.);
#8548=ADVANCED_FACE('1840',(#8547),#8540,.F.);
#8549=CARTESIAN_POINT('',(-1.92E0,0.E0,1.157E1));
#8550=DIRECTION('',(0.E0,0.E0,1.E0));
#8551=DIRECTION('',(1.E0,0.E0,0.E0));
#8552=AXIS2_PLACEMENT_3D('',#8549,#8550,#8551);
#8553=PLANE('1838',#8552);
#8554=ORIENTED_EDGE('1849',*,*,#8083,.F.);
#8555=ORIENTED_EDGE('1873',*,*,#8518,.T.);
#8556=ORIENTED_EDGE('1825',*,*,#8494,.T.);
#8557=ORIENTED_EDGE('1874',*,*,#8542,.F.);
#8558=EDGE_LOOP('1838',(#8554,#8555,#8556,#8557));
#8559=FACE_OUTER_BOUND('1838',#8558,.F.);
#8560=ADVANCED_FACE('1838',(#8559),#8553,.F.);
#8561=CARTESIAN_POINT('',(1.595E0,0.E0,1.0585E1));
#8562=DIRECTION('',(0.E0,0.E0,-1.E0));
#8563=DIRECTION('',(-1.E0,0.E0,0.E0));
#8564=AXIS2_PLACEMENT_3D('',#8561,#8562,#8563);
#8565=PLANE('1767',#8564);
#8567=ORIENTED_EDGE('1915',*,*,#8566,.T.);
#8569=ORIENTED_EDGE('1922',*,*,#8568,.F.);
#8570=ORIENTED_EDGE('1852',*,*,#8472,.F.);
#8572=ORIENTED_EDGE('1921',*,*,#8571,.T.);
#8573=EDGE_LOOP('1767',(#8567,#8569,#8570,#8572));
#8574=FACE_OUTER_BOUND('1767',#8573,.F.);
#8575=ADVANCED_FACE('1767',(#8574),#8565,.F.);
#8576=CARTESIAN_POINT('',(9.45E-1,-2.8E0,1.037E1));
#8577=DIRECTION('',(0.E0,1.E0,0.E0));
#8578=DIRECTION('',(1.E0,0.E0,0.E0));
#8579=AXIS2_PLACEMENT_3D('',#8576,#8577,#8578);
#8580=PLANE('1907',#8579);
#8582=ORIENTED_EDGE('17648',*,*,#8581,.T.);
#8584=ORIENTED_EDGE('23146',*,*,#8583,.F.);
#8586=ORIENTED_EDGE('1917',*,*,#8585,.F.);
#8588=ORIENTED_EDGE('1932',*,*,#8587,.T.);
#8590=ORIENTED_EDGE('17651',*,*,#8589,.T.);
#8591=EDGE_LOOP('1907',(#8582,#8584,#8586,#8588,#8590));
#8592=FACE_OUTER_BOUND('1907',#8591,.F.);
#8593=ADVANCED_FACE('1907',(#8592),#8580,.F.);
#8594=CARTESIAN_POINT('',(9.45E-1,-2.8E0,1.037E1));
#8595=DIRECTION('',(0.E0,1.E0,0.E0));
#8596=DIRECTION('',(1.E0,0.E0,0.E0));
#8597=AXIS2_PLACEMENT_3D('',#8594,#8595,#8596);
#8598=PLANE('1907',#8597);
#8600=ORIENTED_EDGE('17649',*,*,#8599,.T.);
#8602=ORIENTED_EDGE('17650',*,*,#8601,.F.);
#8604=ORIENTED_EDGE('1931',*,*,#8603,.T.);
#8605=ORIENTED_EDGE('1915',*,*,#8566,.F.);
#8607=ORIENTED_EDGE('23145',*,*,#8606,.F.);
#8608=EDGE_LOOP('1907',(#8600,#8602,#8604,#8605,#8607));
#8609=FACE_OUTER_BOUND('1907',#8608,.F.);
#8610=ADVANCED_FACE('1907',(#8609),#8598,.F.);
#8611=CARTESIAN_POINT('',(1.595E0,-7.26E0,1.147E1));
#8612=DIRECTION('',(-1.E0,0.E0,0.E0));
#8613=DIRECTION('',(0.E0,0.E0,-1.E0));
#8614=AXIS2_PLACEMENT_3D('',#8611,#8612,#8613);
#8615=PLANE('17532',#8614);
#8617=ORIENTED_EDGE('17752',*,*,#8616,.F.);
#8619=ORIENTED_EDGE('17780',*,*,#8618,.T.);
#8620=ORIENTED_EDGE('17648',*,*,#8581,.F.);
#8622=ORIENTED_EDGE('17576',*,*,#8621,.F.);
#8623=ORIENTED_EDGE('17766',*,*,#6857,.T.);
#8624=EDGE_LOOP('17532',(#8617,#8619,#8620,#8622,#8623));
#8625=FACE_OUTER_BOUND('17532',#8624,.F.);
#8626=ADVANCED_FACE('17532',(#8625),#8615,.T.);
#8627=CARTESIAN_POINT('',(2.8225E0,-7.11E0,1.134660254038E1));
#8628=DIRECTION('',(0.E0,-5.E-1,-8.660254037844E-1));
#8629=DIRECTION('',(-1.E0,0.E0,0.E0));
#8630=AXIS2_PLACEMENT_3D('',#8627,#8628,#8629);
#8631=PLANE('17658',#8630);
#8632=ORIENTED_EDGE('17750',*,*,#6540,.T.);
#8634=ORIENTED_EDGE('17751',*,*,#8633,.F.);
#8635=ORIENTED_EDGE('17752',*,*,#8616,.T.);
#8636=ORIENTED_EDGE('17753',*,*,#6855,.T.);
#8637=EDGE_LOOP('17658',(#8632,#8634,#8635,#8636));
#8638=FACE_OUTER_BOUND('17658',#8637,.F.);
#8639=ADVANCED_FACE('17658',(#8638),#8631,.T.);
#8640=CARTESIAN_POINT('',(1.595E0,-7.26E0,1.126E1));
#8641=DIRECTION('',(0.E0,0.E0,-1.E0));
#8642=DIRECTION('',(1.E0,0.E0,0.E0));
#8643=AXIS2_PLACEMENT_3D('',#8640,#8641,#8642);
#8644=PLANE('17534',#8643);
#8645=ORIENTED_EDGE('17751',*,*,#8633,.T.);
#8646=ORIENTED_EDGE('17772',*,*,#6538,.T.);
#8648=ORIENTED_EDGE('17581',*,*,#8647,.F.);
#8650=ORIENTED_EDGE('17638',*,*,#8649,.T.);
#8651=ORIENTED_EDGE('17780',*,*,#8618,.F.);
#8652=EDGE_LOOP('17534',(#8645,#8646,#8648,#8650,#8651));
#8653=FACE_OUTER_BOUND('17534',#8652,.F.);
#8654=ADVANCED_FACE('17534',(#8653),#8644,.T.);
#8655=CARTESIAN_POINT('',(2.509924494360E0,-3.4E0,1.037E1));
#8656=DIRECTION('',(-1.564344650402E-1,9.876883405951E-1,0.E0));
#8657=DIRECTION('',(9.876883405951E-1,1.564344650402E-1,0.E0));
#8658=AXIS2_PLACEMENT_3D('',#8655,#8656,#8657);
#8659=PLANE('1897',#8658);
#8660=ORIENTED_EDGE('17581',*,*,#8647,.T.);
#8661=ORIENTED_EDGE('17594',*,*,#6536,.T.);
#8663=ORIENTED_EDGE('17582',*,*,#8662,.F.);
#8665=ORIENTED_EDGE('17593',*,*,#8664,.T.);
#8666=EDGE_LOOP('1897',(#8660,#8661,#8663,#8665));
#8667=FACE_OUTER_BOUND('1897',#8666,.F.);
#8668=ADVANCED_FACE('1897',(#8667),#8659,.F.);
#8669=CARTESIAN_POINT('',(4.05E0,-7.26E0,1.058E1));
#8670=DIRECTION('',(0.E0,0.E0,1.E0));
#8671=DIRECTION('',(-1.E0,0.E0,0.E0));
#8672=AXIS2_PLACEMENT_3D('',#8669,#8670,#8671);
#8673=PLANE('17556',#8672);
#8675=ORIENTED_EDGE('17759',*,*,#8674,.T.);
#8677=ORIENTED_EDGE('17781',*,*,#8676,.T.);
#8679=ORIENTED_EDGE('17639',*,*,#8678,.F.);
#8680=ORIENTED_EDGE('17582',*,*,#8662,.T.);
#8681=ORIENTED_EDGE('17777',*,*,#6534,.F.);
#8682=EDGE_LOOP('17556',(#8675,#8677,#8679,#8680,#8681));
#8683=FACE_OUTER_BOUND('17556',#8682,.F.);
#8684=ADVANCED_FACE('17556',(#8683),#8673,.T.);
#8685=CARTESIAN_POINT('',(2.8225E0,-7.11E0,1.049339745962E1));
#8686=DIRECTION('',(0.E0,-5.E-1,8.660254037844E-1));
#8687=DIRECTION('',(-1.E0,0.E0,0.E0));
#8688=AXIS2_PLACEMENT_3D('',#8685,#8686,#8687);
#8689=PLANE('17668',#8688);
#8691=ORIENTED_EDGE('17758',*,*,#8690,.T.);
#8692=ORIENTED_EDGE('17759',*,*,#8674,.F.);
#8693=ORIENTED_EDGE('17760',*,*,#6532,.T.);
#8694=ORIENTED_EDGE('17761',*,*,#6883,.T.);
#8695=EDGE_LOOP('17668',(#8691,#8692,#8693,#8694));
#8696=FACE_OUTER_BOUND('17668',#8695,.F.);
#8697=ADVANCED_FACE('17668',(#8696),#8689,.T.);
#8698=CARTESIAN_POINT('',(1.595E0,-7.26E0,1.058E1));
#8699=DIRECTION('',(-1.E0,0.E0,0.E0));
#8700=DIRECTION('',(0.E0,0.E0,-1.E0));
#8701=AXIS2_PLACEMENT_3D('',#8698,#8699,#8700);
#8702=PLANE('17558',#8701);
#8703=ORIENTED_EDGE('17758',*,*,#8690,.F.);
#8704=ORIENTED_EDGE('17771',*,*,#6881,.T.);
#8706=ORIENTED_EDGE('17574',*,*,#8705,.T.);
#8707=ORIENTED_EDGE('17649',*,*,#8599,.F.);
#8708=ORIENTED_EDGE('17781',*,*,#8676,.F.);
#8709=EDGE_LOOP('17558',(#8703,#8704,#8706,#8707,#8708));
#8710=FACE_OUTER_BOUND('17558',#8709,.F.);
#8711=ADVANCED_FACE('17558',(#8710),#8702,.T.);
#8712=CARTESIAN_POINT('',(0.E0,0.E0,1.037E1));
#8713=DIRECTION('',(0.E0,0.E0,-1.E0));
#8714=DIRECTION('',(-1.E0,0.E0,0.E0));
#8715=AXIS2_PLACEMENT_3D('',#8712,#8713,#8714);
#8716=PLANE('1879',#8715);
#8718=ORIENTED_EDGE('17572',*,*,#8717,.T.);
#8720=ORIENTED_EDGE('17599',*,*,#8719,.T.);
#8722=ORIENTED_EDGE('1885',*,*,#8721,.T.);
#8723=ORIENTED_EDGE('17650',*,*,#8601,.T.);
#8724=ORIENTED_EDGE('17574',*,*,#8705,.F.);
#8725=ORIENTED_EDGE('17601',*,*,#6879,.T.);
#8726=EDGE_LOOP('1879',(#8718,#8720,#8722,#8723,#8724,#8725));
#8727=FACE_OUTER_BOUND('1879',#8726,.F.);
#8728=ADVANCED_FACE('1879',(#8727),#8716,.F.);
#8729=CARTESIAN_POINT('',(0.E0,0.E0,1.037E1));
#8730=DIRECTION('',(0.E0,0.E0,-1.E0));
#8731=DIRECTION('',(-1.E0,0.E0,0.E0));
#8732=AXIS2_PLACEMENT_3D('',#8729,#8730,#8731);
#8733=PLANE('1879',#8732);
#8735=ORIENTED_EDGE('17629',*,*,#8734,.F.);
#8736=ORIENTED_EDGE('17602',*,*,#6871,.T.);
#8738=ORIENTED_EDGE('1997',*,*,#8737,.T.);
#8740=ORIENTED_EDGE('1945',*,*,#8739,.T.);
#8742=ORIENTED_EDGE('1937',*,*,#8741,.T.);
#8744=ORIENTED_EDGE('1938',*,*,#8743,.T.);
#8745=EDGE_LOOP('1879',(#8735,#8736,#8738,#8740,#8742,#8744));
#8746=FACE_OUTER_BOUND('1879',#8745,.F.);
#8747=ADVANCED_FACE('1879',(#8746),#8733,.F.);
#8748=CARTESIAN_POINT('',(5.583471458512E-1,-7.26E0,1.037E1));
#8749=DIRECTION('',(1.E0,0.E0,0.E0));
#8750=DIRECTION('',(0.E0,0.E0,1.E0));
#8751=AXIS2_PLACEMENT_3D('',#8748,#8749,#8750);
#8752=PLANE('17546',#8751);
#8754=ORIENTED_EDGE('17764',*,*,#8753,.F.);
#8756=ORIENTED_EDGE('17775',*,*,#8755,.T.);
#8758=ORIENTED_EDGE('17584',*,*,#8757,.F.);
#8759=ORIENTED_EDGE('17572',*,*,#8717,.F.);
#8760=ORIENTED_EDGE('17769',*,*,#6877,.T.);
#8761=EDGE_LOOP('17546',(#8754,#8756,#8758,#8759,#8760));
#8762=FACE_OUTER_BOUND('17546',#8761,.F.);
#8763=ADVANCED_FACE('17546',(#8762),#8752,.T.);
#8764=CARTESIAN_POINT('',(-1.933264270744E-1,-7.11E0,1.049339745962E1));
#8765=DIRECTION('',(0.E0,-5.E-1,8.660254037844E-1));
#8766=DIRECTION('',(-1.E0,0.E0,0.E0));
#8767=AXIS2_PLACEMENT_3D('',#8764,#8765,#8766);
#8768=PLANE('17673',#8767);
#8770=ORIENTED_EDGE('17762',*,*,#8769,.T.);
#8772=ORIENTED_EDGE('17763',*,*,#8771,.F.);
#8773=ORIENTED_EDGE('17764',*,*,#8753,.T.);
#8774=ORIENTED_EDGE('17765',*,*,#6875,.T.);
#8775=EDGE_LOOP('17673',(#8770,#8772,#8773,#8774));
#8776=FACE_OUTER_BOUND('17673',#8775,.F.);
#8777=ADVANCED_FACE('17673',(#8776),#8768,.T.);
#8778=CARTESIAN_POINT('',(-9.45E-1,0.E0,1.1255E1));
#8779=DIRECTION('',(1.E0,0.E0,0.E0));
#8780=DIRECTION('',(0.E0,0.E0,-1.E0));
#8781=AXIS2_PLACEMENT_3D('',#8778,#8779,#8780);
#8782=PLANE('1779',#8781);
#8784=ORIENTED_EDGE('17756',*,*,#8783,.F.);
#8786=ORIENTED_EDGE('17773',*,*,#8785,.T.);
#8788=ORIENTED_EDGE('17605',*,*,#8787,.T.);
#8790=ORIENTED_EDGE('17776',*,*,#8789,.F.);
#8791=ORIENTED_EDGE('17762',*,*,#8769,.F.);
#8792=ORIENTED_EDGE('17770',*,*,#6873,.T.);
#8793=ORIENTED_EDGE('17629',*,*,#8734,.T.);
#8795=ORIENTED_EDGE('2004',*,*,#8794,.T.);
#8797=ORIENTED_EDGE('1991',*,*,#8796,.F.);
#8798=ORIENTED_EDGE('1858',*,*,#8502,.F.);
#8800=ORIENTED_EDGE('1990',*,*,#8799,.T.);
#8802=ORIENTED_EDGE('2005',*,*,#8801,.T.);
#8804=ORIENTED_EDGE('17628',*,*,#8803,.T.);
#8805=ORIENTED_EDGE('17767',*,*,#6865,.T.);
#8806=EDGE_LOOP('1779',(#8784,#8786,#8788,#8790,#8791,#8792,#8793,#8795,#8797,
#8798,#8800,#8802,#8804,#8805));
#8807=FACE_OUTER_BOUND('1779',#8806,.F.);
#8808=ADVANCED_FACE('1779',(#8807),#8782,.F.);
#8809=CARTESIAN_POINT('',(-1.933264270744E-1,-7.11E0,1.134660254038E1));
#8810=DIRECTION('',(0.E0,-5.E-1,-8.660254037844E-1));
#8811=DIRECTION('',(-1.E0,0.E0,0.E0));
#8812=AXIS2_PLACEMENT_3D('',#8809,#8810,#8811);
#8813=PLANE('17663',#8812);
#8815=ORIENTED_EDGE('17754',*,*,#8814,.T.);
#8817=ORIENTED_EDGE('17755',*,*,#8816,.F.);
#8818=ORIENTED_EDGE('17756',*,*,#8783,.T.);
#8819=ORIENTED_EDGE('17757',*,*,#6863,.T.);
#8820=EDGE_LOOP('17663',(#8815,#8817,#8818,#8819));
#8821=FACE_OUTER_BOUND('17663',#8820,.F.);
#8822=ADVANCED_FACE('17663',(#8821),#8813,.T.);
#8823=CARTESIAN_POINT('',(5.583471458512E-1,-7.26E0,1.126E1));
#8824=DIRECTION('',(1.E0,0.E0,0.E0));
#8825=DIRECTION('',(0.E0,0.E0,1.E0));
#8826=AXIS2_PLACEMENT_3D('',#8823,#8824,#8825);
#8827=PLANE('17544',#8826);
#8828=ORIENTED_EDGE('17754',*,*,#8814,.F.);
#8829=ORIENTED_EDGE('17768',*,*,#6861,.T.);
#8831=ORIENTED_EDGE('17578',*,*,#8830,.T.);
#8833=ORIENTED_EDGE('17583',*,*,#8832,.T.);
#8835=ORIENTED_EDGE('17774',*,*,#8834,.F.);
#8836=EDGE_LOOP('17544',(#8828,#8829,#8831,#8833,#8835));
#8837=FACE_OUTER_BOUND('17544',#8836,.F.);
#8838=ADVANCED_FACE('17544',(#8837),#8827,.T.);
#8839=CARTESIAN_POINT('',(0.E0,0.E0,1.147E1));
#8840=DIRECTION('',(0.E0,0.E0,-1.E0));
#8841=DIRECTION('',(-1.E0,0.E0,0.E0));
#8842=AXIS2_PLACEMENT_3D('',#8839,#8840,#8841);
#8843=PLANE('1887',#8842);
#8844=ORIENTED_EDGE('17576',*,*,#8621,.T.);
#8845=ORIENTED_EDGE('17651',*,*,#8589,.F.);
#8847=ORIENTED_EDGE('1893',*,*,#8846,.F.);
#8849=ORIENTED_EDGE('17600',*,*,#8848,.F.);
#8850=ORIENTED_EDGE('17578',*,*,#8830,.F.);
#8851=ORIENTED_EDGE('17604',*,*,#6859,.T.);
#8852=EDGE_LOOP('1887',(#8844,#8845,#8847,#8849,#8850,#8851));
#8853=FACE_OUTER_BOUND('1887',#8852,.F.);
#8854=ADVANCED_FACE('1887',(#8853),#8843,.T.);
#8855=CARTESIAN_POINT('',(0.E0,0.E0,1.147E1));
#8856=DIRECTION('',(0.E0,0.E0,-1.E0));
#8857=DIRECTION('',(-1.E0,0.E0,0.E0));
#8858=AXIS2_PLACEMENT_3D('',#8855,#8856,#8857);
#8859=PLANE('1887',#8858);
#8860=ORIENTED_EDGE('17628',*,*,#8803,.F.);
#8862=ORIENTED_EDGE('1948',*,*,#8861,.F.);
#8864=ORIENTED_EDGE('1947',*,*,#8863,.F.);
#8866=ORIENTED_EDGE('1955',*,*,#8865,.F.);
#8868=ORIENTED_EDGE('1999',*,*,#8867,.F.);
#8869=ORIENTED_EDGE('17603',*,*,#6867,.T.);
#8870=EDGE_LOOP('1887',(#8860,#8862,#8864,#8866,#8868,#8869));
#8871=FACE_OUTER_BOUND('1887',#8870,.F.);
#8872=ADVANCED_FACE('1887',(#8871),#8859,.T.);
#8873=CARTESIAN_POINT('',(7.429274057836E-1,-3.15E0,1.037E1));
#8874=DIRECTION('',(-8.660254037844E-1,5.E-1,0.E0));
#8875=DIRECTION('',(5.E-1,8.660254037844E-1,0.E0));
#8876=AXIS2_PLACEMENT_3D('',#8873,#8874,#8875);
#8877=PLANE('1905',#8876);
#8879=ORIENTED_EDGE('1916',*,*,#8878,.F.);
#8880=ORIENTED_EDGE('1931',*,*,#8603,.F.);
#8881=ORIENTED_EDGE('1885',*,*,#8721,.F.);
#8883=ORIENTED_EDGE('1906',*,*,#8882,.T.);
#8884=ORIENTED_EDGE('1893',*,*,#8846,.T.);
#8885=ORIENTED_EDGE('1932',*,*,#8587,.F.);
#8886=EDGE_LOOP('1905',(#8879,#8880,#8881,#8883,#8884,#8885));
#8887=FACE_OUTER_BOUND('1905',#8886,.F.);
#8888=ADVANCED_FACE('1905',(#8887),#8877,.F.);
#8889=CARTESIAN_POINT('',(9.45E-1,0.E0,1.0585E1));
#8890=DIRECTION('',(-1.E0,0.E0,0.E0));
#8891=DIRECTION('',(0.E0,0.E0,1.E0));
#8892=AXIS2_PLACEMENT_3D('',#8889,#8890,#8891);
#8893=PLANE('1769',#8892);
#8894=ORIENTED_EDGE('1916',*,*,#8878,.T.);
#8896=ORIENTED_EDGE('1923',*,*,#8895,.F.);
#8897=ORIENTED_EDGE('1853',*,*,#8474,.F.);
#8898=ORIENTED_EDGE('1922',*,*,#8568,.T.);
#8899=EDGE_LOOP('1769',(#8894,#8896,#8897,#8898));
#8900=FACE_OUTER_BOUND('1769',#8899,.F.);
#8901=ADVANCED_FACE('1769',(#8900),#8893,.F.);
#8902=CARTESIAN_POINT('',(9.45E-1,0.E0,1.1255E1));
#8903=DIRECTION('',(0.E0,0.E0,1.E0));
#8904=DIRECTION('',(1.E0,0.E0,0.E0));
#8905=AXIS2_PLACEMENT_3D('',#8902,#8903,#8904);
#8906=PLANE('1771',#8905);
#8907=ORIENTED_EDGE('1917',*,*,#8585,.T.);
#8909=ORIENTED_EDGE('1924',*,*,#8908,.F.);
#8910=ORIENTED_EDGE('1854',*,*,#8476,.F.);
#8911=ORIENTED_EDGE('1923',*,*,#8895,.T.);
#8912=EDGE_LOOP('1771',(#8907,#8909,#8910,#8911));
#8913=FACE_OUTER_BOUND('1771',#8912,.F.);
#8914=ADVANCED_FACE('1771',(#8913),#8906,.F.);
#8915=CARTESIAN_POINT('',(1.595E0,0.E0,1.1255E1));
#8916=DIRECTION('',(1.E0,0.E0,0.E0));
#8917=DIRECTION('',(0.E0,0.E0,-1.E0));
#8918=AXIS2_PLACEMENT_3D('',#8915,#8916,#8917);
#8919=PLANE('1773',#8918);
#8921=ORIENTED_EDGE('1918',*,*,#8920,.T.);
#8922=ORIENTED_EDGE('1921',*,*,#8571,.F.);
#8923=ORIENTED_EDGE('1855',*,*,#8478,.F.);
#8924=ORIENTED_EDGE('1924',*,*,#8908,.T.);
#8925=EDGE_LOOP('1773',(#8921,#8922,#8923,#8924));
#8926=FACE_OUTER_BOUND('1773',#8925,.F.);
#8927=ADVANCED_FACE('1773',(#8926),#8919,.F.);
#8928=CARTESIAN_POINT('',(2.382660813148E0,-2.596488739989E0,1.037E1));
#8929=DIRECTION('',(0.E0,0.E0,-1.E0));
#8930=DIRECTION('',(-1.E0,0.E0,0.E0));
#8931=AXIS2_PLACEMENT_3D('',#8928,#8929,#8930);
#8932=CYLINDRICAL_SURFACE('1895',#8931,8.135271289396E-1);
#8933=ORIENTED_EDGE('17593',*,*,#8664,.F.);
#8934=ORIENTED_EDGE('17639',*,*,#8678,.T.);
#8935=ORIENTED_EDGE('23145',*,*,#8606,.T.);
#8936=ORIENTED_EDGE('1918',*,*,#8920,.F.);
#8937=ORIENTED_EDGE('23146',*,*,#8583,.T.);
#8938=ORIENTED_EDGE('17638',*,*,#8649,.F.);
#8939=EDGE_LOOP('1895',(#8933,#8934,#8935,#8936,#8937,#8938));
#8940=FACE_OUTER_BOUND('1895',#8939,.F.);
#8941=ADVANCED_FACE('1895',(#8940),#8932,.T.);
#8942=CARTESIAN_POINT('',(4.95E-1,-7.26E0,1.037E1));
#8943=DIRECTION('',(-9.981855201393E-1,6.021351496324E-2,0.E0));
#8944=DIRECTION('',(6.021351496324E-2,9.981855201393E-1,0.E0));
#8945=AXIS2_PLACEMENT_3D('',#8942,#8943,#8944);
#8946=PLANE('1903',#8945);
#8947=ORIENTED_EDGE('17583',*,*,#8832,.F.);
#8948=ORIENTED_EDGE('17600',*,*,#8848,.T.);
#8949=ORIENTED_EDGE('1906',*,*,#8882,.F.);
#8950=ORIENTED_EDGE('17599',*,*,#8719,.F.);
#8951=ORIENTED_EDGE('17584',*,*,#8757,.T.);
#8953=ORIENTED_EDGE('17598',*,*,#8952,.F.);
#8954=EDGE_LOOP('1903',(#8947,#8948,#8949,#8950,#8951,#8953));
#8955=FACE_OUTER_BOUND('1903',#8954,.F.);
#8956=ADVANCED_FACE('1903',(#8955),#8946,.F.);
#8957=CARTESIAN_POINT('',(-2.511393209759E-1,-6.338076984240E0,1.037E1));
#8958=DIRECTION('',(-1.564344650402E-1,9.876883405951E-1,0.E0));
#8959=DIRECTION('',(9.876883405951E-1,1.564344650402E-1,0.E0));
#8960=AXIS2_PLACEMENT_3D('',#8957,#8958,#8959);
#8961=PLANE('1964',#8960);
#8963=ORIENTED_EDGE('17589',*,*,#8962,.T.);
#8964=ORIENTED_EDGE('17598',*,*,#8952,.T.);
#8966=ORIENTED_EDGE('17590',*,*,#8965,.F.);
#8968=ORIENTED_EDGE('17597',*,*,#8967,.T.);
#8969=EDGE_LOOP('1964',(#8963,#8964,#8966,#8968));
#8970=FACE_OUTER_BOUND('1964',#8969,.F.);
#8971=ADVANCED_FACE('1964',(#8970),#8961,.F.);
#8972=CARTESIAN_POINT('',(-9.45E-1,-7.26E0,1.126E1));
#8973=DIRECTION('',(0.E0,0.E0,-1.E0));
#8974=DIRECTION('',(1.E0,0.E0,0.E0));
#8975=AXIS2_PLACEMENT_3D('',#8972,#8973,#8974);
#8976=PLANE('17542',#8975);
#8977=ORIENTED_EDGE('17755',*,*,#8816,.T.);
#8978=ORIENTED_EDGE('17774',*,*,#8834,.T.);
#8979=ORIENTED_EDGE('17589',*,*,#8962,.F.);
#8981=ORIENTED_EDGE('17586',*,*,#8980,.T.);
#8982=ORIENTED_EDGE('17773',*,*,#8785,.F.);
#8983=EDGE_LOOP('17542',(#8977,#8978,#8979,#8981,#8982));
#8984=FACE_OUTER_BOUND('17542',#8983,.F.);
#8985=ADVANCED_FACE('17542',(#8984),#8976,.T.);
#8986=CARTESIAN_POINT('',(-3.45E-1,-5.745463979883E0,1.037E1));
#8987=DIRECTION('',(0.E0,0.E0,-1.E0));
#8988=DIRECTION('',(1.E0,0.E0,0.E0));
#8989=AXIS2_PLACEMENT_3D('',#8986,#8987,#8988);
#8990=CYLINDRICAL_SURFACE('1962',#8989,6.E-1);
#8991=ORIENTED_EDGE('17586',*,*,#8980,.F.);
#8992=ORIENTED_EDGE('17597',*,*,#8967,.F.);
#8994=ORIENTED_EDGE('17587',*,*,#8993,.T.);
#8995=ORIENTED_EDGE('17605',*,*,#8787,.F.);
#8996=EDGE_LOOP('1962',(#8991,#8992,#8994,#8995));
#8997=FACE_OUTER_BOUND('1962',#8996,.F.);
#8998=ADVANCED_FACE('1962',(#8997),#8990,.T.);
#8999=CARTESIAN_POINT('',(5.583471458512E-1,-7.26E0,1.058E1));
#9000=DIRECTION('',(0.E0,0.E0,1.E0));
#9001=DIRECTION('',(-1.E0,0.E0,0.E0));
#9002=AXIS2_PLACEMENT_3D('',#8999,#9000,#9001);
#9003=PLANE('17548',#9002);
#9004=ORIENTED_EDGE('17763',*,*,#8771,.T.);
#9005=ORIENTED_EDGE('17776',*,*,#8789,.T.);
#9006=ORIENTED_EDGE('17587',*,*,#8993,.F.);
#9007=ORIENTED_EDGE('17590',*,*,#8965,.T.);
#9008=ORIENTED_EDGE('17775',*,*,#8755,.F.);
#9009=EDGE_LOOP('17548',(#9004,#9005,#9006,#9007,#9008));
#9010=FACE_OUTER_BOUND('17548',#9009,.F.);
#9011=ADVANCED_FACE('17548',(#9010),#9003,.T.);
#9012=CARTESIAN_POINT('',(-1.595E0,-2.8E0,1.037E1));
#9013=DIRECTION('',(0.E0,1.E0,0.E0));
#9014=DIRECTION('',(1.E0,0.E0,0.E0));
#9015=AXIS2_PLACEMENT_3D('',#9012,#9013,#9014);
#9016=PLANE('1958',#9015);
#9018=ORIENTED_EDGE('1979',*,*,#9017,.F.);
#9020=ORIENTED_EDGE('2003',*,*,#9019,.T.);
#9021=ORIENTED_EDGE('1948',*,*,#8861,.T.);
#9022=ORIENTED_EDGE('2005',*,*,#8801,.F.);
#9023=EDGE_LOOP('1958',(#9018,#9020,#9021,#9022));
#9024=FACE_OUTER_BOUND('1958',#9023,.F.);
#9025=ADVANCED_FACE('1958',(#9024),#9016,.F.);
#9026=CARTESIAN_POINT('',(-1.595E0,-2.8E0,1.037E1));
#9027=DIRECTION('',(0.E0,1.E0,0.E0));
#9028=DIRECTION('',(1.E0,0.E0,0.E0));
#9029=AXIS2_PLACEMENT_3D('',#9026,#9027,#9028);
#9030=PLANE('1958',#9029);
#9032=ORIENTED_EDGE('1983',*,*,#9031,.F.);
#9033=ORIENTED_EDGE('2004',*,*,#8794,.F.);
#9034=ORIENTED_EDGE('1938',*,*,#8743,.F.);
#9036=ORIENTED_EDGE('2002',*,*,#9035,.T.);
#9037=EDGE_LOOP('1958',(#9032,#9033,#9034,#9036));
#9038=FACE_OUTER_BOUND('1958',#9037,.F.);
#9039=ADVANCED_FACE('1958',(#9038),#9030,.F.);
#9040=CARTESIAN_POINT('',(-1.595E0,0.E0,1.1255E1));
#9041=DIRECTION('',(0.E0,0.E0,1.E0));
#9042=DIRECTION('',(1.E0,0.E0,0.E0));
#9043=AXIS2_PLACEMENT_3D('',#9040,#9041,#9042);
#9044=PLANE('1777',#9043);
#9045=ORIENTED_EDGE('1979',*,*,#9017,.T.);
#9046=ORIENTED_EDGE('1990',*,*,#8799,.F.);
#9047=ORIENTED_EDGE('1857',*,*,#8500,.F.);
#9049=ORIENTED_EDGE('1989',*,*,#9048,.T.);
#9050=EDGE_LOOP('1777',(#9045,#9046,#9047,#9049));
#9051=FACE_OUTER_BOUND('1777',#9050,.F.);
#9052=ADVANCED_FACE('1777',(#9051),#9044,.F.);
#9053=CARTESIAN_POINT('',(-1.595E0,0.E0,1.0585E1));
#9054=DIRECTION('',(-1.E0,0.E0,0.E0));
#9055=DIRECTION('',(0.E0,0.E0,1.E0));
#9056=AXIS2_PLACEMENT_3D('',#9053,#9054,#9055);
#9057=PLANE('1775',#9056);
#9059=ORIENTED_EDGE('1988',*,*,#9058,.T.);
#9060=ORIENTED_EDGE('2002',*,*,#9035,.F.);
#9061=ORIENTED_EDGE('1937',*,*,#8741,.F.);
#9063=ORIENTED_EDGE('2011',*,*,#9062,.T.);
#9064=ORIENTED_EDGE('1947',*,*,#8863,.T.);
#9065=ORIENTED_EDGE('2003',*,*,#9019,.F.);
#9066=ORIENTED_EDGE('1989',*,*,#9048,.F.);
#9067=ORIENTED_EDGE('1856',*,*,#8498,.F.);
#9068=EDGE_LOOP('1775',(#9059,#9060,#9061,#9063,#9064,#9065,#9066,#9067));
#9069=FACE_OUTER_BOUND('1775',#9068,.F.);
#9070=ADVANCED_FACE('1775',(#9069),#9057,.F.);
#9071=CARTESIAN_POINT('',(-9.45E-1,0.E0,1.0585E1));
#9072=DIRECTION('',(0.E0,0.E0,-1.E0));
#9073=DIRECTION('',(-1.E0,0.E0,0.E0));
#9074=AXIS2_PLACEMENT_3D('',#9071,#9072,#9073);
#9075=PLANE('1781',#9074);
#9076=ORIENTED_EDGE('1983',*,*,#9031,.T.);
#9077=ORIENTED_EDGE('1988',*,*,#9058,.F.);
#9078=ORIENTED_EDGE('1859',*,*,#8504,.F.);
#9079=ORIENTED_EDGE('1991',*,*,#8796,.T.);
#9080=EDGE_LOOP('1781',(#9076,#9077,#9078,#9079));
#9081=FACE_OUTER_BOUND('1781',#9080,.F.);
#9082=ADVANCED_FACE('1781',(#9081),#9075,.F.);
#9083=CARTESIAN_POINT('',(-1.768205080757E0,-5.64E0,1.037E1));
#9084=DIRECTION('',(-8.660254037844E-1,5.E-1,0.E0));
#9085=DIRECTION('',(5.E-1,8.660254037844E-1,0.E0));
#9086=AXIS2_PLACEMENT_3D('',#9083,#9084,#9085);
#9087=PLANE('1972',#9086);
#9088=ORIENTED_EDGE('2011',*,*,#9062,.F.);
#9089=ORIENTED_EDGE('1945',*,*,#8739,.F.);
#9091=ORIENTED_EDGE('1973',*,*,#9090,.T.);
#9092=ORIENTED_EDGE('1955',*,*,#8865,.T.);
#9093=EDGE_LOOP('1972',(#9088,#9089,#9091,#9092));
#9094=FACE_OUTER_BOUND('1972',#9093,.F.);
#9095=ADVANCED_FACE('1972',(#9094),#9087,.F.);
#9096=CARTESIAN_POINT('',(-2.045E0,-7.26E0,1.037E1));
#9097=DIRECTION('',(-9.857152649688E-1,1.684203562739E-1,0.E0));
#9098=DIRECTION('',(1.684203562739E-1,9.857152649688E-1,0.E0));
#9099=AXIS2_PLACEMENT_3D('',#9096,#9097,#9098);
#9100=PLANE('1970',#9099);
#9101=ORIENTED_EDGE('1976',*,*,#6869,.F.);
#9102=ORIENTED_EDGE('1999',*,*,#8867,.T.);
#9103=ORIENTED_EDGE('1973',*,*,#9090,.F.);
#9104=ORIENTED_EDGE('1997',*,*,#8737,.F.);
#9105=EDGE_LOOP('1970',(#9101,#9102,#9103,#9104));
#9106=FACE_OUTER_BOUND('1970',#9105,.F.);
#9107=ADVANCED_FACE('1970',(#9106),#9100,.F.);
#9108=CARTESIAN_POINT('',(1.92E0,0.E0,1.281E1));
#9109=DIRECTION('',(0.E0,0.E0,-1.E0));
#9110=DIRECTION('',(-1.E0,0.E0,0.E0));
#9111=AXIS2_PLACEMENT_3D('',#9108,#9109,#9110);
#9112=PLANE('9457',#9111);
#9113=ORIENTED_EDGE('9473',*,*,#8091,.F.);
#9115=ORIENTED_EDGE('9481',*,*,#9114,.T.);
#9117=ORIENTED_EDGE('9449',*,*,#9116,.T.);
#9119=ORIENTED_EDGE('9482',*,*,#9118,.F.);
#9120=EDGE_LOOP('9457',(#9113,#9115,#9117,#9119));
#9121=FACE_OUTER_BOUND('9457',#9120,.F.);
#9122=ADVANCED_FACE('9457',(#9121),#9112,.F.);
#9123=CARTESIAN_POINT('',(1.92E0,0.E0,1.411E1));
#9124=DIRECTION('',(1.E0,0.E0,0.E0));
#9125=DIRECTION('',(0.E0,0.E0,-1.E0));
#9126=AXIS2_PLACEMENT_3D('',#9123,#9124,#9125);
#9127=PLANE('9463',#9126);
#9128=ORIENTED_EDGE('9476',*,*,#8097,.F.);
#9130=ORIENTED_EDGE('9484',*,*,#9129,.T.);
#9132=ORIENTED_EDGE('9452',*,*,#9131,.T.);
#9133=ORIENTED_EDGE('9481',*,*,#9114,.F.);
#9134=EDGE_LOOP('9463',(#9128,#9130,#9132,#9133));
#9135=FACE_OUTER_BOUND('9463',#9134,.F.);
#9136=ADVANCED_FACE('9463',(#9135),#9127,.F.);
#9137=CARTESIAN_POINT('',(6.2E-1,0.E0,1.411E1));
#9138=DIRECTION('',(0.E0,0.E0,1.E0));
#9139=DIRECTION('',(1.E0,0.E0,0.E0));
#9140=AXIS2_PLACEMENT_3D('',#9137,#9138,#9139);
#9141=PLANE('9461',#9140);
#9142=ORIENTED_EDGE('9475',*,*,#8095,.F.);
#9144=ORIENTED_EDGE('9483',*,*,#9143,.T.);
#9146=ORIENTED_EDGE('9451',*,*,#9145,.T.);
#9147=ORIENTED_EDGE('9484',*,*,#9129,.F.);
#9148=EDGE_LOOP('9461',(#9142,#9144,#9146,#9147));
#9149=FACE_OUTER_BOUND('9461',#9148,.F.);
#9150=ADVANCED_FACE('9461',(#9149),#9141,.F.);
#9151=CARTESIAN_POINT('',(6.2E-1,0.E0,1.281E1));
#9152=DIRECTION('',(-1.E0,0.E0,0.E0));
#9153=DIRECTION('',(0.E0,0.E0,1.E0));
#9154=AXIS2_PLACEMENT_3D('',#9151,#9152,#9153);
#9155=PLANE('9459',#9154);
#9156=ORIENTED_EDGE('9474',*,*,#8093,.F.);
#9157=ORIENTED_EDGE('9482',*,*,#9118,.T.);
#9159=ORIENTED_EDGE('9450',*,*,#9158,.T.);
#9160=ORIENTED_EDGE('9483',*,*,#9143,.F.);
#9161=EDGE_LOOP('9459',(#9156,#9157,#9159,#9160));
#9162=FACE_OUTER_BOUND('9459',#9161,.F.);
#9163=ADVANCED_FACE('9459',(#9162),#9155,.F.);
#9164=CARTESIAN_POINT('',(3.2E0,-2.E-1,2.2575E1));
#9165=DIRECTION('',(0.E0,1.E0,0.E0));
#9166=DIRECTION('',(0.E0,0.E0,1.E0));
#9167=AXIS2_PLACEMENT_3D('',#9164,#9165,#9166);
#9168=PLANE('9448',#9167);
#9169=ORIENTED_EDGE('9449',*,*,#9116,.F.);
#9170=ORIENTED_EDGE('9452',*,*,#9131,.F.);
#9171=ORIENTED_EDGE('9451',*,*,#9145,.F.);
#9172=ORIENTED_EDGE('9450',*,*,#9158,.F.);
#9173=EDGE_LOOP('9448',(#9169,#9170,#9171,#9172));
#9174=FACE_OUTER_BOUND('9448',#9173,.F.);
#9176=ORIENTED_EDGE('11511',*,*,#9175,.T.);
#9178=ORIENTED_EDGE('11512',*,*,#9177,.T.);
#9180=ORIENTED_EDGE('11513',*,*,#9179,.T.);
#9182=ORIENTED_EDGE('11514',*,*,#9181,.T.);
#9183=EDGE_LOOP('9448',(#9176,#9178,#9180,#9182));
#9184=FACE_BOUND('9448',#9183,.F.);
#9185=ADVANCED_FACE('9448',(#9174,#9184),#9168,.T.);
#9186=CARTESIAN_POINT('',(3.2E0,-2.E-1,2.2575E1));
#9187=DIRECTION('',(0.E0,1.E0,0.E0));
#9188=DIRECTION('',(0.E0,0.E0,1.E0));
#9189=AXIS2_PLACEMENT_3D('',#9186,#9187,#9188);
#9190=PLANE('9448',#9189);
#9192=ORIENTED_EDGE('9453',*,*,#9191,.F.);
#9194=ORIENTED_EDGE('9456',*,*,#9193,.F.);
#9196=ORIENTED_EDGE('9455',*,*,#9195,.F.);
#9198=ORIENTED_EDGE('9454',*,*,#9197,.F.);
#9199=EDGE_LOOP('9448',(#9192,#9194,#9196,#9198));
#9200=FACE_OUTER_BOUND('9448',#9199,.F.);
#9202=ORIENTED_EDGE('11515',*,*,#9201,.T.);
#9204=ORIENTED_EDGE('11516',*,*,#9203,.T.);
#9206=ORIENTED_EDGE('11517',*,*,#9205,.T.);
#9208=ORIENTED_EDGE('11518',*,*,#9207,.T.);
#9209=EDGE_LOOP('9448',(#9202,#9204,#9206,#9208));
#9210=FACE_BOUND('9448',#9209,.F.);
#9211=ADVANCED_FACE('9448',(#9200,#9210),#9190,.T.);
#9212=CARTESIAN_POINT('',(-1.92E0,0.E0,1.281E1));
#9213=DIRECTION('',(-1.E0,0.E0,0.E0));
#9214=DIRECTION('',(0.E0,0.E0,1.E0));
#9215=AXIS2_PLACEMENT_3D('',#9212,#9213,#9214);
#9216=PLANE('9465',#9215);
#9217=ORIENTED_EDGE('9477',*,*,#8101,.F.);
#9219=ORIENTED_EDGE('9485',*,*,#9218,.T.);
#9220=ORIENTED_EDGE('9453',*,*,#9191,.T.);
#9222=ORIENTED_EDGE('9486',*,*,#9221,.F.);
#9223=EDGE_LOOP('9465',(#9217,#9219,#9220,#9222));
#9224=FACE_OUTER_BOUND('9465',#9223,.F.);
#9225=ADVANCED_FACE('9465',(#9224),#9216,.F.);
#9226=CARTESIAN_POINT('',(-6.2E-1,0.E0,1.281E1));
#9227=DIRECTION('',(0.E0,0.E0,-1.E0));
#9228=DIRECTION('',(-1.E0,0.E0,0.E0));
#9229=AXIS2_PLACEMENT_3D('',#9226,#9227,#9228);
#9230=PLANE('9471',#9229);
#9231=ORIENTED_EDGE('9480',*,*,#8107,.F.);
#9233=ORIENTED_EDGE('9488',*,*,#9232,.T.);
#9234=ORIENTED_EDGE('9456',*,*,#9193,.T.);
#9235=ORIENTED_EDGE('9485',*,*,#9218,.F.);
#9236=EDGE_LOOP('9471',(#9231,#9233,#9234,#9235));
#9237=FACE_OUTER_BOUND('9471',#9236,.F.);
#9238=ADVANCED_FACE('9471',(#9237),#9230,.F.);
#9239=CARTESIAN_POINT('',(-6.2E-1,0.E0,1.411E1));
#9240=DIRECTION('',(1.E0,0.E0,0.E0));
#9241=DIRECTION('',(0.E0,0.E0,-1.E0));
#9242=AXIS2_PLACEMENT_3D('',#9239,#9240,#9241);
#9243=PLANE('9469',#9242);
#9244=ORIENTED_EDGE('9479',*,*,#8105,.F.);
#9246=ORIENTED_EDGE('9487',*,*,#9245,.T.);
#9247=ORIENTED_EDGE('9455',*,*,#9195,.T.);
#9248=ORIENTED_EDGE('9488',*,*,#9232,.F.);
#9249=EDGE_LOOP('9469',(#9244,#9246,#9247,#9248));
#9250=FACE_OUTER_BOUND('9469',#9249,.F.);
#9251=ADVANCED_FACE('9469',(#9250),#9243,.F.);
#9252=CARTESIAN_POINT('',(-1.92E0,0.E0,1.411E1));
#9253=DIRECTION('',(0.E0,0.E0,1.E0));
#9254=DIRECTION('',(1.E0,0.E0,0.E0));
#9255=AXIS2_PLACEMENT_3D('',#9252,#9253,#9254);
#9256=PLANE('9467',#9255);
#9257=ORIENTED_EDGE('9478',*,*,#8103,.F.);
#9258=ORIENTED_EDGE('9486',*,*,#9221,.T.);
#9259=ORIENTED_EDGE('9454',*,*,#9197,.T.);
#9260=ORIENTED_EDGE('9487',*,*,#9245,.F.);
#9261=EDGE_LOOP('9467',(#9257,#9258,#9259,#9260));
#9262=FACE_OUTER_BOUND('9467',#9261,.F.);
#9263=ADVANCED_FACE('9467',(#9262),#9256,.F.);
#9264=CARTESIAN_POINT('',(1.595E0,0.E0,1.3125E1));
#9265=DIRECTION('',(0.E0,0.E0,-1.E0));
#9266=DIRECTION('',(-1.E0,0.E0,0.E0));
#9267=AXIS2_PLACEMENT_3D('',#9264,#9265,#9266);
#9268=PLANE('10427',#9267);
#9270=ORIENTED_EDGE('14338',*,*,#9269,.T.);
#9272=ORIENTED_EDGE('14345',*,*,#9271,.F.);
#9273=ORIENTED_EDGE('11511',*,*,#9175,.F.);
#9275=ORIENTED_EDGE('14344',*,*,#9274,.T.);
#9276=EDGE_LOOP('10427',(#9270,#9272,#9273,#9275));
#9277=FACE_OUTER_BOUND('10427',#9276,.F.);
#9278=ADVANCED_FACE('10427',(#9277),#9268,.F.);
#9279=CARTESIAN_POINT('',(9.45E-1,-2.8E0,1.291E1));
#9280=DIRECTION('',(0.E0,1.E0,0.E0));
#9281=DIRECTION('',(1.E0,0.E0,0.E0));
#9282=AXIS2_PLACEMENT_3D('',#9279,#9280,#9281);
#9283=PLANE('14330',#9282);
#9285=ORIENTED_EDGE('17888',*,*,#9284,.T.);
#9287=ORIENTED_EDGE('23148',*,*,#9286,.F.);
#9289=ORIENTED_EDGE('14340',*,*,#9288,.F.);
#9291=ORIENTED_EDGE('14355',*,*,#9290,.T.);
#9293=ORIENTED_EDGE('17901',*,*,#9292,.T.);
#9294=EDGE_LOOP('14330',(#9285,#9287,#9289,#9291,#9293));
#9295=FACE_OUTER_BOUND('14330',#9294,.F.);
#9296=ADVANCED_FACE('14330',(#9295),#9283,.F.);
#9297=CARTESIAN_POINT('',(9.45E-1,-2.8E0,1.291E1));
#9298=DIRECTION('',(0.E0,1.E0,0.E0));
#9299=DIRECTION('',(1.E0,0.E0,0.E0));
#9300=AXIS2_PLACEMENT_3D('',#9297,#9298,#9299);
#9301=PLANE('14330',#9300);
#9303=ORIENTED_EDGE('17889',*,*,#9302,.T.);
#9305=ORIENTED_EDGE('17900',*,*,#9304,.F.);
#9307=ORIENTED_EDGE('14354',*,*,#9306,.T.);
#9308=ORIENTED_EDGE('14338',*,*,#9269,.F.);
#9310=ORIENTED_EDGE('23147',*,*,#9309,.F.);
#9311=EDGE_LOOP('14330',(#9303,#9305,#9307,#9308,#9310));
#9312=FACE_OUTER_BOUND('14330',#9311,.F.);
#9313=ADVANCED_FACE('14330',(#9312),#9301,.F.);
#9314=CARTESIAN_POINT('',(1.595E0,-7.26E0,1.401E1));
#9315=DIRECTION('',(-1.E0,0.E0,0.E0));
#9316=DIRECTION('',(0.E0,0.E0,-1.E0));
#9317=AXIS2_PLACEMENT_3D('',#9314,#9315,#9316);
#9318=PLANE('17838',#9317);
#9320=ORIENTED_EDGE('20463',*,*,#9319,.F.);
#9322=ORIENTED_EDGE('20483',*,*,#9321,.T.);
#9323=ORIENTED_EDGE('17888',*,*,#9284,.F.);
#9325=ORIENTED_EDGE('17877',*,*,#9324,.T.);
#9326=ORIENTED_EDGE('20477',*,*,#6826,.T.);
#9327=EDGE_LOOP('17838',(#9320,#9322,#9323,#9325,#9326));
#9328=FACE_OUTER_BOUND('17838',#9327,.F.);
#9329=ADVANCED_FACE('17838',(#9328),#9318,.T.);
#9330=CARTESIAN_POINT('',(2.8225E0,-7.11E0,1.388660254038E1));
#9331=DIRECTION('',(0.E0,-5.E-1,-8.660254037844E-1));
#9332=DIRECTION('',(-1.E0,0.E0,0.E0));
#9333=AXIS2_PLACEMENT_3D('',#9330,#9331,#9332);
#9334=PLANE('20369',#9333);
#9335=ORIENTED_EDGE('20461',*,*,#6552,.T.);
#9337=ORIENTED_EDGE('20462',*,*,#9336,.F.);
#9338=ORIENTED_EDGE('20463',*,*,#9319,.T.);
#9339=ORIENTED_EDGE('20464',*,*,#6824,.T.);
#9340=EDGE_LOOP('20369',(#9335,#9337,#9338,#9339));
#9341=FACE_OUTER_BOUND('20369',#9340,.F.);
#9342=ADVANCED_FACE('20369',(#9341),#9334,.T.);
#9343=CARTESIAN_POINT('',(1.595E0,-7.26E0,1.38E1));
#9344=DIRECTION('',(0.E0,0.E0,-1.E0));
#9345=DIRECTION('',(1.E0,0.E0,0.E0));
#9346=AXIS2_PLACEMENT_3D('',#9343,#9344,#9345);
#9347=PLANE('17840',#9346);
#9348=ORIENTED_EDGE('20462',*,*,#9336,.T.);
#9349=ORIENTED_EDGE('20484',*,*,#6550,.T.);
#9351=ORIENTED_EDGE('17892',*,*,#9350,.F.);
#9353=ORIENTED_EDGE('17890',*,*,#9352,.T.);
#9354=ORIENTED_EDGE('20483',*,*,#9321,.F.);
#9355=EDGE_LOOP('17840',(#9348,#9349,#9351,#9353,#9354));
#9356=FACE_OUTER_BOUND('17840',#9355,.F.);
#9357=ADVANCED_FACE('17840',(#9356),#9347,.T.);
#9358=CARTESIAN_POINT('',(2.509924494360E0,-3.4E0,1.291E1));
#9359=DIRECTION('',(-1.564344650402E-1,9.876883405951E-1,0.E0));
#9360=DIRECTION('',(9.876883405951E-1,1.564344650402E-1,0.E0));
#9361=AXIS2_PLACEMENT_3D('',#9358,#9359,#9360);
#9362=PLANE('14320',#9361);
#9363=ORIENTED_EDGE('17892',*,*,#9350,.T.);
#9364=ORIENTED_EDGE('17903',*,*,#6548,.T.);
#9366=ORIENTED_EDGE('17895',*,*,#9365,.F.);
#9368=ORIENTED_EDGE('17902',*,*,#9367,.T.);
#9369=EDGE_LOOP('14320',(#9363,#9364,#9366,#9368));
#9370=FACE_OUTER_BOUND('14320',#9369,.F.);
#9371=ADVANCED_FACE('14320',(#9370),#9362,.F.);
#9372=CARTESIAN_POINT('',(4.05E0,-7.26E0,1.312E1));
#9373=DIRECTION('',(0.E0,0.E0,1.E0));
#9374=DIRECTION('',(-1.E0,0.E0,0.E0));
#9375=AXIS2_PLACEMENT_3D('',#9372,#9373,#9374);
#9376=PLANE('17862',#9375);
#9378=ORIENTED_EDGE('20470',*,*,#9377,.T.);
#9380=ORIENTED_EDGE('20490',*,*,#9379,.T.);
#9382=ORIENTED_EDGE('17891',*,*,#9381,.F.);
#9383=ORIENTED_EDGE('17895',*,*,#9365,.T.);
#9384=ORIENTED_EDGE('20489',*,*,#6546,.F.);
#9385=EDGE_LOOP('17862',(#9378,#9380,#9382,#9383,#9384));
#9386=FACE_OUTER_BOUND('17862',#9385,.F.);
#9387=ADVANCED_FACE('17862',(#9386),#9376,.T.);
#9388=CARTESIAN_POINT('',(2.8225E0,-7.11E0,1.303339745962E1));
#9389=DIRECTION('',(0.E0,-5.E-1,8.660254037844E-1));
#9390=DIRECTION('',(-1.E0,0.E0,0.E0));
#9391=AXIS2_PLACEMENT_3D('',#9388,#9389,#9390);
#9392=PLANE('20379',#9391);
#9394=ORIENTED_EDGE('20469',*,*,#9393,.T.);
#9395=ORIENTED_EDGE('20470',*,*,#9377,.F.);
#9396=ORIENTED_EDGE('20471',*,*,#6544,.T.);
#9397=ORIENTED_EDGE('20472',*,*,#6852,.T.);
#9398=EDGE_LOOP('20379',(#9394,#9395,#9396,#9397));
#9399=FACE_OUTER_BOUND('20379',#9398,.F.);
#9400=ADVANCED_FACE('20379',(#9399),#9392,.T.);
#9401=CARTESIAN_POINT('',(1.595E0,-7.26E0,1.312E1));
#9402=DIRECTION('',(-1.E0,0.E0,0.E0));
#9403=DIRECTION('',(0.E0,0.E0,-1.E0));
#9404=AXIS2_PLACEMENT_3D('',#9401,#9402,#9403);
#9405=PLANE('17864',#9404);
#9406=ORIENTED_EDGE('20469',*,*,#9393,.F.);
#9407=ORIENTED_EDGE('20482',*,*,#6850,.T.);
#9409=ORIENTED_EDGE('17876',*,*,#9408,.F.);
#9410=ORIENTED_EDGE('17889',*,*,#9302,.F.);
#9411=ORIENTED_EDGE('20490',*,*,#9379,.F.);
#9412=EDGE_LOOP('17864',(#9406,#9407,#9409,#9410,#9411));
#9413=FACE_OUTER_BOUND('17864',#9412,.F.);
#9414=ADVANCED_FACE('17864',(#9413),#9405,.T.);
#9415=CARTESIAN_POINT('',(0.E0,0.E0,1.291E1));
#9416=DIRECTION('',(0.E0,0.E0,-1.E0));
#9417=DIRECTION('',(1.E0,0.E0,0.E0));
#9418=AXIS2_PLACEMENT_3D('',#9415,#9416,#9417);
#9419=PLANE('12577',#9418);
#9421=ORIENTED_EDGE('17874',*,*,#9420,.F.);
#9423=ORIENTED_EDGE('17909',*,*,#9422,.T.);
#9425=ORIENTED_EDGE('14308',*,*,#9424,.T.);
#9426=ORIENTED_EDGE('17900',*,*,#9304,.T.);
#9427=ORIENTED_EDGE('17876',*,*,#9408,.T.);
#9428=ORIENTED_EDGE('17911',*,*,#6848,.T.);
#9429=EDGE_LOOP('12577',(#9421,#9423,#9425,#9426,#9427,#9428));
#9430=FACE_OUTER_BOUND('12577',#9429,.F.);
#9431=ADVANCED_FACE('12577',(#9430),#9419,.F.);
#9432=CARTESIAN_POINT('',(0.E0,0.E0,1.291E1));
#9433=DIRECTION('',(0.E0,0.E0,-1.E0));
#9434=DIRECTION('',(1.E0,0.E0,0.E0));
#9435=AXIS2_PLACEMENT_3D('',#9432,#9433,#9434);
#9436=PLANE('12577',#9435);
#9438=ORIENTED_EDGE('17935',*,*,#9437,.F.);
#9439=ORIENTED_EDGE('17912',*,*,#6840,.T.);
#9441=ORIENTED_EDGE('12644',*,*,#9440,.T.);
#9443=ORIENTED_EDGE('12586',*,*,#9442,.T.);
#9445=ORIENTED_EDGE('12578',*,*,#9444,.T.);
#9447=ORIENTED_EDGE('12579',*,*,#9446,.T.);
#9448=EDGE_LOOP('12577',(#9438,#9439,#9441,#9443,#9445,#9447));
#9449=FACE_OUTER_BOUND('12577',#9448,.F.);
#9450=ADVANCED_FACE('12577',(#9449),#9436,.F.);
#9451=CARTESIAN_POINT('',(5.583471458512E-1,-7.26E0,1.291E1));
#9452=DIRECTION('',(1.E0,0.E0,0.E0));
#9453=DIRECTION('',(0.E0,0.E0,1.E0));
#9454=AXIS2_PLACEMENT_3D('',#9451,#9452,#9453);
#9455=PLANE('17852',#9454);
#9457=ORIENTED_EDGE('20475',*,*,#9456,.F.);
#9459=ORIENTED_EDGE('20487',*,*,#9458,.T.);
#9461=ORIENTED_EDGE('17886',*,*,#9460,.F.);
#9462=ORIENTED_EDGE('17874',*,*,#9420,.T.);
#9463=ORIENTED_EDGE('20480',*,*,#6846,.T.);
#9464=EDGE_LOOP('17852',(#9457,#9459,#9461,#9462,#9463));
#9465=FACE_OUTER_BOUND('17852',#9464,.F.);
#9466=ADVANCED_FACE('17852',(#9465),#9455,.T.);
#9467=CARTESIAN_POINT('',(-1.933264270744E-1,-7.11E0,1.303339745962E1));
#9468=DIRECTION('',(0.E0,-5.E-1,8.660254037844E-1));
#9469=DIRECTION('',(-1.E0,0.E0,0.E0));
#9470=AXIS2_PLACEMENT_3D('',#9467,#9468,#9469);
#9471=PLANE('20384',#9470);
#9473=ORIENTED_EDGE('20473',*,*,#9472,.T.);
#9475=ORIENTED_EDGE('20474',*,*,#9474,.F.);
#9476=ORIENTED_EDGE('20475',*,*,#9456,.T.);
#9477=ORIENTED_EDGE('20476',*,*,#6844,.T.);
#9478=EDGE_LOOP('20384',(#9473,#9475,#9476,#9477));
#9479=FACE_OUTER_BOUND('20384',#9478,.F.);
#9480=ADVANCED_FACE('20384',(#9479),#9471,.T.);
#9481=CARTESIAN_POINT('',(-9.45E-1,0.E0,1.3795E1));
#9482=DIRECTION('',(1.E0,0.E0,0.E0));
#9483=DIRECTION('',(0.E0,0.E0,-1.E0));
#9484=AXIS2_PLACEMENT_3D('',#9481,#9482,#9483);
#9485=PLANE('10439',#9484);
#9487=ORIENTED_EDGE('20467',*,*,#9486,.F.);
#9489=ORIENTED_EDGE('20485',*,*,#9488,.T.);
#9491=ORIENTED_EDGE('17899',*,*,#9490,.T.);
#9493=ORIENTED_EDGE('20488',*,*,#9492,.F.);
#9494=ORIENTED_EDGE('20473',*,*,#9472,.F.);
#9495=ORIENTED_EDGE('20481',*,*,#6842,.T.);
#9496=ORIENTED_EDGE('17935',*,*,#9437,.T.);
#9498=ORIENTED_EDGE('12651',*,*,#9497,.T.);
#9500=ORIENTED_EDGE('12642',*,*,#9499,.F.);
#9501=ORIENTED_EDGE('11517',*,*,#9205,.F.);
#9503=ORIENTED_EDGE('12641',*,*,#9502,.T.);
#9505=ORIENTED_EDGE('12652',*,*,#9504,.T.);
#9507=ORIENTED_EDGE('17934',*,*,#9506,.T.);
#9508=ORIENTED_EDGE('20478',*,*,#6834,.T.);
#9509=EDGE_LOOP('10439',(#9487,#9489,#9491,#9493,#9494,#9495,#9496,#9498,#9500,
#9501,#9503,#9505,#9507,#9508));
#9510=FACE_OUTER_BOUND('10439',#9509,.F.);
#9511=ADVANCED_FACE('10439',(#9510),#9485,.F.);
#9512=CARTESIAN_POINT('',(-1.933264270744E-1,-7.11E0,1.388660254038E1));
#9513=DIRECTION('',(0.E0,-5.E-1,-8.660254037844E-1));
#9514=DIRECTION('',(-1.E0,0.E0,0.E0));
#9515=AXIS2_PLACEMENT_3D('',#9512,#9513,#9514);
#9516=PLANE('20374',#9515);
#9518=ORIENTED_EDGE('20465',*,*,#9517,.T.);
#9520=ORIENTED_EDGE('20466',*,*,#9519,.F.);
#9521=ORIENTED_EDGE('20467',*,*,#9486,.T.);
#9522=ORIENTED_EDGE('20468',*,*,#6832,.T.);
#9523=EDGE_LOOP('20374',(#9518,#9520,#9521,#9522));
#9524=FACE_OUTER_BOUND('20374',#9523,.F.);
#9525=ADVANCED_FACE('20374',(#9524),#9516,.T.);
#9526=CARTESIAN_POINT('',(5.583471458512E-1,-7.26E0,1.38E1));
#9527=DIRECTION('',(1.E0,0.E0,0.E0));
#9528=DIRECTION('',(0.E0,0.E0,1.E0));
#9529=AXIS2_PLACEMENT_3D('',#9526,#9527,#9528);
#9530=PLANE('17850',#9529);
#9531=ORIENTED_EDGE('20465',*,*,#9517,.F.);
#9532=ORIENTED_EDGE('20479',*,*,#6830,.T.);
#9534=ORIENTED_EDGE('17879',*,*,#9533,.F.);
#9536=ORIENTED_EDGE('17885',*,*,#9535,.T.);
#9538=ORIENTED_EDGE('20486',*,*,#9537,.F.);
#9539=EDGE_LOOP('17850',(#9531,#9532,#9534,#9536,#9538));
#9540=FACE_OUTER_BOUND('17850',#9539,.F.);
#9541=ADVANCED_FACE('17850',(#9540),#9530,.T.);
#9542=CARTESIAN_POINT('',(0.E0,0.E0,1.401E1));
#9543=DIRECTION('',(0.E0,0.E0,-1.E0));
#9544=DIRECTION('',(1.E0,0.E0,0.E0));
#9545=AXIS2_PLACEMENT_3D('',#9542,#9543,#9544);
#9546=PLANE('12587',#9545);
#9547=ORIENTED_EDGE('17877',*,*,#9324,.F.);
#9548=ORIENTED_EDGE('17901',*,*,#9292,.F.);
#9550=ORIENTED_EDGE('14316',*,*,#9549,.F.);
#9552=ORIENTED_EDGE('17910',*,*,#9551,.F.);
#9553=ORIENTED_EDGE('17879',*,*,#9533,.T.);
#9554=ORIENTED_EDGE('17914',*,*,#6828,.T.);
#9555=EDGE_LOOP('12587',(#9547,#9548,#9550,#9552,#9553,#9554));
#9556=FACE_OUTER_BOUND('12587',#9555,.F.);
#9557=ADVANCED_FACE('12587',(#9556),#9546,.T.);
#9558=CARTESIAN_POINT('',(0.E0,0.E0,1.401E1));
#9559=DIRECTION('',(0.E0,0.E0,-1.E0));
#9560=DIRECTION('',(1.E0,0.E0,0.E0));
#9561=AXIS2_PLACEMENT_3D('',#9558,#9559,#9560);
#9562=PLANE('12587',#9561);
#9563=ORIENTED_EDGE('17934',*,*,#9506,.F.);
#9565=ORIENTED_EDGE('12589',*,*,#9564,.F.);
#9567=ORIENTED_EDGE('12588',*,*,#9566,.F.);
#9569=ORIENTED_EDGE('12596',*,*,#9568,.F.);
#9571=ORIENTED_EDGE('12646',*,*,#9570,.F.);
#9572=ORIENTED_EDGE('17913',*,*,#6836,.T.);
#9573=EDGE_LOOP('12587',(#9563,#9565,#9567,#9569,#9571,#9572));
#9574=FACE_OUTER_BOUND('12587',#9573,.F.);
#9575=ADVANCED_FACE('12587',(#9574),#9562,.T.);
#9576=CARTESIAN_POINT('',(7.429274057836E-1,-3.15E0,1.291E1));
#9577=DIRECTION('',(-8.660254037844E-1,5.E-1,0.E0));
#9578=DIRECTION('',(5.E-1,8.660254037844E-1,0.E0));
#9579=AXIS2_PLACEMENT_3D('',#9576,#9577,#9578);
#9580=PLANE('14328',#9579);
#9582=ORIENTED_EDGE('14339',*,*,#9581,.F.);
#9583=ORIENTED_EDGE('14354',*,*,#9306,.F.);
#9584=ORIENTED_EDGE('14308',*,*,#9424,.F.);
#9586=ORIENTED_EDGE('14329',*,*,#9585,.T.);
#9587=ORIENTED_EDGE('14316',*,*,#9549,.T.);
#9588=ORIENTED_EDGE('14355',*,*,#9290,.F.);
#9589=EDGE_LOOP('14328',(#9582,#9583,#9584,#9586,#9587,#9588));
#9590=FACE_OUTER_BOUND('14328',#9589,.F.);
#9591=ADVANCED_FACE('14328',(#9590),#9580,.F.);
#9592=CARTESIAN_POINT('',(9.45E-1,0.E0,1.3125E1));
#9593=DIRECTION('',(-1.E0,0.E0,0.E0));
#9594=DIRECTION('',(0.E0,0.E0,1.E0));
#9595=AXIS2_PLACEMENT_3D('',#9592,#9593,#9594);
#9596=PLANE('10429',#9595);
#9597=ORIENTED_EDGE('14339',*,*,#9581,.T.);
#9599=ORIENTED_EDGE('14346',*,*,#9598,.F.);
#9600=ORIENTED_EDGE('11512',*,*,#9177,.F.);
#9601=ORIENTED_EDGE('14345',*,*,#9271,.T.);
#9602=EDGE_LOOP('10429',(#9597,#9599,#9600,#9601));
#9603=FACE_OUTER_BOUND('10429',#9602,.F.);
#9604=ADVANCED_FACE('10429',(#9603),#9596,.F.);
#9605=CARTESIAN_POINT('',(9.45E-1,0.E0,1.3795E1));
#9606=DIRECTION('',(0.E0,0.E0,1.E0));
#9607=DIRECTION('',(1.E0,0.E0,0.E0));
#9608=AXIS2_PLACEMENT_3D('',#9605,#9606,#9607);
#9609=PLANE('10431',#9608);
#9610=ORIENTED_EDGE('14340',*,*,#9288,.T.);
#9612=ORIENTED_EDGE('14347',*,*,#9611,.F.);
#9613=ORIENTED_EDGE('11513',*,*,#9179,.F.);
#9614=ORIENTED_EDGE('14346',*,*,#9598,.T.);
#9615=EDGE_LOOP('10431',(#9610,#9612,#9613,#9614));
#9616=FACE_OUTER_BOUND('10431',#9615,.F.);
#9617=ADVANCED_FACE('10431',(#9616),#9609,.F.);
#9618=CARTESIAN_POINT('',(1.595E0,0.E0,1.3795E1));
#9619=DIRECTION('',(1.E0,0.E0,0.E0));
#9620=DIRECTION('',(0.E0,0.E0,-1.E0));
#9621=AXIS2_PLACEMENT_3D('',#9618,#9619,#9620);
#9622=PLANE('10433',#9621);
#9624=ORIENTED_EDGE('14341',*,*,#9623,.T.);
#9625=ORIENTED_EDGE('14344',*,*,#9274,.F.);
#9626=ORIENTED_EDGE('11514',*,*,#9181,.F.);
#9627=ORIENTED_EDGE('14347',*,*,#9611,.T.);
#9628=EDGE_LOOP('10433',(#9624,#9625,#9626,#9627));
#9629=FACE_OUTER_BOUND('10433',#9628,.F.);
#9630=ADVANCED_FACE('10433',(#9629),#9622,.F.);
#9631=CARTESIAN_POINT('',(2.382660813148E0,-2.596488739989E0,1.291E1));
#9632=DIRECTION('',(0.E0,0.E0,-1.E0));
#9633=DIRECTION('',(-1.E0,0.E0,0.E0));
#9634=AXIS2_PLACEMENT_3D('',#9631,#9632,#9633);
#9635=CYLINDRICAL_SURFACE('14318',#9634,8.135271289396E-1);
#9636=ORIENTED_EDGE('17890',*,*,#9352,.F.);
#9637=ORIENTED_EDGE('17902',*,*,#9367,.F.);
#9638=ORIENTED_EDGE('17891',*,*,#9381,.T.);
#9639=ORIENTED_EDGE('23147',*,*,#9309,.T.);
#9640=ORIENTED_EDGE('14341',*,*,#9623,.F.);
#9641=ORIENTED_EDGE('23148',*,*,#9286,.T.);
#9642=EDGE_LOOP('14318',(#9636,#9637,#9638,#9639,#9640,#9641));
#9643=FACE_OUTER_BOUND('14318',#9642,.F.);
#9644=ADVANCED_FACE('14318',(#9643),#9635,.T.);
#9645=CARTESIAN_POINT('',(4.95E-1,-7.26E0,1.291E1));
#9646=DIRECTION('',(-9.981855201393E-1,6.021351496324E-2,0.E0));
#9647=DIRECTION('',(6.021351496324E-2,9.981855201393E-1,0.E0));
#9648=AXIS2_PLACEMENT_3D('',#9645,#9646,#9647);
#9649=PLANE('14326',#9648);
#9650=ORIENTED_EDGE('17885',*,*,#9535,.F.);
#9651=ORIENTED_EDGE('17910',*,*,#9551,.T.);
#9652=ORIENTED_EDGE('14329',*,*,#9585,.F.);
#9653=ORIENTED_EDGE('17909',*,*,#9422,.F.);
#9654=ORIENTED_EDGE('17886',*,*,#9460,.T.);
#9656=ORIENTED_EDGE('17908',*,*,#9655,.F.);
#9657=EDGE_LOOP('14326',(#9650,#9651,#9652,#9653,#9654,#9656));
#9658=FACE_OUTER_BOUND('14326',#9657,.F.);
#9659=ADVANCED_FACE('14326',(#9658),#9649,.F.);
#9660=CARTESIAN_POINT('',(-2.511393209759E-1,-6.338076984240E0,1.291E1));
#9661=DIRECTION('',(-1.564344650402E-1,9.876883405951E-1,0.E0));
#9662=DIRECTION('',(9.876883405951E-1,1.564344650402E-1,0.E0));
#9663=AXIS2_PLACEMENT_3D('',#9660,#9661,#9662);
#9664=PLANE('12605',#9663);
#9666=ORIENTED_EDGE('17884',*,*,#9665,.T.);
#9667=ORIENTED_EDGE('17908',*,*,#9655,.T.);
#9669=ORIENTED_EDGE('17887',*,*,#9668,.F.);
#9671=ORIENTED_EDGE('17898',*,*,#9670,.T.);
#9672=EDGE_LOOP('12605',(#9666,#9667,#9669,#9671));
#9673=FACE_OUTER_BOUND('12605',#9672,.F.);
#9674=ADVANCED_FACE('12605',(#9673),#9664,.F.);
#9675=CARTESIAN_POINT('',(-9.45E-1,-7.26E0,1.38E1));
#9676=DIRECTION('',(0.E0,0.E0,-1.E0));
#9677=DIRECTION('',(1.E0,0.E0,0.E0));
#9678=AXIS2_PLACEMENT_3D('',#9675,#9676,#9677);
#9679=PLANE('17848',#9678);
#9680=ORIENTED_EDGE('20466',*,*,#9519,.T.);
#9681=ORIENTED_EDGE('20486',*,*,#9537,.T.);
#9682=ORIENTED_EDGE('17884',*,*,#9665,.F.);
#9684=ORIENTED_EDGE('17881',*,*,#9683,.T.);
#9685=ORIENTED_EDGE('20485',*,*,#9488,.F.);
#9686=EDGE_LOOP('17848',(#9680,#9681,#9682,#9684,#9685));
#9687=FACE_OUTER_BOUND('17848',#9686,.F.);
#9688=ADVANCED_FACE('17848',(#9687),#9679,.T.);
#9689=CARTESIAN_POINT('',(-3.45E-1,-5.745463979883E0,1.291E1));
#9690=DIRECTION('',(0.E0,0.E0,-1.E0));
#9691=DIRECTION('',(1.E0,0.E0,0.E0));
#9692=AXIS2_PLACEMENT_3D('',#9689,#9690,#9691);
#9693=CYLINDRICAL_SURFACE('12603',#9692,6.E-1);
#9694=ORIENTED_EDGE('17881',*,*,#9683,.F.);
#9695=ORIENTED_EDGE('17898',*,*,#9670,.F.);
#9697=ORIENTED_EDGE('17882',*,*,#9696,.T.);
#9698=ORIENTED_EDGE('17899',*,*,#9490,.F.);
#9699=EDGE_LOOP('12603',(#9694,#9695,#9697,#9698));
#9700=FACE_OUTER_BOUND('12603',#9699,.F.);
#9701=ADVANCED_FACE('12603',(#9700),#9693,.T.);
#9702=CARTESIAN_POINT('',(5.583471458512E-1,-7.26E0,1.312E1));
#9703=DIRECTION('',(0.E0,0.E0,1.E0));
#9704=DIRECTION('',(-1.E0,0.E0,0.E0));
#9705=AXIS2_PLACEMENT_3D('',#9702,#9703,#9704);
#9706=PLANE('17854',#9705);
#9707=ORIENTED_EDGE('20474',*,*,#9474,.T.);
#9708=ORIENTED_EDGE('20488',*,*,#9492,.T.);
#9709=ORIENTED_EDGE('17882',*,*,#9696,.F.);
#9710=ORIENTED_EDGE('17887',*,*,#9668,.T.);
#9711=ORIENTED_EDGE('20487',*,*,#9458,.F.);
#9712=EDGE_LOOP('17854',(#9707,#9708,#9709,#9710,#9711));
#9713=FACE_OUTER_BOUND('17854',#9712,.F.);
#9714=ADVANCED_FACE('17854',(#9713),#9706,.T.);
#9715=CARTESIAN_POINT('',(-1.595E0,-2.8E0,1.291E1));
#9716=DIRECTION('',(0.E0,1.E0,0.E0));
#9717=DIRECTION('',(1.E0,0.E0,0.E0));
#9718=AXIS2_PLACEMENT_3D('',#9715,#9716,#9717);
#9719=PLANE('12599',#9718);
#9721=ORIENTED_EDGE('12627',*,*,#9720,.F.);
#9723=ORIENTED_EDGE('12650',*,*,#9722,.T.);
#9724=ORIENTED_EDGE('12589',*,*,#9564,.T.);
#9725=ORIENTED_EDGE('12652',*,*,#9504,.F.);
#9726=EDGE_LOOP('12599',(#9721,#9723,#9724,#9725));
#9727=FACE_OUTER_BOUND('12599',#9726,.F.);
#9728=ADVANCED_FACE('12599',(#9727),#9719,.F.);
#9729=CARTESIAN_POINT('',(-1.595E0,-2.8E0,1.291E1));
#9730=DIRECTION('',(0.E0,1.E0,0.E0));
#9731=DIRECTION('',(1.E0,0.E0,0.E0));
#9732=AXIS2_PLACEMENT_3D('',#9729,#9730,#9731);
#9733=PLANE('12599',#9732);
#9735=ORIENTED_EDGE('12631',*,*,#9734,.F.);
#9736=ORIENTED_EDGE('12651',*,*,#9497,.F.);
#9737=ORIENTED_EDGE('12579',*,*,#9446,.F.);
#9739=ORIENTED_EDGE('12649',*,*,#9738,.T.);
#9740=EDGE_LOOP('12599',(#9735,#9736,#9737,#9739));
#9741=FACE_OUTER_BOUND('12599',#9740,.F.);
#9742=ADVANCED_FACE('12599',(#9741),#9733,.F.);
#9743=CARTESIAN_POINT('',(-1.595E0,0.E0,1.3795E1));
#9744=DIRECTION('',(0.E0,0.E0,1.E0));
#9745=DIRECTION('',(1.E0,0.E0,0.E0));
#9746=AXIS2_PLACEMENT_3D('',#9743,#9744,#9745);
#9747=PLANE('10437',#9746);
#9748=ORIENTED_EDGE('12627',*,*,#9720,.T.);
#9749=ORIENTED_EDGE('12641',*,*,#9502,.F.);
#9750=ORIENTED_EDGE('11516',*,*,#9203,.F.);
#9752=ORIENTED_EDGE('12640',*,*,#9751,.T.);
#9753=EDGE_LOOP('10437',(#9748,#9749,#9750,#9752));
#9754=FACE_OUTER_BOUND('10437',#9753,.F.);
#9755=ADVANCED_FACE('10437',(#9754),#9747,.F.);
#9756=CARTESIAN_POINT('',(-1.595E0,0.E0,1.3125E1));
#9757=DIRECTION('',(-1.E0,0.E0,0.E0));
#9758=DIRECTION('',(0.E0,0.E0,1.E0));
#9759=AXIS2_PLACEMENT_3D('',#9756,#9757,#9758);
#9760=PLANE('10435',#9759);
#9762=ORIENTED_EDGE('12639',*,*,#9761,.T.);
#9763=ORIENTED_EDGE('12649',*,*,#9738,.F.);
#9764=ORIENTED_EDGE('12578',*,*,#9444,.F.);
#9766=ORIENTED_EDGE('12656',*,*,#9765,.T.);
#9767=ORIENTED_EDGE('12588',*,*,#9566,.T.);
#9768=ORIENTED_EDGE('12650',*,*,#9722,.F.);
#9769=ORIENTED_EDGE('12640',*,*,#9751,.F.);
#9770=ORIENTED_EDGE('11515',*,*,#9201,.F.);
#9771=EDGE_LOOP('10435',(#9762,#9763,#9764,#9766,#9767,#9768,#9769,#9770));
#9772=FACE_OUTER_BOUND('10435',#9771,.F.);
#9773=ADVANCED_FACE('10435',(#9772),#9760,.F.);
#9774=CARTESIAN_POINT('',(-9.45E-1,0.E0,1.3125E1));
#9775=DIRECTION('',(0.E0,0.E0,-1.E0));
#9776=DIRECTION('',(-1.E0,0.E0,0.E0));
#9777=AXIS2_PLACEMENT_3D('',#9774,#9775,#9776);
#9778=PLANE('10441',#9777);
#9779=ORIENTED_EDGE('12631',*,*,#9734,.T.);
#9780=ORIENTED_EDGE('12639',*,*,#9761,.F.);
#9781=ORIENTED_EDGE('11518',*,*,#9207,.F.);
#9782=ORIENTED_EDGE('12642',*,*,#9499,.T.);
#9783=EDGE_LOOP('10441',(#9779,#9780,#9781,#9782));
#9784=FACE_OUTER_BOUND('10441',#9783,.F.);
#9785=ADVANCED_FACE('10441',(#9784),#9778,.F.);
#9786=CARTESIAN_POINT('',(-1.768205080757E0,-5.64E0,1.291E1));
#9787=DIRECTION('',(-8.660254037844E-1,5.E-1,0.E0));
#9788=DIRECTION('',(5.E-1,8.660254037844E-1,0.E0));
#9789=AXIS2_PLACEMENT_3D('',#9786,#9787,#9788);
#9790=PLANE('12613',#9789);
#9791=ORIENTED_EDGE('12656',*,*,#9765,.F.);
#9792=ORIENTED_EDGE('12586',*,*,#9442,.F.);
#9794=ORIENTED_EDGE('12614',*,*,#9793,.T.);
#9795=ORIENTED_EDGE('12596',*,*,#9568,.T.);
#9796=EDGE_LOOP('12613',(#9791,#9792,#9794,#9795));
#9797=FACE_OUTER_BOUND('12613',#9796,.F.);
#9798=ADVANCED_FACE('12613',(#9797),#9790,.F.);
#9799=CARTESIAN_POINT('',(-2.045E0,-7.26E0,1.291E1));
#9800=DIRECTION('',(-9.857152649688E-1,1.684203562739E-1,0.E0));
#9801=DIRECTION('',(1.684203562739E-1,9.857152649688E-1,0.E0));
#9802=AXIS2_PLACEMENT_3D('',#9799,#9800,#9801);
#9803=PLANE('12611',#9802);
#9804=ORIENTED_EDGE('12617',*,*,#6838,.F.);
#9805=ORIENTED_EDGE('12646',*,*,#9570,.T.);
#9806=ORIENTED_EDGE('12614',*,*,#9793,.F.);
#9807=ORIENTED_EDGE('12644',*,*,#9440,.F.);
#9808=EDGE_LOOP('12611',(#9804,#9805,#9806,#9807));
#9809=FACE_OUTER_BOUND('12611',#9808,.F.);
#9810=ADVANCED_FACE('12611',(#9809),#9803,.F.);
#9811=CARTESIAN_POINT('',(1.92E0,0.E0,1.535E1));
#9812=DIRECTION('',(0.E0,0.E0,-1.E0));
#9813=DIRECTION('',(-1.E0,0.E0,0.E0));
#9814=AXIS2_PLACEMENT_3D('',#9811,#9812,#9813);
#9815=PLANE('9507',#9814);
#9816=ORIENTED_EDGE('9523',*,*,#8111,.F.);
#9818=ORIENTED_EDGE('9531',*,*,#9817,.T.);
#9820=ORIENTED_EDGE('9499',*,*,#9819,.T.);
#9822=ORIENTED_EDGE('9532',*,*,#9821,.F.);
#9823=EDGE_LOOP('9507',(#9816,#9818,#9820,#9822));
#9824=FACE_OUTER_BOUND('9507',#9823,.F.);
#9825=ADVANCED_FACE('9507',(#9824),#9815,.F.);
#9826=CARTESIAN_POINT('',(1.92E0,0.E0,1.665E1));
#9827=DIRECTION('',(1.E0,0.E0,0.E0));
#9828=DIRECTION('',(0.E0,0.E0,-1.E0));
#9829=AXIS2_PLACEMENT_3D('',#9826,#9827,#9828);
#9830=PLANE('9513',#9829);
#9831=ORIENTED_EDGE('9526',*,*,#8117,.F.);
#9833=ORIENTED_EDGE('9534',*,*,#9832,.T.);
#9835=ORIENTED_EDGE('9502',*,*,#9834,.T.);
#9836=ORIENTED_EDGE('9531',*,*,#9817,.F.);
#9837=EDGE_LOOP('9513',(#9831,#9833,#9835,#9836));
#9838=FACE_OUTER_BOUND('9513',#9837,.F.);
#9839=ADVANCED_FACE('9513',(#9838),#9830,.F.);
#9840=CARTESIAN_POINT('',(6.2E-1,0.E0,1.665E1));
#9841=DIRECTION('',(0.E0,0.E0,1.E0));
#9842=DIRECTION('',(1.E0,0.E0,0.E0));
#9843=AXIS2_PLACEMENT_3D('',#9840,#9841,#9842);
#9844=PLANE('9511',#9843);
#9845=ORIENTED_EDGE('9525',*,*,#8115,.F.);
#9847=ORIENTED_EDGE('9533',*,*,#9846,.T.);
#9849=ORIENTED_EDGE('9501',*,*,#9848,.T.);
#9850=ORIENTED_EDGE('9534',*,*,#9832,.F.);
#9851=EDGE_LOOP('9511',(#9845,#9847,#9849,#9850));
#9852=FACE_OUTER_BOUND('9511',#9851,.F.);
#9853=ADVANCED_FACE('9511',(#9852),#9844,.F.);
#9854=CARTESIAN_POINT('',(6.2E-1,0.E0,1.535E1));
#9855=DIRECTION('',(-1.E0,0.E0,0.E0));
#9856=DIRECTION('',(0.E0,0.E0,1.E0));
#9857=AXIS2_PLACEMENT_3D('',#9854,#9855,#9856);
#9858=PLANE('9509',#9857);
#9859=ORIENTED_EDGE('9524',*,*,#8113,.F.);
#9860=ORIENTED_EDGE('9532',*,*,#9821,.T.);
#9862=ORIENTED_EDGE('9500',*,*,#9861,.T.);
#9863=ORIENTED_EDGE('9533',*,*,#9846,.F.);
#9864=EDGE_LOOP('9509',(#9859,#9860,#9862,#9863));
#9865=FACE_OUTER_BOUND('9509',#9864,.F.);
#9866=ADVANCED_FACE('9509',(#9865),#9858,.F.);
#9867=CARTESIAN_POINT('',(3.2E0,-2.E-1,2.2575E1));
#9868=DIRECTION('',(0.E0,1.E0,0.E0));
#9869=DIRECTION('',(0.E0,0.E0,1.E0));
#9870=AXIS2_PLACEMENT_3D('',#9867,#9868,#9869);
#9871=PLANE('9498',#9870);
#9872=ORIENTED_EDGE('9499',*,*,#9819,.F.);
#9873=ORIENTED_EDGE('9502',*,*,#9834,.F.);
#9874=ORIENTED_EDGE('9501',*,*,#9848,.F.);
#9875=ORIENTED_EDGE('9500',*,*,#9861,.F.);
#9876=EDGE_LOOP('9498',(#9872,#9873,#9874,#9875));
#9877=FACE_OUTER_BOUND('9498',#9876,.F.);
#9879=ORIENTED_EDGE('11527',*,*,#9878,.T.);
#9881=ORIENTED_EDGE('11528',*,*,#9880,.T.);
#9883=ORIENTED_EDGE('11529',*,*,#9882,.T.);
#9885=ORIENTED_EDGE('11530',*,*,#9884,.T.);
#9886=EDGE_LOOP('9498',(#9879,#9881,#9883,#9885));
#9887=FACE_BOUND('9498',#9886,.F.);
#9888=ADVANCED_FACE('9498',(#9877,#9887),#9871,.T.);
#9889=CARTESIAN_POINT('',(3.2E0,-2.E-1,2.2575E1));
#9890=DIRECTION('',(0.E0,1.E0,0.E0));
#9891=DIRECTION('',(0.E0,0.E0,1.E0));
#9892=AXIS2_PLACEMENT_3D('',#9889,#9890,#9891);
#9893=PLANE('9498',#9892);
#9895=ORIENTED_EDGE('9503',*,*,#9894,.F.);
#9897=ORIENTED_EDGE('9506',*,*,#9896,.F.);
#9899=ORIENTED_EDGE('9505',*,*,#9898,.F.);
#9901=ORIENTED_EDGE('9504',*,*,#9900,.F.);
#9902=EDGE_LOOP('9498',(#9895,#9897,#9899,#9901));
#9903=FACE_OUTER_BOUND('9498',#9902,.F.);
#9905=ORIENTED_EDGE('11531',*,*,#9904,.T.);
#9907=ORIENTED_EDGE('11532',*,*,#9906,.T.);
#9909=ORIENTED_EDGE('11533',*,*,#9908,.T.);
#9911=ORIENTED_EDGE('11534',*,*,#9910,.T.);
#9912=EDGE_LOOP('9498',(#9905,#9907,#9909,#9911));
#9913=FACE_BOUND('9498',#9912,.F.);
#9914=ADVANCED_FACE('9498',(#9903,#9913),#9893,.T.);
#9915=CARTESIAN_POINT('',(-1.92E0,0.E0,1.535E1));
#9916=DIRECTION('',(-1.E0,0.E0,0.E0));
#9917=DIRECTION('',(0.E0,0.E0,1.E0));
#9918=AXIS2_PLACEMENT_3D('',#9915,#9916,#9917);
#9919=PLANE('9515',#9918);
#9920=ORIENTED_EDGE('9527',*,*,#8121,.F.);
#9922=ORIENTED_EDGE('9535',*,*,#9921,.T.);
#9923=ORIENTED_EDGE('9503',*,*,#9894,.T.);
#9925=ORIENTED_EDGE('9536',*,*,#9924,.F.);
#9926=EDGE_LOOP('9515',(#9920,#9922,#9923,#9925));
#9927=FACE_OUTER_BOUND('9515',#9926,.F.);
#9928=ADVANCED_FACE('9515',(#9927),#9919,.F.);
#9929=CARTESIAN_POINT('',(-6.2E-1,0.E0,1.535E1));
#9930=DIRECTION('',(0.E0,0.E0,-1.E0));
#9931=DIRECTION('',(-1.E0,0.E0,0.E0));
#9932=AXIS2_PLACEMENT_3D('',#9929,#9930,#9931);
#9933=PLANE('9521',#9932);
#9934=ORIENTED_EDGE('9530',*,*,#8127,.F.);
#9936=ORIENTED_EDGE('9538',*,*,#9935,.T.);
#9937=ORIENTED_EDGE('9506',*,*,#9896,.T.);
#9938=ORIENTED_EDGE('9535',*,*,#9921,.F.);
#9939=EDGE_LOOP('9521',(#9934,#9936,#9937,#9938));
#9940=FACE_OUTER_BOUND('9521',#9939,.F.);
#9941=ADVANCED_FACE('9521',(#9940),#9933,.F.);
#9942=CARTESIAN_POINT('',(-6.2E-1,0.E0,1.665E1));
#9943=DIRECTION('',(1.E0,0.E0,0.E0));
#9944=DIRECTION('',(0.E0,0.E0,-1.E0));
#9945=AXIS2_PLACEMENT_3D('',#9942,#9943,#9944);
#9946=PLANE('9519',#9945);
#9947=ORIENTED_EDGE('9529',*,*,#8125,.F.);
#9949=ORIENTED_EDGE('9537',*,*,#9948,.T.);
#9950=ORIENTED_EDGE('9505',*,*,#9898,.T.);
#9951=ORIENTED_EDGE('9538',*,*,#9935,.F.);
#9952=EDGE_LOOP('9519',(#9947,#9949,#9950,#9951));
#9953=FACE_OUTER_BOUND('9519',#9952,.F.);
#9954=ADVANCED_FACE('9519',(#9953),#9946,.F.);
#9955=CARTESIAN_POINT('',(-1.92E0,0.E0,1.665E1));
#9956=DIRECTION('',(0.E0,0.E0,1.E0));
#9957=DIRECTION('',(1.E0,0.E0,0.E0));
#9958=AXIS2_PLACEMENT_3D('',#9955,#9956,#9957);
#9959=PLANE('9517',#9958);
#9960=ORIENTED_EDGE('9528',*,*,#8123,.F.);
#9961=ORIENTED_EDGE('9536',*,*,#9924,.T.);
#9962=ORIENTED_EDGE('9504',*,*,#9900,.T.);
#9963=ORIENTED_EDGE('9537',*,*,#9948,.F.);
#9964=EDGE_LOOP('9517',(#9960,#9961,#9962,#9963));
#9965=FACE_OUTER_BOUND('9517',#9964,.F.);
#9966=ADVANCED_FACE('9517',(#9965),#9959,.F.);
#9967=CARTESIAN_POINT('',(1.595E0,0.E0,1.5665E1));
#9968=DIRECTION('',(0.E0,0.E0,-1.E0));
#9969=DIRECTION('',(-1.E0,0.E0,0.E0));
#9970=AXIS2_PLACEMENT_3D('',#9967,#9968,#9969);
#9971=PLANE('10485',#9970);
#9973=ORIENTED_EDGE('14392',*,*,#9972,.T.);
#9975=ORIENTED_EDGE('14397',*,*,#9974,.F.);
#9976=ORIENTED_EDGE('11527',*,*,#9878,.F.);
#9978=ORIENTED_EDGE('14396',*,*,#9977,.T.);
#9979=EDGE_LOOP('10485',(#9973,#9975,#9976,#9978));
#9980=FACE_OUTER_BOUND('10485',#9979,.F.);
#9981=ADVANCED_FACE('10485',(#9980),#9971,.F.);
#9982=CARTESIAN_POINT('',(9.45E-1,-2.8E0,1.545E1));
#9983=DIRECTION('',(0.E0,1.E0,0.E0));
#9984=DIRECTION('',(1.E0,0.E0,0.E0));
#9985=AXIS2_PLACEMENT_3D('',#9982,#9983,#9984);
#9986=PLANE('14384',#9985);
#9988=ORIENTED_EDGE('18022',*,*,#9987,.T.);
#9990=ORIENTED_EDGE('23150',*,*,#9989,.F.);
#9992=ORIENTED_EDGE('14394',*,*,#9991,.F.);
#9994=ORIENTED_EDGE('14409',*,*,#9993,.T.);
#9996=ORIENTED_EDGE('18035',*,*,#9995,.T.);
#9997=EDGE_LOOP('14384',(#9988,#9990,#9992,#9994,#9996));
#9998=FACE_OUTER_BOUND('14384',#9997,.F.);
#9999=ADVANCED_FACE('14384',(#9998),#9986,.F.);
#10000=CARTESIAN_POINT('',(9.45E-1,-2.8E0,1.545E1));
#10001=DIRECTION('',(0.E0,1.E0,0.E0));
#10002=DIRECTION('',(1.E0,0.E0,0.E0));
#10003=AXIS2_PLACEMENT_3D('',#10000,#10001,#10002);
#10004=PLANE('14384',#10003);
#10006=ORIENTED_EDGE('18023',*,*,#10005,.T.);
#10008=ORIENTED_EDGE('18034',*,*,#10007,.F.);
#10010=ORIENTED_EDGE('14408',*,*,#10009,.T.);
#10011=ORIENTED_EDGE('14392',*,*,#9972,.F.);
#10013=ORIENTED_EDGE('23149',*,*,#10012,.F.);
#10014=EDGE_LOOP('14384',(#10006,#10008,#10010,#10011,#10013));
#10015=FACE_OUTER_BOUND('14384',#10014,.F.);
#10016=ADVANCED_FACE('14384',(#10015),#10004,.F.);
#10017=CARTESIAN_POINT('',(1.595E0,-7.26E0,1.655E1));
#10018=DIRECTION('',(-1.E0,0.E0,0.E0));
#10019=DIRECTION('',(0.E0,0.E0,-1.E0));
#10020=AXIS2_PLACEMENT_3D('',#10017,#10018,#10019);
#10021=PLANE('17972',#10020);
#10023=ORIENTED_EDGE('20587',*,*,#10022,.F.);
#10025=ORIENTED_EDGE('20607',*,*,#10024,.T.);
#10026=ORIENTED_EDGE('18022',*,*,#9987,.F.);
#10028=ORIENTED_EDGE('18011',*,*,#10027,.T.);
#10029=ORIENTED_EDGE('20601',*,*,#6795,.T.);
#10030=EDGE_LOOP('17972',(#10023,#10025,#10026,#10028,#10029));
#10031=FACE_OUTER_BOUND('17972',#10030,.F.);
#10032=ADVANCED_FACE('17972',(#10031),#10021,.T.);
#10033=CARTESIAN_POINT('',(2.8225E0,-7.11E0,1.642660254038E1));
#10034=DIRECTION('',(0.E0,-5.E-1,-8.660254037844E-1));
#10035=DIRECTION('',(-1.E0,0.E0,0.E0));
#10036=AXIS2_PLACEMENT_3D('',#10033,#10034,#10035);
#10037=PLANE('20493',#10036);
#10038=ORIENTED_EDGE('20585',*,*,#6564,.T.);
#10040=ORIENTED_EDGE('20586',*,*,#10039,.F.);
#10041=ORIENTED_EDGE('20587',*,*,#10022,.T.);
#10042=ORIENTED_EDGE('20588',*,*,#6793,.T.);
#10043=EDGE_LOOP('20493',(#10038,#10040,#10041,#10042));
#10044=FACE_OUTER_BOUND('20493',#10043,.F.);
#10045=ADVANCED_FACE('20493',(#10044),#10037,.T.);
#10046=CARTESIAN_POINT('',(1.595E0,-7.26E0,1.634E1));
#10047=DIRECTION('',(0.E0,0.E0,-1.E0));
#10048=DIRECTION('',(1.E0,0.E0,0.E0));
#10049=AXIS2_PLACEMENT_3D('',#10046,#10047,#10048);
#10050=PLANE('17974',#10049);
#10051=ORIENTED_EDGE('20586',*,*,#10039,.T.);
#10052=ORIENTED_EDGE('20608',*,*,#6562,.T.);
#10054=ORIENTED_EDGE('18026',*,*,#10053,.F.);
#10056=ORIENTED_EDGE('18024',*,*,#10055,.T.);
#10057=ORIENTED_EDGE('20607',*,*,#10024,.F.);
#10058=EDGE_LOOP('17974',(#10051,#10052,#10054,#10056,#10057));
#10059=FACE_OUTER_BOUND('17974',#10058,.F.);
#10060=ADVANCED_FACE('17974',(#10059),#10050,.T.);
#10061=CARTESIAN_POINT('',(2.509924494360E0,-3.4E0,1.545E1));
#10062=DIRECTION('',(-1.564344650402E-1,9.876883405951E-1,0.E0));
#10063=DIRECTION('',(9.876883405951E-1,1.564344650402E-1,0.E0));
#10064=AXIS2_PLACEMENT_3D('',#10061,#10062,#10063);
#10065=PLANE('14374',#10064);
#10066=ORIENTED_EDGE('18026',*,*,#10053,.T.);
#10067=ORIENTED_EDGE('18037',*,*,#6560,.T.);
#10069=ORIENTED_EDGE('18029',*,*,#10068,.F.);
#10071=ORIENTED_EDGE('18036',*,*,#10070,.T.);
#10072=EDGE_LOOP('14374',(#10066,#10067,#10069,#10071));
#10073=FACE_OUTER_BOUND('14374',#10072,.F.);
#10074=ADVANCED_FACE('14374',(#10073),#10065,.F.);
#10075=CARTESIAN_POINT('',(4.05E0,-7.26E0,1.566E1));
#10076=DIRECTION('',(0.E0,0.E0,1.E0));
#10077=DIRECTION('',(-1.E0,0.E0,0.E0));
#10078=AXIS2_PLACEMENT_3D('',#10075,#10076,#10077);
#10079=PLANE('17996',#10078);
#10081=ORIENTED_EDGE('20594',*,*,#10080,.T.);
#10083=ORIENTED_EDGE('20614',*,*,#10082,.T.);
#10085=ORIENTED_EDGE('18025',*,*,#10084,.F.);
#10086=ORIENTED_EDGE('18029',*,*,#10068,.T.);
#10087=ORIENTED_EDGE('20613',*,*,#6558,.F.);
#10088=EDGE_LOOP('17996',(#10081,#10083,#10085,#10086,#10087));
#10089=FACE_OUTER_BOUND('17996',#10088,.F.);
#10090=ADVANCED_FACE('17996',(#10089),#10079,.T.);
#10091=CARTESIAN_POINT('',(2.8225E0,-7.11E0,1.557339745962E1));
#10092=DIRECTION('',(0.E0,-5.E-1,8.660254037844E-1));
#10093=DIRECTION('',(-1.E0,0.E0,0.E0));
#10094=AXIS2_PLACEMENT_3D('',#10091,#10092,#10093);
#10095=PLANE('20503',#10094);
#10097=ORIENTED_EDGE('20593',*,*,#10096,.T.);
#10098=ORIENTED_EDGE('20594',*,*,#10080,.F.);
#10099=ORIENTED_EDGE('20595',*,*,#6556,.T.);
#10100=ORIENTED_EDGE('20596',*,*,#6821,.T.);
#10101=EDGE_LOOP('20503',(#10097,#10098,#10099,#10100));
#10102=FACE_OUTER_BOUND('20503',#10101,.F.);
#10103=ADVANCED_FACE('20503',(#10102),#10095,.T.);
#10104=CARTESIAN_POINT('',(1.595E0,-7.26E0,1.566E1));
#10105=DIRECTION('',(-1.E0,0.E0,0.E0));
#10106=DIRECTION('',(0.E0,0.E0,-1.E0));
#10107=AXIS2_PLACEMENT_3D('',#10104,#10105,#10106);
#10108=PLANE('17998',#10107);
#10109=ORIENTED_EDGE('20593',*,*,#10096,.F.);
#10110=ORIENTED_EDGE('20606',*,*,#6819,.T.);
#10112=ORIENTED_EDGE('18010',*,*,#10111,.F.);
#10113=ORIENTED_EDGE('18023',*,*,#10005,.F.);
#10114=ORIENTED_EDGE('20614',*,*,#10082,.F.);
#10115=EDGE_LOOP('17998',(#10109,#10110,#10112,#10113,#10114));
#10116=FACE_OUTER_BOUND('17998',#10115,.F.);
#10117=ADVANCED_FACE('17998',(#10116),#10108,.T.);
#10118=CARTESIAN_POINT('',(0.E0,0.E0,1.545E1));
#10119=DIRECTION('',(0.E0,0.E0,-1.E0));
#10120=DIRECTION('',(1.E0,0.E0,0.E0));
#10121=AXIS2_PLACEMENT_3D('',#10118,#10119,#10120);
#10122=PLANE('12659',#10121);
#10124=ORIENTED_EDGE('18008',*,*,#10123,.F.);
#10126=ORIENTED_EDGE('18043',*,*,#10125,.T.);
#10128=ORIENTED_EDGE('14362',*,*,#10127,.T.);
#10129=ORIENTED_EDGE('18034',*,*,#10007,.T.);
#10130=ORIENTED_EDGE('18010',*,*,#10111,.T.);
#10131=ORIENTED_EDGE('18045',*,*,#6817,.T.);
#10132=EDGE_LOOP('12659',(#10124,#10126,#10128,#10129,#10130,#10131));
#10133=FACE_OUTER_BOUND('12659',#10132,.F.);
#10134=ADVANCED_FACE('12659',(#10133),#10122,.F.);
#10135=CARTESIAN_POINT('',(0.E0,0.E0,1.545E1));
#10136=DIRECTION('',(0.E0,0.E0,-1.E0));
#10137=DIRECTION('',(1.E0,0.E0,0.E0));
#10138=AXIS2_PLACEMENT_3D('',#10135,#10136,#10137);
#10139=PLANE('12659',#10138);
#10141=ORIENTED_EDGE('18069',*,*,#10140,.F.);
#10142=ORIENTED_EDGE('18046',*,*,#6809,.T.);
#10144=ORIENTED_EDGE('12726',*,*,#10143,.T.);
#10146=ORIENTED_EDGE('12668',*,*,#10145,.T.);
#10148=ORIENTED_EDGE('12660',*,*,#10147,.T.);
#10150=ORIENTED_EDGE('12661',*,*,#10149,.T.);
#10151=EDGE_LOOP('12659',(#10141,#10142,#10144,#10146,#10148,#10150));
#10152=FACE_OUTER_BOUND('12659',#10151,.F.);
#10153=ADVANCED_FACE('12659',(#10152),#10139,.F.);
#10154=CARTESIAN_POINT('',(5.583471458512E-1,-7.26E0,1.545E1));
#10155=DIRECTION('',(1.E0,0.E0,0.E0));
#10156=DIRECTION('',(0.E0,0.E0,1.E0));
#10157=AXIS2_PLACEMENT_3D('',#10154,#10155,#10156);
#10158=PLANE('17986',#10157);
#10160=ORIENTED_EDGE('20599',*,*,#10159,.F.);
#10162=ORIENTED_EDGE('20611',*,*,#10161,.T.);
#10164=ORIENTED_EDGE('18020',*,*,#10163,.F.);
#10165=ORIENTED_EDGE('18008',*,*,#10123,.T.);
#10166=ORIENTED_EDGE('20604',*,*,#6815,.T.);
#10167=EDGE_LOOP('17986',(#10160,#10162,#10164,#10165,#10166));
#10168=FACE_OUTER_BOUND('17986',#10167,.F.);
#10169=ADVANCED_FACE('17986',(#10168),#10158,.T.);
#10170=CARTESIAN_POINT('',(-1.933264270744E-1,-7.11E0,1.557339745962E1));
#10171=DIRECTION('',(0.E0,-5.E-1,8.660254037844E-1));
#10172=DIRECTION('',(-1.E0,0.E0,0.E0));
#10173=AXIS2_PLACEMENT_3D('',#10170,#10171,#10172);
#10174=PLANE('20508',#10173);
#10176=ORIENTED_EDGE('20597',*,*,#10175,.T.);
#10178=ORIENTED_EDGE('20598',*,*,#10177,.F.);
#10179=ORIENTED_EDGE('20599',*,*,#10159,.T.);
#10180=ORIENTED_EDGE('20600',*,*,#6813,.T.);
#10181=EDGE_LOOP('20508',(#10176,#10178,#10179,#10180));
#10182=FACE_OUTER_BOUND('20508',#10181,.F.);
#10183=ADVANCED_FACE('20508',(#10182),#10174,.T.);
#10184=CARTESIAN_POINT('',(-9.45E-1,0.E0,1.6335E1));
#10185=DIRECTION('',(1.E0,0.E0,0.E0));
#10186=DIRECTION('',(0.E0,0.E0,-1.E0));
#10187=AXIS2_PLACEMENT_3D('',#10184,#10185,#10186);
#10188=PLANE('10497',#10187);
#10190=ORIENTED_EDGE('20591',*,*,#10189,.F.);
#10192=ORIENTED_EDGE('20609',*,*,#10191,.T.);
#10194=ORIENTED_EDGE('18033',*,*,#10193,.T.);
#10196=ORIENTED_EDGE('20612',*,*,#10195,.F.);
#10197=ORIENTED_EDGE('20597',*,*,#10175,.F.);
#10198=ORIENTED_EDGE('20605',*,*,#6811,.T.);
#10199=ORIENTED_EDGE('18069',*,*,#10140,.T.);
#10201=ORIENTED_EDGE('12733',*,*,#10200,.T.);
#10203=ORIENTED_EDGE('12722',*,*,#10202,.F.);
#10204=ORIENTED_EDGE('11533',*,*,#9908,.F.);
#10206=ORIENTED_EDGE('12721',*,*,#10205,.T.);
#10208=ORIENTED_EDGE('12734',*,*,#10207,.T.);
#10210=ORIENTED_EDGE('18068',*,*,#10209,.T.);
#10211=ORIENTED_EDGE('20602',*,*,#6803,.T.);
#10212=EDGE_LOOP('10497',(#10190,#10192,#10194,#10196,#10197,#10198,#10199,
#10201,#10203,#10204,#10206,#10208,#10210,#10211));
#10213=FACE_OUTER_BOUND('10497',#10212,.F.);
#10214=ADVANCED_FACE('10497',(#10213),#10188,.F.);
#10215=CARTESIAN_POINT('',(-1.933264270744E-1,-7.11E0,1.642660254038E1));
#10216=DIRECTION('',(0.E0,-5.E-1,-8.660254037844E-1));
#10217=DIRECTION('',(-1.E0,0.E0,0.E0));
#10218=AXIS2_PLACEMENT_3D('',#10215,#10216,#10217);
#10219=PLANE('20498',#10218);
#10221=ORIENTED_EDGE('20589',*,*,#10220,.T.);
#10223=ORIENTED_EDGE('20590',*,*,#10222,.F.);
#10224=ORIENTED_EDGE('20591',*,*,#10189,.T.);
#10225=ORIENTED_EDGE('20592',*,*,#6801,.T.);
#10226=EDGE_LOOP('20498',(#10221,#10223,#10224,#10225));
#10227=FACE_OUTER_BOUND('20498',#10226,.F.);
#10228=ADVANCED_FACE('20498',(#10227),#10219,.T.);
#10229=CARTESIAN_POINT('',(5.583471458512E-1,-7.26E0,1.634E1));
#10230=DIRECTION('',(1.E0,0.E0,0.E0));
#10231=DIRECTION('',(0.E0,0.E0,1.E0));
#10232=AXIS2_PLACEMENT_3D('',#10229,#10230,#10231);
#10233=PLANE('17984',#10232);
#10234=ORIENTED_EDGE('20589',*,*,#10220,.F.);
#10235=ORIENTED_EDGE('20603',*,*,#6799,.T.);
#10237=ORIENTED_EDGE('18013',*,*,#10236,.F.);
#10239=ORIENTED_EDGE('18019',*,*,#10238,.T.);
#10241=ORIENTED_EDGE('20610',*,*,#10240,.F.);
#10242=EDGE_LOOP('17984',(#10234,#10235,#10237,#10239,#10241));
#10243=FACE_OUTER_BOUND('17984',#10242,.F.);
#10244=ADVANCED_FACE('17984',(#10243),#10233,.T.);
#10245=CARTESIAN_POINT('',(0.E0,0.E0,1.655E1));
#10246=DIRECTION('',(0.E0,0.E0,-1.E0));
#10247=DIRECTION('',(1.E0,0.E0,0.E0));
#10248=AXIS2_PLACEMENT_3D('',#10245,#10246,#10247);
#10249=PLANE('12669',#10248);
#10250=ORIENTED_EDGE('18011',*,*,#10027,.F.);
#10251=ORIENTED_EDGE('18035',*,*,#9995,.F.);
#10253=ORIENTED_EDGE('14370',*,*,#10252,.F.);
#10255=ORIENTED_EDGE('18044',*,*,#10254,.F.);
#10256=ORIENTED_EDGE('18013',*,*,#10236,.T.);
#10257=ORIENTED_EDGE('18048',*,*,#6797,.T.);
#10258=EDGE_LOOP('12669',(#10250,#10251,#10253,#10255,#10256,#10257));
#10259=FACE_OUTER_BOUND('12669',#10258,.F.);
#10260=ADVANCED_FACE('12669',(#10259),#10249,.T.);
#10261=CARTESIAN_POINT('',(0.E0,0.E0,1.655E1));
#10262=DIRECTION('',(0.E0,0.E0,-1.E0));
#10263=DIRECTION('',(1.E0,0.E0,0.E0));
#10264=AXIS2_PLACEMENT_3D('',#10261,#10262,#10263);
#10265=PLANE('12669',#10264);
#10266=ORIENTED_EDGE('18068',*,*,#10209,.F.);
#10268=ORIENTED_EDGE('12671',*,*,#10267,.F.);
#10270=ORIENTED_EDGE('12670',*,*,#10269,.F.);
#10272=ORIENTED_EDGE('12678',*,*,#10271,.F.);
#10274=ORIENTED_EDGE('12728',*,*,#10273,.F.);
#10275=ORIENTED_EDGE('18047',*,*,#6805,.T.);
#10276=EDGE_LOOP('12669',(#10266,#10268,#10270,#10272,#10274,#10275));
#10277=FACE_OUTER_BOUND('12669',#10276,.F.);
#10278=ADVANCED_FACE('12669',(#10277),#10265,.T.);
#10279=CARTESIAN_POINT('',(7.429274057836E-1,-3.15E0,1.545E1));
#10280=DIRECTION('',(-8.660254037844E-1,5.E-1,0.E0));
#10281=DIRECTION('',(5.E-1,8.660254037844E-1,0.E0));
#10282=AXIS2_PLACEMENT_3D('',#10279,#10280,#10281);
#10283=PLANE('14382',#10282);
#10285=ORIENTED_EDGE('14393',*,*,#10284,.F.);
#10286=ORIENTED_EDGE('14408',*,*,#10009,.F.);
#10287=ORIENTED_EDGE('14362',*,*,#10127,.F.);
#10289=ORIENTED_EDGE('14383',*,*,#10288,.T.);
#10290=ORIENTED_EDGE('14370',*,*,#10252,.T.);
#10291=ORIENTED_EDGE('14409',*,*,#9993,.F.);
#10292=EDGE_LOOP('14382',(#10285,#10286,#10287,#10289,#10290,#10291));
#10293=FACE_OUTER_BOUND('14382',#10292,.F.);
#10294=ADVANCED_FACE('14382',(#10293),#10283,.F.);
#10295=CARTESIAN_POINT('',(9.45E-1,0.E0,1.5665E1));
#10296=DIRECTION('',(-1.E0,0.E0,0.E0));
#10297=DIRECTION('',(0.E0,0.E0,1.E0));
#10298=AXIS2_PLACEMENT_3D('',#10295,#10296,#10297);
#10299=PLANE('10487',#10298);
#10300=ORIENTED_EDGE('14393',*,*,#10284,.T.);
#10302=ORIENTED_EDGE('14398',*,*,#10301,.F.);
#10303=ORIENTED_EDGE('11528',*,*,#9880,.F.);
#10304=ORIENTED_EDGE('14397',*,*,#9974,.T.);
#10305=EDGE_LOOP('10487',(#10300,#10302,#10303,#10304));
#10306=FACE_OUTER_BOUND('10487',#10305,.F.);
#10307=ADVANCED_FACE('10487',(#10306),#10299,.F.);
#10308=CARTESIAN_POINT('',(9.45E-1,0.E0,1.6335E1));
#10309=DIRECTION('',(0.E0,0.E0,1.E0));
#10310=DIRECTION('',(1.E0,0.E0,0.E0));
#10311=AXIS2_PLACEMENT_3D('',#10308,#10309,#10310);
#10312=PLANE('10489',#10311);
#10313=ORIENTED_EDGE('14394',*,*,#9991,.T.);
#10315=ORIENTED_EDGE('14399',*,*,#10314,.F.);
#10316=ORIENTED_EDGE('11529',*,*,#9882,.F.);
#10317=ORIENTED_EDGE('14398',*,*,#10301,.T.);
#10318=EDGE_LOOP('10489',(#10313,#10315,#10316,#10317));
#10319=FACE_OUTER_BOUND('10489',#10318,.F.);
#10320=ADVANCED_FACE('10489',(#10319),#10312,.F.);
#10321=CARTESIAN_POINT('',(1.595E0,0.E0,1.6335E1));
#10322=DIRECTION('',(1.E0,0.E0,0.E0));
#10323=DIRECTION('',(0.E0,0.E0,-1.E0));
#10324=AXIS2_PLACEMENT_3D('',#10321,#10322,#10323);
#10325=PLANE('10491',#10324);
#10327=ORIENTED_EDGE('14395',*,*,#10326,.T.);
#10328=ORIENTED_EDGE('14396',*,*,#9977,.F.);
#10329=ORIENTED_EDGE('11530',*,*,#9884,.F.);
#10330=ORIENTED_EDGE('14399',*,*,#10314,.T.);
#10331=EDGE_LOOP('10491',(#10327,#10328,#10329,#10330));
#10332=FACE_OUTER_BOUND('10491',#10331,.F.);
#10333=ADVANCED_FACE('10491',(#10332),#10325,.F.);
#10334=CARTESIAN_POINT('',(2.382660813148E0,-2.596488739989E0,1.545E1));
#10335=DIRECTION('',(0.E0,0.E0,-1.E0));
#10336=DIRECTION('',(-1.E0,0.E0,0.E0));
#10337=AXIS2_PLACEMENT_3D('',#10334,#10335,#10336);
#10338=CYLINDRICAL_SURFACE('14372',#10337,8.135271289396E-1);
#10339=ORIENTED_EDGE('18024',*,*,#10055,.F.);
#10340=ORIENTED_EDGE('18036',*,*,#10070,.F.);
#10341=ORIENTED_EDGE('18025',*,*,#10084,.T.);
#10342=ORIENTED_EDGE('23149',*,*,#10012,.T.);
#10343=ORIENTED_EDGE('14395',*,*,#10326,.F.);
#10344=ORIENTED_EDGE('23150',*,*,#9989,.T.);
#10345=EDGE_LOOP('14372',(#10339,#10340,#10341,#10342,#10343,#10344));
#10346=FACE_OUTER_BOUND('14372',#10345,.F.);
#10347=ADVANCED_FACE('14372',(#10346),#10338,.T.);
#10348=CARTESIAN_POINT('',(4.95E-1,-7.26E0,1.545E1));
#10349=DIRECTION('',(-9.981855201393E-1,6.021351496324E-2,0.E0));
#10350=DIRECTION('',(6.021351496324E-2,9.981855201393E-1,0.E0));
#10351=AXIS2_PLACEMENT_3D('',#10348,#10349,#10350);
#10352=PLANE('14380',#10351);
#10353=ORIENTED_EDGE('18019',*,*,#10238,.F.);
#10354=ORIENTED_EDGE('18044',*,*,#10254,.T.);
#10355=ORIENTED_EDGE('14383',*,*,#10288,.F.);
#10356=ORIENTED_EDGE('18043',*,*,#10125,.F.);
#10357=ORIENTED_EDGE('18020',*,*,#10163,.T.);
#10359=ORIENTED_EDGE('18042',*,*,#10358,.F.);
#10360=EDGE_LOOP('14380',(#10353,#10354,#10355,#10356,#10357,#10359));
#10361=FACE_OUTER_BOUND('14380',#10360,.F.);
#10362=ADVANCED_FACE('14380',(#10361),#10352,.F.);
#10363=CARTESIAN_POINT('',(-2.511393209759E-1,-6.338076984240E0,1.545E1));
#10364=DIRECTION('',(-1.564344650402E-1,9.876883405951E-1,0.E0));
#10365=DIRECTION('',(9.876883405951E-1,1.564344650402E-1,0.E0));
#10366=AXIS2_PLACEMENT_3D('',#10363,#10364,#10365);
#10367=PLANE('12687',#10366);
#10369=ORIENTED_EDGE('18018',*,*,#10368,.T.);
#10370=ORIENTED_EDGE('18042',*,*,#10358,.T.);
#10372=ORIENTED_EDGE('18021',*,*,#10371,.F.);
#10374=ORIENTED_EDGE('18032',*,*,#10373,.T.);
#10375=EDGE_LOOP('12687',(#10369,#10370,#10372,#10374));
#10376=FACE_OUTER_BOUND('12687',#10375,.F.);
#10377=ADVANCED_FACE('12687',(#10376),#10367,.F.);
#10378=CARTESIAN_POINT('',(-9.45E-1,-7.26E0,1.634E1));
#10379=DIRECTION('',(0.E0,0.E0,-1.E0));
#10380=DIRECTION('',(1.E0,0.E0,0.E0));
#10381=AXIS2_PLACEMENT_3D('',#10378,#10379,#10380);
#10382=PLANE('17982',#10381);
#10383=ORIENTED_EDGE('20590',*,*,#10222,.T.);
#10384=ORIENTED_EDGE('20610',*,*,#10240,.T.);
#10385=ORIENTED_EDGE('18018',*,*,#10368,.F.);
#10387=ORIENTED_EDGE('18015',*,*,#10386,.T.);
#10388=ORIENTED_EDGE('20609',*,*,#10191,.F.);
#10389=EDGE_LOOP('17982',(#10383,#10384,#10385,#10387,#10388));
#10390=FACE_OUTER_BOUND('17982',#10389,.F.);
#10391=ADVANCED_FACE('17982',(#10390),#10382,.T.);
#10392=CARTESIAN_POINT('',(-3.45E-1,-5.745463979883E0,1.545E1));
#10393=DIRECTION('',(0.E0,0.E0,-1.E0));
#10394=DIRECTION('',(1.E0,0.E0,0.E0));
#10395=AXIS2_PLACEMENT_3D('',#10392,#10393,#10394);
#10396=CYLINDRICAL_SURFACE('12685',#10395,6.E-1);
#10397=ORIENTED_EDGE('18015',*,*,#10386,.F.);
#10398=ORIENTED_EDGE('18032',*,*,#10373,.F.);
#10400=ORIENTED_EDGE('18016',*,*,#10399,.T.);
#10401=ORIENTED_EDGE('18033',*,*,#10193,.F.);
#10402=EDGE_LOOP('12685',(#10397,#10398,#10400,#10401));
#10403=FACE_OUTER_BOUND('12685',#10402,.F.);
#10404=ADVANCED_FACE('12685',(#10403),#10396,.T.);
#10405=CARTESIAN_POINT('',(5.583471458512E-1,-7.26E0,1.566E1));
#10406=DIRECTION('',(0.E0,0.E0,1.E0));
#10407=DIRECTION('',(-1.E0,0.E0,0.E0));
#10408=AXIS2_PLACEMENT_3D('',#10405,#10406,#10407);
#10409=PLANE('17988',#10408);
#10410=ORIENTED_EDGE('20598',*,*,#10177,.T.);
#10411=ORIENTED_EDGE('20612',*,*,#10195,.T.);
#10412=ORIENTED_EDGE('18016',*,*,#10399,.F.);
#10413=ORIENTED_EDGE('18021',*,*,#10371,.T.);
#10414=ORIENTED_EDGE('20611',*,*,#10161,.F.);
#10415=EDGE_LOOP('17988',(#10410,#10411,#10412,#10413,#10414));
#10416=FACE_OUTER_BOUND('17988',#10415,.F.);
#10417=ADVANCED_FACE('17988',(#10416),#10409,.T.);
#10418=CARTESIAN_POINT('',(-1.595E0,-2.8E0,1.545E1));
#10419=DIRECTION('',(0.E0,1.E0,0.E0));
#10420=DIRECTION('',(1.E0,0.E0,0.E0));
#10421=AXIS2_PLACEMENT_3D('',#10418,#10419,#10420);
#10422=PLANE('12681',#10421);
#10424=ORIENTED_EDGE('12709',*,*,#10423,.F.);
#10426=ORIENTED_EDGE('12732',*,*,#10425,.T.);
#10427=ORIENTED_EDGE('12671',*,*,#10267,.T.);
#10428=ORIENTED_EDGE('12734',*,*,#10207,.F.);
#10429=EDGE_LOOP('12681',(#10424,#10426,#10427,#10428));
#10430=FACE_OUTER_BOUND('12681',#10429,.F.);
#10431=ADVANCED_FACE('12681',(#10430),#10422,.F.);
#10432=CARTESIAN_POINT('',(-1.595E0,-2.8E0,1.545E1));
#10433=DIRECTION('',(0.E0,1.E0,0.E0));
#10434=DIRECTION('',(1.E0,0.E0,0.E0));
#10435=AXIS2_PLACEMENT_3D('',#10432,#10433,#10434);
#10436=PLANE('12681',#10435);
#10438=ORIENTED_EDGE('12713',*,*,#10437,.F.);
#10439=ORIENTED_EDGE('12733',*,*,#10200,.F.);
#10440=ORIENTED_EDGE('12661',*,*,#10149,.F.);
#10442=ORIENTED_EDGE('12731',*,*,#10441,.T.);
#10443=EDGE_LOOP('12681',(#10438,#10439,#10440,#10442));
#10444=FACE_OUTER_BOUND('12681',#10443,.F.);
#10445=ADVANCED_FACE('12681',(#10444),#10436,.F.);
#10446=CARTESIAN_POINT('',(-1.595E0,0.E0,1.6335E1));
#10447=DIRECTION('',(0.E0,0.E0,1.E0));
#10448=DIRECTION('',(1.E0,0.E0,0.E0));
#10449=AXIS2_PLACEMENT_3D('',#10446,#10447,#10448);
#10450=PLANE('10495',#10449);
#10451=ORIENTED_EDGE('12709',*,*,#10423,.T.);
#10452=ORIENTED_EDGE('12721',*,*,#10205,.F.);
#10453=ORIENTED_EDGE('11532',*,*,#9906,.F.);
#10455=ORIENTED_EDGE('12720',*,*,#10454,.T.);
#10456=EDGE_LOOP('10495',(#10451,#10452,#10453,#10455));
#10457=FACE_OUTER_BOUND('10495',#10456,.F.);
#10458=ADVANCED_FACE('10495',(#10457),#10450,.F.);
#10459=CARTESIAN_POINT('',(-1.595E0,0.E0,1.5665E1));
#10460=DIRECTION('',(-1.E0,0.E0,0.E0));
#10461=DIRECTION('',(0.E0,0.E0,1.E0));
#10462=AXIS2_PLACEMENT_3D('',#10459,#10460,#10461);
#10463=PLANE('10493',#10462);
#10465=ORIENTED_EDGE('12719',*,*,#10464,.T.);
#10466=ORIENTED_EDGE('12731',*,*,#10441,.F.);
#10467=ORIENTED_EDGE('12660',*,*,#10147,.F.);
#10469=ORIENTED_EDGE('12738',*,*,#10468,.T.);
#10470=ORIENTED_EDGE('12670',*,*,#10269,.T.);
#10471=ORIENTED_EDGE('12732',*,*,#10425,.F.);
#10472=ORIENTED_EDGE('12720',*,*,#10454,.F.);
#10473=ORIENTED_EDGE('11531',*,*,#9904,.F.);
#10474=EDGE_LOOP('10493',(#10465,#10466,#10467,#10469,#10470,#10471,#10472,
#10473));
#10475=FACE_OUTER_BOUND('10493',#10474,.F.);
#10476=ADVANCED_FACE('10493',(#10475),#10463,.F.);
#10477=CARTESIAN_POINT('',(-9.45E-1,0.E0,1.5665E1));
#10478=DIRECTION('',(0.E0,0.E0,-1.E0));
#10479=DIRECTION('',(-1.E0,0.E0,0.E0));
#10480=AXIS2_PLACEMENT_3D('',#10477,#10478,#10479);
#10481=PLANE('10499',#10480);
#10482=ORIENTED_EDGE('12713',*,*,#10437,.T.);
#10483=ORIENTED_EDGE('12719',*,*,#10464,.F.);
#10484=ORIENTED_EDGE('11534',*,*,#9910,.F.);
#10485=ORIENTED_EDGE('12722',*,*,#10202,.T.);
#10486=EDGE_LOOP('10499',(#10482,#10483,#10484,#10485));
#10487=FACE_OUTER_BOUND('10499',#10486,.F.);
#10488=ADVANCED_FACE('10499',(#10487),#10481,.F.);
#10489=CARTESIAN_POINT('',(-1.768205080757E0,-5.64E0,1.545E1));
#10490=DIRECTION('',(-8.660254037844E-1,5.E-1,0.E0));
#10491=DIRECTION('',(5.E-1,8.660254037844E-1,0.E0));
#10492=AXIS2_PLACEMENT_3D('',#10489,#10490,#10491);
#10493=PLANE('12695',#10492);
#10494=ORIENTED_EDGE('12738',*,*,#10468,.F.);
#10495=ORIENTED_EDGE('12668',*,*,#10145,.F.);
#10497=ORIENTED_EDGE('12696',*,*,#10496,.T.);
#10498=ORIENTED_EDGE('12678',*,*,#10271,.T.);
#10499=EDGE_LOOP('12695',(#10494,#10495,#10497,#10498));
#10500=FACE_OUTER_BOUND('12695',#10499,.F.);
#10501=ADVANCED_FACE('12695',(#10500),#10493,.F.);
#10502=CARTESIAN_POINT('',(-2.045E0,-7.26E0,1.545E1));
#10503=DIRECTION('',(-9.857152649688E-1,1.684203562739E-1,0.E0));
#10504=DIRECTION('',(1.684203562739E-1,9.857152649688E-1,0.E0));
#10505=AXIS2_PLACEMENT_3D('',#10502,#10503,#10504);
#10506=PLANE('12693',#10505);
#10507=ORIENTED_EDGE('12699',*,*,#6807,.F.);
#10508=ORIENTED_EDGE('12728',*,*,#10273,.T.);
#10509=ORIENTED_EDGE('12696',*,*,#10496,.F.);
#10510=ORIENTED_EDGE('12726',*,*,#10143,.F.);
#10511=EDGE_LOOP('12693',(#10507,#10508,#10509,#10510));
#10512=FACE_OUTER_BOUND('12693',#10511,.F.);
#10513=ADVANCED_FACE('12693',(#10512),#10506,.F.);
#10514=CARTESIAN_POINT('',(6.2E-1,0.E0,1.789E1));
#10515=DIRECTION('',(-1.E0,0.E0,0.E0));
#10516=DIRECTION('',(0.E0,0.E0,1.E0));
#10517=AXIS2_PLACEMENT_3D('',#10514,#10515,#10516);
#10518=PLANE('9559',#10517);
#10519=ORIENTED_EDGE('9574',*,*,#8132,.F.);
#10520=ORIENTED_EDGE('9582',*,*,#8042,.T.);
#10521=ORIENTED_EDGE('9550',*,*,#7996,.T.);
#10523=ORIENTED_EDGE('9583',*,*,#10522,.F.);
#10524=EDGE_LOOP('9559',(#10519,#10520,#10521,#10523));
#10525=FACE_OUTER_BOUND('9559',#10524,.F.);
#10526=ADVANCED_FACE('9559',(#10525),#10518,.F.);
#10527=CARTESIAN_POINT('',(6.2E-1,0.E0,1.919E1));
#10528=DIRECTION('',(0.E0,0.E0,1.E0));
#10529=DIRECTION('',(1.E0,0.E0,0.E0));
#10530=AXIS2_PLACEMENT_3D('',#10527,#10528,#10529);
#10531=PLANE('9561',#10530);
#10532=ORIENTED_EDGE('9575',*,*,#8134,.F.);
#10533=ORIENTED_EDGE('9583',*,*,#10522,.T.);
#10534=ORIENTED_EDGE('9551',*,*,#7994,.T.);
#10536=ORIENTED_EDGE('9584',*,*,#10535,.F.);
#10537=EDGE_LOOP('9561',(#10532,#10533,#10534,#10536));
#10538=FACE_OUTER_BOUND('9561',#10537,.F.);
#10539=ADVANCED_FACE('9561',(#10538),#10531,.F.);
#10540=CARTESIAN_POINT('',(1.92E0,0.E0,1.919E1));
#10541=DIRECTION('',(1.E0,0.E0,0.E0));
#10542=DIRECTION('',(0.E0,0.E0,-1.E0));
#10543=AXIS2_PLACEMENT_3D('',#10540,#10541,#10542);
#10544=PLANE('9563',#10543);
#10545=ORIENTED_EDGE('9576',*,*,#8136,.F.);
#10546=ORIENTED_EDGE('9584',*,*,#10535,.T.);
#10547=ORIENTED_EDGE('9552',*,*,#7992,.T.);
#10548=ORIENTED_EDGE('9581',*,*,#8039,.F.);
#10549=EDGE_LOOP('9563',(#10545,#10546,#10547,#10548));
#10550=FACE_OUTER_BOUND('9563',#10549,.F.);
#10551=ADVANCED_FACE('9563',(#10550),#10544,.F.);
#10552=CARTESIAN_POINT('',(-1.92E0,0.E0,1.789E1));
#10553=DIRECTION('',(-1.E0,0.E0,0.E0));
#10554=DIRECTION('',(0.E0,0.E0,1.E0));
#10555=AXIS2_PLACEMENT_3D('',#10552,#10553,#10554);
#10556=PLANE('9565',#10555);
#10557=ORIENTED_EDGE('9577',*,*,#8140,.F.);
#10559=ORIENTED_EDGE('9585',*,*,#10558,.T.);
#10560=ORIENTED_EDGE('9553',*,*,#8012,.T.);
#10562=ORIENTED_EDGE('9586',*,*,#10561,.F.);
#10563=EDGE_LOOP('9565',(#10557,#10559,#10560,#10562));
#10564=FACE_OUTER_BOUND('9565',#10563,.F.);
#10565=ADVANCED_FACE('9565',(#10564),#10556,.F.);
#10566=CARTESIAN_POINT('',(-6.2E-1,0.E0,1.789E1));
#10567=DIRECTION('',(0.E0,0.E0,-1.E0));
#10568=DIRECTION('',(-1.E0,0.E0,0.E0));
#10569=AXIS2_PLACEMENT_3D('',#10566,#10567,#10568);
#10570=PLANE('9571',#10569);
#10571=ORIENTED_EDGE('9580',*,*,#8146,.F.);
#10573=ORIENTED_EDGE('9588',*,*,#10572,.T.);
#10574=ORIENTED_EDGE('9556',*,*,#8014,.T.);
#10575=ORIENTED_EDGE('9585',*,*,#10558,.F.);
#10576=EDGE_LOOP('9571',(#10571,#10573,#10574,#10575));
#10577=FACE_OUTER_BOUND('9571',#10576,.F.);
#10578=ADVANCED_FACE('9571',(#10577),#10570,.F.);
#10579=CARTESIAN_POINT('',(-6.2E-1,0.E0,1.919E1));
#10580=DIRECTION('',(1.E0,0.E0,0.E0));
#10581=DIRECTION('',(0.E0,0.E0,-1.E0));
#10582=AXIS2_PLACEMENT_3D('',#10579,#10580,#10581);
#10583=PLANE('9569',#10582);
#10584=ORIENTED_EDGE('9579',*,*,#8144,.F.);
#10586=ORIENTED_EDGE('9587',*,*,#10585,.T.);
#10587=ORIENTED_EDGE('9555',*,*,#8016,.T.);
#10588=ORIENTED_EDGE('9588',*,*,#10572,.F.);
#10589=EDGE_LOOP('9569',(#10584,#10586,#10587,#10588));
#10590=FACE_OUTER_BOUND('9569',#10589,.F.);
#10591=ADVANCED_FACE('9569',(#10590),#10583,.F.);
#10592=CARTESIAN_POINT('',(-1.92E0,0.E0,1.919E1));
#10593=DIRECTION('',(0.E0,0.E0,1.E0));
#10594=DIRECTION('',(1.E0,0.E0,0.E0));
#10595=AXIS2_PLACEMENT_3D('',#10592,#10593,#10594);
#10596=PLANE('9567',#10595);
#10597=ORIENTED_EDGE('9578',*,*,#8142,.F.);
#10598=ORIENTED_EDGE('9586',*,*,#10561,.T.);
#10599=ORIENTED_EDGE('9554',*,*,#8018,.T.);
#10600=ORIENTED_EDGE('9587',*,*,#10585,.F.);
#10601=EDGE_LOOP('9567',(#10597,#10598,#10599,#10600));
#10602=FACE_OUTER_BOUND('9567',#10601,.F.);
#10603=ADVANCED_FACE('9567',(#10602),#10596,.F.);
#10604=CARTESIAN_POINT('',(-1.595E0,0.E0,1.8205E1));
#10605=DIRECTION('',(-1.E0,0.E0,0.E0));
#10606=DIRECTION('',(0.E0,0.E0,1.E0));
#10607=AXIS2_PLACEMENT_3D('',#10604,#10605,#10606);
#10608=PLANE('10551',#10607);
#10610=ORIENTED_EDGE('12801',*,*,#10609,.T.);
#10612=ORIENTED_EDGE('12813',*,*,#10611,.F.);
#10613=ORIENTED_EDGE('12742',*,*,#7647,.F.);
#10615=ORIENTED_EDGE('12820',*,*,#10614,.T.);
#10616=ORIENTED_EDGE('12752',*,*,#7772,.T.);
#10618=ORIENTED_EDGE('12814',*,*,#10617,.F.);
#10620=ORIENTED_EDGE('12802',*,*,#10619,.F.);
#10621=ORIENTED_EDGE('11547',*,*,#8022,.F.);
#10622=EDGE_LOOP('10551',(#10610,#10612,#10613,#10615,#10616,#10618,#10620,
#10621));
#10623=FACE_OUTER_BOUND('10551',#10622,.F.);
#10624=ADVANCED_FACE('10551',(#10623),#10608,.F.);
#10625=CARTESIAN_POINT('',(-9.45E-1,0.E0,1.8205E1));
#10626=DIRECTION('',(0.E0,0.E0,-1.E0));
#10627=DIRECTION('',(-1.E0,0.E0,0.E0));
#10628=AXIS2_PLACEMENT_3D('',#10625,#10626,#10627);
#10629=PLANE('10557',#10628);
#10631=ORIENTED_EDGE('12795',*,*,#10630,.T.);
#10632=ORIENTED_EDGE('12801',*,*,#10609,.F.);
#10633=ORIENTED_EDGE('11550',*,*,#8027,.F.);
#10634=ORIENTED_EDGE('12804',*,*,#7702,.T.);
#10635=EDGE_LOOP('10557',(#10631,#10632,#10633,#10634));
#10636=FACE_OUTER_BOUND('10557',#10635,.F.);
#10637=ADVANCED_FACE('10557',(#10636),#10629,.F.);
#10638=CARTESIAN_POINT('',(-1.595E0,-2.8E0,1.799E1));
#10639=DIRECTION('',(0.E0,1.E0,0.E0));
#10640=DIRECTION('',(1.E0,0.E0,0.E0));
#10641=AXIS2_PLACEMENT_3D('',#10638,#10639,#10640);
#10642=PLANE('12763',#10641);
#10644=ORIENTED_EDGE('12791',*,*,#10643,.F.);
#10645=ORIENTED_EDGE('12814',*,*,#10617,.T.);
#10646=ORIENTED_EDGE('12753',*,*,#7770,.T.);
#10647=ORIENTED_EDGE('12816',*,*,#7708,.F.);
#10648=EDGE_LOOP('12763',(#10644,#10645,#10646,#10647));
#10649=FACE_OUTER_BOUND('12763',#10648,.F.);
#10650=ADVANCED_FACE('12763',(#10649),#10642,.F.);
#10651=CARTESIAN_POINT('',(-1.595E0,-2.8E0,1.799E1));
#10652=DIRECTION('',(0.E0,1.E0,0.E0));
#10653=DIRECTION('',(1.E0,0.E0,0.E0));
#10654=AXIS2_PLACEMENT_3D('',#10651,#10652,#10653);
#10655=PLANE('12763',#10654);
#10656=ORIENTED_EDGE('12795',*,*,#10630,.F.);
#10657=ORIENTED_EDGE('12815',*,*,#7700,.F.);
#10658=ORIENTED_EDGE('12743',*,*,#7649,.F.);
#10659=ORIENTED_EDGE('12813',*,*,#10611,.T.);
#10660=EDGE_LOOP('12763',(#10656,#10657,#10658,#10659));
#10661=FACE_OUTER_BOUND('12763',#10660,.F.);
#10662=ADVANCED_FACE('12763',(#10661),#10655,.F.);
#10663=CARTESIAN_POINT('',(-1.595E0,0.E0,1.8875E1));
#10664=DIRECTION('',(0.E0,0.E0,1.E0));
#10665=DIRECTION('',(1.E0,0.E0,0.E0));
#10666=AXIS2_PLACEMENT_3D('',#10663,#10664,#10665);
#10667=PLANE('10553',#10666);
#10668=ORIENTED_EDGE('12791',*,*,#10643,.T.);
#10669=ORIENTED_EDGE('12803',*,*,#7706,.F.);
#10670=ORIENTED_EDGE('11548',*,*,#8024,.F.);
#10671=ORIENTED_EDGE('12802',*,*,#10619,.T.);
#10672=EDGE_LOOP('10553',(#10668,#10669,#10670,#10671));
#10673=FACE_OUTER_BOUND('10553',#10672,.F.);
#10674=ADVANCED_FACE('10553',(#10673),#10667,.F.);
#10675=CARTESIAN_POINT('',(-1.768205080757E0,-5.64E0,1.799E1));
#10676=DIRECTION('',(-8.660254037844E-1,5.E-1,0.E0));
#10677=DIRECTION('',(5.E-1,8.660254037844E-1,0.E0));
#10678=AXIS2_PLACEMENT_3D('',#10675,#10676,#10677);
#10679=PLANE('12777',#10678);
#10680=ORIENTED_EDGE('12820',*,*,#10614,.F.);
#10681=ORIENTED_EDGE('12750',*,*,#7645,.F.);
#10683=ORIENTED_EDGE('12778',*,*,#10682,.T.);
#10684=ORIENTED_EDGE('12760',*,*,#7774,.T.);
#10685=EDGE_LOOP('12777',(#10680,#10681,#10683,#10684));
#10686=FACE_OUTER_BOUND('12777',#10685,.F.);
#10687=ADVANCED_FACE('12777',(#10686),#10679,.F.);
#10688=CARTESIAN_POINT('',(-2.045E0,-7.26E0,1.799E1));
#10689=DIRECTION('',(-9.857152649688E-1,1.684203562739E-1,0.E0));
#10690=DIRECTION('',(1.684203562739E-1,9.857152649688E-1,0.E0));
#10691=AXIS2_PLACEMENT_3D('',#10688,#10689,#10690);
#10692=PLANE('12775',#10691);
#10693=ORIENTED_EDGE('12781',*,*,#6776,.F.);
#10694=ORIENTED_EDGE('12810',*,*,#7776,.T.);
#10695=ORIENTED_EDGE('12778',*,*,#10682,.F.);
#10696=ORIENTED_EDGE('12808',*,*,#7643,.F.);
#10697=EDGE_LOOP('12775',(#10693,#10694,#10695,#10696));
#10698=FACE_OUTER_BOUND('12775',#10697,.F.);
#10699=ADVANCED_FACE('12775',(#10698),#10692,.F.);
#10700=CARTESIAN_POINT('',(4.05E0,9.64E0,3.057349967836E0));
#10701=DIRECTION('',(0.E0,-3.420201433257E-1,9.396926207859E-1));
#10702=DIRECTION('',(0.E0,-9.396926207859E-1,-3.420201433257E-1));
#10703=AXIS2_PLACEMENT_3D('',#10700,#10701,#10702);
#10704=PLANE('90',#10703);
#10705=ORIENTED_EDGE('791',*,*,#5583,.F.);
#10706=ORIENTED_EDGE('759',*,*,#6097,.T.);
#10707=ORIENTED_EDGE('106',*,*,#5791,.T.);
#10708=ORIENTED_EDGE('420',*,*,#5319,.T.);
#10709=EDGE_LOOP('90',(#10705,#10706,#10707,#10708));
#10710=FACE_OUTER_BOUND('90',#10709,.F.);
#10711=ADVANCED_FACE('90',(#10710),#10704,.F.);
#10712=CARTESIAN_POINT('',(4.05E0,9.64E0,3.057349967836E0));
#10713=DIRECTION('',(0.E0,-3.420201433257E-1,9.396926207859E-1));
#10714=DIRECTION('',(0.E0,-9.396926207859E-1,-3.420201433257E-1));
#10715=AXIS2_PLACEMENT_3D('',#10712,#10713,#10714);
#10716=PLANE('90',#10715);
#10717=ORIENTED_EDGE('32079',*,*,#6511,.F.);
#10718=ORIENTED_EDGE('758',*,*,#6064,.T.);
#10719=ORIENTED_EDGE('788',*,*,#5986,.F.);
#10720=ORIENTED_EDGE('421',*,*,#5327,.T.);
#10721=EDGE_LOOP('90',(#10717,#10718,#10719,#10720));
#10722=FACE_OUTER_BOUND('90',#10721,.F.);
#10723=ADVANCED_FACE('90',(#10722),#10716,.F.);
#10724=CARTESIAN_POINT('',(0.E0,6.69E0,3.08E0));
#10725=DIRECTION('',(0.E0,0.E0,-1.E0));
#10726=DIRECTION('',(-1.E0,0.E0,0.E0));
#10727=AXIS2_PLACEMENT_3D('',#10724,#10725,#10726);
#10728=PLANE('1305',#10727);
#10729=ORIENTED_EDGE('1313',*,*,#6061,.F.);
#10731=ORIENTED_EDGE('1333',*,*,#10730,.F.);
#10732=ORIENTED_EDGE('1320',*,*,#5990,.F.);
#10733=EDGE_LOOP('1305',(#10729,#10731,#10732));
#10734=FACE_OUTER_BOUND('1305',#10733,.F.);
#10735=ADVANCED_FACE('1305',(#10734),#10728,.F.);
#10736=CARTESIAN_POINT('',(0.E0,6.69E0,3.08E0));
#10737=DIRECTION('',(0.E0,0.E0,-1.E0));
#10738=DIRECTION('',(-1.E0,0.E0,0.E0));
#10739=AXIS2_PLACEMENT_3D('',#10736,#10737,#10738);
#10740=PLANE('1305',#10739);
#10741=ORIENTED_EDGE('1314',*,*,#6085,.F.);
#10742=ORIENTED_EDGE('1323',*,*,#5579,.T.);
#10744=ORIENTED_EDGE('1334',*,*,#10743,.T.);
#10745=EDGE_LOOP('1305',(#10741,#10742,#10744));
#10746=FACE_OUTER_BOUND('1305',#10745,.F.);
#10747=ADVANCED_FACE('1305',(#10746),#10740,.F.);
#10748=CARTESIAN_POINT('',(2.5375E0,6.69E0,4.08E0));
#10749=DIRECTION('',(9.974156119741E-1,-7.184773476085E-2,0.E0));
#10750=DIRECTION('',(0.E0,0.E0,-1.E0));
#10751=AXIS2_PLACEMENT_3D('',#10748,#10749,#10750);
#10752=PLANE('1311',#10751);
#10753=ORIENTED_EDGE('1318',*,*,#6075,.F.);
#10755=ORIENTED_EDGE('1336',*,*,#10754,.F.);
#10756=ORIENTED_EDGE('1337',*,*,#5970,.F.);
#10757=ORIENTED_EDGE('1319',*,*,#5962,.F.);
#10758=ORIENTED_EDGE('1333',*,*,#10730,.T.);
#10759=EDGE_LOOP('1311',(#10753,#10755,#10756,#10757,#10758));
#10760=FACE_OUTER_BOUND('1311',#10759,.F.);
#10761=ADVANCED_FACE('1311',(#10760),#10752,.F.);
#10762=CARTESIAN_POINT('',(0.E0,6.69E0,5.08E0));
#10763=DIRECTION('',(0.E0,0.E0,1.E0));
#10764=DIRECTION('',(1.E0,0.E0,0.E0));
#10765=AXIS2_PLACEMENT_3D('',#10762,#10763,#10764);
#10766=PLANE('1309',#10765);
#10767=ORIENTED_EDGE('1316',*,*,#6089,.F.);
#10769=ORIENTED_EDGE('1335',*,*,#10768,.F.);
#10770=ORIENTED_EDGE('1324',*,*,#5563,.F.);
#10771=EDGE_LOOP('1309',(#10767,#10769,#10770));
#10772=FACE_OUTER_BOUND('1309',#10771,.F.);
#10773=ADVANCED_FACE('1309',(#10772),#10766,.F.);
#10774=CARTESIAN_POINT('',(0.E0,6.69E0,5.08E0));
#10775=DIRECTION('',(0.E0,0.E0,1.E0));
#10776=DIRECTION('',(1.E0,0.E0,0.E0));
#10777=AXIS2_PLACEMENT_3D('',#10774,#10775,#10776);
#10778=PLANE('1309',#10777);
#10779=ORIENTED_EDGE('1317',*,*,#6073,.F.);
#10780=ORIENTED_EDGE('1321',*,*,#5972,.T.);
#10781=ORIENTED_EDGE('1336',*,*,#10754,.T.);
#10782=EDGE_LOOP('1309',(#10779,#10780,#10781));
#10783=FACE_OUTER_BOUND('1309',#10782,.F.);
#10784=ADVANCED_FACE('1309',(#10783),#10778,.F.);
#10785=CARTESIAN_POINT('',(-2.5375E0,6.69E0,4.08E0));
#10786=DIRECTION('',(-9.974156119741E-1,-7.184773476085E-2,0.E0));
#10787=DIRECTION('',(0.E0,0.E0,1.E0));
#10788=AXIS2_PLACEMENT_3D('',#10785,#10786,#10787);
#10789=PLANE('1307',#10788);
#10790=ORIENTED_EDGE('1315',*,*,#6087,.F.);
#10791=ORIENTED_EDGE('1334',*,*,#10743,.F.);
#10792=ORIENTED_EDGE('1322',*,*,#5577,.T.);
#10793=ORIENTED_EDGE('1338',*,*,#5565,.T.);
#10794=ORIENTED_EDGE('1335',*,*,#10768,.T.);
#10795=EDGE_LOOP('1307',(#10790,#10791,#10792,#10793,#10794));
#10796=FACE_OUTER_BOUND('1307',#10795,.F.);
#10797=ADVANCED_FACE('1307',(#10796),#10789,.F.);
#10798=CARTESIAN_POINT('',(-4.05E0,2.74E0,3.08E0));
#10799=DIRECTION('',(0.E0,0.E0,-1.E0));
#10800=DIRECTION('',(0.E0,-1.E0,0.E0));
#10801=AXIS2_PLACEMENT_3D('',#10798,#10799,#10800);
#10802=PLANE('281',#10801);
#10803=ORIENTED_EDGE('779',*,*,#5573,.T.);
#10804=ORIENTED_EDGE('658',*,*,#5845,.F.);
#10805=ORIENTED_EDGE('294',*,*,#5825,.F.);
#10806=ORIENTED_EDGE('782',*,*,#5918,.T.);
#10807=EDGE_LOOP('281',(#10803,#10804,#10805,#10806));
#10808=FACE_OUTER_BOUND('281',#10807,.F.);
#10809=ADVANCED_FACE('281',(#10808),#10802,.F.);
#10810=CARTESIAN_POINT('',(-4.05E0,2.74E0,3.08E0));
#10811=DIRECTION('',(0.E0,0.E0,-1.E0));
#10812=DIRECTION('',(0.E0,-1.E0,0.E0));
#10813=AXIS2_PLACEMENT_3D('',#10810,#10811,#10812);
#10814=PLANE('281',#10813);
#10816=ORIENTED_EDGE('1242',*,*,#10815,.F.);
#10817=ORIENTED_EDGE('1243',*,*,#5861,.F.);
#10818=ORIENTED_EDGE('778',*,*,#5965,.F.);
#10819=ORIENTED_EDGE('1246',*,*,#5904,.T.);
#10820=EDGE_LOOP('281',(#10816,#10817,#10818,#10819));
#10821=FACE_OUTER_BOUND('281',#10820,.F.);
#10822=ADVANCED_FACE('281',(#10821),#10814,.F.);
#10823=CARTESIAN_POINT('',(3.05E0,2.263734420454E0,3.58E0));
#10824=DIRECTION('',(0.E0,1.E0,0.E0));
#10825=DIRECTION('',(1.E0,0.E0,0.E0));
#10826=AXIS2_PLACEMENT_3D('',#10823,#10824,#10825);
#10827=CYLINDRICAL_SURFACE('1223',#10826,5.E-1);
#10829=ORIENTED_EDGE('1241',*,*,#10828,.F.);
#10831=ORIENTED_EDGE('1248',*,*,#10830,.T.);
#10832=ORIENTED_EDGE('1242',*,*,#10815,.T.);
#10834=ORIENTED_EDGE('1250',*,*,#10833,.F.);
#10835=EDGE_LOOP('1223',(#10829,#10831,#10832,#10834));
#10836=FACE_OUTER_BOUND('1223',#10835,.F.);
#10837=ADVANCED_FACE('1223',(#10836),#10827,.F.);
#10838=CARTESIAN_POINT('',(3.55E0,9.64E0,0.E0));
#10839=DIRECTION('',(-1.E0,0.E0,0.E0));
#10840=DIRECTION('',(0.E0,0.E0,1.E0));
#10841=AXIS2_PLACEMENT_3D('',#10838,#10839,#10840);
#10842=PLANE('266',#10841);
#10844=ORIENTED_EDGE('1235',*,*,#10843,.T.);
#10845=ORIENTED_EDGE('1241',*,*,#10828,.T.);
#10847=ORIENTED_EDGE('1239',*,*,#10846,.T.);
#10849=ORIENTED_EDGE('1237',*,*,#10848,.T.);
#10850=EDGE_LOOP('266',(#10844,#10845,#10847,#10849));
#10851=FACE_OUTER_BOUND('266',#10850,.F.);
#10852=ADVANCED_FACE('266',(#10851),#10842,.T.);
#10853=CARTESIAN_POINT('',(3.55E0,9.64E0,0.E0));
#10854=DIRECTION('',(-1.E0,0.E0,0.E0));
#10855=DIRECTION('',(0.E0,0.E0,1.E0));
#10856=AXIS2_PLACEMENT_3D('',#10853,#10854,#10855);
#10857=PLANE('266',#10856);
#10859=ORIENTED_EDGE('1276',*,*,#10858,.T.);
#10861=ORIENTED_EDGE('1282',*,*,#10860,.T.);
#10863=ORIENTED_EDGE('1280',*,*,#10862,.T.);
#10865=ORIENTED_EDGE('1278',*,*,#10864,.T.);
#10866=EDGE_LOOP('266',(#10859,#10861,#10863,#10865));
#10867=FACE_OUTER_BOUND('266',#10866,.F.);
#10868=ADVANCED_FACE('266',(#10867),#10857,.T.);
#10869=CARTESIAN_POINT('',(3.05E0,2.34E0,4.08E0));
#10870=DIRECTION('',(-1.E0,0.E0,0.E0));
#10871=DIRECTION('',(0.E0,7.619166870066E-2,9.970931900382E-1));
#10872=AXIS2_PLACEMENT_3D('',#10869,#10870,#10871);
#10873=TOROIDAL_SURFACE('1210',#10872,5.E-1,5.E-1);
#10874=ORIENTED_EDGE('1235',*,*,#10843,.F.);
#10876=ORIENTED_EDGE('1247',*,*,#10875,.T.);
#10877=ORIENTED_EDGE('1236',*,*,#5855,.T.);
#10878=ORIENTED_EDGE('1248',*,*,#10830,.F.);
#10879=EDGE_LOOP('1210',(#10874,#10876,#10877,#10878));
#10880=FACE_OUTER_BOUND('1210',#10879,.F.);
#10881=ADVANCED_FACE('1210',(#10880),#10873,.F.);
#10882=CARTESIAN_POINT('',(3.05E0,2.816265579546E0,4.58E0));
#10883=DIRECTION('',(0.E0,-1.E0,0.E0));
#10884=DIRECTION('',(1.E0,0.E0,0.E0));
#10885=AXIS2_PLACEMENT_3D('',#10882,#10883,#10884);
#10886=CYLINDRICAL_SURFACE('1215',#10885,5.E-1);
#10887=ORIENTED_EDGE('1237',*,*,#10848,.F.);
#10889=ORIENTED_EDGE('1249',*,*,#10888,.T.);
#10890=ORIENTED_EDGE('1238',*,*,#5884,.T.);
#10891=ORIENTED_EDGE('1247',*,*,#10875,.F.);
#10892=EDGE_LOOP('1215',(#10887,#10889,#10890,#10891));
#10893=FACE_OUTER_BOUND('1215',#10892,.F.);
#10894=ADVANCED_FACE('1215',(#10893),#10886,.F.);
#10895=CARTESIAN_POINT('',(3.548223275317E0,2.701436728429E0,4.536259456992E0));
#10896=CARTESIAN_POINT('',(3.576328157330E0,2.673434142827E0,4.867570675694E0));
#10897=CARTESIAN_POINT('',(3.340382971153E0,2.653562633019E0,5.102679469764E0));
#10898=CARTESIAN_POINT('',(3.007890237393E0,2.655929407697E0,5.074677091192E0));
#10899=CARTESIAN_POINT('',(3.548223275317E0,2.986931968655E0,4.560389653774E0));
#10900=CARTESIAN_POINT('',(3.576328157330E0,3.166240759340E0,4.909222930992E0));
#10901=CARTESIAN_POINT('',(3.340382971153E0,3.293483880503E0,5.156765925338E0));
#10902=CARTESIAN_POINT('',(3.007890237393E0,3.278328726212E0,5.127282584794E0));
#10903=CARTESIAN_POINT('',(3.548223275317E0,3.197886250206E0,4.366513173292E0));
#10904=CARTESIAN_POINT('',(3.576328157330E0,3.530378759145E0,4.574563718137E0));
#10905=CARTESIAN_POINT('',(3.340382971153E0,3.766325833682E0,4.722202886215E0));
#10906=CARTESIAN_POINT('',(3.007890237393E0,3.738223612623E0,4.704618482820E0));
#10907=CARTESIAN_POINT('',(3.548223275317E0,3.197886250076E0,4.079999999793E0));
#10908=CARTESIAN_POINT('',(3.576328157330E0,3.530378758922E0,4.079999999643E0));
#10909=CARTESIAN_POINT('',(3.340382971153E0,3.766325833392E0,4.079999999536E0));
#10910=CARTESIAN_POINT('',(3.007890237393E0,3.738223612340E0,4.079999999549E0));
#10911=CARTESIAN_POINT('',(3.548223275317E0,3.197886249947E0,3.793486826294E0));
#10912=CARTESIAN_POINT('',(3.576328157330E0,3.530378758698E0,3.585436281148E0));
#10913=CARTESIAN_POINT('',(3.340382971153E0,3.766325833101E0,3.437797112857E0));
#10914=CARTESIAN_POINT('',(3.007890237393E0,3.738223612058E0,3.455381516277E0));
#10915=CARTESIAN_POINT('',(3.548223275317E0,2.986931968221E0,3.599610346002E0));
#10916=CARTESIAN_POINT('',(3.576328157330E0,3.166240758590E0,3.250777068623E0));
#10917=CARTESIAN_POINT('',(3.340382971153E0,3.293483879529E0,3.003234074161E0));
#10918=CARTESIAN_POINT('',(3.007890237393E0,3.278328725264E0,3.032717414719E0));
#10919=CARTESIAN_POINT('',(3.548223275317E0,2.701436728016E0,3.623740543043E0));
#10920=CARTESIAN_POINT('',(3.576328157330E0,2.673434142114E0,3.292429324366E0));
#10921=CARTESIAN_POINT('',(3.340382971153E0,2.653562632094E0,3.057320530314E0));
#10922=CARTESIAN_POINT('',(3.007890237393E0,2.655929406797E0,3.085322908884E0));
#10923=(BOUNDED_SURFACE()B_SPLINE_SURFACE(3,3,((#10895,#10896,#10897,#10898),(
#10899,#10900,#10901,#10902),(#10903,#10904,#10905,#10906),(#10907,#10908,
#10909,#10910),(#10911,#10912,#10913,#10914),(#10915,#10916,#10917,#10918),(
#10919,#10920,#10921,#10922)),.UNSPECIFIED.,.F.,.F.,.F.)B_SPLINE_SURFACE_WITH_KNOTS((4,3,4),(4,4),(0.E0,1.E0,2.E0),(0.E0,1.E0),.UNSPECIFIED.)GEOMETRIC_REPRESENTATION_ITEM()RATIONAL_B_SPLINE_SURFACE(((1.450222550866E0,1.107041243027E0,
1.107041243027E0,1.450222550866E0),(1.137627683066E0,8.684189634282E-1,
8.684189634282E-1,1.137627683066E0),(1.137627683066E0,8.684189634282E-1,
8.684189634282E-1,1.137627683066E0),(1.450222550866E0,1.107041243027E0,
1.107041243027E0,1.450222550866E0),(1.137627683066E0,8.684189634282E-1,
8.684189634282E-1,1.137627683066E0),(1.137627683066E0,8.684189634282E-1,
8.684189634282E-1,1.137627683066E0),(1.450222550866E0,1.107041243027E0,
1.107041243027E0,1.450222550866E0)))REPRESENTATION_ITEM('')SURFACE());
#10924=ORIENTED_EDGE('1239',*,*,#10846,.F.);
#10925=ORIENTED_EDGE('1250',*,*,#10833,.T.);
#10926=ORIENTED_EDGE('1240',*,*,#5902,.T.);
#10927=ORIENTED_EDGE('1249',*,*,#10888,.F.);
#10928=EDGE_LOOP('1219',(#10924,#10925,#10926,#10927));
#10929=FACE_OUTER_BOUND('1219',#10928,.F.);
#10930=ADVANCED_FACE('1219',(#10929),#10923,.F.);
#10931=CARTESIAN_POINT('',(3.548223275317E0,2.378563271571E0,2.492374054301E1));
#10932=CARTESIAN_POINT('',(3.576328157330E0,2.406565857173E0,2.459242932431E1));
#10933=CARTESIAN_POINT('',(3.340382971153E0,2.426437366981E0,2.435732053024E1));
#10934=CARTESIAN_POINT('',(3.007890237393E0,2.424070592303E0,2.438532290881E1));
#10935=CARTESIAN_POINT('',(3.548223275317E0,2.093068031345E0,2.489961034623E1));
#10936=CARTESIAN_POINT('',(3.576328157330E0,1.913759240660E0,2.455077706901E1));
#10937=CARTESIAN_POINT('',(3.340382971153E0,1.786516119497E0,2.430323407466E1));
#10938=CARTESIAN_POINT('',(3.007890237393E0,1.801671273788E0,2.433271741521E1));
#10939=CARTESIAN_POINT('',(3.548223275317E0,1.882113749794E0,2.509348682671E1));
#10940=CARTESIAN_POINT('',(3.576328157330E0,1.549621240855E0,2.488543628186E1));
#10941=CARTESIAN_POINT('',(3.340382971153E0,1.313674166318E0,2.473779711379E1));
#10942=CARTESIAN_POINT('',(3.007890237393E0,1.341776387377E0,2.475538151718E1));
#10943=CARTESIAN_POINT('',(3.548223275317E0,1.882113749924E0,2.538000000021E1));
#10944=CARTESIAN_POINT('',(3.576328157330E0,1.549621241078E0,2.538000000036E1));
#10945=CARTESIAN_POINT('',(3.340382971153E0,1.313674166608E0,2.538000000046E1));
#10946=CARTESIAN_POINT('',(3.007890237393E0,1.341776387660E0,2.538000000045E1));
#10947=CARTESIAN_POINT('',(3.548223275317E0,1.882113750053E0,2.566651317371E1));
#10948=CARTESIAN_POINT('',(3.576328157330E0,1.549621241302E0,2.587456371885E1));
#10949=CARTESIAN_POINT('',(3.340382971153E0,1.313674166899E0,2.602220288714E1));
#10950=CARTESIAN_POINT('',(3.007890237393E0,1.341776387942E0,2.600461848372E1));
#10951=CARTESIAN_POINT('',(3.548223275317E0,2.093068031779E0,2.586038965400E1));
#10952=CARTESIAN_POINT('',(3.576328157330E0,1.913759241410E0,2.620922293138E1));
#10953=CARTESIAN_POINT('',(3.340382971153E0,1.786516120471E0,2.645676592584E1));
#10954=CARTESIAN_POINT('',(3.007890237393E0,1.801671274736E0,2.642728258528E1));
#10955=CARTESIAN_POINT('',(3.548223275317E0,2.378563271984E0,2.583625945696E1));
#10956=CARTESIAN_POINT('',(3.576328157330E0,2.406565857886E0,2.616757067563E1));
#10957=CARTESIAN_POINT('',(3.340382971153E0,2.426437367906E0,2.640267946969E1));
#10958=CARTESIAN_POINT('',(3.007890237393E0,2.424070593203E0,2.637467709112E1));
#10959=(BOUNDED_SURFACE()B_SPLINE_SURFACE(3,3,((#10931,#10932,#10933,#10934),(
#10935,#10936,#10937,#10938),(#10939,#10940,#10941,#10942),(#10943,#10944,
#10945,#10946),(#10947,#10948,#10949,#10950),(#10951,#10952,#10953,#10954),(
#10955,#10956,#10957,#10958)),.UNSPECIFIED.,.F.,.F.,.F.)B_SPLINE_SURFACE_WITH_KNOTS((4,3,4),(4,4),(0.E0,1.E0,2.E0),(0.E0,1.E0),.UNSPECIFIED.)GEOMETRIC_REPRESENTATION_ITEM()RATIONAL_B_SPLINE_SURFACE(((1.450222550866E0,1.107041243027E0,
1.107041243027E0,1.450222550866E0),(1.137627683066E0,8.684189634282E-1,
8.684189634282E-1,1.137627683066E0),(1.137627683066E0,8.684189634282E-1,
8.684189634282E-1,1.137627683066E0),(1.450222550866E0,1.107041243027E0,
1.107041243027E0,1.450222550866E0),(1.137627683066E0,8.684189634282E-1,
8.684189634282E-1,1.137627683066E0),(1.137627683066E0,8.684189634282E-1,
8.684189634282E-1,1.137627683066E0),(1.450222550866E0,1.107041243027E0,
1.107041243027E0,1.450222550866E0)))REPRESENTATION_ITEM('')SURFACE());
#10960=ORIENTED_EDGE('1276',*,*,#10858,.F.);
#10962=ORIENTED_EDGE('1288',*,*,#10961,.T.);
#10963=ORIENTED_EDGE('1277',*,*,#5681,.T.);
#10965=ORIENTED_EDGE('1289',*,*,#10964,.F.);
#10966=EDGE_LOOP('1252',(#10960,#10962,#10963,#10965));
#10967=FACE_OUTER_BOUND('1252',#10966,.F.);
#10968=ADVANCED_FACE('1252',(#10967),#10959,.F.);
#10969=CARTESIAN_POINT('',(3.05E0,2.816265579546E0,2.588E1));
#10970=DIRECTION('',(0.E0,-1.E0,1.340766261229E-14));
#10971=DIRECTION('',(1.E0,0.E0,0.E0));
#10972=AXIS2_PLACEMENT_3D('',#10969,#10970,#10971);
#10973=CYLINDRICAL_SURFACE('1257',#10972,5.E-1);
#10974=ORIENTED_EDGE('1278',*,*,#10864,.F.);
#10976=ORIENTED_EDGE('1290',*,*,#10975,.T.);
#10977=ORIENTED_EDGE('1279',*,*,#5710,.T.);
#10978=ORIENTED_EDGE('1288',*,*,#10961,.F.);
#10979=EDGE_LOOP('1257',(#10974,#10976,#10977,#10978));
#10980=FACE_OUTER_BOUND('1257',#10979,.F.);
#10981=ADVANCED_FACE('1257',(#10980),#10973,.F.);
#10982=CARTESIAN_POINT('',(3.05E0,2.74E0,2.538E1));
#10983=DIRECTION('',(-1.E0,0.E0,0.E0));
#10984=DIRECTION('',(0.E0,-7.619166870066E-2,-9.970931900382E-1));
#10985=AXIS2_PLACEMENT_3D('',#10982,#10983,#10984);
#10986=TOROIDAL_SURFACE('1261',#10985,5.E-1,5.E-1);
#10987=ORIENTED_EDGE('1280',*,*,#10862,.F.);
#10989=ORIENTED_EDGE('1291',*,*,#10988,.T.);
#10990=ORIENTED_EDGE('1281',*,*,#5738,.T.);
#10991=ORIENTED_EDGE('1290',*,*,#10975,.F.);
#10992=EDGE_LOOP('1261',(#10987,#10989,#10990,#10991));
#10993=FACE_OUTER_BOUND('1261',#10992,.F.);
#10994=ADVANCED_FACE('1261',(#10993),#10986,.F.);
#10995=CARTESIAN_POINT('',(3.05E0,2.263734420454E0,2.488E1));
#10996=DIRECTION('',(0.E0,1.E0,0.E0));
#10997=DIRECTION('',(1.E0,0.E0,0.E0));
#10998=AXIS2_PLACEMENT_3D('',#10995,#10996,#10997);
#10999=CYLINDRICAL_SURFACE('1265',#10998,5.E-1);
#11000=ORIENTED_EDGE('1282',*,*,#10860,.F.);
#11001=ORIENTED_EDGE('1289',*,*,#10964,.T.);
#11002=ORIENTED_EDGE('1283',*,*,#5651,.T.);
#11003=ORIENTED_EDGE('1291',*,*,#10988,.F.);
#11004=EDGE_LOOP('1265',(#11000,#11001,#11002,#11003));
#11005=FACE_OUTER_BOUND('1265',#11004,.F.);
#11006=ADVANCED_FACE('1265',(#11005),#10999,.F.);
#11007=CLOSED_SHELL('',(#5333,#5348,#5364,#5388,#5405,#5420,#5443,#5456,#5469,
#5490,#5504,#5520,#5533,#5547,#5592,#5630,#5645,#5661,#5675,#5690,#5704,#5719,
#5732,#5746,#5835,#5849,#5865,#5878,#5893,#5910,#5924,#5956,#5994,#6009,#6024,
#6039,#6055,#6079,#6102,#6115,#6129,#6154,#6169,#6194,#6208,#6224,#6237,#6253,
#6267,#6282,#6296,#6310,#6330,#6343,#6361,#6376,#6412,#6447,#6462,#6475,#6592,
#6606,#6618,#6636,#6650,#6665,#6682,#6695,#6707,#6726,#6745,#6908,#6931,#6953,
#6968,#6982,#6996,#7009,#7021,#7037,#7051,#7064,#7077,#7089,#7109,#7123,#7138,
#7157,#7170,#7182,#7196,#7213,#7228,#7244,#7258,#7275,#7290,#7308,#7322,#7339,
#7351,#7365,#7381,#7395,#7410,#7422,#7435,#7449,#7463,#7475,#7488,#7502,#7516,
#7528,#7542,#7558,#7572,#7588,#7601,#7616,#7634,#7653,#7669,#7683,#7715,#7729,
#7745,#7763,#7781,#7795,#7811,#7827,#7842,#7857,#7871,#7886,#7901,#7916,#7931,
#7945,#7958,#7971,#7984,#8006,#8031,#8046,#8150,#8172,#8186,#8199,#8220,#8232,
#8244,#8257,#8270,#8283,#8296,#8309,#8329,#8341,#8353,#8366,#8379,#8391,#8404,
#8419,#8433,#8447,#8460,#8482,#8508,#8522,#8535,#8548,#8560,#8575,#8593,#8610,
#8626,#8639,#8654,#8668,#8684,#8697,#8711,#8728,#8747,#8763,#8777,#8808,#8822,
#8838,#8854,#8872,#8888,#8901,#8914,#8927,#8941,#8956,#8971,#8985,#8998,#9011,
#9025,#9039,#9052,#9070,#9082,#9095,#9107,#9122,#9136,#9150,#9163,#9185,#9211,
#9225,#9238,#9251,#9263,#9278,#9296,#9313,#9329,#9342,#9357,#9371,#9387,#9400,
#9414,#9431,#9450,#9466,#9480,#9511,#9525,#9541,#9557,#9575,#9591,#9604,#9617,
#9630,#9644,#9659,#9674,#9688,#9701,#9714,#9728,#9742,#9755,#9773,#9785,#9798,
#9810,#9825,#9839,#9853,#9866,#9888,#9914,#9928,#9941,#9954,#9966,#9981,#9999,
#10016,#10032,#10045,#10060,#10074,#10090,#10103,#10117,#10134,#10153,#10169,
#10183,#10214,#10228,#10244,#10260,#10278,#10294,#10307,#10320,#10333,#10347,
#10362,#10377,#10391,#10404,#10417,#10431,#10445,#10458,#10476,#10488,#10501,
#10513,#10526,#10539,#10551,#10565,#10578,#10591,#10603,#10624,#10637,#10650,
#10662,#10674,#10687,#10699,#10711,#10723,#10735,#10747,#10761,#10773,#10784,
#10797,#10809,#10822,#10837,#10852,#10868,#10881,#10894,#10930,#10968,#10981,
#10994,#11006));
#11008=MANIFOLD_SOLID_BREP('',#11007);
#11009=(LENGTH_UNIT()NAMED_UNIT(*)SI_UNIT(.MILLI.,.METRE.));
#11010=DIMENSIONAL_EXPONENTS(0.E0,0.E0,0.E0,0.E0,0.E0,0.E0,0.E0);
#11011=(NAMED_UNIT(*)PLANE_ANGLE_UNIT()SI_UNIT($,.RADIAN.));
#11012=PLANE_ANGLE_MEASURE_WITH_UNIT(PLANE_ANGLE_MEASURE(1.745329251994E-2),
#11011);
#11013=(CONVERSION_BASED_UNIT('DEGREE',#11012)NAMED_UNIT(#11010)PLANE_ANGLE_UNIT());
#11014=(NAMED_UNIT(*)SI_UNIT($,.STERADIAN.)SOLID_ANGLE_UNIT());
#11015=UNCERTAINTY_MEASURE_WITH_UNIT(LENGTH_MEASURE(3.513168003172E-3),#11009,
'closure',
'Maximum model space distance between geometric entities at asserted connectivities');
#11016=(GEOMETRIC_REPRESENTATION_CONTEXT(3)GLOBAL_UNCERTAINTY_ASSIGNED_CONTEXT((
#11015))GLOBAL_UNIT_ASSIGNED_CONTEXT((#11009,#11013,#11014))REPRESENTATION_CONTEXT('ID1','3'));
#11017=CARTESIAN_POINT('',(0.E0,0.E0,0.E0));
#11018=DIRECTION('',(0.E0,0.E0,1.E0));
#11019=DIRECTION('',(1.E0,0.E0,0.E0));
#11022=APPLICATION_CONTEXT(
'CONFIGURATION CONTROLLED 3D DESIGNS OF MECHANICAL PARTS AND ASSEMBLIES');
#11023=APPLICATION_PROTOCOL_DEFINITION('international standard',
'config_control_design',1994,#11022);
#11024=DESIGN_CONTEXT('',#11022,'design');
#11025=MECHANICAL_CONTEXT('',#11022,'mechanical');
#11026=PRODUCT('67017_Y08','67017_Y08','NOT SPECIFIED',(#11025));
#11027=PRODUCT_DEFINITION_FORMATION_WITH_SPECIFIED_SOURCE('33','LAST_VERSION',
#11026,.MADE.);
#11036=CARTESIAN_POINT('',(-1.225302114229E1,6.854995665489E0,
-8.860135748242E1));
#11037=DIRECTION('',(0.E0,0.E0,1.E0));
#11038=DIRECTION('',(1.E0,0.E0,0.E0));
#11039=AXIS2_PLACEMENT_3D('',#11036,#11037,#11038);
#11040=ITEM_DEFINED_TRANSFORMATION('','',#11020,#11039);
#11041=(REPRESENTATION_RELATIONSHIP('','',#11021,#11033)REPRESENTATION_RELATIONSHIP_WITH_TRANSFORMATION(#11040)SHAPE_REPRESENTATION_RELATIONSHIP());
#11042=CONTEXT_DEPENDENT_SHAPE_REPRESENTATION(#11041,#11035);
#11043=DIRECTION('',(-1.E0,0.E0,0.E0));
#11044=VECTOR('',#11043,6.5E-1);
#11045=CARTESIAN_POINT('',(3.25E-1,3.25E-1,1.602E1));
#11046=LINE('440',#11045,#11044);
#11047=DIRECTION('',(-1.E0,0.E0,0.E0));
#11048=VECTOR('',#11047,6.5E-1);
#11049=CARTESIAN_POINT('',(3.25E-1,3.25E-1,5.3E-1));
#11050=LINE('441',#11049,#11048);
#11051=DIRECTION('',(0.E0,0.E0,1.E0));
#11052=VECTOR('',#11051,1.549E1);
#11053=CARTESIAN_POINT('',(3.25E-1,3.25E-1,5.3E-1));
#11054=LINE('444',#11053,#11052);
#11055=DIRECTION('',(-3.717689415262E-1,-3.175059505924E-1,8.723404297950E-1));
#11056=VECTOR('',#11055,5.030241481061E-1);
#11057=CARTESIAN_POINT('',(3.25E-1,3.25E-1,1.602E1));
#11058=LINE('424',#11057,#11056);
#11059=CARTESIAN_POINT('',(1.379912448965E-1,1.652868396846E-1,
1.645880830156E1));
#11060=CARTESIAN_POINT('',(1.322416096924E-1,1.603764149904E-1,
1.647229958252E1));
#11061=CARTESIAN_POINT('',(1.207423392844E-1,1.538156775258E-1,
1.649032506056E1));
#11062=CARTESIAN_POINT('',(9.774379846833E-2,1.445477604123E-1,
1.651578845356E1));
#11063=CARTESIAN_POINT('',(6.899562244823E-2,1.375758646261E-1,
1.653494357980E1));
#11064=CARTESIAN_POINT('',(3.449781122411E-2,1.330388653792E-1,
1.654740888278E1));
#11065=CARTESIAN_POINT('',(0.E0,1.316242310688E-1,1.655129555861E1));
#11066=CARTESIAN_POINT('',(-3.449781122412E-2,1.330388653792E-1,
1.654740888278E1));
#11067=CARTESIAN_POINT('',(-6.899562244824E-2,1.375758646261E-1,
1.653494357980E1));
#11068=CARTESIAN_POINT('',(-9.774379846833E-2,1.445477604123E-1,
1.651578845356E1));
#11069=CARTESIAN_POINT('',(-1.207423392844E-1,1.538156775258E-1,
1.649032506056E1));
#11070=CARTESIAN_POINT('',(-1.322416096924E-1,1.603764149904E-1,
1.647229958252E1));
#11071=CARTESIAN_POINT('',(-1.379912448965E-1,1.652868396846E-1,
1.645880830156E1));
#11073=DIRECTION('',(-3.717689415262E-1,3.175059505924E-1,-8.723404297950E-1));
#11074=VECTOR('',#11073,5.030241481061E-1);
#11075=CARTESIAN_POINT('',(-1.379912448965E-1,1.652868396846E-1,
1.645880830156E1));
#11076=LINE('427',#11075,#11074);
#11077=DIRECTION('',(-3.717689415262E-1,3.175059505924E-1,8.723404297950E-1));
#11078=VECTOR('',#11077,3.990890881854E-1);
#11079=CARTESIAN_POINT('',(2.863601727858E-1,-2.92E-1,1.611066675484E1));
#11080=LINE('420',#11079,#11078);
#11081=DIRECTION('',(-3.717689415262E-1,-3.175059505924E-1,-8.723404297950E-1));
#11082=VECTOR('',#11081,3.990890881854E-1);
#11083=CARTESIAN_POINT('',(-1.379912448965E-1,-1.652868396846E-1,
1.645880830156E1));
#11084=LINE('423',#11083,#11082);
#11085=CARTESIAN_POINT('',(-1.379912448965E-1,-1.652868396846E-1,
1.645880830156E1));
#11086=CARTESIAN_POINT('',(-1.322416096924E-1,-1.603764149904E-1,
1.647229958252E1));
#11087=CARTESIAN_POINT('',(-1.207423392844E-1,-1.538156775258E-1,
1.649032506056E1));
#11088=CARTESIAN_POINT('',(-9.774379846833E-2,-1.445477604123E-1,
1.651578845356E1));
#11089=CARTESIAN_POINT('',(-6.899562244824E-2,-1.375758646261E-1,
1.653494357980E1));
#11090=CARTESIAN_POINT('',(-3.449781122412E-2,-1.330388653792E-1,
1.654740888278E1));
#11091=CARTESIAN_POINT('',(0.E0,-1.316242310688E-1,1.655129555861E1));
#11092=CARTESIAN_POINT('',(3.449781122411E-2,-1.330388653792E-1,
1.654740888278E1));
#11093=CARTESIAN_POINT('',(6.899562244823E-2,-1.375758646261E-1,
1.653494357980E1));
#11094=CARTESIAN_POINT('',(9.774379846833E-2,-1.445477604123E-1,
1.651578845356E1));
#11095=CARTESIAN_POINT('',(1.207423392844E-1,-1.538156775258E-1,
1.649032506056E1));
#11096=CARTESIAN_POINT('',(1.322416096924E-1,-1.603764149904E-1,
1.647229958252E1));
#11097=CARTESIAN_POINT('',(1.379912448965E-1,-1.652868396846E-1,
1.645880830156E1));
#11099=DIRECTION('',(-1.E0,0.E0,0.E0));
#11100=VECTOR('',#11099,5.727203455716E-1);
#11101=CARTESIAN_POINT('',(2.863601727858E-1,-2.92E-1,1.611066675484E1));
#11102=LINE('442',#11101,#11100);
#11103=DIRECTION('',(3.920553437079E-1,0.E0,-9.199416326431E-1));
#11104=VECTOR('',#11103,9.855707321507E-2);
#11105=CARTESIAN_POINT('',(2.863601727858E-1,-2.92E-1,1.611066675484E1));
#11106=LINE('545',#11105,#11104);
#11107=DIRECTION('',(0.E0,0.E0,1.E0));
#11108=VECTOR('',#11107,1.549E1);
#11109=CARTESIAN_POINT('',(3.25E-1,-2.92E-1,5.3E-1));
#11110=LINE('446',#11109,#11108);
#11111=DIRECTION('',(3.920553437079E-1,0.E0,9.199416326431E-1));
#11112=VECTOR('',#11111,9.855707321507E-2);
#11113=CARTESIAN_POINT('',(2.863601727858E-1,-2.92E-1,4.393332451580E-1));
#11114=LINE('548',#11113,#11112);
#11115=DIRECTION('',(-1.E0,0.E0,0.E0));
#11116=VECTOR('',#11115,5.727203455716E-1);
#11117=CARTESIAN_POINT('',(2.863601727858E-1,-2.92E-1,4.393332451580E-1));
#11118=LINE('443',#11117,#11116);
#11119=DIRECTION('',(-3.920553437079E-1,0.E0,9.199416326431E-1));
#11120=VECTOR('',#11119,9.855707321508E-2);
#11121=CARTESIAN_POINT('',(-2.863601727858E-1,-2.92E-1,4.393332451580E-1));
#11122=LINE('547',#11121,#11120);
#11123=DIRECTION('',(-3.920553437079E-1,0.E0,-9.199416326431E-1));
#11124=VECTOR('',#11123,9.855707321507E-2);
#11125=CARTESIAN_POINT('',(-2.863601727858E-1,-2.92E-1,1.611066675484E1));
#11126=LINE('546',#11125,#11124);
#11127=DIRECTION('',(0.E0,1.E0,0.E0));
#11128=VECTOR('',#11127,6.17E-1);
#11129=CARTESIAN_POINT('',(3.25E-1,-2.92E-1,1.602E1));
#11130=LINE('436',#11129,#11128);
#11131=DIRECTION('',(0.E0,1.E0,0.E0));
#11132=VECTOR('',#11131,6.17E-1);
#11133=CARTESIAN_POINT('',(3.25E-1,-2.92E-1,5.3E-1));
#11134=LINE('437',#11133,#11132);
#11135=DIRECTION('',(0.E0,-1.E0,0.E0));
#11136=VECTOR('',#11135,3.305736793693E-1);
#11137=CARTESIAN_POINT('',(1.379912448965E-1,1.652868396846E-1,
9.119169844381E-2));
#11138=LINE('451',#11137,#11136);
#11139=DIRECTION('',(3.717689415262E-1,3.175059505924E-1,-8.723404297950E-1));
#11140=VECTOR('',#11139,3.990890881854E-1);
#11141=CARTESIAN_POINT('',(-2.863601727858E-1,-2.92E-1,4.393332451580E-1));
#11142=LINE('428',#11141,#11140);
#11143=DIRECTION('',(3.717689415262E-1,-3.175059505924E-1,8.723404297950E-1));
#11144=VECTOR('',#11143,3.990890881854E-1);
#11145=CARTESIAN_POINT('',(1.379912448965E-1,-1.652868396846E-1,
9.119169844381E-2));
#11146=LINE('431',#11145,#11144);
#11147=CARTESIAN_POINT('',(1.379912448965E-1,-1.652868396846E-1,
9.119169844381E-2));
#11148=CARTESIAN_POINT('',(1.322416096924E-1,-1.603764149904E-1,
7.770041747653E-2));
#11149=CARTESIAN_POINT('',(1.207423392844E-1,-1.538156775258E-1,
5.967493943752E-2));
#11150=CARTESIAN_POINT('',(9.774379846833E-2,-1.445477604123E-1,
3.421154644269E-2));
#11151=CARTESIAN_POINT('',(6.899562244823E-2,-1.375758646261E-1,
1.505642019945E-2));
#11152=CARTESIAN_POINT('',(3.449781122412E-2,-1.330388653792E-1,
2.591117216481E-3));
#11153=CARTESIAN_POINT('',(0.E0,-1.316242310688E-1,-1.295558608241E-3));
#11154=CARTESIAN_POINT('',(-3.449781122412E-2,-1.330388653792E-1,
2.591117216481E-3));
#11155=CARTESIAN_POINT('',(-6.899562244823E-2,-1.375758646261E-1,
1.505642019945E-2));
#11156=CARTESIAN_POINT('',(-9.774379846833E-2,-1.445477604123E-1,
3.421154644269E-2));
#11157=CARTESIAN_POINT('',(-1.207423392844E-1,-1.538156775258E-1,
5.967493943752E-2));
#11158=CARTESIAN_POINT('',(-1.322416096924E-1,-1.603764149904E-1,
7.770041747653E-2));
#11159=CARTESIAN_POINT('',(-1.379912448965E-1,-1.652868396846E-1,
9.119169844381E-2));
#11161=DIRECTION('',(0.E0,-1.E0,0.E0));
#11162=VECTOR('',#11161,3.305736793693E-1);
#11163=CARTESIAN_POINT('',(-1.379912448965E-1,1.652868396846E-1,
9.119169844381E-2));
#11164=LINE('450',#11163,#11162);
#11165=DIRECTION('',(3.717689415262E-1,-3.175059505924E-1,-8.723404297950E-1));
#11166=VECTOR('',#11165,5.030241481062E-1);
#11167=CARTESIAN_POINT('',(-3.25E-1,3.25E-1,5.3E-1));
#11168=LINE('432',#11167,#11166);
#11169=CARTESIAN_POINT('',(-1.379912448965E-1,1.652868396846E-1,
9.119169844381E-2));
#11170=CARTESIAN_POINT('',(-1.322416096924E-1,1.603764149904E-1,
7.770041747653E-2));
#11171=CARTESIAN_POINT('',(-1.207423392844E-1,1.538156775258E-1,
5.967493943752E-2));
#11172=CARTESIAN_POINT('',(-9.774379846833E-2,1.445477604123E-1,
3.421154644269E-2));
#11173=CARTESIAN_POINT('',(-6.899562244823E-2,1.375758646261E-1,
1.505642019945E-2));
#11174=CARTESIAN_POINT('',(-3.449781122412E-2,1.330388653792E-1,
2.591117216481E-3));
#11175=CARTESIAN_POINT('',(0.E0,1.316242310688E-1,-1.295558608241E-3));
#11176=CARTESIAN_POINT('',(3.449781122412E-2,1.330388653792E-1,
2.591117216481E-3));
#11177=CARTESIAN_POINT('',(6.899562244823E-2,1.375758646261E-1,
1.505642019945E-2));
#11178=CARTESIAN_POINT('',(9.774379846833E-2,1.445477604123E-1,
3.421154644269E-2));
#11179=CARTESIAN_POINT('',(1.207423392844E-1,1.538156775258E-1,
5.967493943752E-2));
#11180=CARTESIAN_POINT('',(1.322416096924E-1,1.603764149904E-1,
7.770041747653E-2));
#11181=CARTESIAN_POINT('',(1.379912448965E-1,1.652868396846E-1,
9.119169844381E-2));
#11183=DIRECTION('',(3.717689415262E-1,3.175059505924E-1,8.723404297950E-1));
#11184=VECTOR('',#11183,5.030241481061E-1);
#11185=CARTESIAN_POINT('',(1.379912448965E-1,1.652868396846E-1,
9.119169844381E-2));
#11186=LINE('435',#11185,#11184);
#11187=DIRECTION('',(0.E0,1.E0,0.E0));
#11188=VECTOR('',#11187,6.17E-1);
#11189=CARTESIAN_POINT('',(-3.25E-1,-2.92E-1,1.602E1));
#11190=LINE('438',#11189,#11188);
#11191=DIRECTION('',(0.E0,0.E0,1.E0));
#11192=VECTOR('',#11191,1.549E1);
#11193=CARTESIAN_POINT('',(-3.25E-1,-2.92E-1,5.3E-1));
#11194=LINE('447',#11193,#11192);
#11195=DIRECTION('',(0.E0,1.E0,0.E0));
#11196=VECTOR('',#11195,6.17E-1);
#11197=CARTESIAN_POINT('',(-3.25E-1,-2.92E-1,5.3E-1));
#11198=LINE('439',#11197,#11196);
#11199=DIRECTION('',(0.E0,0.E0,1.E0));
#11200=VECTOR('',#11199,1.549E1);
#11201=CARTESIAN_POINT('',(-3.25E-1,3.25E-1,5.3E-1));
#11202=LINE('445',#11201,#11200);
#11203=DIRECTION('',(0.E0,-1.E0,0.E0));
#11204=VECTOR('',#11203,3.305736793693E-1);
#11205=CARTESIAN_POINT('',(-1.379912448965E-1,1.652868396846E-1,
1.645880830156E1));
#11206=LINE('449',#11205,#11204);
#11207=DIRECTION('',(0.E0,-1.E0,0.E0));
#11208=VECTOR('',#11207,3.305736793693E-1);
#11209=CARTESIAN_POINT('',(1.379912448965E-1,1.652868396846E-1,
1.645880830156E1));
#11210=LINE('448',#11209,#11208);
#11211=CARTESIAN_POINT('',(2.863601727858E-1,-2.92E-1,1.611066675484E1));
#11212=CARTESIAN_POINT('',(1.379912448965E-1,-1.652868396846E-1,
1.645880830156E1));
#11213=VERTEX_POINT('',#11211);
#11214=VERTEX_POINT('',#11212);
#11215=VERTEX_POINT('',#11085);
#11216=CARTESIAN_POINT('',(-2.863601727858E-1,-2.92E-1,1.611066675484E1));
#11217=VERTEX_POINT('',#11216);
#11218=CARTESIAN_POINT('',(3.25E-1,3.25E-1,1.602E1));
#11219=CARTESIAN_POINT('',(1.379912448965E-1,1.652868396846E-1,
1.645880830156E1));
#11220=VERTEX_POINT('',#11218);
#11221=VERTEX_POINT('',#11219);
#11222=VERTEX_POINT('',#11071);
#11223=CARTESIAN_POINT('',(-3.25E-1,3.25E-1,1.602E1));
#11224=VERTEX_POINT('',#11223);
#11225=CARTESIAN_POINT('',(-2.863601727858E-1,-2.92E-1,4.393332451580E-1));
#11226=CARTESIAN_POINT('',(-1.379912448965E-1,-1.652868396846E-1,
9.119169844381E-2));
#11227=VERTEX_POINT('',#11225);
#11228=VERTEX_POINT('',#11226);
#11229=VERTEX_POINT('',#11147);
#11230=CARTESIAN_POINT('',(2.863601727858E-1,-2.92E-1,4.393332451580E-1));
#11231=VERTEX_POINT('',#11230);
#11232=CARTESIAN_POINT('',(-3.25E-1,3.25E-1,5.3E-1));
#11233=CARTESIAN_POINT('',(-1.379912448965E-1,1.652868396846E-1,
9.119169844381E-2));
#11234=VERTEX_POINT('',#11232);
#11235=VERTEX_POINT('',#11233);
#11236=VERTEX_POINT('',#11181);
#11237=CARTESIAN_POINT('',(3.25E-1,3.25E-1,5.3E-1));
#11238=VERTEX_POINT('',#11237);
#11239=CARTESIAN_POINT('',(3.25E-1,-2.92E-1,1.602E1));
#11240=VERTEX_POINT('',#11239);
#11241=CARTESIAN_POINT('',(3.25E-1,-2.92E-1,5.3E-1));
#11242=VERTEX_POINT('',#11241);
#11243=CARTESIAN_POINT('',(-3.25E-1,-2.92E-1,1.602E1));
#11244=VERTEX_POINT('',#11243);
#11245=CARTESIAN_POINT('',(-3.25E-1,-2.92E-1,5.3E-1));
#11246=VERTEX_POINT('',#11245);
#11247=CARTESIAN_POINT('',(3.25E-1,3.25E-1,0.E0));
#11248=DIRECTION('',(0.E0,1.E0,0.E0));
#11249=DIRECTION('',(-1.E0,0.E0,0.E0));
#11250=AXIS2_PLACEMENT_3D('',#11247,#11248,#11249);
#11251=PLANE('316',#11250);
#11253=ORIENTED_EDGE('440',*,*,#11252,.T.);
#11255=ORIENTED_EDGE('445',*,*,#11254,.F.);
#11257=ORIENTED_EDGE('441',*,*,#11256,.F.);
#11259=ORIENTED_EDGE('444',*,*,#11258,.T.);
#11260=EDGE_LOOP('316',(#11253,#11255,#11257,#11259));
#11261=FACE_OUTER_BOUND('316',#11260,.F.);
#11262=ADVANCED_FACE('316',(#11261),#11251,.T.);
#11263=CARTESIAN_POINT('',(3.25E-1,1.320957758389E-1,1.655E1));
#11264=DIRECTION('',(0.E0,-9.396926207859E-1,-3.420201433257E-1));
#11265=DIRECTION('',(0.E0,3.420201433257E-1,-9.396926207859E-1));
#11266=AXIS2_PLACEMENT_3D('',#11263,#11264,#11265);
#11267=PLANE('135',#11266);
#11269=ORIENTED_EDGE('424',*,*,#11268,.T.);
#11271=ORIENTED_EDGE('425',*,*,#11270,.T.);
#11273=ORIENTED_EDGE('427',*,*,#11272,.T.);
#11274=ORIENTED_EDGE('440',*,*,#11252,.F.);
#11275=EDGE_LOOP('135',(#11269,#11271,#11273,#11274));
#11276=FACE_OUTER_BOUND('135',#11275,.F.);
#11277=ADVANCED_FACE('135',(#11276),#11267,.F.);
#11278=CARTESIAN_POINT('',(3.25E-1,3.25E-1,1.602E1));
#11279=DIRECTION('',(-9.199416326431E-1,0.E0,-3.920553437079E-1));
#11280=DIRECTION('',(-3.920553437079E-1,0.E0,9.199416326431E-1));
#11281=AXIS2_PLACEMENT_3D('',#11278,#11279,#11280);
#11282=PLANE('396',#11281);
#11284=ORIENTED_EDGE('420',*,*,#11283,.T.);
#11286=ORIENTED_EDGE('448',*,*,#11285,.F.);
#11287=ORIENTED_EDGE('424',*,*,#11268,.F.);
#11289=ORIENTED_EDGE('436',*,*,#11288,.F.);
#11291=ORIENTED_EDGE('545',*,*,#11290,.F.);
#11292=EDGE_LOOP('396',(#11284,#11286,#11287,#11289,#11291));
#11293=FACE_OUTER_BOUND('396',#11292,.F.);
#11294=ADVANCED_FACE('396',(#11293),#11282,.F.);
#11295=CARTESIAN_POINT('',(3.25E-1,-3.25E-1,1.602E1));
#11296=DIRECTION('',(0.E0,9.396926207859E-1,-3.420201433257E-1));
#11297=DIRECTION('',(0.E0,3.420201433257E-1,9.396926207859E-1));
#11298=AXIS2_PLACEMENT_3D('',#11295,#11296,#11297);
#11299=PLANE('125',#11298);
#11300=ORIENTED_EDGE('420',*,*,#11283,.F.);
#11302=ORIENTED_EDGE('442',*,*,#11301,.T.);
#11304=ORIENTED_EDGE('423',*,*,#11303,.F.);
#11306=ORIENTED_EDGE('421',*,*,#11305,.T.);
#11307=EDGE_LOOP('125',(#11300,#11302,#11304,#11306));
#11308=FACE_OUTER_BOUND('125',#11307,.F.);
#11309=ADVANCED_FACE('125',(#11308),#11299,.F.);
#11310=CARTESIAN_POINT('',(3.25E-1,-2.92E-1,0.E0));
#11311=DIRECTION('',(0.E0,1.E0,0.E0));
#11312=DIRECTION('',(-1.E0,0.E0,0.E0));
#11313=AXIS2_PLACEMENT_3D('',#11310,#11311,#11312);
#11314=PLANE('326',#11313);
#11315=ORIENTED_EDGE('442',*,*,#11301,.F.);
#11316=ORIENTED_EDGE('545',*,*,#11290,.T.);
#11318=ORIENTED_EDGE('446',*,*,#11317,.F.);
#11320=ORIENTED_EDGE('548',*,*,#11319,.F.);
#11322=ORIENTED_EDGE('443',*,*,#11321,.T.);
#11324=ORIENTED_EDGE('547',*,*,#11323,.T.);
#11326=ORIENTED_EDGE('447',*,*,#11325,.T.);
#11328=ORIENTED_EDGE('546',*,*,#11327,.F.);
#11329=EDGE_LOOP('326',(#11315,#11316,#11318,#11320,#11322,#11324,#11326,
#11328));
#11330=FACE_OUTER_BOUND('326',#11329,.F.);
#11331=ADVANCED_FACE('326',(#11330),#11314,.F.);
#11332=CARTESIAN_POINT('',(3.25E-1,1.65E-2,8.275E0));
#11333=DIRECTION('',(-1.E0,0.E0,0.E0));
#11334=DIRECTION('',(0.E0,0.E0,1.E0));
#11335=AXIS2_PLACEMENT_3D('',#11332,#11333,#11334);
#11336=PLANE('339',#11335);
#11337=ORIENTED_EDGE('436',*,*,#11288,.T.);
#11338=ORIENTED_EDGE('444',*,*,#11258,.F.);
#11340=ORIENTED_EDGE('437',*,*,#11339,.F.);
#11341=ORIENTED_EDGE('446',*,*,#11317,.T.);
#11342=EDGE_LOOP('339',(#11337,#11338,#11340,#11341));
#11343=FACE_OUTER_BOUND('339',#11342,.F.);
#11344=ADVANCED_FACE('339',(#11343),#11336,.F.);
#11345=CARTESIAN_POINT('',(1.379912448965E-1,3.25E-1,9.119169844381E-2));
#11346=DIRECTION('',(-9.199416326431E-1,0.E0,3.920553437079E-1));
#11347=DIRECTION('',(3.920553437079E-1,0.E0,9.199416326431E-1));
#11348=AXIS2_PLACEMENT_3D('',#11345,#11346,#11347);
#11349=PLANE('418',#11348);
#11351=ORIENTED_EDGE('431',*,*,#11350,.T.);
#11352=ORIENTED_EDGE('548',*,*,#11319,.T.);
#11353=ORIENTED_EDGE('437',*,*,#11339,.T.);
#11355=ORIENTED_EDGE('435',*,*,#11354,.F.);
#11357=ORIENTED_EDGE('451',*,*,#11356,.T.);
#11358=EDGE_LOOP('418',(#11351,#11352,#11353,#11355,#11357));
#11359=FACE_OUTER_BOUND('418',#11358,.F.);
#11360=ADVANCED_FACE('418',(#11359),#11349,.F.);
#11361=CARTESIAN_POINT('',(3.25E-1,-1.320957758389E-1,0.E0));
#11362=DIRECTION('',(0.E0,9.396926207859E-1,3.420201433257E-1));
#11363=DIRECTION('',(0.E0,-3.420201433257E-1,9.396926207859E-1));
#11364=AXIS2_PLACEMENT_3D('',#11361,#11362,#11363);
#11365=PLANE('141',#11364);
#11367=ORIENTED_EDGE('428',*,*,#11366,.F.);
#11368=ORIENTED_EDGE('443',*,*,#11321,.F.);
#11369=ORIENTED_EDGE('431',*,*,#11350,.F.);
#11371=ORIENTED_EDGE('429',*,*,#11370,.T.);
#11372=EDGE_LOOP('141',(#11367,#11368,#11369,#11371));
#11373=FACE_OUTER_BOUND('141',#11372,.F.);
#11374=ADVANCED_FACE('141',(#11373),#11365,.F.);
#11375=CARTESIAN_POINT('',(-3.25E-1,3.25E-1,5.3E-1));
#11376=DIRECTION('',(9.199416326431E-1,0.E0,3.920553437079E-1));
#11377=DIRECTION('',(3.920553437079E-1,0.E0,-9.199416326431E-1));
#11378=AXIS2_PLACEMENT_3D('',#11375,#11376,#11377);
#11379=PLANE('414',#11378);
#11380=ORIENTED_EDGE('428',*,*,#11366,.T.);
#11382=ORIENTED_EDGE('450',*,*,#11381,.F.);
#11384=ORIENTED_EDGE('432',*,*,#11383,.F.);
#11386=ORIENTED_EDGE('439',*,*,#11385,.F.);
#11387=ORIENTED_EDGE('547',*,*,#11323,.F.);
#11388=EDGE_LOOP('414',(#11380,#11382,#11384,#11386,#11387));
#11389=FACE_OUTER_BOUND('414',#11388,.F.);
#11390=ADVANCED_FACE('414',(#11389),#11379,.F.);
#11391=CARTESIAN_POINT('',(0.E0,3.25E-1,1.5E-1));
#11392=DIRECTION('',(0.E0,1.E0,0.E0));
#11393=DIRECTION('',(-1.E0,0.E0,0.E0));
#11394=AXIS2_PLACEMENT_3D('',#11391,#11392,#11393);
#11395=CYLINDRICAL_SURFACE('416',#11394,1.5E-1);
#11396=ORIENTED_EDGE('429',*,*,#11370,.F.);
#11397=ORIENTED_EDGE('451',*,*,#11356,.F.);
#11399=ORIENTED_EDGE('433',*,*,#11398,.F.);
#11400=ORIENTED_EDGE('450',*,*,#11381,.T.);
#11401=EDGE_LOOP('416',(#11396,#11397,#11399,#11400));
#11402=FACE_OUTER_BOUND('416',#11401,.F.);
#11403=ADVANCED_FACE('416',(#11402),#11395,.T.);
#11404=CARTESIAN_POINT('',(3.25E-1,3.25E-1,5.3E-1));
#11405=DIRECTION('',(0.E0,-9.396926207859E-1,3.420201433257E-1));
#11406=DIRECTION('',(0.E0,-3.420201433257E-1,-9.396926207859E-1));
#11407=AXIS2_PLACEMENT_3D('',#11404,#11405,#11406);
#11408=PLANE('143',#11407);
#11409=ORIENTED_EDGE('432',*,*,#11383,.T.);
#11410=ORIENTED_EDGE('433',*,*,#11398,.T.);
#11411=ORIENTED_EDGE('435',*,*,#11354,.T.);
#11412=ORIENTED_EDGE('441',*,*,#11256,.T.);
#11413=EDGE_LOOP('143',(#11409,#11410,#11411,#11412));
#11414=FACE_OUTER_BOUND('143',#11413,.F.);
#11415=ADVANCED_FACE('143',(#11414),#11408,.F.);
#11416=CARTESIAN_POINT('',(-3.25E-1,1.65E-2,8.275E0));
#11417=DIRECTION('',(-1.E0,0.E0,0.E0));
#11418=DIRECTION('',(0.E0,0.E0,1.E0));
#11419=AXIS2_PLACEMENT_3D('',#11416,#11417,#11418);
#11420=PLANE('342',#11419);
#11422=ORIENTED_EDGE('438',*,*,#11421,.F.);
#11423=ORIENTED_EDGE('447',*,*,#11325,.F.);
#11424=ORIENTED_EDGE('439',*,*,#11385,.T.);
#11425=ORIENTED_EDGE('445',*,*,#11254,.T.);
#11426=EDGE_LOOP('342',(#11422,#11423,#11424,#11425));
#11427=FACE_OUTER_BOUND('342',#11426,.F.);
#11428=ADVANCED_FACE('342',(#11427),#11420,.T.);
#11429=CARTESIAN_POINT('',(-1.379912448965E-1,3.25E-1,1.645880830156E1));
#11430=DIRECTION('',(9.199416326431E-1,0.E0,-3.920553437079E-1));
#11431=DIRECTION('',(-3.920553437079E-1,0.E0,-9.199416326431E-1));
#11432=AXIS2_PLACEMENT_3D('',#11429,#11430,#11431);
#11433=PLANE('400',#11432);
#11434=ORIENTED_EDGE('423',*,*,#11303,.T.);
#11435=ORIENTED_EDGE('546',*,*,#11327,.T.);
#11436=ORIENTED_EDGE('438',*,*,#11421,.T.);
#11437=ORIENTED_EDGE('427',*,*,#11272,.F.);
#11439=ORIENTED_EDGE('449',*,*,#11438,.T.);
#11440=EDGE_LOOP('400',(#11434,#11435,#11436,#11437,#11439));
#11441=FACE_OUTER_BOUND('400',#11440,.F.);
#11442=ADVANCED_FACE('400',(#11441),#11433,.F.);
#11443=CARTESIAN_POINT('',(0.E0,3.25E-1,1.64E1));
#11444=DIRECTION('',(0.E0,1.E0,0.E0));
#11445=DIRECTION('',(-1.E0,0.E0,0.E0));
#11446=AXIS2_PLACEMENT_3D('',#11443,#11444,#11445);
#11447=CYLINDRICAL_SURFACE('398',#11446,1.5E-1);
#11448=ORIENTED_EDGE('421',*,*,#11305,.F.);
#11449=ORIENTED_EDGE('449',*,*,#11438,.F.);
#11450=ORIENTED_EDGE('425',*,*,#11270,.F.);
#11451=ORIENTED_EDGE('448',*,*,#11285,.T.);
#11452=EDGE_LOOP('398',(#11448,#11449,#11450,#11451));
#11453=FACE_OUTER_BOUND('398',#11452,.F.);
#11454=ADVANCED_FACE('398',(#11453),#11447,.T.);
#11455=CLOSED_SHELL('',(#11262,#11277,#11294,#11309,#11331,#11344,#11360,#11374,
#11390,#11403,#11415,#11428,#11442,#11454));
#11456=MANIFOLD_SOLID_BREP('',#11455);
#11457=(LENGTH_UNIT()NAMED_UNIT(*)SI_UNIT(.MILLI.,.METRE.));
#11458=DIMENSIONAL_EXPONENTS(0.E0,0.E0,0.E0,0.E0,0.E0,0.E0,0.E0);
#11459=(NAMED_UNIT(*)PLANE_ANGLE_UNIT()SI_UNIT($,.RADIAN.));
#11460=PLANE_ANGLE_MEASURE_WITH_UNIT(PLANE_ANGLE_MEASURE(1.745329251994E-2),
#11459);
#11461=(CONVERSION_BASED_UNIT('DEGREE',#11460)NAMED_UNIT(#11458)PLANE_ANGLE_UNIT());
#11462=(NAMED_UNIT(*)SI_UNIT($,.STERADIAN.)SOLID_ANGLE_UNIT());
#11463=UNCERTAINTY_MEASURE_WITH_UNIT(LENGTH_MEASURE(1.657484602160E-3),#11457,
'closure',
'Maximum model space distance between geometric entities at asserted connectivities');
#11464=(GEOMETRIC_REPRESENTATION_CONTEXT(3)GLOBAL_UNCERTAINTY_ASSIGNED_CONTEXT((
#11463))GLOBAL_UNIT_ASSIGNED_CONTEXT((#11457,#11461,#11462))REPRESENTATION_CONTEXT('ID2','3'));
#11465=CARTESIAN_POINT('',(0.E0,0.E0,0.E0));
#11466=DIRECTION('',(0.E0,0.E0,1.E0));
#11467=DIRECTION('',(1.E0,0.E0,0.E0));
#11470=APPLICATION_CONTEXT(
'CONFIGURATION CONTROLLED 3D DESIGNS OF MECHANICAL PARTS AND ASSEMBLIES');
#11471=APPLICATION_PROTOCOL_DEFINITION('international standard',
'config_control_design',1994,#11470);
#11472=DESIGN_CONTEXT('',#11470,'design');
#11473=MECHANICAL_CONTEXT('',#11470,'mechanical');
#11474=PRODUCT('77391_Y22','77391_Y22','NOT SPECIFIED',(#11473));
#11475=PRODUCT_DEFINITION_FORMATION_WITH_SPECIFIED_SOURCE('3','LAST_VERSION',
#11474,.MADE.);
#11481=CARTESIAN_POINT('',(-1.352302114229E1,1.265499566549E1,
-7.767135748242E1));
#11482=DIRECTION('',(0.E0,-1.E0,0.E0));
#11483=DIRECTION('',(1.E0,0.E0,0.E0));
#11484=AXIS2_PLACEMENT_3D('',#11481,#11482,#11483);
#11485=ITEM_DEFINED_TRANSFORMATION('','',#11468,#11484);
#11486=(REPRESENTATION_RELATIONSHIP('','',#11469,#11033)REPRESENTATION_RELATIONSHIP_WITH_TRANSFORMATION(#11485)SHAPE_REPRESENTATION_RELATIONSHIP());
#11487=CONTEXT_DEPENDENT_SHAPE_REPRESENTATION(#11486,#11480);
#11490=CARTESIAN_POINT('',(-1.352302114229E1,1.265499566549E1,
-7.513135748242E1));
#11491=DIRECTION('',(0.E0,-1.E0,0.E0));
#11492=DIRECTION('',(1.E0,0.E0,0.E0));
#11493=AXIS2_PLACEMENT_3D('',#11490,#11491,#11492);
#11494=ITEM_DEFINED_TRANSFORMATION('','',#11468,#11493);
#11495=(REPRESENTATION_RELATIONSHIP('','',#11469,#11033)REPRESENTATION_RELATIONSHIP_WITH_TRANSFORMATION(#11494)SHAPE_REPRESENTATION_RELATIONSHIP());
#11496=CONTEXT_DEPENDENT_SHAPE_REPRESENTATION(#11495,#11489);
#11499=CARTESIAN_POINT('',(-1.352302114229E1,1.265499566549E1,
-7.259135748242E1));
#11500=DIRECTION('',(0.E0,-1.E0,0.E0));
#11501=DIRECTION('',(1.E0,0.E0,0.E0));
#11502=AXIS2_PLACEMENT_3D('',#11499,#11500,#11501);
#11503=ITEM_DEFINED_TRANSFORMATION('','',#11468,#11502);
#11504=(REPRESENTATION_RELATIONSHIP('','',#11469,#11033)REPRESENTATION_RELATIONSHIP_WITH_TRANSFORMATION(#11503)SHAPE_REPRESENTATION_RELATIONSHIP());
#11505=CONTEXT_DEPENDENT_SHAPE_REPRESENTATION(#11504,#11498);
#11508=CARTESIAN_POINT('',(-1.352302114229E1,1.265499566549E1,
-7.005135748242E1));
#11509=DIRECTION('',(0.E0,-1.E0,0.E0));
#11510=DIRECTION('',(1.E0,0.E0,0.E0));
#11511=AXIS2_PLACEMENT_3D('',#11508,#11509,#11510);
#11512=ITEM_DEFINED_TRANSFORMATION('','',#11468,#11511);
#11513=(REPRESENTATION_RELATIONSHIP('','',#11469,#11033)REPRESENTATION_RELATIONSHIP_WITH_TRANSFORMATION(#11512)SHAPE_REPRESENTATION_RELATIONSHIP());
#11514=CONTEXT_DEPENDENT_SHAPE_REPRESENTATION(#11513,#11507);
#11517=CARTESIAN_POINT('',(-1.098302114229E1,1.265499566549E1,
-7.763835748242E1));
#11518=DIRECTION('',(0.E0,-1.E0,0.E0));
#11519=DIRECTION('',(-1.E0,0.E0,0.E0));
#11520=AXIS2_PLACEMENT_3D('',#11517,#11518,#11519);
#11521=ITEM_DEFINED_TRANSFORMATION('','',#11468,#11520);
#11522=(REPRESENTATION_RELATIONSHIP('','',#11469,#11033)REPRESENTATION_RELATIONSHIP_WITH_TRANSFORMATION(#11521)SHAPE_REPRESENTATION_RELATIONSHIP());
#11523=CONTEXT_DEPENDENT_SHAPE_REPRESENTATION(#11522,#11516);
#11526=CARTESIAN_POINT('',(-1.098302114229E1,1.265499566549E1,
-7.509835748242E1));
#11527=DIRECTION('',(0.E0,-1.E0,0.E0));
#11528=DIRECTION('',(-1.E0,0.E0,0.E0));
#11529=AXIS2_PLACEMENT_3D('',#11526,#11527,#11528);
#11530=ITEM_DEFINED_TRANSFORMATION('','',#11468,#11529);
#11531=(REPRESENTATION_RELATIONSHIP('','',#11469,#11033)REPRESENTATION_RELATIONSHIP_WITH_TRANSFORMATION(#11530)SHAPE_REPRESENTATION_RELATIONSHIP());
#11532=CONTEXT_DEPENDENT_SHAPE_REPRESENTATION(#11531,#11525);
#11535=CARTESIAN_POINT('',(-1.098302114229E1,1.265499566549E1,
-7.255835748242E1));
#11536=DIRECTION('',(0.E0,-1.E0,0.E0));
#11537=DIRECTION('',(-1.E0,0.E0,0.E0));
#11538=AXIS2_PLACEMENT_3D('',#11535,#11536,#11537);
#11539=ITEM_DEFINED_TRANSFORMATION('','',#11468,#11538);
#11540=(REPRESENTATION_RELATIONSHIP('','',#11469,#11033)REPRESENTATION_RELATIONSHIP_WITH_TRANSFORMATION(#11539)SHAPE_REPRESENTATION_RELATIONSHIP());
#11541=CONTEXT_DEPENDENT_SHAPE_REPRESENTATION(#11540,#11534);
#11544=CARTESIAN_POINT('',(-1.098302114229E1,1.265499566549E1,
-7.001835748242E1));
#11545=DIRECTION('',(0.E0,-1.E0,0.E0));
#11546=DIRECTION('',(-1.E0,0.E0,0.E0));
#11547=AXIS2_PLACEMENT_3D('',#11544,#11545,#11546);
#11548=ITEM_DEFINED_TRANSFORMATION('','',#11468,#11547);
#11549=(REPRESENTATION_RELATIONSHIP('','',#11469,#11033)REPRESENTATION_RELATIONSHIP_WITH_TRANSFORMATION(#11548)SHAPE_REPRESENTATION_RELATIONSHIP());
#11550=CONTEXT_DEPENDENT_SHAPE_REPRESENTATION(#11549,#11543);
#11552=DIRECTION('',(0.E0,-1.E0,0.E0));
#11553=VECTOR('',#11552,1.399106857963E0);
#11554=CARTESIAN_POINT('',(2.5E-2,-4.650446571018E0,-2.2E0));
#11555=LINE('351',#11554,#11553);
#11556=CARTESIAN_POINT('',(-9.5E-1,-5.35E0,-2.2E0));
#11557=DIRECTION('',(0.E0,0.E0,-1.E0));
#11558=DIRECTION('',(8.125E-1,-5.829611908181E-1,0.E0));
#11559=AXIS2_PLACEMENT_3D('',#11556,#11557,#11558);
#11561=DIRECTION('',(0.E0,1.E0,0.E0));
#11562=VECTOR('',#11561,1.399106857963E0);
#11563=CARTESIAN_POINT('',(-1.925E0,-6.049553428982E0,-2.2E0));
#11564=LINE('353',#11563,#11562);
#11565=CARTESIAN_POINT('',(-9.5E-1,-5.35E0,-2.2E0));
#11566=DIRECTION('',(0.E0,0.E0,-1.E0));
#11567=DIRECTION('',(-8.125E-1,5.829611908181E-1,0.E0));
#11568=AXIS2_PLACEMENT_3D('',#11565,#11566,#11567);
#11570=CARTESIAN_POINT('',(-9.5E-1,-7.E-1,-2.2E0));
#11571=DIRECTION('',(0.E0,0.E0,1.E0));
#11572=DIRECTION('',(0.E0,1.E0,0.E0));
#11573=AXIS2_PLACEMENT_3D('',#11570,#11571,#11572);
#11575=CARTESIAN_POINT('',(-9.5E-1,-7.E-1,-2.2E0));
#11576=DIRECTION('',(0.E0,0.E0,1.E0));
#11577=DIRECTION('',(0.E0,-1.E0,0.E0));
#11578=AXIS2_PLACEMENT_3D('',#11575,#11576,#11577);
#11580=DIRECTION('',(-2.588190451025E-1,-9.659258262891E-1,0.E0));
#11581=VECTOR('',#11580,4.222333494023E0);
#11582=CARTESIAN_POINT('',(-1.071796769724E-1,1.074846096908E1,-2.2E0));
#11583=LINE('588',#11582,#11581);
#11584=DIRECTION('',(0.E0,-1.E0,0.E0));
#11585=VECTOR('',#11584,5.42E0);
#11586=CARTESIAN_POINT('',(-1.2E0,6.67E0,-2.2E0));
#11587=LINE('47',#11586,#11585);
#11588=DIRECTION('',(-1.E0,0.E0,0.E0));
#11589=VECTOR('',#11588,1.E0);
#11590=CARTESIAN_POINT('',(-1.2E0,1.25E0,-2.2E0));
#11591=LINE('28',#11590,#11589);
#11592=DIRECTION('',(0.E0,-1.E0,0.E0));
#11593=VECTOR('',#11592,1.25E0);
#11594=CARTESIAN_POINT('',(-2.2E0,1.25E0,-2.2E0));
#11595=LINE('29',#11594,#11593);
#11596=DIRECTION('',(-6.293203910498E-1,-7.771459614570E-1,0.E0));
#11597=VECTOR('',#11596,4.131440895571E0);
#11598=CARTESIAN_POINT('',(-2.2E0,0.E0,-2.2E0));
#11599=LINE('30',#11598,#11597);
#11600=DIRECTION('',(6.691306063589E-1,-7.431448254774E-1,0.E0));
#11601=VECTOR('',#11600,1.415288009684E0);
#11602=CARTESIAN_POINT('',(-4.8E0,-3.210732606991E0,-2.2E0));
#11603=LINE('556',#11602,#11601);
#11604=DIRECTION('',(1.E0,0.E0,0.E0));
#11605=VECTOR('',#11604,3.635274241605E0);
#11606=CARTESIAN_POINT('',(-1.835274241605E0,-8.412718425516E0,-2.2E0));
#11607=LINE('558',#11606,#11605);
#11608=DIRECTION('',(0.E0,1.E0,0.E0));
#11609=VECTOR('',#11608,1.455130397089E-1);
#11610=CARTESIAN_POINT('',(1.8E0,-8.412718425516E0,-2.2E0));
#11611=LINE('298',#11610,#11609);
#11612=CARTESIAN_POINT('',(1.880348973362E0,-7.773703569721E0,-2.2E0));
#11613=DIRECTION('',(0.E0,0.E0,-1.E0));
#11614=DIRECTION('',(-1.606979467231E-1,-9.870036321711E-1,0.E0));
#11615=AXIS2_PLACEMENT_3D('',#11612,#11613,#11614);
#11617=DIRECTION('',(1.736481776669E-1,9.848077530122E-1,0.E0));
#11618=VECTOR('',#11617,2.372929613663E0);
#11619=CARTESIAN_POINT('',(1.387945096855E0,-7.686879480888E0,-2.2E0));
#11620=LINE('119',#11619,#11618);
#11621=DIRECTION('',(0.E0,0.E0,-1.E0));
#11622=VECTOR('',#11621,3.E-1);
#11623=CARTESIAN_POINT('',(2.5E-2,-4.650446571018E0,-2.2E0));
#11624=LINE('429',#11623,#11622);
#11625=DIRECTION('',(0.E0,0.E0,-1.E0));
#11626=VECTOR('',#11625,3.E-1);
#11627=CARTESIAN_POINT('',(2.5E-2,-4.650446571018E0,2.5E0));
#11628=LINE('425',#11627,#11626);
#11629=CARTESIAN_POINT('',(-9.5E-1,-5.35E0,-2.6E0));
#11630=DIRECTION('',(0.E0,0.E0,-1.E0));
#11631=DIRECTION('',(8.863636363636E-1,-4.629897451696E-1,0.E0));
#11632=AXIS2_PLACEMENT_3D('',#11629,#11630,#11631);
#11634=CARTESIAN_POINT('',(-1.925E0,-5.859288719687E0,-2.6E0));
#11635=CARTESIAN_POINT('',(-1.925E0,-5.876584899591E0,-2.6E0));
#11636=CARTESIAN_POINT('',(-1.925E0,-5.909372875961E0,-2.598078198803E0));
#11637=CARTESIAN_POINT('',(-1.925E0,-5.953260011419E0,-2.589739486299E0));
#11638=CARTESIAN_POINT('',(-1.925E0,-5.991497612905E0,-2.575584283483E0));
#11639=CARTESIAN_POINT('',(-1.925E0,-6.022281696922E0,-2.556419058493E0));
#11640=CARTESIAN_POINT('',(-1.925E0,-6.045295122097E0,-2.528212430881E0));
#11641=CARTESIAN_POINT('',(-1.925E0,-6.049553428982E0,-2.509706257758E0));
#11642=CARTESIAN_POINT('',(-1.925E0,-6.049553428982E0,-2.5E0));
#11644=CARTESIAN_POINT('',(-9.5E-1,-5.35E0,-2.5E0));
#11645=DIRECTION('',(0.E0,0.E0,-1.E0));
#11646=DIRECTION('',(8.125E-1,-5.829611908181E-1,0.E0));
#11647=AXIS2_PLACEMENT_3D('',#11644,#11645,#11646);
#11649=CARTESIAN_POINT('',(2.5E-2,-6.049553428982E0,-2.5E0));
#11650=CARTESIAN_POINT('',(2.5E-2,-6.049553428982E0,-2.509706257758E0));
#11651=CARTESIAN_POINT('',(2.5E-2,-6.045295122097E0,-2.528212430881E0));
#11652=CARTESIAN_POINT('',(2.5E-2,-6.022281696922E0,-2.556419058493E0));
#11653=CARTESIAN_POINT('',(2.5E-2,-5.991497612905E0,-2.575584283483E0));
#11654=CARTESIAN_POINT('',(2.5E-2,-5.953260011419E0,-2.589739486299E0));
#11655=CARTESIAN_POINT('',(2.5E-2,-5.909372875961E0,-2.598078198803E0));
#11656=CARTESIAN_POINT('',(2.5E-2,-5.876584899591E0,-2.6E0));
#11657=CARTESIAN_POINT('',(2.5E-2,-5.859288719687E0,-2.6E0));
#11659=DIRECTION('',(0.E0,-1.E0,0.E0));
#11660=VECTOR('',#11659,1.018577439373E0);
#11661=CARTESIAN_POINT('',(2.5E-2,-4.840711280313E0,-2.6E0));
#11662=LINE('423',#11661,#11660);
#11663=DIRECTION('',(0.E0,1.E0,0.E0));
#11664=VECTOR('',#11663,1.018577439373E0);
#11665=CARTESIAN_POINT('',(-1.925E0,-5.859288719687E0,-2.6E0));
#11666=LINE('424',#11665,#11664);
#11667=CARTESIAN_POINT('',(-9.5E-1,-5.35E0,-2.6E0));
#11668=DIRECTION('',(0.E0,0.E0,-1.E0));
#11669=DIRECTION('',(-8.863636363636E-1,4.629897451696E-1,0.E0));
#11670=AXIS2_PLACEMENT_3D('',#11667,#11668,#11669);
#11672=CARTESIAN_POINT('',(2.5E-2,-4.840711280313E0,-2.6E0));
#11673=CARTESIAN_POINT('',(2.5E-2,-4.823415100409E0,-2.6E0));
#11674=CARTESIAN_POINT('',(2.5E-2,-4.790627124039E0,-2.598078198803E0));
#11675=CARTESIAN_POINT('',(2.5E-2,-4.746739988581E0,-2.589739486299E0));
#11676=CARTESIAN_POINT('',(2.5E-2,-4.708502387095E0,-2.575584283483E0));
#11677=CARTESIAN_POINT('',(2.5E-2,-4.677718303078E0,-2.556419058493E0));
#11678=CARTESIAN_POINT('',(2.5E-2,-4.654704877903E0,-2.528212430881E0));
#11679=CARTESIAN_POINT('',(2.5E-2,-4.650446571018E0,-2.509706257758E0));
#11680=CARTESIAN_POINT('',(2.5E-2,-4.650446571018E0,-2.5E0));
#11682=CARTESIAN_POINT('',(-9.5E-1,-5.35E0,-2.5E0));
#11683=DIRECTION('',(0.E0,0.E0,-1.E0));
#11684=DIRECTION('',(-8.125E-1,5.829611908181E-1,0.E0));
#11685=AXIS2_PLACEMENT_3D('',#11682,#11683,#11684);
#11687=CARTESIAN_POINT('',(-1.925E0,-4.650446571018E0,-2.5E0));
#11688=CARTESIAN_POINT('',(-1.925E0,-4.650446571018E0,-2.509706257758E0));
#11689=CARTESIAN_POINT('',(-1.925E0,-4.654704877903E0,-2.528212430881E0));
#11690=CARTESIAN_POINT('',(-1.925E0,-4.677718303078E0,-2.556419058493E0));
#11691=CARTESIAN_POINT('',(-1.925E0,-4.708502387095E0,-2.575584283483E0));
#11692=CARTESIAN_POINT('',(-1.925E0,-4.746739988581E0,-2.589739486299E0));
#11693=CARTESIAN_POINT('',(-1.925E0,-4.790627124039E0,-2.598078198803E0));
#11694=CARTESIAN_POINT('',(-1.925E0,-4.823415100409E0,-2.6E0));
#11695=CARTESIAN_POINT('',(-1.925E0,-4.840711280313E0,-2.6E0));
#11697=DIRECTION('',(0.E0,0.E0,-1.E0));
#11698=VECTOR('',#11697,3.E-1);
#11699=CARTESIAN_POINT('',(-1.925E0,-4.650446571018E0,-2.2E0));
#11700=LINE('432',#11699,#11698);
#11701=DIRECTION('',(0.E0,0.E0,-1.E0));
#11702=VECTOR('',#11701,3.E-1);
#11703=CARTESIAN_POINT('',(-1.925E0,-4.650446571018E0,2.5E0));
#11704=LINE('428',#11703,#11702);
#11705=DIRECTION('',(0.E0,0.E0,-1.E0));
#11706=VECTOR('',#11705,3.E-1);
#11707=CARTESIAN_POINT('',(-1.925E0,-6.049553428982E0,-2.2E0));
#11708=LINE('431',#11707,#11706);
#11709=DIRECTION('',(0.E0,0.E0,-1.E0));
#11710=VECTOR('',#11709,3.E-1);
#11711=CARTESIAN_POINT('',(-1.925E0,-6.049553428982E0,2.5E0));
#11712=LINE('427',#11711,#11710);
#11713=DIRECTION('',(0.E0,0.E0,-1.E0));
#11714=VECTOR('',#11713,3.E-1);
#11715=CARTESIAN_POINT('',(2.5E-2,-6.049553428982E0,-2.2E0));
#11716=LINE('430',#11715,#11714);
#11717=DIRECTION('',(0.E0,0.E0,-1.E0));
#11718=VECTOR('',#11717,3.E-1);
#11719=CARTESIAN_POINT('',(2.5E-2,-6.049553428982E0,2.5E0));
#11720=LINE('426',#11719,#11718);
#11721=CARTESIAN_POINT('',(-9.5E-1,-5.35E0,2.6E0));
#11722=DIRECTION('',(0.E0,0.E0,1.E0));
#11723=DIRECTION('',(-8.863636363636E-1,-4.629897451696E-1,0.E0));
#11724=AXIS2_PLACEMENT_3D('',#11721,#11722,#11723);
#11726=CARTESIAN_POINT('',(2.5E-2,-5.859288719687E0,2.6E0));
#11727=CARTESIAN_POINT('',(2.5E-2,-5.876584899591E0,2.6E0));
#11728=CARTESIAN_POINT('',(2.5E-2,-5.909372875961E0,2.598078198803E0));
#11729=CARTESIAN_POINT('',(2.5E-2,-5.953260011419E0,2.589739486299E0));
#11730=CARTESIAN_POINT('',(2.5E-2,-5.991497612905E0,2.575584283483E0));
#11731=CARTESIAN_POINT('',(2.5E-2,-6.022281696922E0,2.556419058493E0));
#11732=CARTESIAN_POINT('',(2.5E-2,-6.045295122097E0,2.528212430881E0));
#11733=CARTESIAN_POINT('',(2.5E-2,-6.049553428982E0,2.509706257758E0));
#11734=CARTESIAN_POINT('',(2.5E-2,-6.049553428982E0,2.5E0));
#11736=CARTESIAN_POINT('',(-9.5E-1,-5.35E0,2.5E0));
#11737=DIRECTION('',(0.E0,0.E0,1.E0));
#11738=DIRECTION('',(-8.125E-1,-5.829611908181E-1,0.E0));
#11739=AXIS2_PLACEMENT_3D('',#11736,#11737,#11738);
#11741=CARTESIAN_POINT('',(-1.925E0,-6.049553428982E0,2.5E0));
#11742=CARTESIAN_POINT('',(-1.925E0,-6.049553428982E0,2.509706257758E0));
#11743=CARTESIAN_POINT('',(-1.925E0,-6.045295122097E0,2.528212430881E0));
#11744=CARTESIAN_POINT('',(-1.925E0,-6.022281696922E0,2.556419058493E0));
#11745=CARTESIAN_POINT('',(-1.925E0,-5.991497612905E0,2.575584283483E0));
#11746=CARTESIAN_POINT('',(-1.925E0,-5.953260011419E0,2.589739486299E0));
#11747=CARTESIAN_POINT('',(-1.925E0,-5.909372875961E0,2.598078198803E0));
#11748=CARTESIAN_POINT('',(-1.925E0,-5.876584899591E0,2.6E0));
#11749=CARTESIAN_POINT('',(-1.925E0,-5.859288719687E0,2.6E0));
#11751=DIRECTION('',(0.E0,1.E0,0.E0));
#11752=VECTOR('',#11751,1.018577439373E0);
#11753=CARTESIAN_POINT('',(-1.925E0,-5.859288719687E0,2.6E0));
#11754=LINE('422',#11753,#11752);
#11755=DIRECTION('',(0.E0,-1.E0,0.E0));
#11756=VECTOR('',#11755,1.018577439373E0);
#11757=CARTESIAN_POINT('',(2.5E-2,-4.840711280313E0,2.6E0));
#11758=LINE('421',#11757,#11756);
#11759=CARTESIAN_POINT('',(-9.5E-1,-5.35E0,2.6E0));
#11760=DIRECTION('',(0.E0,0.E0,1.E0));
#11761=DIRECTION('',(8.863636363636E-1,4.629897451696E-1,0.E0));
#11762=AXIS2_PLACEMENT_3D('',#11759,#11760,#11761);
#11764=CARTESIAN_POINT('',(-1.925E0,-4.840711280313E0,2.6E0));
#11765=CARTESIAN_POINT('',(-1.925E0,-4.823415100409E0,2.6E0));
#11766=CARTESIAN_POINT('',(-1.925E0,-4.790627124039E0,2.598078198803E0));
#11767=CARTESIAN_POINT('',(-1.925E0,-4.746739988581E0,2.589739486299E0));
#11768=CARTESIAN_POINT('',(-1.925E0,-4.708502387095E0,2.575584283483E0));
#11769=CARTESIAN_POINT('',(-1.925E0,-4.677718303078E0,2.556419058493E0));
#11770=CARTESIAN_POINT('',(-1.925E0,-4.654704877903E0,2.528212430881E0));
#11771=CARTESIAN_POINT('',(-1.925E0,-4.650446571018E0,2.509706257758E0));
#11772=CARTESIAN_POINT('',(-1.925E0,-4.650446571018E0,2.5E0));
#11774=CARTESIAN_POINT('',(-9.5E-1,-5.35E0,2.5E0));
#11775=DIRECTION('',(0.E0,0.E0,1.E0));
#11776=DIRECTION('',(8.125E-1,5.829611908181E-1,0.E0));
#11777=AXIS2_PLACEMENT_3D('',#11774,#11775,#11776);
#11779=CARTESIAN_POINT('',(2.5E-2,-4.650446571018E0,2.5E0));
#11780=CARTESIAN_POINT('',(2.5E-2,-4.650446571018E0,2.509706257758E0));
#11781=CARTESIAN_POINT('',(2.5E-2,-4.654704877903E0,2.528212430881E0));
#11782=CARTESIAN_POINT('',(2.5E-2,-4.677718303078E0,2.556419058493E0));
#11783=CARTESIAN_POINT('',(2.5E-2,-4.708502387095E0,2.575584283483E0));
#11784=CARTESIAN_POINT('',(2.5E-2,-4.746739988581E0,2.589739486299E0));
#11785=CARTESIAN_POINT('',(2.5E-2,-4.790627124039E0,2.598078198803E0));
#11786=CARTESIAN_POINT('',(2.5E-2,-4.823415100409E0,2.6E0));
#11787=CARTESIAN_POINT('',(2.5E-2,-4.840711280313E0,2.6E0));
#11789=DIRECTION('',(0.E0,-1.E0,0.E0));
#11790=VECTOR('',#11789,1.399106857963E0);
#11791=CARTESIAN_POINT('',(2.5E-2,-4.650446571018E0,2.2E0));
#11792=LINE('359',#11791,#11790);
#11793=CARTESIAN_POINT('',(-9.5E-1,-5.35E0,2.2E0));
#11794=DIRECTION('',(0.E0,0.E0,-1.E0));
#11795=DIRECTION('',(-8.125E-1,5.829611908181E-1,0.E0));
#11796=AXIS2_PLACEMENT_3D('',#11793,#11794,#11795);
#11798=DIRECTION('',(0.E0,1.E0,0.E0));
#11799=VECTOR('',#11798,1.399106857963E0);
#11800=CARTESIAN_POINT('',(-1.925E0,-6.049553428982E0,2.2E0));
#11801=LINE('361',#11800,#11799);
#11802=CARTESIAN_POINT('',(-9.5E-1,-5.35E0,2.2E0));
#11803=DIRECTION('',(0.E0,0.E0,-1.E0));
#11804=DIRECTION('',(8.125E-1,-5.829611908181E-1,0.E0));
#11805=AXIS2_PLACEMENT_3D('',#11802,#11803,#11804);
#11807=CARTESIAN_POINT('',(-9.5E-1,-7.E-1,2.2E0));
#11808=DIRECTION('',(0.E0,0.E0,1.E0));
#11809=DIRECTION('',(0.E0,1.E0,0.E0));
#11810=AXIS2_PLACEMENT_3D('',#11807,#11808,#11809);
#11812=CARTESIAN_POINT('',(-9.5E-1,-7.E-1,2.2E0));
#11813=DIRECTION('',(0.E0,0.E0,1.E0));
#11814=DIRECTION('',(0.E0,-1.E0,0.E0));
#11815=AXIS2_PLACEMENT_3D('',#11812,#11813,#11814);
#11817=DIRECTION('',(1.736481776669E-1,9.848077530122E-1,0.E0));
#11818=VECTOR('',#11817,2.372929613663E0);
#11819=CARTESIAN_POINT('',(1.387945096855E0,-7.686879480888E0,2.2E0));
#11820=LINE('131',#11819,#11818);
#11821=CARTESIAN_POINT('',(1.880348973362E0,-7.773703569721E0,2.2E0));
#11822=DIRECTION('',(0.E0,0.E0,-1.E0));
#11823=DIRECTION('',(-1.606979467231E-1,-9.870036321711E-1,0.E0));
#11824=AXIS2_PLACEMENT_3D('',#11821,#11822,#11823);
#11826=DIRECTION('',(0.E0,1.E0,0.E0));
#11827=VECTOR('',#11826,1.455130397089E-1);
#11828=CARTESIAN_POINT('',(1.8E0,-8.412718425516E0,2.2E0));
#11829=LINE('299',#11828,#11827);
#11830=DIRECTION('',(1.E0,0.E0,0.E0));
#11831=VECTOR('',#11830,3.635274241605E0);
#11832=CARTESIAN_POINT('',(-1.835274241605E0,-8.412718425516E0,2.2E0));
#11833=LINE('554',#11832,#11831);
#11834=DIRECTION('',(6.691306063589E-1,-7.431448254774E-1,0.E0));
#11835=VECTOR('',#11834,1.415288009684E0);
#11836=CARTESIAN_POINT('',(-4.8E0,-3.210732606991E0,2.2E0));
#11837=LINE('552',#11836,#11835);
#11838=DIRECTION('',(-6.293203910498E-1,-7.771459614570E-1,0.E0));
#11839=VECTOR('',#11838,4.131440895571E0);
#11840=CARTESIAN_POINT('',(-2.2E0,0.E0,2.2E0));
#11841=LINE('51',#11840,#11839);
#11842=DIRECTION('',(0.E0,-1.E0,0.E0));
#11843=VECTOR('',#11842,1.25E0);
#11844=CARTESIAN_POINT('',(-2.2E0,1.25E0,2.2E0));
#11845=LINE('50',#11844,#11843);
#11846=DIRECTION('',(-1.E0,0.E0,0.E0));
#11847=VECTOR('',#11846,1.E0);
#11848=CARTESIAN_POINT('',(-1.2E0,1.25E0,2.2E0));
#11849=LINE('49',#11848,#11847);
#11850=DIRECTION('',(0.E0,-1.E0,0.E0));
#11851=VECTOR('',#11850,5.42E0);
#11852=CARTESIAN_POINT('',(-1.2E0,6.67E0,2.2E0));
#11853=LINE('68',#11852,#11851);
#11854=DIRECTION('',(-2.588190451025E-1,-9.659258262891E-1,0.E0));
#11855=VECTOR('',#11854,4.222333494023E0);
#11856=CARTESIAN_POINT('',(-1.071796769724E-1,1.074846096908E1,2.2E0));
#11857=LINE('590',#11856,#11855);
#11858=CARTESIAN_POINT('',(-9.5E-1,-7.E-1,6.5E-1));
#11859=DIRECTION('',(1.E0,0.E0,0.E0));
#11860=DIRECTION('',(0.E0,0.E0,1.E0));
#11861=AXIS2_PLACEMENT_3D('',#11858,#11859,#11860);
#11863=CARTESIAN_POINT('',(-9.5E-1,-7.E-1,6.5E-1));
#11864=DIRECTION('',(-1.E0,0.E0,0.E0));
#11865=DIRECTION('',(0.E0,0.E0,1.E0));
#11866=AXIS2_PLACEMENT_3D('',#11863,#11864,#11865);
#11868=DIRECTION('',(-1.E0,0.E0,0.E0));
#11869=VECTOR('',#11868,6.E-1);
#11870=CARTESIAN_POINT('',(1.2E0,1.024846096908E1,2.2E0));
#11871=LINE('643',#11870,#11869);
#11872=CARTESIAN_POINT('',(6.E-1,1.024846096908E1,1.9E0));
#11873=DIRECTION('',(-1.E0,0.E0,0.E0));
#11874=DIRECTION('',(0.E0,0.E0,1.E0));
#11875=AXIS2_PLACEMENT_3D('',#11872,#11873,#11874);
#11877=DIRECTION('',(-1.E0,0.E0,0.E0));
#11878=VECTOR('',#11877,6.E-1);
#11879=CARTESIAN_POINT('',(1.2E0,1.054846096908E1,1.9E0));
#11880=LINE('644',#11879,#11878);
#11881=CARTESIAN_POINT('',(1.2E0,1.024846096908E1,1.9E0));
#11882=DIRECTION('',(1.E0,0.E0,0.E0));
#11883=DIRECTION('',(0.E0,1.E0,0.E0));
#11884=AXIS2_PLACEMENT_3D('',#11881,#11882,#11883);
#11886=DIRECTION('',(0.E0,-1.E0,0.E0));
#11887=VECTOR('',#11886,5.E-1);
#11888=CARTESIAN_POINT('',(6.E-1,1.074846096908E1,-2.2E0));
#11889=LINE('678',#11888,#11887);
#11890=DIRECTION('',(0.E0,0.E0,1.E0));
#11891=VECTOR('',#11890,3.8E0);
#11892=CARTESIAN_POINT('',(6.E-1,1.054846096908E1,-1.9E0));
#11893=LINE('668',#11892,#11891);
#11894=DIRECTION('',(0.E0,1.E0,0.E0));
#11895=VECTOR('',#11894,5.E-1);
#11896=CARTESIAN_POINT('',(6.E-1,1.024846096908E1,2.2E0));
#11897=LINE('677',#11896,#11895);
#11898=DIRECTION('',(1.E0,0.E0,0.E0));
#11899=VECTOR('',#11898,6.E-1);
#11900=CARTESIAN_POINT('',(6.E-1,1.024846096908E1,-2.2E0));
#11901=LINE('653',#11900,#11899);
#11902=CARTESIAN_POINT('',(1.2E0,1.024846096908E1,-1.9E0));
#11903=DIRECTION('',(1.E0,0.E0,0.E0));
#11904=DIRECTION('',(0.E0,0.E0,-1.E0));
#11905=AXIS2_PLACEMENT_3D('',#11902,#11903,#11904);
#11907=DIRECTION('',(1.E0,0.E0,0.E0));
#11908=VECTOR('',#11907,6.E-1);
#11909=CARTESIAN_POINT('',(6.E-1,1.054846096908E1,-1.9E0));
#11910=LINE('655',#11909,#11908);
#11911=CARTESIAN_POINT('',(6.E-1,1.024846096908E1,-1.9E0));
#11912=DIRECTION('',(-1.E0,0.E0,0.E0));
#11913=DIRECTION('',(0.E0,1.E0,0.E0));
#11914=AXIS2_PLACEMENT_3D('',#11911,#11912,#11913);
#11916=DIRECTION('',(0.E0,-1.E0,0.E0));
#11917=VECTOR('',#11916,6.E-1);
#11918=CARTESIAN_POINT('',(1.2E0,1.024846096908E1,-2.2E0));
#11919=LINE('680',#11918,#11917);
#11920=DIRECTION('',(0.E0,0.E0,1.E0));
#11921=VECTOR('',#11920,3.8E0);
#11922=CARTESIAN_POINT('',(1.2E0,9.948460969083E0,-1.9E0));
#11923=LINE('666',#11922,#11921);
#11924=DIRECTION('',(0.E0,1.E0,0.E0));
#11925=VECTOR('',#11924,6.E-1);
#11926=CARTESIAN_POINT('',(1.2E0,9.648460969083E0,2.2E0));
#11927=LINE('679',#11926,#11925);
#11928=DIRECTION('',(1.E0,0.E0,0.E0));
#11929=VECTOR('',#11928,6.E-1);
#11930=CARTESIAN_POINT('',(1.2E0,9.648460969083E0,-2.2E0));
#11931=LINE('658',#11930,#11929);
#11932=CARTESIAN_POINT('',(1.8E0,9.648460969083E0,-1.9E0));
#11933=DIRECTION('',(1.E0,0.E0,0.E0));
#11934=DIRECTION('',(0.E0,0.E0,-1.E0));
#11935=AXIS2_PLACEMENT_3D('',#11932,#11933,#11934);
#11937=DIRECTION('',(1.E0,0.E0,0.E0));
#11938=VECTOR('',#11937,6.E-1);
#11939=CARTESIAN_POINT('',(1.2E0,9.948460969083E0,-1.9E0));
#11940=LINE('660',#11939,#11938);
#11941=CARTESIAN_POINT('',(1.2E0,9.648460969083E0,-1.9E0));
#11942=DIRECTION('',(-1.E0,0.E0,0.E0));
#11943=DIRECTION('',(0.E0,1.E0,0.E0));
#11944=AXIS2_PLACEMENT_3D('',#11941,#11942,#11943);
#11946=DIRECTION('',(0.E0,1.E0,0.E0));
#11947=VECTOR('',#11946,2.426436009500E0);
#11948=CARTESIAN_POINT('',(1.8E0,6.891360157687E0,-1.25E0));
#11949=LINE('199',#11948,#11947);
#11950=DIRECTION('',(0.E0,0.E0,1.E0));
#11951=VECTOR('',#11950,2.5E0);
#11952=CARTESIAN_POINT('',(1.8E0,9.317796167187E0,-1.25E0));
#11953=LINE('202',#11952,#11951);
#11954=DIRECTION('',(0.E0,1.E0,0.E0));
#11955=VECTOR('',#11954,2.426436009500E0);
#11956=CARTESIAN_POINT('',(1.8E0,6.891360157687E0,1.25E0));
#11957=LINE('200',#11956,#11955);
#11958=DIRECTION('',(0.E0,0.E0,1.E0));
#11959=VECTOR('',#11958,2.5E0);
#11960=CARTESIAN_POINT('',(1.8E0,6.891360157687E0,-1.25E0));
#11961=LINE('201',#11960,#11959);
#11962=DIRECTION('',(0.E0,-1.E0,0.E0));
#11963=VECTOR('',#11962,1.499846096908E1);
#11964=CARTESIAN_POINT('',(1.8E0,9.648460969083E0,-2.2E0));
#11965=LINE('669',#11964,#11963);
#11966=DIRECTION('',(0.E0,0.E0,1.E0));
#11967=VECTOR('',#11966,4.4E0);
#11968=CARTESIAN_POINT('',(1.8E0,-5.35E0,-2.2E0));
#11969=LINE('156',#11968,#11967);
#11970=DIRECTION('',(0.E0,1.E0,0.E0));
#11971=VECTOR('',#11970,1.499846096908E1);
#11972=CARTESIAN_POINT('',(1.8E0,-5.35E0,2.2E0));
#11973=LINE('670',#11972,#11971);
#11974=DIRECTION('',(1.E0,0.E0,0.E0));
#11975=VECTOR('',#11974,1.114589803375E0);
#11976=CARTESIAN_POINT('',(1.8E0,6.891360157687E0,-1.25E0));
#11977=LINE('203',#11976,#11975);
#11978=CARTESIAN_POINT('',(3.25E0,6.991360157687E0,-1.25E0));
#11979=DIRECTION('',(0.E0,0.E0,1.E0));
#11980=DIRECTION('',(-9.583148474999E-1,-2.857142857143E-1,0.E0));
#11981=AXIS2_PLACEMENT_3D('',#11978,#11979,#11980);
#11983=DIRECTION('',(0.E0,1.E0,0.E0));
#11984=VECTOR('',#11983,1.126436009500E0);
#11985=CARTESIAN_POINT('',(3.6E0,6.991360157687E0,-1.25E0));
#11986=LINE('165',#11985,#11984);
#11987=DIRECTION('',(-1.E0,0.E0,0.E0));
#11988=VECTOR('',#11987,6.E-1);
#11989=CARTESIAN_POINT('',(3.6E0,8.117796167187E0,-1.25E0));
#11990=LINE('166',#11989,#11988);
#11991=DIRECTION('',(0.E0,1.E0,0.E0));
#11992=VECTOR('',#11991,6.E-1);
#11993=CARTESIAN_POINT('',(3.E0,8.117796167187E0,-1.25E0));
#11994=LINE('167',#11993,#11992);
#11995=DIRECTION('',(-1.E0,0.E0,0.E0));
#11996=VECTOR('',#11995,6.E-1);
#11997=CARTESIAN_POINT('',(3.E0,8.717796167187E0,-1.25E0));
#11998=LINE('168',#11997,#11996);
#11999=DIRECTION('',(0.E0,1.E0,0.E0));
#12000=VECTOR('',#11999,6.E-1);
#12001=CARTESIAN_POINT('',(2.4E0,8.717796167187E0,-1.25E0));
#12002=LINE('169',#12001,#12000);
#12003=DIRECTION('',(-1.E0,0.E0,0.E0));
#12004=VECTOR('',#12003,6.E-1);
#12005=CARTESIAN_POINT('',(2.4E0,9.317796167187E0,-1.25E0));
#12006=LINE('204',#12005,#12004);
#12007=DIRECTION('',(-1.E0,0.E0,0.E0));
#12008=VECTOR('',#12007,6.E-1);
#12009=CARTESIAN_POINT('',(2.4E0,9.317796167187E0,1.25E0));
#12010=LINE('206',#12009,#12008);
#12011=DIRECTION('',(0.E0,1.E0,0.E0));
#12012=VECTOR('',#12011,6.E-1);
#12013=CARTESIAN_POINT('',(2.4E0,8.717796167187E0,1.25E0));
#12014=LINE('179',#12013,#12012);
#12015=DIRECTION('',(-1.E0,0.E0,0.E0));
#12016=VECTOR('',#12015,6.E-1);
#12017=CARTESIAN_POINT('',(3.E0,8.717796167187E0,1.25E0));
#12018=LINE('178',#12017,#12016);
#12019=DIRECTION('',(0.E0,1.E0,0.E0));
#12020=VECTOR('',#12019,6.E-1);
#12021=CARTESIAN_POINT('',(3.E0,8.117796167187E0,1.25E0));
#12022=LINE('177',#12021,#12020);
#12023=DIRECTION('',(-1.E0,0.E0,0.E0));
#12024=VECTOR('',#12023,6.E-1);
#12025=CARTESIAN_POINT('',(3.6E0,8.117796167187E0,1.25E0));
#12026=LINE('176',#12025,#12024);
#12027=DIRECTION('',(0.E0,1.E0,0.E0));
#12028=VECTOR('',#12027,1.126436009500E0);
#12029=CARTESIAN_POINT('',(3.6E0,6.991360157687E0,1.25E0));
#12030=LINE('175',#12029,#12028);
#12031=CARTESIAN_POINT('',(3.25E0,6.991360157687E0,1.25E0));
#12032=DIRECTION('',(0.E0,0.E0,1.E0));
#12033=DIRECTION('',(-9.583148474999E-1,-2.857142857143E-1,0.E0));
#12034=AXIS2_PLACEMENT_3D('',#12031,#12032,#12033);
#12036=DIRECTION('',(1.E0,0.E0,0.E0));
#12037=VECTOR('',#12036,1.114589803375E0);
#12038=CARTESIAN_POINT('',(1.8E0,6.891360157687E0,1.25E0));
#12039=LINE('205',#12038,#12037);
#12040=DIRECTION('',(0.E0,0.E0,1.E0));
#12041=VECTOR('',#12040,2.5E0);
#12042=CARTESIAN_POINT('',(2.4E0,9.317796167187E0,-1.25E0));
#12043=LINE('198',#12042,#12041);
#12044=DIRECTION('',(0.E0,0.E0,1.E0));
#12045=VECTOR('',#12044,2.5E0);
#12046=CARTESIAN_POINT('',(2.4E0,8.717796167187E0,-1.25E0));
#12047=LINE('196',#12046,#12045);
#12048=DIRECTION('',(0.E0,0.E0,1.E0));
#12049=VECTOR('',#12048,2.5E0);
#12050=CARTESIAN_POINT('',(3.E0,8.717796167187E0,-1.25E0));
#12051=LINE('194',#12050,#12049);
#12052=DIRECTION('',(0.E0,0.E0,1.E0));
#12053=VECTOR('',#12052,2.5E0);
#12054=CARTESIAN_POINT('',(3.E0,8.117796167187E0,-1.25E0));
#12055=LINE('192',#12054,#12053);
#12056=DIRECTION('',(0.E0,0.E0,1.E0));
#12057=VECTOR('',#12056,2.5E0);
#12058=CARTESIAN_POINT('',(3.6E0,8.117796167187E0,-1.25E0));
#12059=LINE('190',#12058,#12057);
#12060=DIRECTION('',(0.E0,0.E0,1.E0));
#12061=VECTOR('',#12060,2.5E0);
#12062=CARTESIAN_POINT('',(3.6E0,6.991360157687E0,-1.25E0));
#12063=LINE('188',#12062,#12061);
#12064=DIRECTION('',(0.E0,0.E0,1.E0));
#12065=VECTOR('',#12064,2.5E0);
#12066=CARTESIAN_POINT('',(2.914589803375E0,6.891360157687E0,-1.25E0));
#12067=LINE('186',#12066,#12065);
#12068=DIRECTION('',(-1.E0,0.E0,0.E0));
#12069=VECTOR('',#12068,6.E-1);
#12070=CARTESIAN_POINT('',(1.8E0,9.648460969083E0,2.2E0));
#12071=LINE('648',#12070,#12069);
#12072=CARTESIAN_POINT('',(1.2E0,9.648460969083E0,1.9E0));
#12073=DIRECTION('',(-1.E0,0.E0,0.E0));
#12074=DIRECTION('',(0.E0,0.E0,1.E0));
#12075=AXIS2_PLACEMENT_3D('',#12072,#12073,#12074);
#12077=DIRECTION('',(-1.E0,0.E0,0.E0));
#12078=VECTOR('',#12077,6.E-1);
#12079=CARTESIAN_POINT('',(1.8E0,9.948460969083E0,1.9E0));
#12080=LINE('649',#12079,#12078);
#12081=CARTESIAN_POINT('',(1.8E0,9.648460969083E0,1.9E0));
#12082=DIRECTION('',(1.E0,0.E0,0.E0));
#12083=DIRECTION('',(0.E0,1.E0,0.E0));
#12084=AXIS2_PLACEMENT_3D('',#12081,#12082,#12083);
#12086=DIRECTION('',(0.E0,0.E0,1.E0));
#12087=VECTOR('',#12086,3.8E0);
#12088=CARTESIAN_POINT('',(1.8E0,9.948460969083E0,-1.9E0));
#12089=LINE('665',#12088,#12087);
#12090=DIRECTION('',(0.E0,0.E0,1.E0));
#12091=VECTOR('',#12090,4.4E0);
#12092=CARTESIAN_POINT('',(1.387945096855E0,-7.686879480888E0,-2.2E0));
#12093=LINE('154',#12092,#12091);
#12094=DIRECTION('',(0.E0,0.E0,1.E0));
#12095=VECTOR('',#12094,2.5E0);
#12096=CARTESIAN_POINT('',(1.923926844735E0,-8.271800918767E0,-1.25E0));
#12097=LINE('317',#12096,#12095);
#12098=DIRECTION('',(0.E0,0.E0,1.E0));
#12099=VECTOR('',#12098,9.5E-1);
#12100=CARTESIAN_POINT('',(1.8E0,-8.267205385807E0,-2.2E0));
#12101=LINE('308',#12100,#12099);
#12102=DIRECTION('',(0.E0,-9.063077870367E-1,4.226182617407E-1));
#12103=VECTOR('',#12102,2.247891503995E0);
#12104=CARTESIAN_POINT('',(1.8E0,-8.412718425516E0,-2.2E0));
#12105=LINE('313',#12104,#12103);
#12106=CARTESIAN_POINT('',(-7.E-1,-9.751074306316E0,-1.575914403446E0));
#12107=CARTESIAN_POINT('',(-7.E-1,-9.676219634636E0,-1.610819710099E0));
#12108=CARTESIAN_POINT('',(-7.389672345594E-1,-9.546044838151E0,
-1.671521214599E0));
#12109=CARTESIAN_POINT('',(-8.323228388918E-1,-9.443135311341E0,
-1.719508715048E0));
#12110=CARTESIAN_POINT('',(-9.022866356483E-1,-9.403353979679E0,
-1.738059054653E0));
#12112=DIRECTION('',(8.693008165932E-1,-4.942834108793E-1,0.E0));
#12113=VECTOR('',#12112,7.442812887907E-1);
#12114=CARTESIAN_POINT('',(-2.482278573726E0,-8.044832531439E0,-2.2E0));
#12115=LINE('547',#12114,#12113);
#12116=DIRECTION('',(-3.495111516607E-1,-6.146885023040E-1,7.071067811865E-1));
#12117=VECTOR('',#12116,5.656854249492E-1);
#12118=CARTESIAN_POINT('',(-2.482278573726E0,-8.044832531439E0,-2.2E0));
#12119=LINE('549',#12118,#12117);
#12120=DIRECTION('',(8.693008165932E-1,-4.942834108793E-1,0.E0));
#12121=VECTOR('',#12120,1.776244794625E0);
#12122=CARTESIAN_POINT('',(-2.679991938077E0,-8.392552858076E0,-1.8E0));
#12123=LINE('548',#12122,#12121);
#12124=DIRECTION('',(5.942815423136E-1,-7.289044531073E-1,3.398937285472E-1));
#12125=VECTOR('',#12124,1.176838424497E0);
#12126=CARTESIAN_POINT('',(-1.835274241605E0,-8.412718425516E0,-2.2E0));
#12127=LINE('550',#12126,#12125);
#12128=CARTESIAN_POINT('',(-9.5E-1,-5.35E0,-2.2E0));
#12129=DIRECTION('',(0.E0,0.E0,1.E0));
#12130=DIRECTION('',(-9.364475728734E-1,3.508075587264E-1,0.E0));
#12131=AXIS2_PLACEMENT_3D('',#12128,#12129,#12130);
#12133=CARTESIAN_POINT('',(-3.852987475907E0,-4.262496567948E0,-2.2E0));
#12134=CARTESIAN_POINT('',(-3.884751936340E0,-4.227218560665E0,
-2.157878456513E0));
#12135=CARTESIAN_POINT('',(-3.949107179780E0,-4.155744821906E0,
-2.072075866435E0));
#12136=CARTESIAN_POINT('',(-4.048135631059E0,-4.045762584591E0,
-1.938731472671E0));
#12137=CARTESIAN_POINT('',(-4.115837425939E0,-3.970572123921E0,
-1.846753685081E0));
#12138=CARTESIAN_POINT('',(-4.150111470954E0,-3.932506940593E0,-1.8E0));
#12140=CARTESIAN_POINT('',(-9.5E-1,-5.35E0,-1.8E0));
#12141=DIRECTION('',(0.E0,0.E0,1.E0));
#12142=DIRECTION('',(-9.143175631298E-1,4.049980169734E-1,0.E0));
#12143=AXIS2_PLACEMENT_3D('',#12140,#12141,#12142);
#12145=DIRECTION('',(0.E0,0.E0,1.E0));
#12146=VECTOR('',#12145,4.4E0);
#12147=CARTESIAN_POINT('',(-4.8E0,-3.210732606991E0,-2.2E0));
#12148=LINE('134',#12147,#12146);
#12149=DIRECTION('',(0.E0,0.E0,1.E0));
#12150=VECTOR('',#12149,4.4E0);
#12151=CARTESIAN_POINT('',(-2.2E0,0.E0,-2.2E0));
#12152=LINE('74',#12151,#12150);
#12153=DIRECTION('',(0.E0,0.E0,1.E0));
#12154=VECTOR('',#12153,4.4E0);
#12155=CARTESIAN_POINT('',(-2.2E0,1.25E0,-2.2E0));
#12156=LINE('72',#12155,#12154);
#12157=DIRECTION('',(0.E0,0.E0,1.E0));
#12158=VECTOR('',#12157,4.4E0);
#12159=CARTESIAN_POINT('',(-1.2E0,1.25E0,-2.2E0));
#12160=LINE('70',#12159,#12158);
#12161=DIRECTION('',(0.E0,0.E0,1.E0));
#12162=VECTOR('',#12161,4.4E0);
#12163=CARTESIAN_POINT('',(-1.2E0,6.67E0,-2.2E0));
#12164=LINE('108',#12163,#12162);
#12165=DIRECTION('',(0.E0,0.E0,1.E0));
#12166=VECTOR('',#12165,3.6E0);
#12167=CARTESIAN_POINT('',(0.E0,1.114846096908E1,-1.8E0));
#12168=LINE('592',#12167,#12166);
#12169=DIRECTION('',(-1.E0,0.E0,0.E0));
#12170=VECTOR('',#12169,7.071796769724E-1);
#12171=CARTESIAN_POINT('',(6.E-1,1.074846096908E1,2.2E0));
#12172=LINE('579',#12171,#12170);
#12173=CARTESIAN_POINT('',(-1.071796769724E-1,1.074846096908E1,2.2E0));
#12174=CARTESIAN_POINT('',(-8.962073572133E-2,1.081399182996E1,2.2E0));
#12175=CARTESIAN_POINT('',(-6.180023916487E-2,1.091781933660E1,
2.171805065802E0));
#12176=CARTESIAN_POINT('',(-3.022704687300E-2,1.103565209439E1,
2.090266895174E0));
#12177=CARTESIAN_POINT('',(-7.958961591185E-3,1.111875772005E1,
1.972776551836E0));
#12178=CARTESIAN_POINT('',(0.E0,1.114846096908E1,1.867842539347E0));
#12179=CARTESIAN_POINT('',(0.E0,1.114846096908E1,1.8E0));
#12181=DIRECTION('',(-1.E0,0.E0,0.E0));
#12182=VECTOR('',#12181,6.E-1);
#12183=CARTESIAN_POINT('',(6.E-1,1.114846096908E1,1.8E0));
#12184=LINE('581',#12183,#12182);
#12185=CARTESIAN_POINT('',(6.E-1,1.074846096908E1,1.8E0));
#12186=DIRECTION('',(1.E0,0.E0,0.E0));
#12187=DIRECTION('',(0.E0,1.E0,0.E0));
#12188=AXIS2_PLACEMENT_3D('',#12185,#12186,#12187);
#12190=DIRECTION('',(0.E0,0.E0,1.E0));
#12191=VECTOR('',#12190,3.6E0);
#12192=CARTESIAN_POINT('',(6.E-1,1.114846096908E1,-1.8E0));
#12193=LINE('591',#12192,#12191);
#12194=DIRECTION('',(1.E0,0.E0,0.E0));
#12195=VECTOR('',#12194,7.071796769724E-1);
#12196=CARTESIAN_POINT('',(-1.071796769724E-1,1.074846096908E1,-2.2E0));
#12197=LINE('583',#12196,#12195);
#12198=CARTESIAN_POINT('',(6.E-1,1.074846096908E1,-1.8E0));
#12199=DIRECTION('',(1.E0,0.E0,0.E0));
#12200=DIRECTION('',(0.E0,0.E0,-1.E0));
#12201=AXIS2_PLACEMENT_3D('',#12198,#12199,#12200);
#12203=DIRECTION('',(1.E0,0.E0,0.E0));
#12204=VECTOR('',#12203,6.E-1);
#12205=CARTESIAN_POINT('',(0.E0,1.114846096908E1,-1.8E0));
#12206=LINE('585',#12205,#12204);
#12207=CARTESIAN_POINT('',(0.E0,1.114846096908E1,-1.8E0));
#12208=CARTESIAN_POINT('',(0.E0,1.114846096908E1,-1.867842539347E0));
#12209=CARTESIAN_POINT('',(-7.958961591179E-3,1.111875772005E1,
-1.972776551836E0));
#12210=CARTESIAN_POINT('',(-3.022704687300E-2,1.103565209439E1,
-2.090266895174E0));
#12211=CARTESIAN_POINT('',(-6.180023916486E-2,1.091781933660E1,
-2.171805065802E0));
#12212=CARTESIAN_POINT('',(-8.962073572132E-2,1.081399182996E1,-2.2E0));
#12213=CARTESIAN_POINT('',(-1.071796769724E-1,1.074846096908E1,-2.2E0));
#12215=CARTESIAN_POINT('',(-9.5E-1,-5.35E0,2.2E0));
#12216=DIRECTION('',(0.E0,0.E0,1.E0));
#12217=DIRECTION('',(-9.364475728734E-1,3.508075587264E-1,0.E0));
#12218=AXIS2_PLACEMENT_3D('',#12215,#12216,#12217);
#12220=CARTESIAN_POINT('',(-9.5E-1,-5.35E0,1.8E0));
#12221=DIRECTION('',(0.E0,0.E0,1.E0));
#12222=DIRECTION('',(-9.143175631298E-1,4.049980169734E-1,0.E0));
#12223=AXIS2_PLACEMENT_3D('',#12220,#12221,#12222);
#12225=CARTESIAN_POINT('',(-3.852987475907E0,-4.262496567948E0,2.2E0));
#12226=CARTESIAN_POINT('',(-3.884751936340E0,-4.227218560665E0,
2.157878456513E0));
#12227=CARTESIAN_POINT('',(-3.949107179780E0,-4.155744821906E0,
2.072075866435E0));
#12228=CARTESIAN_POINT('',(-4.048135631059E0,-4.045762584591E0,
1.938731472671E0));
#12229=CARTESIAN_POINT('',(-4.115837425939E0,-3.970572123921E0,
1.846753685081E0));
#12230=CARTESIAN_POINT('',(-4.150111470954E0,-3.932506940593E0,1.8E0));
#12232=DIRECTION('',(8.693008165932E-1,-4.942834108793E-1,0.E0));
#12233=VECTOR('',#12232,7.442812887907E-1);
#12234=CARTESIAN_POINT('',(-2.482278573726E0,-8.044832531439E0,2.2E0));
#12235=LINE('538',#12234,#12233);
#12236=DIRECTION('',(5.942815423136E-1,-7.289044531073E-1,-3.398937285472E-1));
#12237=VECTOR('',#12236,1.176838424497E0);
#12238=CARTESIAN_POINT('',(-1.835274241605E0,-8.412718425516E0,2.2E0));
#12239=LINE('541',#12238,#12237);
#12240=DIRECTION('',(8.693008165932E-1,-4.942834108793E-1,0.E0));
#12241=VECTOR('',#12240,1.776244794625E0);
#12242=CARTESIAN_POINT('',(-2.679991938077E0,-8.392552858076E0,1.8E0));
#12243=LINE('539',#12242,#12241);
#12244=DIRECTION('',(-3.495111516607E-1,-6.146885023040E-1,-7.071067811865E-1));
#12245=VECTOR('',#12244,5.656854249492E-1);
#12246=CARTESIAN_POINT('',(-2.482278573726E0,-8.044832531439E0,2.2E0));
#12247=LINE('540',#12246,#12245);
#12248=DIRECTION('',(0.E0,9.063077870367E-1,4.226182617407E-1));
#12249=VECTOR('',#12248,2.247891503995E0);
#12250=CARTESIAN_POINT('',(1.8E0,-1.045E1,1.25E0));
#12251=LINE('312',#12250,#12249);
#12252=CARTESIAN_POINT('',(-7.E-1,-9.751074306316E0,1.575914403446E0));
#12253=CARTESIAN_POINT('',(-7.E-1,-9.676219634636E0,1.610819710099E0));
#12254=CARTESIAN_POINT('',(-7.389672345594E-1,-9.546044838151E0,
1.671521214599E0));
#12255=CARTESIAN_POINT('',(-8.323228388918E-1,-9.443135311341E0,
1.719508715048E0));
#12256=CARTESIAN_POINT('',(-9.022866356483E-1,-9.403353979679E0,
1.738059054653E0));
#12258=DIRECTION('',(0.E0,0.E0,1.E0));
#12259=VECTOR('',#12258,9.5E-1);
#12260=CARTESIAN_POINT('',(1.8E0,-8.267205385807E0,1.25E0));
#12261=LINE('311',#12260,#12259);
#12262=DIRECTION('',(0.E0,-1.E0,0.E0));
#12263=VECTOR('',#12262,2.182794614193E0);
#12264=CARTESIAN_POINT('',(1.8E0,-8.267205385807E0,1.25E0));
#12265=LINE('325',#12264,#12263);
#12266=CARTESIAN_POINT('',(1.880348973362E0,-7.773703569721E0,1.25E0));
#12267=DIRECTION('',(0.E0,0.E0,1.E0));
#12268=DIRECTION('',(-1.606979467231E-1,-9.870036321711E-1,0.E0));
#12269=AXIS2_PLACEMENT_3D('',#12266,#12267,#12268);
#12271=CARTESIAN_POINT('',(3.489542784676E0,-8.636737191359E0,1.25E0));
#12272=DIRECTION('',(0.E0,0.E0,1.E0));
#12273=DIRECTION('',(8.037141531111E-1,-5.950155965090E-1,0.E0));
#12274=AXIS2_PLACEMENT_3D('',#12271,#12272,#12273);
#12276=CARTESIAN_POINT('',(-9.5E-1,-5.35E0,1.25E0));
#12277=DIRECTION('',(0.E0,0.E0,1.E0));
#12278=DIRECTION('',(5.321596794284E-1,-8.466440075915E-1,0.E0));
#12279=AXIS2_PLACEMENT_3D('',#12276,#12277,#12278);
#12281=DIRECTION('',(-1.E0,0.E0,0.E0));
#12282=VECTOR('',#12281,4.556145685193E-1);
#12283=CARTESIAN_POINT('',(2.255614568519E0,-1.045E1,-1.25E0));
#12284=LINE('300',#12283,#12282);
#12285=DIRECTION('',(1.E0,0.E0,0.E0));
#12286=VECTOR('',#12285,2.5E0);
#12287=CARTESIAN_POINT('',(-7.E-1,-1.045E1,-1.25E0));
#12288=LINE('321',#12287,#12286);
#12289=DIRECTION('',(0.E0,0.E0,1.E0));
#12290=VECTOR('',#12289,2.5E0);
#12291=CARTESIAN_POINT('',(-7.E-1,-1.045E1,-1.25E0));
#12292=LINE('258',#12291,#12290);
#12293=DIRECTION('',(1.E0,0.E0,0.E0));
#12294=VECTOR('',#12293,2.5E0);
#12295=CARTESIAN_POINT('',(-7.E-1,-1.045E1,1.25E0));
#12296=LINE('320',#12295,#12294);
#12297=DIRECTION('',(-1.E0,0.E0,0.E0));
#12298=VECTOR('',#12297,4.556145685193E-1);
#12299=CARTESIAN_POINT('',(2.255614568519E0,-1.045E1,1.25E0));
#12300=LINE('301',#12299,#12298);
#12301=CARTESIAN_POINT('',(-9.5E-1,-5.35E0,-1.25E0));
#12302=DIRECTION('',(0.E0,0.E0,1.E0));
#12303=DIRECTION('',(5.321596794284E-1,-8.466440075915E-1,0.E0));
#12304=AXIS2_PLACEMENT_3D('',#12301,#12302,#12303);
#12306=CARTESIAN_POINT('',(3.489542784676E0,-8.636737191359E0,-1.25E0));
#12307=DIRECTION('',(0.E0,0.E0,1.E0));
#12308=DIRECTION('',(8.037141531111E-1,-5.950155965090E-1,0.E0));
#12309=AXIS2_PLACEMENT_3D('',#12306,#12307,#12308);
#12311=CARTESIAN_POINT('',(1.880348973362E0,-7.773703569721E0,-1.25E0));
#12312=DIRECTION('',(0.E0,0.E0,1.E0));
#12313=DIRECTION('',(-1.606979467231E-1,-9.870036321711E-1,0.E0));
#12314=AXIS2_PLACEMENT_3D('',#12311,#12312,#12313);
#12316=DIRECTION('',(0.E0,-1.E0,0.E0));
#12317=VECTOR('',#12316,2.182794614193E0);
#12318=CARTESIAN_POINT('',(1.8E0,-8.267205385807E0,-1.25E0));
#12319=LINE('324',#12318,#12317);
#12320=DIRECTION('',(0.E0,0.E0,1.E0));
#12321=VECTOR('',#12320,2.5E0);
#12322=CARTESIAN_POINT('',(2.255614568519E0,-1.045E1,-1.25E0));
#12323=LINE('322',#12322,#12321);
#12324=DIRECTION('',(0.E0,0.E0,1.E0));
#12325=VECTOR('',#12324,2.5E0);
#12326=CARTESIAN_POINT('',(3.891399861232E0,-8.934244989613E0,-1.25E0));
#12327=LINE('323',#12326,#12325);
#12328=DIRECTION('',(-9.961946980917E-1,-8.715574274766E-2,0.E0));
#12329=VECTOR('',#12328,1.527852006724E0);
#12330=CARTESIAN_POINT('',(3.445964913303E0,-8.138639842313E0,-1.25E0));
#12331=LINE('306',#12330,#12329);
#12332=DIRECTION('',(0.E0,0.E0,1.E0));
#12333=VECTOR('',#12332,2.5E0);
#12334=CARTESIAN_POINT('',(3.445964913303E0,-8.138639842313E0,-1.25E0));
#12335=LINE('316',#12334,#12333);
#12336=DIRECTION('',(-9.961946980917E-1,-8.715574274766E-2,0.E0));
#12337=VECTOR('',#12336,1.527852006724E0);
#12338=CARTESIAN_POINT('',(3.445964913303E0,-8.138639842313E0,1.25E0));
#12339=LINE('307',#12338,#12337);
#12340=DIRECTION('',(0.E0,-9.063077870366E-1,-4.226182617407E-1));
#12341=VECTOR('',#12340,7.711791774060E-1);
#12342=CARTESIAN_POINT('',(-7.E-1,-9.751074306316E0,1.575914403446E0));
#12343=LINE('244',#12342,#12341);
#12344=DIRECTION('',(0.E0,-9.063077870367E-1,4.226182617407E-1));
#12345=VECTOR('',#12344,7.711791774060E-1);
#12346=CARTESIAN_POINT('',(-7.E-1,-9.751074306316E0,-1.575914403446E0));
#12347=LINE('245',#12346,#12345);
#12348=DIRECTION('',(0.E0,0.E0,1.E0));
#12349=VECTOR('',#12348,3.151828806892E0);
#12350=CARTESIAN_POINT('',(-7.E-1,-9.751074306316E0,-1.575914403446E0));
#12351=LINE('257',#12350,#12349);
#12352=DIRECTION('',(0.E0,0.E0,1.E0));
#12353=VECTOR('',#12352,3.476118109306E0);
#12354=CARTESIAN_POINT('',(-9.022866356483E-1,-9.403353979679E0,
-1.738059054653E0));
#12355=LINE('256',#12354,#12353);
#12356=DIRECTION('',(8.470912020315E-1,-4.816550504425E-1,-2.245994386104E-1));
#12357=VECTOR('',#12356,2.757840613056E-1);
#12358=CARTESIAN_POINT('',(-1.135900887641E0,-9.270521193720E0,1.8E0));
#12359=LINE('555',#12358,#12357);
#12360=DIRECTION('',(8.470912020315E-1,-4.816550504425E-1,2.245994386104E-1));
#12361=VECTOR('',#12360,2.757840613056E-1);
#12362=CARTESIAN_POINT('',(-1.135900887641E0,-9.270521193720E0,-1.8E0));
#12363=LINE('557',#12362,#12361);
#12364=DIRECTION('',(0.E0,0.E0,1.E0));
#12365=VECTOR('',#12364,3.6E0);
#12366=CARTESIAN_POINT('',(-2.679991938077E0,-8.392552858076E0,-1.8E0));
#12367=LINE('553',#12366,#12365);
#12368=DIRECTION('',(0.E0,0.E0,1.E0));
#12369=VECTOR('',#12368,3.6E0);
#12370=CARTESIAN_POINT('',(-4.150111470954E0,-3.932506940593E0,-1.8E0));
#12371=LINE('551',#12370,#12369);
#12372=DIRECTION('',(0.E0,0.E0,1.E0));
#12373=VECTOR('',#12372,3.8E0);
#12374=CARTESIAN_POINT('',(1.2E0,1.054846096908E1,-1.9E0));
#12375=LINE('667',#12374,#12373);
#12376=CARTESIAN_POINT('',(-9.5E-1,-7.E-1,-6.5E-1));
#12377=DIRECTION('',(-1.E0,0.E0,0.E0));
#12378=DIRECTION('',(0.E0,6.319612329882E-1,-7.75E-1));
#12379=AXIS2_PLACEMENT_3D('',#12376,#12377,#12378);
#12381=CARTESIAN_POINT('',(-9.5E-1,-7.E-1,-6.5E-1));
#12382=DIRECTION('',(1.E0,0.E0,0.E0));
#12383=DIRECTION('',(0.E0,-6.319612329882E-1,-7.75E-1));
#12384=AXIS2_PLACEMENT_3D('',#12381,#12382,#12383);
#12386=CARTESIAN_POINT('',(-1.2E0,1.25E0,-2.2E0));
#12387=CARTESIAN_POINT('',(-2.2E0,1.25E0,-2.2E0));
#12388=VERTEX_POINT('',#12386);
#12389=VERTEX_POINT('',#12387);
#12390=CARTESIAN_POINT('',(-2.2E0,0.E0,-2.2E0));
#12391=VERTEX_POINT('',#12390);
#12392=CARTESIAN_POINT('',(-4.8E0,-3.210732606991E0,-2.2E0));
#12393=VERTEX_POINT('',#12392);
#12394=CARTESIAN_POINT('',(-1.2E0,6.67E0,-2.2E0));
#12395=VERTEX_POINT('',#12394);
#12396=CARTESIAN_POINT('',(-1.2E0,1.25E0,2.2E0));
#12397=CARTESIAN_POINT('',(-2.2E0,1.25E0,2.2E0));
#12398=VERTEX_POINT('',#12396);
#12399=VERTEX_POINT('',#12397);
#12400=CARTESIAN_POINT('',(-2.2E0,0.E0,2.2E0));
#12401=VERTEX_POINT('',#12400);
#12402=CARTESIAN_POINT('',(-4.8E0,-3.210732606991E0,2.2E0));
#12403=VERTEX_POINT('',#12402);
#12404=CARTESIAN_POINT('',(-1.2E0,6.67E0,2.2E0));
#12405=VERTEX_POINT('',#12404);
#12406=CARTESIAN_POINT('',(1.387945096855E0,-7.686879480888E0,-2.2E0));
#12407=CARTESIAN_POINT('',(1.8E0,-5.35E0,-2.2E0));
#12408=VERTEX_POINT('',#12406);
#12409=VERTEX_POINT('',#12407);
#12410=CARTESIAN_POINT('',(1.387945096855E0,-7.686879480888E0,2.2E0));
#12411=CARTESIAN_POINT('',(1.8E0,-5.35E0,2.2E0));
#12412=VERTEX_POINT('',#12410);
#12413=VERTEX_POINT('',#12411);
#12414=CARTESIAN_POINT('',(2.914589803375E0,6.891360157687E0,-1.25E0));
#12415=CARTESIAN_POINT('',(3.6E0,6.991360157687E0,-1.25E0));
#12416=VERTEX_POINT('',#12414);
#12417=VERTEX_POINT('',#12415);
#12418=CARTESIAN_POINT('',(3.6E0,8.117796167187E0,-1.25E0));
#12419=VERTEX_POINT('',#12418);
#12420=CARTESIAN_POINT('',(3.E0,8.117796167187E0,-1.25E0));
#12421=VERTEX_POINT('',#12420);
#12422=CARTESIAN_POINT('',(3.E0,8.717796167187E0,-1.25E0));
#12423=VERTEX_POINT('',#12422);
#12424=CARTESIAN_POINT('',(2.4E0,8.717796167187E0,-1.25E0));
#12425=VERTEX_POINT('',#12424);
#12426=CARTESIAN_POINT('',(2.4E0,9.317796167187E0,-1.25E0));
#12427=VERTEX_POINT('',#12426);
#12428=CARTESIAN_POINT('',(2.914589803375E0,6.891360157687E0,1.25E0));
#12429=CARTESIAN_POINT('',(3.6E0,6.991360157687E0,1.25E0));
#12430=VERTEX_POINT('',#12428);
#12431=VERTEX_POINT('',#12429);
#12432=CARTESIAN_POINT('',(3.6E0,8.117796167187E0,1.25E0));
#12433=VERTEX_POINT('',#12432);
#12434=CARTESIAN_POINT('',(3.E0,8.117796167187E0,1.25E0));
#12435=VERTEX_POINT('',#12434);
#12436=CARTESIAN_POINT('',(3.E0,8.717796167187E0,1.25E0));
#12437=VERTEX_POINT('',#12436);
#12438=CARTESIAN_POINT('',(2.4E0,8.717796167187E0,1.25E0));
#12439=VERTEX_POINT('',#12438);
#12440=CARTESIAN_POINT('',(2.4E0,9.317796167187E0,1.25E0));
#12441=VERTEX_POINT('',#12440);
#12442=CARTESIAN_POINT('',(1.8E0,6.891360157687E0,-1.25E0));
#12443=CARTESIAN_POINT('',(1.8E0,9.317796167187E0,-1.25E0));
#12444=VERTEX_POINT('',#12442);
#12445=VERTEX_POINT('',#12443);
#12446=CARTESIAN_POINT('',(1.8E0,6.891360157687E0,1.25E0));
#12447=CARTESIAN_POINT('',(1.8E0,9.317796167187E0,1.25E0));
#12448=VERTEX_POINT('',#12446);
#12449=VERTEX_POINT('',#12447);
#12450=VERTEX_POINT('',#12252);
#12451=VERTEX_POINT('',#12256);
#12452=VERTEX_POINT('',#12106);
#12453=VERTEX_POINT('',#12110);
#12454=CARTESIAN_POINT('',(-7.E-1,-1.045E1,1.25E0));
#12455=VERTEX_POINT('',#12454);
#12456=CARTESIAN_POINT('',(-7.E-1,-1.045E1,-1.25E0));
#12457=VERTEX_POINT('',#12456);
#12458=CARTESIAN_POINT('',(1.8E0,-8.412718425516E0,-2.2E0));
#12459=CARTESIAN_POINT('',(1.8E0,-8.267205385807E0,-2.2E0));
#12460=VERTEX_POINT('',#12458);
#12461=VERTEX_POINT('',#12459);
#12462=CARTESIAN_POINT('',(1.8E0,-8.412718425516E0,2.2E0));
#12463=CARTESIAN_POINT('',(1.8E0,-8.267205385807E0,2.2E0));
#12464=VERTEX_POINT('',#12462);
#12465=VERTEX_POINT('',#12463);
#12466=CARTESIAN_POINT('',(2.255614568519E0,-1.045E1,-1.25E0));
#12467=CARTESIAN_POINT('',(1.8E0,-1.045E1,-1.25E0));
#12468=VERTEX_POINT('',#12466);
#12469=VERTEX_POINT('',#12467);
#12470=CARTESIAN_POINT('',(2.255614568519E0,-1.045E1,1.25E0));
#12471=CARTESIAN_POINT('',(1.8E0,-1.045E1,1.25E0));
#12472=VERTEX_POINT('',#12470);
#12473=VERTEX_POINT('',#12471);
#12474=CARTESIAN_POINT('',(3.891399861232E0,-8.934244989613E0,-1.25E0));
#12475=VERTEX_POINT('',#12474);
#12476=CARTESIAN_POINT('',(3.891399861232E0,-8.934244989613E0,1.25E0));
#12477=VERTEX_POINT('',#12476);
#12478=CARTESIAN_POINT('',(3.445964913303E0,-8.138639842313E0,-1.25E0));
#12479=VERTEX_POINT('',#12478);
#12480=CARTESIAN_POINT('',(3.445964913303E0,-8.138639842313E0,1.25E0));
#12481=VERTEX_POINT('',#12480);
#12482=CARTESIAN_POINT('',(1.923926844735E0,-8.271800918767E0,-1.25E0));
#12483=VERTEX_POINT('',#12482);
#12484=CARTESIAN_POINT('',(1.923926844735E0,-8.271800918767E0,1.25E0));
#12485=VERTEX_POINT('',#12484);
#12486=CARTESIAN_POINT('',(1.8E0,-8.267205385807E0,-1.25E0));
#12487=VERTEX_POINT('',#12486);
#12488=CARTESIAN_POINT('',(1.8E0,-8.267205385807E0,1.25E0));
#12489=VERTEX_POINT('',#12488);
#12490=CARTESIAN_POINT('',(2.5E-2,-4.650446571018E0,-2.2E0));
#12491=CARTESIAN_POINT('',(2.5E-2,-6.049553428982E0,-2.2E0));
#12492=VERTEX_POINT('',#12490);
#12493=VERTEX_POINT('',#12491);
#12494=CARTESIAN_POINT('',(-1.925E0,-6.049553428982E0,-2.2E0));
#12495=VERTEX_POINT('',#12494);
#12496=CARTESIAN_POINT('',(-1.925E0,-4.650446571018E0,-2.2E0));
#12497=VERTEX_POINT('',#12496);
#12498=CARTESIAN_POINT('',(2.5E-2,-4.650446571018E0,2.2E0));
#12499=CARTESIAN_POINT('',(2.5E-2,-6.049553428982E0,2.2E0));
#12500=VERTEX_POINT('',#12498);
#12501=VERTEX_POINT('',#12499);
#12502=CARTESIAN_POINT('',(-1.925E0,-6.049553428982E0,2.2E0));
#12503=VERTEX_POINT('',#12502);
#12504=CARTESIAN_POINT('',(-1.925E0,-4.650446571018E0,2.2E0));
#12505=VERTEX_POINT('',#12504);
#12506=CARTESIAN_POINT('',(2.5E-2,-5.859288719687E0,-2.6E0));
#12507=CARTESIAN_POINT('',(-1.925E0,-5.859288719687E0,-2.6E0));
#12508=VERTEX_POINT('',#12506);
#12509=VERTEX_POINT('',#12507);
#12510=VERTEX_POINT('',#11642);
#12511=CARTESIAN_POINT('',(2.5E-2,-6.049553428982E0,-2.5E0));
#12512=VERTEX_POINT('',#12511);
#12513=CARTESIAN_POINT('',(-1.925E0,-4.840711280313E0,-2.6E0));
#12514=CARTESIAN_POINT('',(2.5E-2,-4.840711280313E0,-2.6E0));
#12515=VERTEX_POINT('',#12513);
#12516=VERTEX_POINT('',#12514);
#12517=VERTEX_POINT('',#11680);
#12518=CARTESIAN_POINT('',(-1.925E0,-4.650446571018E0,-2.5E0));
#12519=VERTEX_POINT('',#12518);
#12520=CARTESIAN_POINT('',(-1.925E0,-5.859288719687E0,2.6E0));
#12521=CARTESIAN_POINT('',(2.5E-2,-5.859288719687E0,2.6E0));
#12522=VERTEX_POINT('',#12520);
#12523=VERTEX_POINT('',#12521);
#12524=VERTEX_POINT('',#11734);
#12525=CARTESIAN_POINT('',(-1.925E0,-6.049553428982E0,2.5E0));
#12526=VERTEX_POINT('',#12525);
#12527=CARTESIAN_POINT('',(2.5E-2,-4.840711280313E0,2.6E0));
#12528=CARTESIAN_POINT('',(-1.925E0,-4.840711280313E0,2.6E0));
#12529=VERTEX_POINT('',#12527);
#12530=VERTEX_POINT('',#12528);
#12531=VERTEX_POINT('',#11772);
#12532=CARTESIAN_POINT('',(2.5E-2,-4.650446571018E0,2.5E0));
#12533=VERTEX_POINT('',#12532);
#12534=CARTESIAN_POINT('',(-9.5E-1,5.639224659765E-1,2.2E0));
#12535=CARTESIAN_POINT('',(-9.5E-1,-1.963922465976E0,2.2E0));
#12536=VERTEX_POINT('',#12534);
#12537=VERTEX_POINT('',#12535);
#12538=CARTESIAN_POINT('',(-9.5E-1,-7.E-1,2.65E0));
#12539=VERTEX_POINT('',#12538);
#12540=CARTESIAN_POINT('',(-9.5E-1,5.639224659765E-1,-2.2E0));
#12541=CARTESIAN_POINT('',(-9.5E-1,-1.963922465976E0,-2.2E0));
#12542=VERTEX_POINT('',#12540);
#12543=VERTEX_POINT('',#12541);
#12544=CARTESIAN_POINT('',(-9.5E-1,-7.E-1,-2.65E0));
#12545=VERTEX_POINT('',#12544);
#12546=CARTESIAN_POINT('',(-3.852987475907E0,-4.262496567948E0,2.2E0));
#12547=CARTESIAN_POINT('',(-2.482278573726E0,-8.044832531439E0,2.2E0));
#12548=VERTEX_POINT('',#12546);
#12549=VERTEX_POINT('',#12547);
#12550=CARTESIAN_POINT('',(-4.150111470954E0,-3.932506940593E0,1.8E0));
#12551=CARTESIAN_POINT('',(-2.679991938077E0,-8.392552858076E0,1.8E0));
#12552=VERTEX_POINT('',#12550);
#12553=VERTEX_POINT('',#12551);
#12554=CARTESIAN_POINT('',(-1.835274241605E0,-8.412718425516E0,2.2E0));
#12555=VERTEX_POINT('',#12554);
#12556=CARTESIAN_POINT('',(-1.135900887641E0,-9.270521193720E0,1.8E0));
#12557=VERTEX_POINT('',#12556);
#12558=CARTESIAN_POINT('',(-3.852987475907E0,-4.262496567948E0,-2.2E0));
#12559=CARTESIAN_POINT('',(-2.482278573726E0,-8.044832531439E0,-2.2E0));
#12560=VERTEX_POINT('',#12558);
#12561=VERTEX_POINT('',#12559);
#12562=CARTESIAN_POINT('',(-4.150111470954E0,-3.932506940593E0,-1.8E0));
#12563=CARTESIAN_POINT('',(-2.679991938077E0,-8.392552858076E0,-1.8E0));
#12564=VERTEX_POINT('',#12562);
#12565=VERTEX_POINT('',#12563);
#12566=CARTESIAN_POINT('',(-1.835274241605E0,-8.412718425516E0,-2.2E0));
#12567=VERTEX_POINT('',#12566);
#12568=CARTESIAN_POINT('',(-1.135900887641E0,-9.270521193720E0,-1.8E0));
#12569=VERTEX_POINT('',#12568);
#12570=CARTESIAN_POINT('',(6.E-1,1.074846096908E1,2.2E0));
#12571=CARTESIAN_POINT('',(-1.071796769724E-1,1.074846096908E1,2.2E0));
#12572=VERTEX_POINT('',#12570);
#12573=VERTEX_POINT('',#12571);
#12574=VERTEX_POINT('',#12179);
#12575=CARTESIAN_POINT('',(6.E-1,1.114846096908E1,1.8E0));
#12576=VERTEX_POINT('',#12575);
#12577=CARTESIAN_POINT('',(-1.071796769724E-1,1.074846096908E1,-2.2E0));
#12578=CARTESIAN_POINT('',(6.E-1,1.074846096908E1,-2.2E0));
#12579=VERTEX_POINT('',#12577);
#12580=VERTEX_POINT('',#12578);
#12581=CARTESIAN_POINT('',(6.E-1,1.114846096908E1,-1.8E0));
#12582=VERTEX_POINT('',#12581);
#12583=CARTESIAN_POINT('',(0.E0,1.114846096908E1,-1.8E0));
#12584=VERTEX_POINT('',#12583);
#12585=CARTESIAN_POINT('',(1.2E0,1.024846096908E1,2.2E0));
#12586=CARTESIAN_POINT('',(6.E-1,1.024846096908E1,2.2E0));
#12587=VERTEX_POINT('',#12585);
#12588=VERTEX_POINT('',#12586);
#12589=CARTESIAN_POINT('',(1.2E0,1.054846096908E1,1.9E0));
#12590=CARTESIAN_POINT('',(6.E-1,1.054846096908E1,1.9E0));
#12591=VERTEX_POINT('',#12589);
#12592=VERTEX_POINT('',#12590);
#12593=CARTESIAN_POINT('',(1.8E0,9.648460969083E0,2.2E0));
#12594=CARTESIAN_POINT('',(1.2E0,9.648460969083E0,2.2E0));
#12595=VERTEX_POINT('',#12593);
#12596=VERTEX_POINT('',#12594);
#12597=CARTESIAN_POINT('',(1.8E0,9.948460969083E0,1.9E0));
#12598=CARTESIAN_POINT('',(1.2E0,9.948460969083E0,1.9E0));
#12599=VERTEX_POINT('',#12597);
#12600=VERTEX_POINT('',#12598);
#12601=CARTESIAN_POINT('',(6.E-1,1.024846096908E1,-2.2E0));
#12602=CARTESIAN_POINT('',(1.2E0,1.024846096908E1,-2.2E0));
#12603=VERTEX_POINT('',#12601);
#12604=VERTEX_POINT('',#12602);
#12605=CARTESIAN_POINT('',(1.2E0,1.054846096908E1,-1.9E0));
#12606=VERTEX_POINT('',#12605);
#12607=CARTESIAN_POINT('',(6.E-1,1.054846096908E1,-1.9E0));
#12608=VERTEX_POINT('',#12607);
#12609=CARTESIAN_POINT('',(1.2E0,9.648460969083E0,-2.2E0));
#12610=CARTESIAN_POINT('',(1.8E0,9.648460969083E0,-2.2E0));
#12611=VERTEX_POINT('',#12609);
#12612=VERTEX_POINT('',#12610);
#12613=CARTESIAN_POINT('',(1.8E0,9.948460969083E0,-1.9E0));
#12614=VERTEX_POINT('',#12613);
#12615=CARTESIAN_POINT('',(1.2E0,9.948460969083E0,-1.9E0));
#12616=VERTEX_POINT('',#12615);
#12617=CARTESIAN_POINT('',(0.E0,0.E0,-2.2E0));
#12618=DIRECTION('',(0.E0,0.E0,1.E0));
#12619=DIRECTION('',(1.E0,0.E0,0.E0));
#12620=AXIS2_PLACEMENT_3D('',#12617,#12618,#12619);
#12621=PLANE('27',#12620);
#12623=ORIENTED_EDGE('653',*,*,#12622,.F.);
#12625=ORIENTED_EDGE('678',*,*,#12624,.F.);
#12627=ORIENTED_EDGE('583',*,*,#12626,.F.);
#12629=ORIENTED_EDGE('588',*,*,#12628,.T.);
#12631=ORIENTED_EDGE('47',*,*,#12630,.T.);
#12633=ORIENTED_EDGE('28',*,*,#12632,.T.);
#12635=ORIENTED_EDGE('29',*,*,#12634,.T.);
#12637=ORIENTED_EDGE('30',*,*,#12636,.T.);
#12639=ORIENTED_EDGE('556',*,*,#12638,.T.);
#12641=ORIENTED_EDGE('543',*,*,#12640,.T.);
#12643=ORIENTED_EDGE('547',*,*,#12642,.T.);
#12645=ORIENTED_EDGE('558',*,*,#12644,.T.);
#12647=ORIENTED_EDGE('298',*,*,#12646,.T.);
#12649=ORIENTED_EDGE('314',*,*,#12648,.T.);
#12651=ORIENTED_EDGE('119',*,*,#12650,.T.);
#12653=ORIENTED_EDGE('669',*,*,#12652,.F.);
#12655=ORIENTED_EDGE('658',*,*,#12654,.F.);
#12657=ORIENTED_EDGE('680',*,*,#12656,.F.);
#12658=EDGE_LOOP('27',(#12623,#12625,#12627,#12629,#12631,#12633,#12635,#12637,
#12639,#12641,#12643,#12645,#12647,#12649,#12651,#12653,#12655,#12657));
#12659=FACE_OUTER_BOUND('27',#12658,.F.);
#12661=ORIENTED_EDGE('351',*,*,#12660,.T.);
#12663=ORIENTED_EDGE('352',*,*,#12662,.T.);
#12665=ORIENTED_EDGE('353',*,*,#12664,.T.);
#12667=ORIENTED_EDGE('354',*,*,#12666,.T.);
#12668=EDGE_LOOP('27',(#12661,#12663,#12665,#12667));
#12669=FACE_BOUND('27',#12668,.F.);
#12671=ORIENTED_EDGE('528',*,*,#12670,.F.);
#12673=ORIENTED_EDGE('529',*,*,#12672,.F.);
#12674=EDGE_LOOP('27',(#12671,#12673));
#12675=FACE_BOUND('27',#12674,.F.);
#12676=ADVANCED_FACE('27',(#12659,#12669,#12675),#12621,.F.);
#12677=CARTESIAN_POINT('',(2.5E-2,-4.650446571018E0,2.6E0));
#12678=DIRECTION('',(1.E0,0.E0,0.E0));
#12679=DIRECTION('',(0.E0,-1.E0,0.E0));
#12680=AXIS2_PLACEMENT_3D('',#12677,#12678,#12679);
#12681=PLANE('343',#12680);
#12683=ORIENTED_EDGE('408',*,*,#12682,.F.);
#12685=ORIENTED_EDGE('430',*,*,#12684,.F.);
#12686=ORIENTED_EDGE('351',*,*,#12660,.F.);
#12688=ORIENTED_EDGE('429',*,*,#12687,.T.);
#12690=ORIENTED_EDGE('410',*,*,#12689,.F.);
#12692=ORIENTED_EDGE('423',*,*,#12691,.T.);
#12693=EDGE_LOOP('343',(#12683,#12685,#12686,#12688,#12690,#12692));
#12694=FACE_OUTER_BOUND('343',#12693,.F.);
#12695=ADVANCED_FACE('343',(#12694),#12681,.T.);
#12696=CARTESIAN_POINT('',(2.5E-2,-4.650446571018E0,2.6E0));
#12697=DIRECTION('',(1.E0,0.E0,0.E0));
#12698=DIRECTION('',(0.E0,-1.E0,0.E0));
#12699=AXIS2_PLACEMENT_3D('',#12696,#12697,#12698);
#12700=PLANE('343',#12699);
#12702=ORIENTED_EDGE('414',*,*,#12701,.F.);
#12704=ORIENTED_EDGE('421',*,*,#12703,.F.);
#12706=ORIENTED_EDGE('420',*,*,#12705,.F.);
#12708=ORIENTED_EDGE('425',*,*,#12707,.T.);
#12710=ORIENTED_EDGE('359',*,*,#12709,.T.);
#12712=ORIENTED_EDGE('426',*,*,#12711,.F.);
#12713=EDGE_LOOP('343',(#12702,#12704,#12706,#12708,#12710,#12712));
#12714=FACE_OUTER_BOUND('343',#12713,.F.);
#12715=ADVANCED_FACE('343',(#12714),#12700,.T.);
#12716=CARTESIAN_POINT('',(-9.5E-1,-5.35E0,-2.5E0));
#12717=DIRECTION('',(0.E0,0.E0,-1.E0));
#12718=DIRECTION('',(9.460558228755E-1,3.240036728239E-1,0.E0));
#12719=AXIS2_PLACEMENT_3D('',#12716,#12717,#12718);
#12720=TOROIDAL_SURFACE('368',#12719,1.1E0,1.E-1);
#12722=ORIENTED_EDGE('405',*,*,#12721,.T.);
#12724=ORIENTED_EDGE('406',*,*,#12723,.T.);
#12726=ORIENTED_EDGE('407',*,*,#12725,.F.);
#12727=ORIENTED_EDGE('408',*,*,#12682,.T.);
#12728=EDGE_LOOP('368',(#12722,#12724,#12726,#12727));
#12729=FACE_OUTER_BOUND('368',#12728,.F.);
#12730=ADVANCED_FACE('368',(#12729),#12720,.T.);
#12731=CARTESIAN_POINT('',(0.E0,0.E0,-2.6E0));
#12732=DIRECTION('',(0.E0,0.E0,-1.E0));
#12733=DIRECTION('',(-1.E0,0.E0,0.E0));
#12734=AXIS2_PLACEMENT_3D('',#12731,#12732,#12733);
#12735=PLANE('338',#12734);
#12736=ORIENTED_EDGE('405',*,*,#12721,.F.);
#12737=ORIENTED_EDGE('423',*,*,#12691,.F.);
#12739=ORIENTED_EDGE('409',*,*,#12738,.F.);
#12741=ORIENTED_EDGE('424',*,*,#12740,.F.);
#12742=EDGE_LOOP('338',(#12736,#12737,#12739,#12741));
#12743=FACE_OUTER_BOUND('338',#12742,.F.);
#12744=ADVANCED_FACE('338',(#12743),#12735,.T.);
#12745=CARTESIAN_POINT('',(-9.5E-1,-5.35E0,-2.5E0));
#12746=DIRECTION('',(0.E0,0.E0,-1.E0));
#12747=DIRECTION('',(-9.460558228755E-1,-3.240036728239E-1,0.E0));
#12748=AXIS2_PLACEMENT_3D('',#12745,#12746,#12747);
#12749=TOROIDAL_SURFACE('373',#12748,1.1E0,1.E-1);
#12750=ORIENTED_EDGE('409',*,*,#12738,.T.);
#12751=ORIENTED_EDGE('410',*,*,#12689,.T.);
#12753=ORIENTED_EDGE('411',*,*,#12752,.F.);
#12755=ORIENTED_EDGE('412',*,*,#12754,.T.);
#12756=EDGE_LOOP('373',(#12750,#12751,#12753,#12755));
#12757=FACE_OUTER_BOUND('373',#12756,.F.);
#12758=ADVANCED_FACE('373',(#12757),#12749,.T.);
#12759=CARTESIAN_POINT('',(-9.5E-1,-5.35E0,2.6E0));
#12760=DIRECTION('',(0.E0,0.E0,-1.E0));
#12761=DIRECTION('',(-1.E0,0.E0,0.E0));
#12762=AXIS2_PLACEMENT_3D('',#12759,#12760,#12761);
#12763=CYLINDRICAL_SURFACE('349',#12762,1.2E0);
#12764=ORIENTED_EDGE('411',*,*,#12752,.T.);
#12765=ORIENTED_EDGE('429',*,*,#12687,.F.);
#12766=ORIENTED_EDGE('354',*,*,#12666,.F.);
#12768=ORIENTED_EDGE('432',*,*,#12767,.T.);
#12769=EDGE_LOOP('349',(#12764,#12765,#12766,#12768));
#12770=FACE_OUTER_BOUND('349',#12769,.F.);
#12771=ADVANCED_FACE('349',(#12770),#12763,.T.);
#12772=CARTESIAN_POINT('',(-9.5E-1,-5.35E0,2.6E0));
#12773=DIRECTION('',(0.E0,0.E0,-1.E0));
#12774=DIRECTION('',(-1.E0,0.E0,0.E0));
#12775=AXIS2_PLACEMENT_3D('',#12772,#12773,#12774);
#12776=CYLINDRICAL_SURFACE('349',#12775,1.2E0);
#12778=ORIENTED_EDGE('419',*,*,#12777,.T.);
#12780=ORIENTED_EDGE('428',*,*,#12779,.T.);
#12782=ORIENTED_EDGE('362',*,*,#12781,.T.);
#12783=ORIENTED_EDGE('425',*,*,#12707,.F.);
#12784=EDGE_LOOP('349',(#12778,#12780,#12782,#12783));
#12785=FACE_OUTER_BOUND('349',#12784,.F.);
#12786=ADVANCED_FACE('349',(#12785),#12776,.T.);
#12787=CARTESIAN_POINT('',(-1.925E0,-6.049553428982E0,2.6E0));
#12788=DIRECTION('',(-1.E0,0.E0,0.E0));
#12789=DIRECTION('',(0.E0,1.E0,0.E0));
#12790=AXIS2_PLACEMENT_3D('',#12787,#12788,#12789);
#12791=PLANE('347',#12790);
#12792=ORIENTED_EDGE('406',*,*,#12723,.F.);
#12793=ORIENTED_EDGE('424',*,*,#12740,.T.);
#12794=ORIENTED_EDGE('412',*,*,#12754,.F.);
#12795=ORIENTED_EDGE('432',*,*,#12767,.F.);
#12796=ORIENTED_EDGE('353',*,*,#12664,.F.);
#12798=ORIENTED_EDGE('431',*,*,#12797,.T.);
#12799=EDGE_LOOP('347',(#12792,#12793,#12794,#12795,#12796,#12798));
#12800=FACE_OUTER_BOUND('347',#12799,.F.);
#12801=ADVANCED_FACE('347',(#12800),#12791,.T.);
#12802=CARTESIAN_POINT('',(-1.925E0,-6.049553428982E0,2.6E0));
#12803=DIRECTION('',(-1.E0,0.E0,0.E0));
#12804=DIRECTION('',(0.E0,1.E0,0.E0));
#12805=AXIS2_PLACEMENT_3D('',#12802,#12803,#12804);
#12806=PLANE('347',#12805);
#12808=ORIENTED_EDGE('416',*,*,#12807,.F.);
#12810=ORIENTED_EDGE('427',*,*,#12809,.T.);
#12812=ORIENTED_EDGE('361',*,*,#12811,.T.);
#12813=ORIENTED_EDGE('428',*,*,#12779,.F.);
#12815=ORIENTED_EDGE('418',*,*,#12814,.F.);
#12817=ORIENTED_EDGE('422',*,*,#12816,.F.);
#12818=EDGE_LOOP('347',(#12808,#12810,#12812,#12813,#12815,#12817));
#12819=FACE_OUTER_BOUND('347',#12818,.F.);
#12820=ADVANCED_FACE('347',(#12819),#12806,.T.);
#12821=CARTESIAN_POINT('',(-9.5E-1,-5.35E0,2.6E0));
#12822=DIRECTION('',(0.E0,0.E0,-1.E0));
#12823=DIRECTION('',(-1.E0,0.E0,0.E0));
#12824=AXIS2_PLACEMENT_3D('',#12821,#12822,#12823);
#12825=CYLINDRICAL_SURFACE('345',#12824,1.2E0);
#12826=ORIENTED_EDGE('407',*,*,#12725,.T.);
#12827=ORIENTED_EDGE('431',*,*,#12797,.F.);
#12828=ORIENTED_EDGE('352',*,*,#12662,.F.);
#12829=ORIENTED_EDGE('430',*,*,#12684,.T.);
#12830=EDGE_LOOP('345',(#12826,#12827,#12828,#12829));
#12831=FACE_OUTER_BOUND('345',#12830,.F.);
#12832=ADVANCED_FACE('345',(#12831),#12825,.T.);
#12833=CARTESIAN_POINT('',(-9.5E-1,-5.35E0,2.6E0));
#12834=DIRECTION('',(0.E0,0.E0,-1.E0));
#12835=DIRECTION('',(-1.E0,0.E0,0.E0));
#12836=AXIS2_PLACEMENT_3D('',#12833,#12834,#12835);
#12837=CYLINDRICAL_SURFACE('345',#12836,1.2E0);
#12839=ORIENTED_EDGE('415',*,*,#12838,.T.);
#12840=ORIENTED_EDGE('426',*,*,#12711,.T.);
#12842=ORIENTED_EDGE('360',*,*,#12841,.T.);
#12843=ORIENTED_EDGE('427',*,*,#12809,.F.);
#12844=EDGE_LOOP('345',(#12839,#12840,#12842,#12843));
#12845=FACE_OUTER_BOUND('345',#12844,.F.);
#12846=ADVANCED_FACE('345',(#12845),#12837,.T.);
#12847=CARTESIAN_POINT('',(-9.5E-1,-5.35E0,2.5E0));
#12848=DIRECTION('',(0.E0,0.E0,-1.E0));
#12849=DIRECTION('',(-9.460418700732E-1,3.240444106421E-1,0.E0));
#12850=AXIS2_PLACEMENT_3D('',#12847,#12848,#12849);
#12851=TOROIDAL_SURFACE('378',#12850,1.1E0,1.E-1);
#12853=ORIENTED_EDGE('413',*,*,#12852,.T.);
#12854=ORIENTED_EDGE('414',*,*,#12701,.T.);
#12855=ORIENTED_EDGE('415',*,*,#12838,.F.);
#12856=ORIENTED_EDGE('416',*,*,#12807,.T.);
#12857=EDGE_LOOP('378',(#12853,#12854,#12855,#12856));
#12858=FACE_OUTER_BOUND('378',#12857,.F.);
#12859=ADVANCED_FACE('378',(#12858),#12851,.T.);
#12860=CARTESIAN_POINT('',(0.E0,0.E0,2.6E0));
#12861=DIRECTION('',(0.E0,0.E0,-1.E0));
#12862=DIRECTION('',(-1.E0,0.E0,0.E0));
#12863=AXIS2_PLACEMENT_3D('',#12860,#12861,#12862);
#12864=PLANE('333',#12863);
#12865=ORIENTED_EDGE('413',*,*,#12852,.F.);
#12866=ORIENTED_EDGE('422',*,*,#12816,.T.);
#12868=ORIENTED_EDGE('417',*,*,#12867,.F.);
#12869=ORIENTED_EDGE('421',*,*,#12703,.T.);
#12870=EDGE_LOOP('333',(#12865,#12866,#12868,#12869));
#12871=FACE_OUTER_BOUND('333',#12870,.F.);
#12872=ADVANCED_FACE('333',(#12871),#12864,.F.);
#12873=CARTESIAN_POINT('',(-9.5E-1,-5.35E0,2.5E0));
#12874=DIRECTION('',(0.E0,0.E0,-1.E0));
#12875=DIRECTION('',(9.460418700732E-1,-3.240444106421E-1,0.E0));
#12876=AXIS2_PLACEMENT_3D('',#12873,#12874,#12875);
#12877=TOROIDAL_SURFACE('383',#12876,1.1E0,1.E-1);
#12878=ORIENTED_EDGE('417',*,*,#12867,.T.);
#12879=ORIENTED_EDGE('418',*,*,#12814,.T.);
#12880=ORIENTED_EDGE('419',*,*,#12777,.F.);
#12881=ORIENTED_EDGE('420',*,*,#12705,.T.);
#12882=EDGE_LOOP('383',(#12878,#12879,#12880,#12881));
#12883=FACE_OUTER_BOUND('383',#12882,.F.);
#12884=ADVANCED_FACE('383',(#12883),#12877,.T.);
#12885=CARTESIAN_POINT('',(0.E0,0.E0,2.2E0));
#12886=DIRECTION('',(0.E0,0.E0,1.E0));
#12887=DIRECTION('',(1.E0,0.E0,0.E0));
#12888=AXIS2_PLACEMENT_3D('',#12885,#12886,#12887);
#12889=PLANE('48',#12888);
#12891=ORIENTED_EDGE('643',*,*,#12890,.F.);
#12893=ORIENTED_EDGE('679',*,*,#12892,.F.);
#12895=ORIENTED_EDGE('648',*,*,#12894,.F.);
#12897=ORIENTED_EDGE('670',*,*,#12896,.F.);
#12899=ORIENTED_EDGE('131',*,*,#12898,.F.);
#12901=ORIENTED_EDGE('315',*,*,#12900,.F.);
#12903=ORIENTED_EDGE('299',*,*,#12902,.F.);
#12905=ORIENTED_EDGE('554',*,*,#12904,.F.);
#12907=ORIENTED_EDGE('538',*,*,#12906,.F.);
#12909=ORIENTED_EDGE('534',*,*,#12908,.F.);
#12911=ORIENTED_EDGE('552',*,*,#12910,.F.);
#12913=ORIENTED_EDGE('51',*,*,#12912,.F.);
#12915=ORIENTED_EDGE('50',*,*,#12914,.F.);
#12917=ORIENTED_EDGE('49',*,*,#12916,.F.);
#12919=ORIENTED_EDGE('68',*,*,#12918,.F.);
#12921=ORIENTED_EDGE('590',*,*,#12920,.F.);
#12923=ORIENTED_EDGE('579',*,*,#12922,.F.);
#12925=ORIENTED_EDGE('677',*,*,#12924,.F.);
#12926=EDGE_LOOP('48',(#12891,#12893,#12895,#12897,#12899,#12901,#12903,#12905,
#12907,#12909,#12911,#12913,#12915,#12917,#12919,#12921,#12923,#12925));
#12927=FACE_OUTER_BOUND('48',#12926,.F.);
#12928=ORIENTED_EDGE('359',*,*,#12709,.F.);
#12929=ORIENTED_EDGE('362',*,*,#12781,.F.);
#12930=ORIENTED_EDGE('361',*,*,#12811,.F.);
#12931=ORIENTED_EDGE('360',*,*,#12841,.F.);
#12932=EDGE_LOOP('48',(#12928,#12929,#12930,#12931));
#12933=FACE_BOUND('48',#12932,.F.);
#12935=ORIENTED_EDGE('467',*,*,#12934,.T.);
#12937=ORIENTED_EDGE('468',*,*,#12936,.T.);
#12938=EDGE_LOOP('48',(#12935,#12937));
#12939=FACE_BOUND('48',#12938,.F.);
#12940=ADVANCED_FACE('48',(#12927,#12933,#12939),#12889,.T.);
#12941=CARTESIAN_POINT('',(-9.5E-1,-7.E-1,6.5E-1));
#12942=DIRECTION('',(0.E0,0.E0,1.E0));
#12943=DIRECTION('',(0.E0,-1.E0,0.E0));
#12944=AXIS2_PLACEMENT_3D('',#12941,#12942,#12943);
#12945=SPHERICAL_SURFACE('445',#12944,2.E0);
#12946=ORIENTED_EDGE('467',*,*,#12934,.F.);
#12948=ORIENTED_EDGE('481',*,*,#12947,.F.);
#12950=ORIENTED_EDGE('482',*,*,#12949,.T.);
#12951=EDGE_LOOP('445',(#12946,#12948,#12950));
#12952=FACE_OUTER_BOUND('445',#12951,.F.);
#12953=ADVANCED_FACE('445',(#12952),#12945,.T.);
#12954=CARTESIAN_POINT('',(-9.5E-1,-7.E-1,6.5E-1));
#12955=DIRECTION('',(0.E0,0.E0,1.E0));
#12956=DIRECTION('',(0.E0,-1.E0,0.E0));
#12957=AXIS2_PLACEMENT_3D('',#12954,#12955,#12956);
#12958=SPHERICAL_SURFACE('459',#12957,2.E0);
#12959=ORIENTED_EDGE('468',*,*,#12936,.F.);
#12960=ORIENTED_EDGE('482',*,*,#12949,.F.);
#12961=ORIENTED_EDGE('481',*,*,#12947,.T.);
#12962=EDGE_LOOP('459',(#12959,#12960,#12961));
#12963=FACE_OUTER_BOUND('459',#12962,.F.);
#12964=ADVANCED_FACE('459',(#12963),#12958,.T.);
#12965=CARTESIAN_POINT('',(1.536188136667E0,1.024846096908E1,1.9E0));
#12966=DIRECTION('',(-1.E0,0.E0,0.E0));
#12967=DIRECTION('',(0.E0,0.E0,1.E0));
#12968=AXIS2_PLACEMENT_3D('',#12965,#12966,#12967);
#12969=CYLINDRICAL_SURFACE('594',#12968,3.E-1);
#12970=ORIENTED_EDGE('643',*,*,#12890,.T.);
#12972=ORIENTED_EDGE('673',*,*,#12971,.T.);
#12974=ORIENTED_EDGE('644',*,*,#12973,.F.);
#12976=ORIENTED_EDGE('645',*,*,#12975,.T.);
#12977=EDGE_LOOP('594',(#12970,#12972,#12974,#12976));
#12978=FACE_OUTER_BOUND('594',#12977,.F.);
#12979=ADVANCED_FACE('594',(#12978),#12969,.T.);
#12980=CARTESIAN_POINT('',(6.E-1,1.054846096908E1,-2.2E0));
#12981=DIRECTION('',(1.E0,0.E0,0.E0));
#12982=DIRECTION('',(0.E0,1.E0,0.E0));
#12983=AXIS2_PLACEMENT_3D('',#12980,#12981,#12982);
#12984=PLANE('101',#12983);
#12985=ORIENTED_EDGE('678',*,*,#12624,.T.);
#12987=ORIENTED_EDGE('675',*,*,#12986,.F.);
#12989=ORIENTED_EDGE('668',*,*,#12988,.T.);
#12990=ORIENTED_EDGE('673',*,*,#12971,.F.);
#12991=ORIENTED_EDGE('677',*,*,#12924,.T.);
#12993=ORIENTED_EDGE('582',*,*,#12992,.F.);
#12995=ORIENTED_EDGE('591',*,*,#12994,.F.);
#12997=ORIENTED_EDGE('584',*,*,#12996,.F.);
#12998=EDGE_LOOP('101',(#12985,#12987,#12989,#12990,#12991,#12993,#12995,
#12997));
#12999=FACE_OUTER_BOUND('101',#12998,.F.);
#13000=ADVANCED_FACE('101',(#12999),#12984,.T.);
#13001=CARTESIAN_POINT('',(-3.469101832388E1,1.024846096908E1,-1.9E0));
#13002=DIRECTION('',(1.E0,0.E0,0.E0));
#13003=DIRECTION('',(0.E0,0.E0,-1.E0));
#13004=AXIS2_PLACEMENT_3D('',#13001,#13002,#13003);
#13005=CYLINDRICAL_SURFACE('604',#13004,3.E-1);
#13006=ORIENTED_EDGE('653',*,*,#12622,.T.);
#13008=ORIENTED_EDGE('654',*,*,#13007,.T.);
#13010=ORIENTED_EDGE('655',*,*,#13009,.F.);
#13011=ORIENTED_EDGE('675',*,*,#12986,.T.);
#13012=EDGE_LOOP('604',(#13006,#13008,#13010,#13011));
#13013=FACE_OUTER_BOUND('604',#13012,.F.);
#13014=ADVANCED_FACE('604',(#13013),#13005,.T.);
#13015=CARTESIAN_POINT('',(1.2E0,9.948460969083E0,-2.2E0));
#13016=DIRECTION('',(1.E0,0.E0,0.E0));
#13017=DIRECTION('',(0.E0,1.E0,0.E0));
#13018=AXIS2_PLACEMENT_3D('',#13015,#13016,#13017);
#13019=PLANE('97',#13018);
#13020=ORIENTED_EDGE('680',*,*,#12656,.T.);
#13022=ORIENTED_EDGE('676',*,*,#13021,.F.);
#13024=ORIENTED_EDGE('666',*,*,#13023,.T.);
#13026=ORIENTED_EDGE('674',*,*,#13025,.F.);
#13027=ORIENTED_EDGE('679',*,*,#12892,.T.);
#13028=ORIENTED_EDGE('645',*,*,#12975,.F.);
#13030=ORIENTED_EDGE('667',*,*,#13029,.F.);
#13031=ORIENTED_EDGE('654',*,*,#13007,.F.);
#13032=EDGE_LOOP('97',(#13020,#13022,#13024,#13026,#13027,#13028,#13030,
#13031));
#13033=FACE_OUTER_BOUND('97',#13032,.F.);
#13034=ADVANCED_FACE('97',(#13033),#13019,.T.);
#13035=CARTESIAN_POINT('',(-3.363533753647E1,9.648460969083E0,-1.9E0));
#13036=DIRECTION('',(1.E0,0.E0,0.E0));
#13037=DIRECTION('',(0.E0,0.E0,-1.E0));
#13038=AXIS2_PLACEMENT_3D('',#13035,#13036,#13037);
#13039=CYLINDRICAL_SURFACE('609',#13038,3.E-1);
#13040=ORIENTED_EDGE('658',*,*,#12654,.T.);
#13042=ORIENTED_EDGE('659',*,*,#13041,.T.);
#13044=ORIENTED_EDGE('660',*,*,#13043,.F.);
#13045=ORIENTED_EDGE('676',*,*,#13021,.T.);
#13046=EDGE_LOOP('609',(#13040,#13042,#13044,#13045));
#13047=FACE_OUTER_BOUND('609',#13046,.F.);
#13048=ADVANCED_FACE('609',(#13047),#13039,.T.);
#13049=CARTESIAN_POINT('',(1.8E0,9.427652455372E-3,-2.2E0));
#13050=DIRECTION('',(1.E0,0.E0,0.E0));
#13051=DIRECTION('',(0.E0,1.E0,0.E0));
#13052=AXIS2_PLACEMENT_3D('',#13049,#13050,#13051);
#13053=PLANE('93',#13052);
#13055=ORIENTED_EDGE('650',*,*,#13054,.F.);
#13057=ORIENTED_EDGE('665',*,*,#13056,.F.);
#13058=ORIENTED_EDGE('659',*,*,#13041,.F.);
#13059=ORIENTED_EDGE('669',*,*,#12652,.T.);
#13061=ORIENTED_EDGE('156',*,*,#13060,.T.);
#13062=ORIENTED_EDGE('670',*,*,#12896,.T.);
#13063=EDGE_LOOP('93',(#13055,#13057,#13058,#13059,#13061,#13062));
#13064=FACE_OUTER_BOUND('93',#13063,.F.);
#13066=ORIENTED_EDGE('199',*,*,#13065,.T.);
#13068=ORIENTED_EDGE('202',*,*,#13067,.T.);
#13070=ORIENTED_EDGE('200',*,*,#13069,.F.);
#13072=ORIENTED_EDGE('201',*,*,#13071,.F.);
#13073=EDGE_LOOP('93',(#13066,#13068,#13070,#13072));
#13074=FACE_BOUND('93',#13073,.F.);
#13075=ADVANCED_FACE('93',(#13064,#13074),#13053,.T.);
#13076=CARTESIAN_POINT('',(0.E0,0.E0,-1.25E0));
#13077=DIRECTION('',(0.E0,0.E0,1.E0));
#13078=DIRECTION('',(1.E0,0.E0,0.E0));
#13079=AXIS2_PLACEMENT_3D('',#13076,#13077,#13078);
#13080=PLANE('161',#13079);
#13081=ORIENTED_EDGE('199',*,*,#13065,.F.);
#13083=ORIENTED_EDGE('203',*,*,#13082,.T.);
#13085=ORIENTED_EDGE('164',*,*,#13084,.T.);
#13087=ORIENTED_EDGE('165',*,*,#13086,.T.);
#13089=ORIENTED_EDGE('166',*,*,#13088,.T.);
#13091=ORIENTED_EDGE('167',*,*,#13090,.T.);
#13093=ORIENTED_EDGE('168',*,*,#13092,.T.);
#13095=ORIENTED_EDGE('169',*,*,#13094,.T.);
#13097=ORIENTED_EDGE('204',*,*,#13096,.T.);
#13098=EDGE_LOOP('161',(#13081,#13083,#13085,#13087,#13089,#13091,#13093,#13095,
#13097));
#13099=FACE_OUTER_BOUND('161',#13098,.F.);
#13100=ADVANCED_FACE('161',(#13099),#13080,.F.);
#13101=CARTESIAN_POINT('',(1.8E0,6.891360157687E0,-1.25E0));
#13102=DIRECTION('',(0.E0,-1.E0,0.E0));
#13103=DIRECTION('',(1.E0,0.E0,0.E0));
#13104=AXIS2_PLACEMENT_3D('',#13101,#13102,#13103);
#13105=PLANE('183',#13104);
#13106=ORIENTED_EDGE('201',*,*,#13071,.T.);
#13108=ORIENTED_EDGE('205',*,*,#13107,.T.);
#13110=ORIENTED_EDGE('186',*,*,#13109,.F.);
#13111=ORIENTED_EDGE('203',*,*,#13082,.F.);
#13112=EDGE_LOOP('183',(#13106,#13108,#13110,#13111));
#13113=FACE_OUTER_BOUND('183',#13112,.F.);
#13114=ADVANCED_FACE('183',(#13113),#13105,.T.);
#13115=CARTESIAN_POINT('',(0.E0,0.E0,1.25E0));
#13116=DIRECTION('',(0.E0,0.E0,1.E0));
#13117=DIRECTION('',(1.E0,0.E0,0.E0));
#13118=AXIS2_PLACEMENT_3D('',#13115,#13116,#13117);
#13119=PLANE('171',#13118);
#13120=ORIENTED_EDGE('200',*,*,#13069,.T.);
#13122=ORIENTED_EDGE('206',*,*,#13121,.F.);
#13124=ORIENTED_EDGE('179',*,*,#13123,.F.);
#13126=ORIENTED_EDGE('178',*,*,#13125,.F.);
#13128=ORIENTED_EDGE('177',*,*,#13127,.F.);
#13130=ORIENTED_EDGE('176',*,*,#13129,.F.);
#13132=ORIENTED_EDGE('175',*,*,#13131,.F.);
#13134=ORIENTED_EDGE('174',*,*,#13133,.F.);
#13135=ORIENTED_EDGE('205',*,*,#13107,.F.);
#13136=EDGE_LOOP('171',(#13120,#13122,#13124,#13126,#13128,#13130,#13132,#13134,
#13135));
#13137=FACE_OUTER_BOUND('171',#13136,.F.);
#13138=ADVANCED_FACE('171',(#13137),#13119,.T.);
#13139=CARTESIAN_POINT('',(2.4E0,9.317796167187E0,-1.25E0));
#13140=DIRECTION('',(0.E0,1.E0,0.E0));
#13141=DIRECTION('',(-1.E0,0.E0,0.E0));
#13142=AXIS2_PLACEMENT_3D('',#13139,#13140,#13141);
#13143=PLANE('197',#13142);
#13144=ORIENTED_EDGE('202',*,*,#13067,.F.);
#13145=ORIENTED_EDGE('204',*,*,#13096,.F.);
#13147=ORIENTED_EDGE('198',*,*,#13146,.T.);
#13148=ORIENTED_EDGE('206',*,*,#13121,.T.);
#13149=EDGE_LOOP('197',(#13144,#13145,#13147,#13148));
#13150=FACE_OUTER_BOUND('197',#13149,.F.);
#13151=ADVANCED_FACE('197',(#13150),#13143,.T.);
#13152=CARTESIAN_POINT('',(2.4E0,8.717796167187E0,-1.25E0));
#13153=DIRECTION('',(1.E0,0.E0,0.E0));
#13154=DIRECTION('',(0.E0,1.E0,0.E0));
#13155=AXIS2_PLACEMENT_3D('',#13152,#13153,#13154);
#13156=PLANE('195',#13155);
#13157=ORIENTED_EDGE('169',*,*,#13094,.F.);
#13159=ORIENTED_EDGE('196',*,*,#13158,.T.);
#13160=ORIENTED_EDGE('179',*,*,#13123,.T.);
#13161=ORIENTED_EDGE('198',*,*,#13146,.F.);
#13162=EDGE_LOOP('195',(#13157,#13159,#13160,#13161));
#13163=FACE_OUTER_BOUND('195',#13162,.F.);
#13164=ADVANCED_FACE('195',(#13163),#13156,.T.);
#13165=CARTESIAN_POINT('',(3.E0,8.717796167187E0,-1.25E0));
#13166=DIRECTION('',(0.E0,1.E0,0.E0));
#13167=DIRECTION('',(-1.E0,0.E0,0.E0));
#13168=AXIS2_PLACEMENT_3D('',#13165,#13166,#13167);
#13169=PLANE('193',#13168);
#13170=ORIENTED_EDGE('168',*,*,#13092,.F.);
#13172=ORIENTED_EDGE('194',*,*,#13171,.T.);
#13173=ORIENTED_EDGE('178',*,*,#13125,.T.);
#13174=ORIENTED_EDGE('196',*,*,#13158,.F.);
#13175=EDGE_LOOP('193',(#13170,#13172,#13173,#13174));
#13176=FACE_OUTER_BOUND('193',#13175,.F.);
#13177=ADVANCED_FACE('193',(#13176),#13169,.T.);
#13178=CARTESIAN_POINT('',(3.E0,8.117796167187E0,-1.25E0));
#13179=DIRECTION('',(1.E0,0.E0,0.E0));
#13180=DIRECTION('',(0.E0,1.E0,0.E0));
#13181=AXIS2_PLACEMENT_3D('',#13178,#13179,#13180);
#13182=PLANE('191',#13181);
#13183=ORIENTED_EDGE('167',*,*,#13090,.F.);
#13185=ORIENTED_EDGE('192',*,*,#13184,.T.);
#13186=ORIENTED_EDGE('177',*,*,#13127,.T.);
#13187=ORIENTED_EDGE('194',*,*,#13171,.F.);
#13188=EDGE_LOOP('191',(#13183,#13185,#13186,#13187));
#13189=FACE_OUTER_BOUND('191',#13188,.F.);
#13190=ADVANCED_FACE('191',(#13189),#13182,.T.);
#13191=CARTESIAN_POINT('',(3.6E0,8.117796167187E0,-1.25E0));
#13192=DIRECTION('',(0.E0,1.E0,0.E0));
#13193=DIRECTION('',(-1.E0,0.E0,0.E0));
#13194=AXIS2_PLACEMENT_3D('',#13191,#13192,#13193);
#13195=PLANE('189',#13194);
#13196=ORIENTED_EDGE('166',*,*,#13088,.F.);
#13198=ORIENTED_EDGE('190',*,*,#13197,.T.);
#13199=ORIENTED_EDGE('176',*,*,#13129,.T.);
#13200=ORIENTED_EDGE('192',*,*,#13184,.F.);
#13201=EDGE_LOOP('189',(#13196,#13198,#13199,#13200));
#13202=FACE_OUTER_BOUND('189',#13201,.F.);
#13203=ADVANCED_FACE('189',(#13202),#13195,.T.);
#13204=CARTESIAN_POINT('',(3.6E0,6.991360157687E0,-1.25E0));
#13205=DIRECTION('',(1.E0,0.E0,0.E0));
#13206=DIRECTION('',(0.E0,1.E0,0.E0));
#13207=AXIS2_PLACEMENT_3D('',#13204,#13205,#13206);
#13208=PLANE('187',#13207);
#13209=ORIENTED_EDGE('165',*,*,#13086,.F.);
#13211=ORIENTED_EDGE('188',*,*,#13210,.T.);
#13212=ORIENTED_EDGE('175',*,*,#13131,.T.);
#13213=ORIENTED_EDGE('190',*,*,#13197,.F.);
#13214=EDGE_LOOP('187',(#13209,#13211,#13212,#13213));
#13215=FACE_OUTER_BOUND('187',#13214,.F.);
#13216=ADVANCED_FACE('187',(#13215),#13208,.T.);
#13217=CARTESIAN_POINT('',(3.25E0,6.991360157687E0,-1.25E0));
#13218=DIRECTION('',(0.E0,0.E0,1.E0));
#13219=DIRECTION('',(1.E0,0.E0,0.E0));
#13220=AXIS2_PLACEMENT_3D('',#13217,#13218,#13219);
#13221=CYLINDRICAL_SURFACE('185',#13220,3.5E-1);
#13222=ORIENTED_EDGE('164',*,*,#13084,.F.);
#13223=ORIENTED_EDGE('186',*,*,#13109,.T.);
#13224=ORIENTED_EDGE('174',*,*,#13133,.T.);
#13225=ORIENTED_EDGE('188',*,*,#13210,.F.);
#13226=EDGE_LOOP('185',(#13222,#13223,#13224,#13225));
#13227=FACE_OUTER_BOUND('185',#13226,.F.);
#13228=ADVANCED_FACE('185',(#13227),#13221,.T.);
#13229=CARTESIAN_POINT('',(2.135732911105E0,9.648460969083E0,1.9E0));
#13230=DIRECTION('',(-1.E0,0.E0,0.E0));
#13231=DIRECTION('',(0.E0,0.E0,1.E0));
#13232=AXIS2_PLACEMENT_3D('',#13229,#13230,#13231);
#13233=CYLINDRICAL_SURFACE('599',#13232,3.E-1);
#13234=ORIENTED_EDGE('648',*,*,#12894,.T.);
#13235=ORIENTED_EDGE('674',*,*,#13025,.T.);
#13237=ORIENTED_EDGE('649',*,*,#13236,.F.);
#13238=ORIENTED_EDGE('650',*,*,#13054,.T.);
#13239=EDGE_LOOP('599',(#13234,#13235,#13237,#13238));
#13240=FACE_OUTER_BOUND('599',#13239,.F.);
#13241=ADVANCED_FACE('599',(#13240),#13233,.T.);
#13242=CARTESIAN_POINT('',(1.8E0,9.948460969083E0,-2.2E0));
#13243=DIRECTION('',(0.E0,1.E0,0.E0));
#13244=DIRECTION('',(-1.E0,0.E0,0.E0));
#13245=AXIS2_PLACEMENT_3D('',#13242,#13243,#13244);
#13246=PLANE('95',#13245);
#13247=ORIENTED_EDGE('649',*,*,#13236,.T.);
#13248=ORIENTED_EDGE('666',*,*,#13023,.F.);
#13249=ORIENTED_EDGE('660',*,*,#13043,.T.);
#13250=ORIENTED_EDGE('665',*,*,#13056,.T.);
#13251=EDGE_LOOP('95',(#13247,#13248,#13249,#13250));
#13252=FACE_OUTER_BOUND('95',#13251,.F.);
#13253=ADVANCED_FACE('95',(#13252),#13246,.T.);
#13254=CARTESIAN_POINT('',(1.387945096855E0,-7.686879480888E0,-2.2E0));
#13255=DIRECTION('',(9.848077530122E-1,-1.736481776669E-1,0.E0));
#13256=DIRECTION('',(1.736481776669E-1,9.848077530122E-1,0.E0));
#13257=AXIS2_PLACEMENT_3D('',#13254,#13255,#13256);
#13258=PLANE('153',#13257);
#13259=ORIENTED_EDGE('119',*,*,#12650,.F.);
#13261=ORIENTED_EDGE('154',*,*,#13260,.T.);
#13262=ORIENTED_EDGE('131',*,*,#12898,.T.);
#13263=ORIENTED_EDGE('156',*,*,#13060,.F.);
#13264=EDGE_LOOP('153',(#13259,#13261,#13262,#13263));
#13265=FACE_OUTER_BOUND('153',#13264,.F.);
#13266=ADVANCED_FACE('153',(#13265),#13258,.T.);
#13267=CARTESIAN_POINT('',(1.880348973362E0,-7.773703569721E0,-2.2E0));
#13268=DIRECTION('',(0.E0,0.E0,1.E0));
#13269=DIRECTION('',(1.E0,0.E0,0.E0));
#13270=AXIS2_PLACEMENT_3D('',#13267,#13268,#13269);
#13271=CYLINDRICAL_SURFACE('151',#13270,5.E-1);
#13273=ORIENTED_EDGE('308',*,*,#13272,.T.);
#13275=ORIENTED_EDGE('309',*,*,#13274,.T.);
#13277=ORIENTED_EDGE('317',*,*,#13276,.T.);
#13279=ORIENTED_EDGE('310',*,*,#13278,.F.);
#13281=ORIENTED_EDGE('311',*,*,#13280,.T.);
#13282=ORIENTED_EDGE('315',*,*,#12900,.T.);
#13283=ORIENTED_EDGE('154',*,*,#13260,.F.);
#13284=ORIENTED_EDGE('314',*,*,#12648,.F.);
#13285=EDGE_LOOP('151',(#13273,#13275,#13277,#13279,#13281,#13282,#13283,
#13284));
#13286=FACE_OUTER_BOUND('151',#13285,.F.);
#13287=ADVANCED_FACE('151',(#13286),#13271,.F.);
#13288=CARTESIAN_POINT('',(1.8E0,0.E0,-2.754104079846E0));
#13289=DIRECTION('',(-1.E0,0.E0,0.E0));
#13290=DIRECTION('',(0.E0,0.E0,1.E0));
#13291=AXIS2_PLACEMENT_3D('',#13288,#13289,#13290);
#13292=PLANE('282',#13291);
#13293=ORIENTED_EDGE('298',*,*,#12646,.F.);
#13295=ORIENTED_EDGE('313',*,*,#13294,.T.);
#13297=ORIENTED_EDGE('324',*,*,#13296,.F.);
#13298=ORIENTED_EDGE('308',*,*,#13272,.F.);
#13299=EDGE_LOOP('282',(#13293,#13295,#13297,#13298));
#13300=FACE_OUTER_BOUND('282',#13299,.F.);
#13301=ADVANCED_FACE('282',(#13300),#13292,.F.);
#13302=CARTESIAN_POINT('',(4.868776212071E0,-8.412718425516E0,-2.2E0));
#13303=DIRECTION('',(0.E0,4.226182617407E-1,9.063077870366E-1));
#13304=DIRECTION('',(0.E0,-9.063077870366E-1,4.226182617407E-1));
#13305=AXIS2_PLACEMENT_3D('',#13302,#13303,#13304);
#13306=PLANE('232',#13305);
#13307=ORIENTED_EDGE('313',*,*,#13294,.F.);
#13308=ORIENTED_EDGE('558',*,*,#12644,.F.);
#13310=ORIENTED_EDGE('550',*,*,#13309,.T.);
#13312=ORIENTED_EDGE('557',*,*,#13311,.T.);
#13314=ORIENTED_EDGE('243',*,*,#13313,.F.);
#13316=ORIENTED_EDGE('245',*,*,#13315,.T.);
#13318=ORIENTED_EDGE('321',*,*,#13317,.T.);
#13319=EDGE_LOOP('232',(#13307,#13308,#13310,#13312,#13314,#13316,#13318));
#13320=FACE_OUTER_BOUND('232',#13319,.F.);
#13321=ADVANCED_FACE('232',(#13320),#13306,.F.);
#13322=CARTESIAN_POINT('',(-2.482278573726E0,-8.044832531439E0,-2.2E0));
#13323=DIRECTION('',(-3.495111516607E-1,-6.146885023040E-1,-7.071067811865E-1));
#13324=DIRECTION('',(8.693008165932E-1,-4.942834108793E-1,0.E0));
#13325=AXIS2_PLACEMENT_3D('',#13322,#13323,#13324);
#13326=PLANE('546',#13325);
#13327=ORIENTED_EDGE('547',*,*,#12642,.F.);
#13329=ORIENTED_EDGE('549',*,*,#13328,.T.);
#13331=ORIENTED_EDGE('548',*,*,#13330,.T.);
#13332=ORIENTED_EDGE('550',*,*,#13309,.F.);
#13333=EDGE_LOOP('546',(#13327,#13329,#13331,#13332));
#13334=FACE_OUTER_BOUND('546',#13333,.F.);
#13335=ADVANCED_FACE('546',(#13334),#13326,.T.);
#13336=CARTESIAN_POINT('',(-9.5E-1,-5.35E0,-2.E0));
#13337=DIRECTION('',(0.E0,0.E0,1.E0));
#13338=DIRECTION('',(1.E0,0.E0,0.E0));
#13339=AXIS2_PLACEMENT_3D('',#13336,#13337,#13338);
#13340=CONICAL_SURFACE('542',#13339,3.3E0,4.5E1);
#13341=ORIENTED_EDGE('543',*,*,#12640,.F.);
#13343=ORIENTED_EDGE('545',*,*,#13342,.T.);
#13345=ORIENTED_EDGE('544',*,*,#13344,.T.);
#13346=ORIENTED_EDGE('549',*,*,#13328,.F.);
#13347=EDGE_LOOP('542',(#13341,#13343,#13345,#13346));
#13348=FACE_OUTER_BOUND('542',#13347,.F.);
#13349=ADVANCED_FACE('542',(#13348),#13340,.T.);
#13350=CARTESIAN_POINT('',(-4.8E0,-3.210732606991E0,-2.2E0));
#13351=DIRECTION('',(-7.431448254774E-1,-6.691306063589E-1,0.E0));
#13352=DIRECTION('',(6.691306063589E-1,-7.431448254774E-1,0.E0));
#13353=AXIS2_PLACEMENT_3D('',#13350,#13351,#13352);
#13354=PLANE('133',#13353);
#13355=ORIENTED_EDGE('556',*,*,#12638,.F.);
#13357=ORIENTED_EDGE('134',*,*,#13356,.T.);
#13358=ORIENTED_EDGE('552',*,*,#12910,.T.);
#13360=ORIENTED_EDGE('536',*,*,#13359,.T.);
#13362=ORIENTED_EDGE('551',*,*,#13361,.F.);
#13363=ORIENTED_EDGE('545',*,*,#13342,.F.);
#13364=EDGE_LOOP('133',(#13355,#13357,#13358,#13360,#13362,#13363));
#13365=FACE_OUTER_BOUND('133',#13364,.F.);
#13366=ADVANCED_FACE('133',(#13365),#13354,.T.);
#13367=CARTESIAN_POINT('',(-2.2E0,0.E0,-2.2E0));
#13368=DIRECTION('',(-7.771459614570E-1,6.293203910498E-1,0.E0));
#13369=DIRECTION('',(-6.293203910498E-1,-7.771459614570E-1,0.E0));
#13370=AXIS2_PLACEMENT_3D('',#13367,#13368,#13369);
#13371=PLANE('73',#13370);
#13372=ORIENTED_EDGE('30',*,*,#12636,.F.);
#13374=ORIENTED_EDGE('74',*,*,#13373,.T.);
#13375=ORIENTED_EDGE('51',*,*,#12912,.T.);
#13376=ORIENTED_EDGE('134',*,*,#13356,.F.);
#13377=EDGE_LOOP('73',(#13372,#13374,#13375,#13376));
#13378=FACE_OUTER_BOUND('73',#13377,.F.);
#13379=ADVANCED_FACE('73',(#13378),#13371,.T.);
#13380=CARTESIAN_POINT('',(-2.2E0,1.25E0,-2.2E0));
#13381=DIRECTION('',(-1.E0,0.E0,0.E0));
#13382=DIRECTION('',(0.E0,-1.E0,0.E0));
#13383=AXIS2_PLACEMENT_3D('',#13380,#13381,#13382);
#13384=PLANE('71',#13383);
#13385=ORIENTED_EDGE('29',*,*,#12634,.F.);
#13387=ORIENTED_EDGE('72',*,*,#13386,.T.);
#13388=ORIENTED_EDGE('50',*,*,#12914,.T.);
#13389=ORIENTED_EDGE('74',*,*,#13373,.F.);
#13390=EDGE_LOOP('71',(#13385,#13387,#13388,#13389));
#13391=FACE_OUTER_BOUND('71',#13390,.F.);
#13392=ADVANCED_FACE('71',(#13391),#13384,.T.);
#13393=CARTESIAN_POINT('',(-1.2E0,1.25E0,-2.2E0));
#13394=DIRECTION('',(0.E0,1.E0,0.E0));
#13395=DIRECTION('',(-1.E0,0.E0,0.E0));
#13396=AXIS2_PLACEMENT_3D('',#13393,#13394,#13395);
#13397=PLANE('69',#13396);
#13398=ORIENTED_EDGE('28',*,*,#12632,.F.);
#13400=ORIENTED_EDGE('70',*,*,#13399,.T.);
#13401=ORIENTED_EDGE('49',*,*,#12916,.T.);
#13402=ORIENTED_EDGE('72',*,*,#13386,.F.);
#13403=EDGE_LOOP('69',(#13398,#13400,#13401,#13402));
#13404=FACE_OUTER_BOUND('69',#13403,.F.);
#13405=ADVANCED_FACE('69',(#13404),#13397,.T.);
#13406=CARTESIAN_POINT('',(-1.2E0,6.67E0,-2.2E0));
#13407=DIRECTION('',(-1.E0,0.E0,0.E0));
#13408=DIRECTION('',(0.E0,-1.E0,0.E0));
#13409=AXIS2_PLACEMENT_3D('',#13406,#13407,#13408);
#13410=PLANE('107',#13409);
#13411=ORIENTED_EDGE('47',*,*,#12630,.F.);
#13413=ORIENTED_EDGE('108',*,*,#13412,.T.);
#13414=ORIENTED_EDGE('68',*,*,#12918,.T.);
#13415=ORIENTED_EDGE('70',*,*,#13399,.F.);
#13416=EDGE_LOOP('107',(#13411,#13413,#13414,#13415));
#13417=FACE_OUTER_BOUND('107',#13416,.F.);
#13418=ADVANCED_FACE('107',(#13417),#13410,.T.);
#13419=CARTESIAN_POINT('',(0.E0,1.114846096908E1,-2.2E0));
#13420=DIRECTION('',(-9.659258262891E-1,2.588190451025E-1,0.E0));
#13421=DIRECTION('',(-2.588190451025E-1,-9.659258262891E-1,0.E0));
#13422=AXIS2_PLACEMENT_3D('',#13419,#13420,#13421);
#13423=PLANE('105',#13422);
#13425=ORIENTED_EDGE('580',*,*,#13424,.F.);
#13426=ORIENTED_EDGE('590',*,*,#12920,.T.);
#13427=ORIENTED_EDGE('108',*,*,#13412,.F.);
#13428=ORIENTED_EDGE('588',*,*,#12628,.F.);
#13430=ORIENTED_EDGE('586',*,*,#13429,.F.);
#13432=ORIENTED_EDGE('592',*,*,#13431,.T.);
#13433=EDGE_LOOP('105',(#13425,#13426,#13427,#13428,#13430,#13432));
#13434=FACE_OUTER_BOUND('105',#13433,.F.);
#13435=ADVANCED_FACE('105',(#13434),#13423,.T.);
#13436=CARTESIAN_POINT('',(9.364674913021E-1,1.074846096908E1,1.8E0));
#13437=DIRECTION('',(-1.E0,0.E0,0.E0));
#13438=DIRECTION('',(0.E0,0.E0,1.E0));
#13439=AXIS2_PLACEMENT_3D('',#13436,#13437,#13438);
#13440=CYLINDRICAL_SURFACE('560',#13439,4.E-1);
#13441=ORIENTED_EDGE('579',*,*,#12922,.T.);
#13442=ORIENTED_EDGE('580',*,*,#13424,.T.);
#13444=ORIENTED_EDGE('581',*,*,#13443,.F.);
#13445=ORIENTED_EDGE('582',*,*,#12992,.T.);
#13446=EDGE_LOOP('560',(#13441,#13442,#13444,#13445));
#13447=FACE_OUTER_BOUND('560',#13446,.F.);
#13448=ADVANCED_FACE('560',(#13447),#13440,.T.);
#13449=CARTESIAN_POINT('',(6.E-1,1.114846096908E1,-2.2E0));
#13450=DIRECTION('',(0.E0,1.E0,0.E0));
#13451=DIRECTION('',(-1.E0,0.E0,0.E0));
#13452=AXIS2_PLACEMENT_3D('',#13449,#13450,#13451);
#13453=PLANE('103',#13452);
#13454=ORIENTED_EDGE('581',*,*,#13443,.T.);
#13455=ORIENTED_EDGE('592',*,*,#13431,.F.);
#13457=ORIENTED_EDGE('585',*,*,#13456,.T.);
#13458=ORIENTED_EDGE('591',*,*,#12994,.T.);
#13459=EDGE_LOOP('103',(#13454,#13455,#13457,#13458));
#13460=FACE_OUTER_BOUND('103',#13459,.F.);
#13461=ADVANCED_FACE('103',(#13460),#13453,.T.);
#13462=CARTESIAN_POINT('',(-3.557065231338E1,1.074846096908E1,-1.8E0));
#13463=DIRECTION('',(1.E0,0.E0,0.E0));
#13464=DIRECTION('',(0.E0,0.E0,-1.E0));
#13465=AXIS2_PLACEMENT_3D('',#13462,#13463,#13464);
#13466=CYLINDRICAL_SURFACE('565',#13465,4.E-1);
#13467=ORIENTED_EDGE('583',*,*,#12626,.T.);
#13468=ORIENTED_EDGE('584',*,*,#12996,.T.);
#13469=ORIENTED_EDGE('585',*,*,#13456,.F.);
#13470=ORIENTED_EDGE('586',*,*,#13429,.T.);
#13471=EDGE_LOOP('565',(#13467,#13468,#13469,#13470));
#13472=FACE_OUTER_BOUND('565',#13471,.F.);
#13473=ADVANCED_FACE('565',(#13472),#13466,.T.);
#13474=CARTESIAN_POINT('',(-9.5E-1,-5.35E0,2.E0));
#13475=DIRECTION('',(0.E0,0.E0,-1.E0));
#13476=DIRECTION('',(-1.E0,0.E0,0.E0));
#13477=AXIS2_PLACEMENT_3D('',#13474,#13475,#13476);
#13478=CONICAL_SURFACE('533',#13477,3.3E0,4.5E1);
#13479=ORIENTED_EDGE('534',*,*,#12908,.T.);
#13481=ORIENTED_EDGE('540',*,*,#13480,.T.);
#13483=ORIENTED_EDGE('535',*,*,#13482,.F.);
#13484=ORIENTED_EDGE('536',*,*,#13359,.F.);
#13485=EDGE_LOOP('533',(#13479,#13481,#13483,#13484));
#13486=FACE_OUTER_BOUND('533',#13485,.F.);
#13487=ADVANCED_FACE('533',(#13486),#13478,.T.);
#13488=CARTESIAN_POINT('',(-2.482278573726E0,-8.044832531439E0,2.2E0));
#13489=DIRECTION('',(3.495111516607E-1,6.146885023040E-1,-7.071067811865E-1));
#13490=DIRECTION('',(8.693008165932E-1,-4.942834108793E-1,0.E0));
#13491=AXIS2_PLACEMENT_3D('',#13488,#13489,#13490);
#13492=PLANE('537',#13491);
#13493=ORIENTED_EDGE('538',*,*,#12906,.T.);
#13495=ORIENTED_EDGE('541',*,*,#13494,.T.);
#13497=ORIENTED_EDGE('539',*,*,#13496,.F.);
#13498=ORIENTED_EDGE('540',*,*,#13480,.F.);
#13499=EDGE_LOOP('537',(#13493,#13495,#13497,#13498));
#13500=FACE_OUTER_BOUND('537',#13499,.F.);
#13501=ADVANCED_FACE('537',(#13500),#13492,.F.);
#13502=CARTESIAN_POINT('',(4.868776212071E0,-1.045E1,1.25E0));
#13503=DIRECTION('',(0.E0,4.226182617407E-1,-9.063077870366E-1));
#13504=DIRECTION('',(0.E0,9.063077870366E-1,4.226182617407E-1));
#13505=AXIS2_PLACEMENT_3D('',#13502,#13503,#13504);
#13506=PLANE('230',#13505);
#13508=ORIENTED_EDGE('312',*,*,#13507,.F.);
#13510=ORIENTED_EDGE('320',*,*,#13509,.F.);
#13512=ORIENTED_EDGE('244',*,*,#13511,.F.);
#13514=ORIENTED_EDGE('242',*,*,#13513,.T.);
#13516=ORIENTED_EDGE('555',*,*,#13515,.F.);
#13517=ORIENTED_EDGE('541',*,*,#13494,.F.);
#13518=ORIENTED_EDGE('554',*,*,#12904,.T.);
#13519=EDGE_LOOP('230',(#13508,#13510,#13512,#13514,#13516,#13517,#13518));
#13520=FACE_OUTER_BOUND('230',#13519,.F.);
#13521=ADVANCED_FACE('230',(#13520),#13506,.F.);
#13522=CARTESIAN_POINT('',(1.8E0,0.E0,1.25E0));
#13523=DIRECTION('',(-1.E0,0.E0,0.E0));
#13524=DIRECTION('',(0.E0,0.E0,1.E0));
#13525=AXIS2_PLACEMENT_3D('',#13522,#13523,#13524);
#13526=PLANE('296',#13525);
#13527=ORIENTED_EDGE('299',*,*,#12902,.T.);
#13528=ORIENTED_EDGE('311',*,*,#13280,.F.);
#13530=ORIENTED_EDGE('325',*,*,#13529,.T.);
#13531=ORIENTED_EDGE('312',*,*,#13507,.T.);
#13532=EDGE_LOOP('296',(#13527,#13528,#13530,#13531));
#13533=FACE_OUTER_BOUND('296',#13532,.F.);
#13534=ADVANCED_FACE('296',(#13533),#13526,.F.);
#13535=CARTESIAN_POINT('',(4.572746688867E0,0.E0,1.25E0));
#13536=DIRECTION('',(0.E0,0.E0,-1.E0));
#13537=DIRECTION('',(-1.E0,0.E0,0.E0));
#13538=AXIS2_PLACEMENT_3D('',#13535,#13536,#13537);
#13539=PLANE('294',#13538);
#13541=ORIENTED_EDGE('301',*,*,#13540,.T.);
#13542=ORIENTED_EDGE('325',*,*,#13529,.F.);
#13543=ORIENTED_EDGE('310',*,*,#13278,.T.);
#13545=ORIENTED_EDGE('307',*,*,#13544,.F.);
#13547=ORIENTED_EDGE('305',*,*,#13546,.F.);
#13549=ORIENTED_EDGE('303',*,*,#13548,.F.);
#13550=EDGE_LOOP('294',(#13541,#13542,#13543,#13545,#13547,#13549));
#13551=FACE_OUTER_BOUND('294',#13550,.F.);
#13552=ADVANCED_FACE('294',(#13551),#13539,.F.);
#13553=CARTESIAN_POINT('',(-7.E-1,-1.045E1,-2.2E0));
#13554=DIRECTION('',(0.E0,-1.E0,0.E0));
#13555=DIRECTION('',(1.E0,0.E0,0.E0));
#13556=AXIS2_PLACEMENT_3D('',#13553,#13554,#13555);
#13557=PLANE('143',#13556);
#13559=ORIENTED_EDGE('300',*,*,#13558,.T.);
#13560=ORIENTED_EDGE('321',*,*,#13317,.F.);
#13562=ORIENTED_EDGE('258',*,*,#13561,.T.);
#13563=ORIENTED_EDGE('320',*,*,#13509,.T.);
#13564=ORIENTED_EDGE('301',*,*,#13540,.F.);
#13566=ORIENTED_EDGE('322',*,*,#13565,.F.);
#13567=EDGE_LOOP('143',(#13559,#13560,#13562,#13563,#13564,#13566));
#13568=FACE_OUTER_BOUND('143',#13567,.F.);
#13569=ADVANCED_FACE('143',(#13568),#13557,.T.);
#13570=CARTESIAN_POINT('',(1.8E0,0.E0,-1.25E0));
#13571=DIRECTION('',(0.E0,0.E0,1.E0));
#13572=DIRECTION('',(1.E0,0.E0,0.E0));
#13573=AXIS2_PLACEMENT_3D('',#13570,#13571,#13572);
#13574=PLANE('284',#13573);
#13575=ORIENTED_EDGE('300',*,*,#13558,.F.);
#13577=ORIENTED_EDGE('302',*,*,#13576,.T.);
#13579=ORIENTED_EDGE('304',*,*,#13578,.T.);
#13581=ORIENTED_EDGE('306',*,*,#13580,.T.);
#13582=ORIENTED_EDGE('309',*,*,#13274,.F.);
#13583=ORIENTED_EDGE('324',*,*,#13296,.T.);
#13584=EDGE_LOOP('284',(#13575,#13577,#13579,#13581,#13582,#13583));
#13585=FACE_OUTER_BOUND('284',#13584,.F.);
#13586=ADVANCED_FACE('284',(#13585),#13574,.F.);
#13587=CARTESIAN_POINT('',(-9.5E-1,-5.35E0,-2.2E0));
#13588=DIRECTION('',(0.E0,0.E0,1.E0));
#13589=DIRECTION('',(1.E0,0.E0,0.E0));
#13590=AXIS2_PLACEMENT_3D('',#13587,#13588,#13589);
#13591=CYLINDRICAL_SURFACE('145',#13590,6.023783259871E0);
#13592=ORIENTED_EDGE('302',*,*,#13576,.F.);
#13593=ORIENTED_EDGE('322',*,*,#13565,.T.);
#13594=ORIENTED_EDGE('303',*,*,#13548,.T.);
#13596=ORIENTED_EDGE('323',*,*,#13595,.F.);
#13597=EDGE_LOOP('145',(#13592,#13593,#13594,#13596));
#13598=FACE_OUTER_BOUND('145',#13597,.F.);
#13599=ADVANCED_FACE('145',(#13598),#13591,.T.);
#13600=CARTESIAN_POINT('',(3.489542784676E0,-8.636737191359E0,-2.2E0));
#13601=DIRECTION('',(0.E0,0.E0,1.E0));
#13602=DIRECTION('',(1.E0,0.E0,0.E0));
#13603=AXIS2_PLACEMENT_3D('',#13600,#13601,#13602);
#13604=CYLINDRICAL_SURFACE('147',#13603,5.E-1);
#13605=ORIENTED_EDGE('304',*,*,#13578,.F.);
#13606=ORIENTED_EDGE('323',*,*,#13595,.T.);
#13607=ORIENTED_EDGE('305',*,*,#13546,.T.);
#13609=ORIENTED_EDGE('316',*,*,#13608,.F.);
#13610=EDGE_LOOP('147',(#13605,#13606,#13607,#13609));
#13611=FACE_OUTER_BOUND('147',#13610,.F.);
#13612=ADVANCED_FACE('147',(#13611),#13604,.T.);
#13613=CARTESIAN_POINT('',(3.445964913303E0,-8.138639842313E0,-2.2E0));
#13614=DIRECTION('',(-8.715574274766E-2,9.961946980917E-1,0.E0));
#13615=DIRECTION('',(-9.961946980917E-1,-8.715574274766E-2,0.E0));
#13616=AXIS2_PLACEMENT_3D('',#13613,#13614,#13615);
#13617=PLANE('149',#13616);
#13618=ORIENTED_EDGE('306',*,*,#13580,.F.);
#13619=ORIENTED_EDGE('316',*,*,#13608,.T.);
#13620=ORIENTED_EDGE('307',*,*,#13544,.T.);
#13621=ORIENTED_EDGE('317',*,*,#13276,.F.);
#13622=EDGE_LOOP('149',(#13618,#13619,#13620,#13621));
#13623=FACE_OUTER_BOUND('149',#13622,.F.);
#13624=ADVANCED_FACE('149',(#13623),#13617,.T.);
#13625=CARTESIAN_POINT('',(-7.E-1,-9.751074306316E0,-2.2E0));
#13626=DIRECTION('',(-1.E0,0.E0,0.E0));
#13627=DIRECTION('',(0.E0,-1.E0,0.E0));
#13628=AXIS2_PLACEMENT_3D('',#13625,#13626,#13627);
#13629=PLANE('141',#13628);
#13630=ORIENTED_EDGE('244',*,*,#13511,.T.);
#13631=ORIENTED_EDGE('258',*,*,#13561,.F.);
#13632=ORIENTED_EDGE('245',*,*,#13315,.F.);
#13634=ORIENTED_EDGE('257',*,*,#13633,.T.);
#13635=EDGE_LOOP('141',(#13630,#13631,#13632,#13634));
#13636=FACE_OUTER_BOUND('141',#13635,.F.);
#13637=ADVANCED_FACE('141',(#13636),#13629,.T.);
#13638=CARTESIAN_POINT('',(-1.1E0,-9.751074306316E0,-2.2E0));
#13639=DIRECTION('',(0.E0,0.E0,1.E0));
#13640=DIRECTION('',(1.E0,0.E0,0.E0));
#13641=AXIS2_PLACEMENT_3D('',#13638,#13639,#13640);
#13642=CYLINDRICAL_SURFACE('139',#13641,4.E-1);
#13643=ORIENTED_EDGE('242',*,*,#13513,.F.);
#13644=ORIENTED_EDGE('257',*,*,#13633,.F.);
#13645=ORIENTED_EDGE('243',*,*,#13313,.T.);
#13647=ORIENTED_EDGE('256',*,*,#13646,.T.);
#13648=EDGE_LOOP('139',(#13643,#13644,#13645,#13647));
#13649=FACE_OUTER_BOUND('139',#13648,.F.);
#13650=ADVANCED_FACE('139',(#13649),#13642,.F.);
#13651=CARTESIAN_POINT('',(-2.679991938077E0,-8.392552858076E0,-2.2E0));
#13652=DIRECTION('',(-4.942834108793E-1,-8.693008165932E-1,0.E0));
#13653=DIRECTION('',(8.693008165932E-1,-4.942834108793E-1,0.E0));
#13654=AXIS2_PLACEMENT_3D('',#13651,#13652,#13653);
#13655=PLANE('137',#13654);
#13656=ORIENTED_EDGE('555',*,*,#13515,.T.);
#13657=ORIENTED_EDGE('256',*,*,#13646,.F.);
#13658=ORIENTED_EDGE('557',*,*,#13311,.F.);
#13659=ORIENTED_EDGE('548',*,*,#13330,.F.);
#13661=ORIENTED_EDGE('553',*,*,#13660,.T.);
#13662=ORIENTED_EDGE('539',*,*,#13496,.T.);
#13663=EDGE_LOOP('137',(#13656,#13657,#13658,#13659,#13661,#13662));
#13664=FACE_OUTER_BOUND('137',#13663,.F.);
#13665=ADVANCED_FACE('137',(#13664),#13655,.T.);
#13666=CARTESIAN_POINT('',(-9.5E-1,-5.35E0,-2.2E0));
#13667=DIRECTION('',(0.E0,0.E0,1.E0));
#13668=DIRECTION('',(1.E0,0.E0,0.E0));
#13669=AXIS2_PLACEMENT_3D('',#13666,#13667,#13668);
#13670=CYLINDRICAL_SURFACE('135',#13669,3.5E0);
#13671=ORIENTED_EDGE('544',*,*,#13344,.F.);
#13672=ORIENTED_EDGE('551',*,*,#13361,.T.);
#13673=ORIENTED_EDGE('535',*,*,#13482,.T.);
#13674=ORIENTED_EDGE('553',*,*,#13660,.F.);
#13675=EDGE_LOOP('135',(#13671,#13672,#13673,#13674));
#13676=FACE_OUTER_BOUND('135',#13675,.F.);
#13677=ADVANCED_FACE('135',(#13676),#13670,.T.);
#13678=CARTESIAN_POINT('',(1.2E0,1.054846096908E1,-2.2E0));
#13679=DIRECTION('',(0.E0,1.E0,0.E0));
#13680=DIRECTION('',(-1.E0,0.E0,0.E0));
#13681=AXIS2_PLACEMENT_3D('',#13678,#13679,#13680);
#13682=PLANE('99',#13681);
#13683=ORIENTED_EDGE('644',*,*,#12973,.T.);
#13684=ORIENTED_EDGE('668',*,*,#12988,.F.);
#13685=ORIENTED_EDGE('655',*,*,#13009,.T.);
#13686=ORIENTED_EDGE('667',*,*,#13029,.T.);
#13687=EDGE_LOOP('99',(#13683,#13684,#13685,#13686));
#13688=FACE_OUTER_BOUND('99',#13687,.F.);
#13689=ADVANCED_FACE('99',(#13688),#13682,.T.);
#13690=CARTESIAN_POINT('',(-9.5E-1,-7.E-1,-6.5E-1));
#13691=DIRECTION('',(0.E0,0.E0,1.E0));
#13692=DIRECTION('',(0.E0,-1.E0,0.E0));
#13693=AXIS2_PLACEMENT_3D('',#13690,#13691,#13692);
#13694=SPHERICAL_SURFACE('510',#13693,2.E0);
#13695=ORIENTED_EDGE('528',*,*,#12670,.T.);
#13697=ORIENTED_EDGE('531',*,*,#13696,.T.);
#13699=ORIENTED_EDGE('530',*,*,#13698,.F.);
#13700=EDGE_LOOP('510',(#13695,#13697,#13699));
#13701=FACE_OUTER_BOUND('510',#13700,.F.);
#13702=ADVANCED_FACE('510',(#13701),#13694,.T.);
#13703=CARTESIAN_POINT('',(-9.5E-1,-7.E-1,-6.5E-1));
#13704=DIRECTION('',(0.E0,0.E0,1.E0));
#13705=DIRECTION('',(0.E0,-1.E0,0.E0));
#13706=AXIS2_PLACEMENT_3D('',#13703,#13704,#13705);
#13707=SPHERICAL_SURFACE('522',#13706,2.E0);
#13708=ORIENTED_EDGE('529',*,*,#12672,.T.);
#13709=ORIENTED_EDGE('530',*,*,#13698,.T.);
#13710=ORIENTED_EDGE('531',*,*,#13696,.F.);
#13711=EDGE_LOOP('522',(#13708,#13709,#13710));
#13712=FACE_OUTER_BOUND('522',#13711,.F.);
#13713=ADVANCED_FACE('522',(#13712),#13707,.T.);
#13714=CLOSED_SHELL('',(#12676,#12695,#12715,#12730,#12744,#12758,#12771,#12786,
#12801,#12820,#12832,#12846,#12859,#12872,#12884,#12940,#12953,#12964,#12979,
#13000,#13014,#13034,#13048,#13075,#13100,#13114,#13138,#13151,#13164,#13177,
#13190,#13203,#13216,#13228,#13241,#13253,#13266,#13287,#13301,#13321,#13335,
#13349,#13366,#13379,#13392,#13405,#13418,#13435,#13448,#13461,#13473,#13487,
#13501,#13521,#13534,#13552,#13569,#13586,#13599,#13612,#13624,#13637,#13650,
#13665,#13677,#13689,#13702,#13713));
#13715=MANIFOLD_SOLID_BREP('',#13714);
#13716=(LENGTH_UNIT()NAMED_UNIT(*)SI_UNIT(.MILLI.,.METRE.));
#13717=DIMENSIONAL_EXPONENTS(0.E0,0.E0,0.E0,0.E0,0.E0,0.E0,0.E0);
#13718=(NAMED_UNIT(*)PLANE_ANGLE_UNIT()SI_UNIT($,.RADIAN.));
#13719=PLANE_ANGLE_MEASURE_WITH_UNIT(PLANE_ANGLE_MEASURE(1.745329251994E-2),
#13718);
#13720=(CONVERSION_BASED_UNIT('DEGREE',#13719)NAMED_UNIT(#13717)PLANE_ANGLE_UNIT());
#13721=(NAMED_UNIT(*)SI_UNIT($,.STERADIAN.)SOLID_ANGLE_UNIT());
#13722=UNCERTAINTY_MEASURE_WITH_UNIT(LENGTH_MEASURE(2.564925644527E-3),#13716,
'closure',
'Maximum model space distance between geometric entities at asserted connectivities');
#13723=(GEOMETRIC_REPRESENTATION_CONTEXT(3)GLOBAL_UNCERTAINTY_ASSIGNED_CONTEXT((
#13722))GLOBAL_UNIT_ASSIGNED_CONTEXT((#13716,#13720,#13721))REPRESENTATION_CONTEXT('ID3','3'));
#13724=CARTESIAN_POINT('',(0.E0,0.E0,0.E0));
#13725=DIRECTION('',(0.E0,0.E0,1.E0));
#13726=DIRECTION('',(1.E0,0.E0,0.E0));
#13729=APPLICATION_CONTEXT(
'CONFIGURATION CONTROLLED 3D DESIGNS OF MECHANICAL PARTS AND ASSEMBLIES');
#13730=APPLICATION_PROTOCOL_DEFINITION('international standard',
'config_control_design',1994,#13729);
#13731=DESIGN_CONTEXT('',#13729,'design');
#13732=MECHANICAL_CONTEXT('',#13729,'mechanical');
#13733=PRODUCT('67018_001','67018_001','NOT SPECIFIED',(#13732));
#13734=PRODUCT_DEFINITION_FORMATION_WITH_SPECIFIED_SOURCE('2','LAST_VERSION',
#13733,.MADE.);
#13740=CARTESIAN_POINT('',(-1.225302114229E1,1.494499566549E1,
-8.357135748242E1));
#13741=DIRECTION('',(-1.E0,0.E0,0.E0));
#13742=DIRECTION('',(0.E0,0.E0,1.E0));
#13743=AXIS2_PLACEMENT_3D('',#13740,#13741,#13742);
#13744=ITEM_DEFINED_TRANSFORMATION('','',#13727,#13743);
#13745=(REPRESENTATION_RELATIONSHIP('','',#13728,#11033)REPRESENTATION_RELATIONSHIP_WITH_TRANSFORMATION(#13744)SHAPE_REPRESENTATION_RELATIONSHIP());
#13746=CONTEXT_DEPENDENT_SHAPE_REPRESENTATION(#13745,#13739);
#13749=CARTESIAN_POINT('',(-1.225302114229E1,1.494499566549E1,
-6.417135748242E1));
#13750=DIRECTION('',(1.E0,0.E0,0.E0));
#13751=DIRECTION('',(0.E0,0.E0,-1.E0));
#13752=AXIS2_PLACEMENT_3D('',#13749,#13750,#13751);
#13753=ITEM_DEFINED_TRANSFORMATION('','',#13727,#13752);
#13754=(REPRESENTATION_RELATIONSHIP('','',#13728,#11033)REPRESENTATION_RELATIONSHIP_WITH_TRANSFORMATION(#13753)SHAPE_REPRESENTATION_RELATIONSHIP());
#13755=CONTEXT_DEPENDENT_SHAPE_REPRESENTATION(#13754,#13748);
#13756=(LENGTH_UNIT()NAMED_UNIT(*)SI_UNIT(.MILLI.,.METRE.));
#13757=DIMENSIONAL_EXPONENTS(0.E0,0.E0,0.E0,0.E0,0.E0,0.E0,0.E0);
#13758=(NAMED_UNIT(*)PLANE_ANGLE_UNIT()SI_UNIT($,.RADIAN.));
#13759=PLANE_ANGLE_MEASURE_WITH_UNIT(PLANE_ANGLE_MEASURE(1.745329251994E-2),
#13758);
#13760=(CONVERSION_BASED_UNIT('DEGREE',#13759)NAMED_UNIT(#13757)PLANE_ANGLE_UNIT());
#13761=(NAMED_UNIT(*)SI_UNIT($,.STERADIAN.)SOLID_ANGLE_UNIT());
#13762=UNCERTAINTY_MEASURE_WITH_UNIT(LENGTH_MEASURE(4.286754229329E-3),#13756,
'closure',
'Maximum model space distance between geometric entities at asserted connectivities');
#13763=(GEOMETRIC_REPRESENTATION_CONTEXT(3)GLOBAL_UNCERTAINTY_ASSIGNED_CONTEXT((
#13762))GLOBAL_UNIT_ASSIGNED_CONTEXT((#13756,#13760,#13761))REPRESENTATION_CONTEXT('ID4','3'));
#13764=CARTESIAN_POINT('',(0.E0,0.E0,0.E0));
#13765=DIRECTION('',(0.E0,0.E0,1.E0));
#13766=DIRECTION('',(1.E0,0.E0,0.E0));
#13768=APPLICATION_CONTEXT(
'CONFIGURATION CONTROLLED 3D DESIGNS OF MECHANICAL PARTS AND ASSEMBLIES');
#13769=APPLICATION_PROTOCOL_DEFINITION('international standard',
'config_control_design',1994,#13768);
#13770=DESIGN_CONTEXT('',#13768,'design');
#13771=MECHANICAL_CONTEXT('',#13768,'mechanical');
#13772=PRODUCT('71918_Y08_ASM','71918_Y08_ASM','NOT SPECIFIED',(#13771));
#13773=PRODUCT_DEFINITION_FORMATION_WITH_SPECIFIED_SOURCE('10','LAST_VERSION',
#13772,.MADE.);
#13775=PRODUCT_CATEGORY('part','');
#13776=PRODUCT_RELATED_PRODUCT_CATEGORY('assembly','',(#13772));
#13777=PRODUCT_CATEGORY_RELATIONSHIP('','',#13775,#13776);
#13778=PRODUCT_CATEGORY('part','');
#13779=PRODUCT_RELATED_PRODUCT_CATEGORY('detail','',(#11026,#11474,#13733));
#13780=PRODUCT_CATEGORY_RELATIONSHIP('','',#13778,#13779);
#13781=SECURITY_CLASSIFICATION_LEVEL('unclassified');
#13782=SECURITY_CLASSIFICATION('','',#13781);
#13783=CC_DESIGN_SECURITY_CLASSIFICATION(#13782,(#11027,#11475,#13734,#13773,
#11034,#11479,#11488,#11497,#11506,#11515,#11524,#11533,#11542,#13738,#13747));
#13784=APPROVAL_STATUS('approved');
#13785=APPROVAL(#13784,'');
#13786=CC_DESIGN_APPROVAL(#13785,(#13782,#11027,#11475,#13734,#13773,#11028,
#11476,#13735,#13774));
#13787=CALENDAR_DATE(106,7,12);
#13788=COORDINATED_UNIVERSAL_TIME_OFFSET(1,0,.AHEAD.);
#13789=LOCAL_TIME(10,4,1.4E1,#13788);
#13790=DATE_AND_TIME(#13787,#13789);
#13791=APPROVAL_DATE_TIME(#13790,#13785);
#13792=DATE_TIME_ROLE('creation_date');
#13793=CC_DESIGN_DATE_AND_TIME_ASSIGNMENT(#13790,#13792,(#11028,#11476,#13735,
#13774));
#13794=DATE_TIME_ROLE('classification_date');
#13795=CC_DESIGN_DATE_AND_TIME_ASSIGNMENT(#13790,#13794,(#13782));
#13796=PERSON('UNSPECIFIED','UNSPECIFIED',$,$,$,$);
#13797=ORGANIZATION('UNSPECIFIED','UNSPECIFIED','UNSPECIFIED');
#13798=PERSON_AND_ORGANIZATION(#13796,#13797);
#13799=APPROVAL_ROLE('approver');
#13800=APPROVAL_PERSON_ORGANIZATION(#13798,#13785,#13799);
#13801=PERSON_AND_ORGANIZATION_ROLE('creator');
#13802=CC_DESIGN_PERSON_AND_ORGANIZATION_ASSIGNMENT(#13798,#13801,(#11027,
#11475,#13734,#13773,#11028,#11476,#13735,#13774));
#13803=PERSON_AND_ORGANIZATION_ROLE('design_supplier');
#13804=CC_DESIGN_PERSON_AND_ORGANIZATION_ASSIGNMENT(#13798,#13803,(#11027,
#11475,#13734,#13773));
#13805=PERSON_AND_ORGANIZATION_ROLE('classification_officer');
#13806=CC_DESIGN_PERSON_AND_ORGANIZATION_ASSIGNMENT(#13798,#13805,(#13782));
#13807=PERSON_AND_ORGANIZATION_ROLE('design_owner');
#13808=CC_DESIGN_PERSON_AND_ORGANIZATION_ASSIGNMENT(#13798,#13807,(#13772,
#11026,#11474,#13733));
#54=CIRCLE('1575',#53,3.6E0);
#63=CIRCLE('1573',#62,2.E0);
#76=CIRCLE('1574',#75,2.E0);
#105=CIRCLE('1568',#104,2.E0);
#110=CIRCLE('1567',#109,2.E0);
#115=CIRCLE('1566',#114,2.E0);
#120=CIRCLE('1569',#119,2.E0);
#165=B_SPLINE_CURVE_WITH_KNOTS('1571',3,(#153,#154,#155,#156,#157,#158,#159,
#160,#161,#162,#163,#164),.UNSPECIFIED.,.F.,.F.,(4,1,1,1,1,1,1,1,1,4),(0.E0,
1.111111111111E-1,2.222222222222E-1,3.333333333333E-1,4.444444444444E-1,
5.555555555556E-1,6.666666666667E-1,7.777777777778E-1,8.888888888889E-1,1.E0),
.UNSPECIFIED.);
#181=B_SPLINE_CURVE_WITH_KNOTS('1572',3,(#170,#171,#172,#173,#174,#175,#176,
#177,#178,#179,#180),.UNSPECIFIED.,.F.,.F.,(4,1,1,1,1,1,1,1,4),(0.E0,1.25E-1,
2.5E-1,3.75E-1,5.E-1,6.25E-1,7.5E-1,8.75E-1,1.E0),.UNSPECIFIED.);
#190=CIRCLE('487',#189,1.E0);
#195=CIRCLE('355',#194,1.E0);
#204=CIRCLE('1587',#203,6.55E0);
#221=CIRCLE('1331',#220,1.E0);
#226=CIRCLE('417',#225,1.E0);
#231=CIRCLE('1332',#230,1.E0);
#252=CIRCLE('1515',#251,3.6E0);
#273=CIRCLE('323',#272,3.6E0);
#290=CIRCLE('1498',#289,6.55E0);
#347=CIRCLE('291',#346,1.E0);
#356=CIRCLE('293',#355,1.E0);
#369=CIRCLE('296',#368,1.E0);
#378=CIRCLE('298',#377,1.E0);
#387=CIRCLE('31575',#386,2.E-1);
#432=CIRCLE('31110',#431,2.E-1);
#453=CIRCLE('104',#452,5.E-1);
#474=CIRCLE('102',#473,5.E-1);
#535=CIRCLE('315',#534,3.6E0);
#548=CIRCLE('366',#547,6.55E0);
#553=CIRCLE('488',#552,1.E0);
#558=CIRCLE('354',#557,1.E0);
#567=CIRCLE('1330',#566,1.E0);
#572=CIRCLE('416',#571,1.E0);
#577=CIRCLE('1329',#576,1.E0);
#594=CIRCLE('1545',#593,6.55E0);
#607=CIRCLE('1507',#606,3.6E0);
#776=CIRCLE('823',#775,2.E0);
#785=CIRCLE('824',#784,2.E0);
#802=B_SPLINE_CURVE_WITH_KNOTS('825',3,(#790,#791,#792,#793,#794,#795,#796,#797,
#798,#799,#800,#801),.UNSPECIFIED.,.F.,.F.,(4,1,1,1,1,1,1,1,1,4),(0.E0,
1.111111111111E-1,2.222222222222E-1,3.333333333333E-1,4.444444444444E-1,
5.555555555556E-1,6.666666666667E-1,7.777777777778E-1,8.888888888889E-1,1.E0),
.UNSPECIFIED.);
#818=B_SPLINE_CURVE_WITH_KNOTS('826',3,(#807,#808,#809,#810,#811,#812,#813,#814,
#815,#816,#817),.UNSPECIFIED.,.F.,.F.,(4,1,1,1,1,1,1,1,4),(0.E0,1.25E-1,2.5E-1,
3.75E-1,5.E-1,6.25E-1,7.5E-1,8.75E-1,1.E0),.UNSPECIFIED.);
#855=CIRCLE('853',#854,3.6E0);
#876=CIRCLE('1489',#875,2.E0);
#881=CIRCLE('1492',#880,2.E0);
#890=CIRCLE('1491',#889,2.E0);
#895=CIRCLE('1490',#894,2.E0);
#912=CIRCLE('1446',#911,1.275E0);
#917=CIRCLE('1447',#916,1.275E0);
#922=CIRCLE('1448',#921,1.275E0);
#927=CIRCLE('1449',#926,1.275E0);
#940=CIRCLE('1582',#939,6.55E0);
#961=CIRCLE('1494',#960,6.55E0);
#982=CIRCLE('246',#981,1.275E0);
#987=CIRCLE('247',#986,1.275E0);
#992=CIRCLE('248',#991,1.275E0);
#997=CIRCLE('249',#996,1.275E0);
#1042=CIRCLE('109',#1041,5.E-1);
#1051=CIRCLE('111',#1050,5.E-1);
#1212=CIRCLE('32035',#1211,2.E-1);
#1229=B_SPLINE_CURVE_WITH_KNOTS('31525',3,(#1213,#1214,#1215,#1216,#1217,#1218,
#1219,#1220,#1221,#1222,#1223,#1224,#1225,#1226,#1227,#1228),.UNSPECIFIED.,.F.,
.F.,(4,1,1,1,1,1,1,1,1,1,1,1,1,4),(0.E0,7.692307692308E-2,1.538461538462E-1,
2.307692307692E-1,3.076923076923E-1,3.846153846154E-1,4.615384615385E-1,
5.384615384615E-1,6.153846153846E-1,6.923076923077E-1,7.692307692308E-1,
8.461538461538E-1,9.230769230769E-1,1.E0),.UNSPECIFIED.);
#1238=CIRCLE('31961',#1237,2.E-1);
#1283=CIRCLE('31160',#1282,6.375E-1);
#1288=CIRCLE('31157',#1287,6.375E-1);
#1313=CIRCLE('31622',#1312,6.375E-1);
#1318=CIRCLE('31623',#1317,6.375E-1);
#1535=CIRCLE('31158',#1534,6.375E-1);
#1540=CIRCLE('31159',#1539,6.375E-1);
#1581=CIRCLE('31624',#1580,6.375E-1);
#1586=CIRCLE('31621',#1585,6.375E-1);
#1679=CIRCLE('32022',#1678,2.E-1);
#1696=B_SPLINE_CURVE_WITH_KNOTS('31115',3,(#1680,#1681,#1682,#1683,#1684,#1685,
#1686,#1687,#1688,#1689,#1690,#1691,#1692,#1693,#1694,#1695),.UNSPECIFIED.,.F.,
.F.,(4,1,1,1,1,1,1,1,1,1,1,1,1,4),(0.E0,7.692307692308E-2,1.538461538462E-1,
2.307692307692E-1,3.076923076923E-1,3.846153846154E-1,4.615384615385E-1,
5.384615384615E-1,6.153846153846E-1,6.923076923077E-1,7.692307692308E-1,
8.461538461538E-1,9.230769230769E-1,1.E0),.UNSPECIFIED.);
#1713=CIRCLE('31153',#1712,6.375E-1);
#1722=CIRCLE('31154',#1721,6.375E-1);
#1731=CIRCLE('798',#1730,2.E0);
#1736=CIRCLE('799',#1735,2.E0);
#1741=CIRCLE('800',#1740,2.E0);
#1746=CIRCLE('801',#1745,2.E0);
#1751=CIRCLE('819',#1750,6.375E-1);
#1756=CIRCLE('820',#1755,6.375E-1);
#1761=CIRCLE('821',#1760,6.375E-1);
#1766=CIRCLE('822',#1765,6.375E-1);
#1771=CIRCLE('31617',#1770,6.375E-1);
#1792=CIRCLE('32045',#1791,2.E-1);
#1809=B_SPLINE_CURVE_WITH_KNOTS('31580',3,(#1793,#1794,#1795,#1796,#1797,#1798,
#1799,#1800,#1801,#1802,#1803,#1804,#1805,#1806,#1807,#1808),.UNSPECIFIED.,.F.,
.F.,(4,1,1,1,1,1,1,1,1,1,1,1,1,4),(0.E0,7.692307692308E-2,1.538461538462E-1,
2.307692307692E-1,3.076923076923E-1,3.846153846154E-1,4.615384615385E-1,
5.384615384615E-1,6.153846153846E-1,6.923076923077E-1,7.692307692308E-1,
8.461538461538E-1,9.230769230769E-1,1.E0),.UNSPECIFIED.);
#1834=CIRCLE('31618',#1833,6.375E-1);
#1851=CIRCLE('32029',#1850,2.E-1);
#1868=B_SPLINE_CURVE_WITH_KNOTS('31184',3,(#1852,#1853,#1854,#1855,#1856,#1857,
#1858,#1859,#1860,#1861,#1862,#1863,#1864,#1865,#1866,#1867),.UNSPECIFIED.,.F.,
.F.,(4,1,1,1,1,1,1,1,1,1,1,1,1,4),(0.E0,7.692307692308E-2,1.538461538462E-1,
2.307692307692E-1,3.076923076923E-1,3.846153846154E-1,4.615384615385E-1,
5.384615384615E-1,6.153846153846E-1,6.923076923077E-1,7.692307692308E-1,
8.461538461538E-1,9.230769230769E-1,1.E0),.UNSPECIFIED.);
#1893=CIRCLE('31958',#1892,2.E-1);
#2122=CIRCLE('18158',#2121,8.135271289396E-1);
#2127=CIRCLE('18159',#2126,8.135271289396E-1);
#2212=CIRCLE('18149',#2211,6.E-1);
#2217=CIRCLE('18150',#2216,6.E-1);
#2438=CIRCLE('156',#2437,5.E-1);
#2443=CIRCLE('160',#2442,5.E-1);
#2480=CIRCLE('159',#2479,5.E-1);
#2485=CIRCLE('155',#2484,5.E-1);
#2882=CIRCLE('17639',#2881,8.135271289396E-1);
#2895=CIRCLE('17638',#2894,8.135271289396E-1);
#2932=CIRCLE('17586',#2931,6.E-1);
#2937=CIRCLE('17587',#2936,6.E-1);
#3310=CIRCLE('17890',#3309,8.135271289396E-1);
#3315=CIRCLE('17891',#3314,8.135271289396E-1);
#3360=CIRCLE('17881',#3359,6.E-1);
#3365=CIRCLE('17882',#3364,6.E-1);
#3738=CIRCLE('18024',#3737,8.135271289396E-1);
#3743=CIRCLE('18025',#3742,8.135271289396E-1);
#3788=CIRCLE('18015',#3787,6.E-1);
#3793=CIRCLE('18016',#3792,6.E-1);
#3966=CIRCLE('1248',#3965,5.E-1);
#3975=CIRCLE('1235',#3974,4.999992657200E-1);
#3980=CIRCLE('1247',#3979,5.E-1);
#3985=CIRCLE('1236',#3984,1.E0);
#3994=CIRCLE('1249',#3993,5.E-1);
#4003=CIRCLE('1239',#4002,4.999992657200E-1);
#4008=CIRCLE('1250',#4007,5.E-1);
#4013=CIRCLE('1240',#4012,1.E0);
#4018=CIRCLE('1276',#4017,4.999992657200E-1);
#4023=CIRCLE('1288',#4022,5.E-1);
#4028=CIRCLE('1277',#4027,1.E0);
#4037=CIRCLE('1290',#4036,5.E-1);
#4046=CIRCLE('1280',#4045,4.999992657200E-1);
#4051=CIRCLE('1291',#4050,5.E-1);
#4056=CIRCLE('1281',#4055,1.E0);
#4065=CIRCLE('1289',#4064,5.E-1);
#5311=EDGE_CURVE('732',#4256,#4257,#5,.T.);
#5313=EDGE_CURVE('733',#4257,#4259,#9,.T.);
#5315=EDGE_CURVE('734',#4261,#4259,#13,.T.);
#5317=EDGE_CURVE('1564',#4223,#4261,#17,.T.);
#5319=EDGE_CURVE('420',#4097,#4223,#21,.T.);
#5321=EDGE_CURVE('118',#4097,#4072,#25,.T.);
#5323=EDGE_CURVE('29',#4072,#4073,#29,.T.);
#5325=EDGE_CURVE('119',#4073,#4111,#33,.T.);
#5327=EDGE_CURVE('421',#4225,#4111,#37,.T.);
#5329=EDGE_CURVE('1565',#4256,#4225,#41,.T.);
#5339=EDGE_CURVE('843',#4314,#4315,#45,.T.);
#5341=EDGE_CURVE('875',#4257,#4315,#100,.T.);
#5344=EDGE_CURVE('1576',#4314,#4256,#80,.T.);
#5354=EDGE_CURVE('844',#4318,#4319,#49,.T.);
#5356=EDGE_CURVE('1575',#4475,#4318,#54,.T.);
#5358=EDGE_CURVE('1551',#4333,#4475,#136,.T.);
#5360=EDGE_CURVE('876',#4319,#4333,#124,.T.);
#5371=EDGE_CURVE('1574',#4314,#4481,#76,.T.);
#5373=EDGE_CURVE('1572',#4481,#4318,#181,.T.);
#5376=EDGE_CURVE('1569',#4319,#4339,#120,.T.);
#5378=EDGE_CURVE('881',#4284,#4339,#88,.T.);
#5380=EDGE_CURVE('801',#4285,#4284,#1746,.T.);
#5382=EDGE_CURVE('882',#4285,#4341,#58,.T.);
#5384=EDGE_CURVE('1568',#4341,#4315,#105,.T.);
#5394=EDGE_CURVE('1573',#4480,#4323,#63,.T.);
#5396=EDGE_CURVE('1581',#4480,#4473,#67,.T.);
#5398=EDGE_CURVE('1550',#4473,#4223,#247,.T.);
#5401=EDGE_CURVE('1577',#4323,#4261,#71,.T.);
#5414=EDGE_CURVE('1546',#4469,#4225,#611,.T.);
#5416=EDGE_CURVE('1580',#4469,#4481,#84,.T.);
#5426=EDGE_CURVE('849',#4322,#4323,#92,.T.);
#5428=EDGE_CURVE('1567',#4322,#4341,#110,.T.);
#5431=EDGE_CURVE('800',#4284,#4285,#1741,.T.);
#5434=EDGE_CURVE('1566',#4339,#4477,#115,.T.);
#5436=EDGE_CURVE('1570',#4479,#4477,#144,.T.);
#5438=EDGE_CURVE('1571',#4479,#4480,#165,.T.);
#5452=EDGE_CURVE('877',#4259,#4322,#96,.T.);
#5475=EDGE_CURVE('1588',#4477,#4485,#148,.T.);
#5480=EDGE_CURVE('1558',#4465,#4333,#140,.T.);
#5482=EDGE_CURVE('1505',#4464,#4465,#598,.T.);
#5484=EDGE_CURVE('1586',#4464,#4483,#128,.T.);
#5486=EDGE_CURVE('1583',#4483,#4485,#132,.T.);
#5497=EDGE_CURVE('1560',#4467,#4475,#185,.T.);
#5499=EDGE_CURVE('1506',#4465,#4467,#602,.T.);
#5510=EDGE_CURVE('1585',#4443,#4472,#256,.T.);
#5512=EDGE_CURVE('1579',#4479,#4472,#169,.T.);
#5516=EDGE_CURVE('1584',#4485,#4443,#152,.T.);
#5528=EDGE_CURVE('1515',#4472,#4473,#252,.T.);
#5541=EDGE_CURVE('1507',#4467,#4469,#607,.T.);
#5553=EDGE_CURVE('1450',#4440,#4441,#199,.T.);
#5555=EDGE_CURVE('1587',#4212,#4440,#204,.T.);
#5557=EDGE_CURVE('407',#4212,#4213,#2293,.T.);
#5559=EDGE_CURVE('790',#4213,#4267,#208,.T.);
#5561=EDGE_CURVE('1328',#4385,#4267,#707,.T.);
#5563=EDGE_CURVE('1324',#4385,#4401,#212,.T.);
#5565=EDGE_CURVE('1338',#4399,#4401,#216,.T.);
#5567=EDGE_CURVE('1331',#4273,#4399,#221,.T.);
#5569=EDGE_CURVE('777',#4221,#4273,#498,.T.);
#5571=EDGE_CURVE('417',#4220,#4221,#226,.T.);
#5573=EDGE_CURVE('779',#4277,#4220,#3945,.T.);
#5575=EDGE_CURVE('1332',#4399,#4277,#231,.T.);
#5577=EDGE_CURVE('1322',#4398,#4399,#235,.T.);
#5579=EDGE_CURVE('1323',#4380,#4398,#239,.T.);
#5581=EDGE_CURVE('1327',#4265,#4380,#723,.T.);
#5583=EDGE_CURVE('791',#4265,#4223,#243,.T.);
#5588=EDGE_CURVE('1451',#4443,#4441,#260,.T.);
#5598=EDGE_CURVE('1452',#4446,#4447,#264,.T.);
#5600=EDGE_CURVE('1497',#4183,#4446,#268,.T.);
#5602=EDGE_CURVE('323',#4182,#4183,#273,.T.);
#5604=EDGE_CURVE('373',#4201,#4182,#277,.T.);
#5606=EDGE_CURVE('540',#4201,#4236,#281,.T.);
#5608=EDGE_CURVE('477',#4236,#4237,#623,.T.);
#5610=EDGE_CURVE('541',#4237,#4190,#285,.T.);
#5612=EDGE_CURVE('348',#4190,#4191,#2285,.T.);
#5614=EDGE_CURVE('1498',#4449,#4191,#290,.T.);
#5616=EDGE_CURVE('1453',#4449,#4447,#294,.T.);
#5620=EDGE_CURVE('689',#4245,#4198,#298,.T.);
#5622=EDGE_CURVE('487',#4244,#4245,#190,.T.);
#5624=EDGE_CURVE('687',#4199,#4244,#322,.T.);
#5626=EDGE_CURVE('355',#4198,#4199,#195,.T.);
#5637=EDGE_CURVE('672',#4173,#4198,#314,.T.);
#5639=EDGE_CURVE('297',#4171,#4173,#373,.T.);
#5641=EDGE_CURVE('692',#4171,#4245,#302,.T.);
#5651=EDGE_CURVE('1283',#4365,#4373,#4069,.T.);
#5653=EDGE_CURVE('1285',#4194,#4365,#318,.T.);
#5655=EDGE_CURVE('688',#4249,#4194,#306,.T.);
#5657=EDGE_CURVE('1287',#4249,#4373,#310,.T.);
#5668=EDGE_CURVE('666',#4168,#4199,#326,.T.);
#5670=EDGE_CURVE('298',#4173,#4168,#378,.T.);
#5681=EDGE_CURVE('1277',#4364,#4365,#4028,.T.);
#5683=EDGE_CURVE('1284',#4195,#4364,#334,.T.);
#5685=EDGE_CURVE('354',#4194,#4195,#558,.T.);
#5697=EDGE_CURVE('690',#4169,#4244,#338,.T.);
#5699=EDGE_CURVE('295',#4168,#4169,#364,.T.);
#5710=EDGE_CURVE('1279',#4369,#4364,#4041,.T.);
#5712=EDGE_CURVE('1286',#4248,#4369,#342,.T.);
#5714=EDGE_CURVE('686',#4195,#4248,#330,.T.);
#5727=EDGE_CURVE('296',#4169,#4171,#369,.T.);
#5738=EDGE_CURVE('1281',#4373,#4369,#4056,.T.);
#5741=EDGE_CURVE('488',#4248,#4249,#553,.T.);
#5752=EDGE_CURVE('31626',#5240,#4076,#1304,.T.);
#5754=EDGE_CURVE('31629',#5240,#5234,#382,.T.);
#5756=EDGE_CURVE('31575',#5234,#5235,#387,.T.);
#5758=EDGE_CURVE('31630',#5235,#5248,#391,.T.);
#5760=EDGE_CURVE('31625',#4414,#5248,#1572,.T.);
#5762=EDGE_CURVE('1436',#4414,#4415,#395,.T.);
#5764=EDGE_CURVE('1437',#4415,#4417,#399,.T.);
#5766=EDGE_CURVE('1438',#4417,#4419,#403,.T.);
#5768=EDGE_CURVE('1439',#4421,#4419,#407,.T.);
#5770=EDGE_CURVE('1457',#4404,#4421,#1334,.T.);
#5772=EDGE_CURVE('1432',#4404,#4405,#411,.T.);
#5774=EDGE_CURVE('1433',#4405,#4407,#415,.T.);
#5776=EDGE_CURVE('1434',#4407,#4409,#419,.T.);
#5778=EDGE_CURVE('1435',#4411,#4409,#423,.T.);
#5780=EDGE_CURVE('31162',#5210,#4411,#1548,.T.);
#5782=EDGE_CURVE('31165',#5210,#5204,#427,.T.);
#5784=EDGE_CURVE('31110',#5204,#5205,#432,.T.);
#5786=EDGE_CURVE('31166',#5205,#5218,#436,.T.);
#5788=EDGE_CURVE('31161',#4072,#5218,#1296,.T.);
#5791=EDGE_CURVE('106',#4096,#4097,#440,.T.);
#5793=EDGE_CURVE('122',#4096,#4093,#444,.T.);
#5795=EDGE_CURVE('105',#4091,#4093,#448,.T.);
#5797=EDGE_CURVE('104',#4090,#4091,#453,.T.);
#5799=EDGE_CURVE('31876',#5192,#4090,#457,.T.);
#5801=EDGE_CURVE('24355',#5192,#5193,#461,.T.);
#5803=EDGE_CURVE('24356',#5193,#5195,#465,.T.);
#5805=EDGE_CURVE('31875',#4087,#5195,#469,.T.);
#5807=EDGE_CURVE('102',#4085,#4087,#474,.T.);
#5809=EDGE_CURVE('101',#4084,#4085,#478,.T.);
#5811=EDGE_CURVE('123',#4084,#4081,#482,.T.);
#5813=EDGE_CURVE('100',#4080,#4081,#486,.T.);
#5815=EDGE_CURVE('120',#4080,#4076,#755,.T.);
#5819=EDGE_CURVE('291',#4160,#4161,#347,.T.);
#5821=EDGE_CURVE('292',#4161,#4163,#351,.T.);
#5823=EDGE_CURVE('293',#4163,#4165,#356,.T.);
#5825=EDGE_CURVE('294',#4165,#4160,#360,.T.);
#5842=EDGE_CURVE('660',#4161,#4221,#502,.T.);
#5845=EDGE_CURVE('658',#4160,#4220,#490,.T.);
#5855=EDGE_CURVE('1236',#4348,#4349,#3985,.T.);
#5857=EDGE_CURVE('1244',#4217,#4348,#510,.T.);
#5859=EDGE_CURVE('416',#4216,#4217,#572,.T.);
#5861=EDGE_CURVE('1243',#4216,#4349,#494,.T.);
#5872=EDGE_CURVE('780',#4163,#4273,#518,.T.);
#5884=EDGE_CURVE('1238',#4353,#4348,#3998,.T.);
#5886=EDGE_CURVE('1245',#4271,#4353,#514,.T.);
#5888=EDGE_CURVE('776',#4217,#4271,#506,.T.);
#5899=EDGE_CURVE('1329',#4271,#4393,#577,.T.);
#5902=EDGE_CURVE('1240',#4357,#4353,#4013,.T.);
#5904=EDGE_CURVE('1246',#4275,#4357,#3957,.T.);
#5906=EDGE_CURVE('1330',#4393,#4275,#567,.T.);
#5918=EDGE_CURVE('782',#4165,#4277,#3949,.T.);
#5930=EDGE_CURVE('544',#4186,#4241,#522,.T.);
#5932=EDGE_CURVE('478',#4240,#4241,#639,.T.);
#5934=EDGE_CURVE('545',#4240,#4203,#526,.T.);
#5936=EDGE_CURVE('369',#4203,#4176,#530,.T.);
#5938=EDGE_CURVE('315',#4176,#4177,#535,.T.);
#5940=EDGE_CURVE('316',#4177,#4179,#539,.T.);
#5942=EDGE_CURVE('1481',#4179,#4205,#543,.T.);
#5944=EDGE_CURVE('366',#4205,#4187,#548,.T.);
#5946=EDGE_CURVE('347',#4186,#4187,#2277,.T.);
#5962=EDGE_CURVE('1319',#4392,#4393,#562,.T.);
#5965=EDGE_CURVE('778',#4275,#4216,#3953,.T.);
#5970=EDGE_CURVE('1337',#4393,#4395,#581,.T.);
#5972=EDGE_CURVE('1321',#4388,#4395,#585,.T.);
#5974=EDGE_CURVE('1326',#4388,#4269,#683,.T.);
#5976=EDGE_CURVE('789',#4269,#4209,#589,.T.);
#5978=EDGE_CURVE('406',#4208,#4209,#2301,.T.);
#5980=EDGE_CURVE('1545',#4208,#4464,#594,.T.);
#5986=EDGE_CURVE('788',#4225,#4263,#615,.T.);
#5988=EDGE_CURVE('1325',#4263,#4377,#663,.T.);
#5990=EDGE_CURVE('1320',#4377,#4392,#619,.T.);
#6001=EDGE_CURVE('510',#4132,#4237,#635,.T.);
#6003=EDGE_CURVE('177',#4132,#4124,#2455,.T.);
#6005=EDGE_CURVE('361',#4190,#4124,#2289,.T.);
#6016=EDGE_CURVE('360',#4120,#4186,#2305,.T.);
#6018=EDGE_CURVE('175',#4128,#4120,#2467,.T.);
#6020=EDGE_CURVE('511',#4241,#4128,#643,.T.);
#6031=EDGE_CURVE('509',#4236,#4081,#627,.T.);
#6034=EDGE_CURVE('164',#4132,#4084,#631,.T.);
#6047=EDGE_CURVE('163',#4100,#4128,#647,.T.);
#6049=EDGE_CURVE('125',#4100,#4117,#651,.T.);
#6051=EDGE_CURVE('508',#4117,#4240,#655,.T.);
#6061=EDGE_CURVE('1313',#4376,#4377,#659,.T.);
#6064=EDGE_CURVE('758',#4115,#4263,#667,.T.);
#6066=EDGE_CURVE('124',#4115,#4109,#671,.T.);
#6068=EDGE_CURVE('165',#4109,#4147,#675,.T.);
#6070=EDGE_CURVE('761',#4269,#4147,#679,.T.);
#6073=EDGE_CURVE('1317',#4388,#4389,#687,.T.);
#6075=EDGE_CURVE('1318',#4389,#4376,#691,.T.);
#6085=EDGE_CURVE('1314',#4380,#4381,#695,.T.);
#6087=EDGE_CURVE('1315',#4381,#4383,#699,.T.);
#6089=EDGE_CURVE('1316',#4383,#4385,#703,.T.);
#6092=EDGE_CURVE('760',#4149,#4267,#711,.T.);
#6094=EDGE_CURVE('166',#4149,#4093,#715,.T.);
#6097=EDGE_CURVE('759',#4265,#4096,#719,.T.);
#6109=EDGE_CURVE('358',#4080,#4201,#759,.T.);
#6121=EDGE_CURVE('32081',#4113,#4117,#1033,.T.);
#6123=EDGE_CURVE('359',#4203,#4113,#743,.T.);
#6135=EDGE_CURVE('474',#4228,#4229,#727,.T.);
#6137=EDGE_CURVE('475',#4229,#4231,#731,.T.);
#6139=EDGE_CURVE('476',#4233,#4231,#735,.T.);
#6141=EDGE_CURVE('527',#4233,#4203,#739,.T.);
#6144=EDGE_CURVE('121',#4077,#4113,#747,.T.);
#6146=EDGE_CURVE('34',#4076,#4077,#751,.T.);
#6150=EDGE_CURVE('526',#4201,#4228,#763,.T.);
#6160=EDGE_CURVE('829',#4296,#4307,#767,.T.);
#6162=EDGE_CURVE('861',#4229,#4307,#871,.T.);
#6165=EDGE_CURVE('851',#4228,#4296,#780,.T.);
#6175=EDGE_CURVE('823',#4296,#4297,#776,.T.);
#6177=EDGE_CURVE('825',#4297,#4302,#802,.T.);
#6179=EDGE_CURVE('827',#4302,#4305,#834,.T.);
#6181=EDGE_CURVE('1490',#4305,#4337,#895,.T.);
#6183=EDGE_CURVE('880',#4281,#4337,#867,.T.);
#6185=EDGE_CURVE('798',#4280,#4281,#1731,.T.);
#6187=EDGE_CURVE('879',#4280,#4335,#771,.T.);
#6189=EDGE_CURVE('1489',#4335,#4307,#876,.T.);
#6204=EDGE_CURVE('856',#4297,#4182,#806,.T.);
#6214=EDGE_CURVE('824',#4300,#4301,#785,.T.);
#6216=EDGE_CURVE('855',#4176,#4300,#822,.T.);
#6220=EDGE_CURVE('852',#4233,#4301,#789,.T.);
#6233=EDGE_CURVE('857',#4302,#4183,#838,.T.);
#6243=EDGE_CURVE('826',#4303,#4300,#818,.T.);
#6245=EDGE_CURVE('853',#4303,#4252,#855,.T.);
#6247=EDGE_CURVE('522',#4177,#4252,#830,.T.);
#6259=EDGE_CURVE('504',#4252,#4253,#826,.T.);
#6261=EDGE_CURVE('1487',#4179,#4253,#885,.T.);
#6273=EDGE_CURVE('1500',#4305,#4461,#899,.T.);
#6278=EDGE_CURVE('1495',#4461,#4446,#842,.T.);
#6288=EDGE_CURVE('835',#4303,#4309,#846,.T.);
#6290=EDGE_CURVE('864',#4309,#4253,#850,.T.);
#6302=EDGE_CURVE('836',#4301,#4311,#859,.T.);
#6306=EDGE_CURVE('863',#4231,#4311,#863,.T.);
#6318=EDGE_CURVE('1492',#4311,#4335,#881,.T.);
#6321=EDGE_CURVE('799',#4281,#4280,#1736,.T.);
#6324=EDGE_CURVE('1491',#4337,#4309,#890,.T.);
#6349=EDGE_CURVE('1499',#4205,#4459,#907,.T.);
#6357=EDGE_CURVE('1496',#4459,#4461,#903,.T.);
#6367=EDGE_CURVE('1494',#4459,#4449,#961,.T.);
#6370=EDGE_CURVE('349',#4191,#4187,#2281,.T.);
#6382=EDGE_CURVE('31967',#4423,#5261,#1326,.T.);
#6384=EDGE_CURVE('31957',#5260,#5261,#1846,.T.);
#6386=EDGE_CURVE('31958',#5260,#5263,#1893,.T.);
#6388=EDGE_CURVE('31959',#5263,#5265,#1880,.T.);
#6390=EDGE_CURVE('31968',#5265,#4425,#1556,.T.);
#6392=EDGE_CURVE('1470',#4453,#4425,#931,.T.);
#6394=EDGE_CURVE('1469',#4443,#4453,#935,.T.);
#6398=EDGE_CURVE('1582',#4440,#4483,#940,.T.);
#6400=EDGE_CURVE('1468',#4451,#4440,#944,.T.);
#6402=EDGE_CURVE('1467',#4423,#4451,#948,.T.);
#6406=EDGE_CURVE('1446',#4432,#4433,#912,.T.);
#6408=EDGE_CURVE('1447',#4433,#4432,#917,.T.);
#6418=EDGE_CURVE('31973',#4427,#5269,#1564,.T.);
#6420=EDGE_CURVE('31960',#5268,#5269,#1207,.T.);
#6422=EDGE_CURVE('31961',#5268,#5271,#1238,.T.);
#6424=EDGE_CURVE('31962',#5271,#5273,#1191,.T.);
#6426=EDGE_CURVE('31974',#5273,#4429,#1342,.T.);
#6428=EDGE_CURVE('1474',#4457,#4429,#952,.T.);
#6430=EDGE_CURVE('1473',#4449,#4457,#956,.T.);
#6435=EDGE_CURVE('1472',#4455,#4446,#965,.T.);
#6437=EDGE_CURVE('1471',#4427,#4455,#969,.T.);
#6441=EDGE_CURVE('1448',#4436,#4437,#922,.T.);
#6443=EDGE_CURVE('1449',#4437,#4436,#927,.T.);
#6454=EDGE_CURVE('1459',#4432,#4152,#973,.T.);
#6456=EDGE_CURVE('246',#4152,#4153,#982,.T.);
#6458=EDGE_CURVE('1460',#4433,#4153,#977,.T.);
#6470=EDGE_CURVE('247',#4153,#4152,#987,.T.);
#6481=EDGE_CURVE('32063',#5255,#5297,#1001,.T.);
#6483=EDGE_CURVE('32075',#5293,#5297,#1005,.T.);
#6485=EDGE_CURVE('32062',#5257,#5293,#1009,.T.);
#6487=EDGE_CURVE('31879',#5257,#5253,#1013,.T.);
#6489=EDGE_CURVE('32069',#5253,#5305,#1017,.T.);
#6491=EDGE_CURVE('32074',#5301,#5305,#1021,.T.);
#6493=EDGE_CURVE('32068',#5245,#5301,#1025,.T.);
#6495=EDGE_CURVE('31880',#5245,#4077,#1029,.T.);
#6500=EDGE_CURVE('108',#4100,#4101,#1037,.T.);
#6502=EDGE_CURVE('109',#4101,#4103,#1042,.T.);
#6504=EDGE_CURVE('110',#4103,#4105,#1046,.T.);
#6506=EDGE_CURVE('111',#4105,#4107,#1051,.T.);
#6508=EDGE_CURVE('112',#4107,#4109,#1055,.T.);
#6511=EDGE_CURVE('32079',#4115,#4111,#1059,.T.);
#6514=EDGE_CURVE('31163',#4073,#5223,#1063,.T.);
#6516=EDGE_CURVE('32051',#5223,#5281,#1067,.T.);
#6518=EDGE_CURVE('32077',#5277,#5281,#1071,.T.);
#6520=EDGE_CURVE('32050',#5215,#5277,#1075,.T.);
#6522=EDGE_CURVE('31221',#5215,#5227,#1079,.T.);
#6524=EDGE_CURVE('32059',#5227,#5289,#1083,.T.);
#6526=EDGE_CURVE('32076',#5285,#5289,#1087,.T.);
#6528=EDGE_CURVE('32058',#5229,#5285,#1091,.T.);
#6530=EDGE_CURVE('31222',#5229,#4953,#1095,.T.);
#6532=EDGE_CURVE('17760',#4951,#4953,#1099,.T.);
#6534=EDGE_CURVE('17777',#4951,#4909,#2689,.T.);
#6536=EDGE_CURVE('17594',#4905,#4909,#1103,.T.);
#6538=EDGE_CURVE('17772',#4933,#4905,#1107,.T.);
#6540=EDGE_CURVE('17750',#4932,#4933,#1111,.T.);
#6542=EDGE_CURVE('24779',#4932,#5117,#1115,.T.);
#6544=EDGE_CURVE('20471',#5115,#5117,#1119,.T.);
#6546=EDGE_CURVE('20489',#5115,#5001,#3117,.T.);
#6548=EDGE_CURVE('17903',#4999,#5001,#1123,.T.);
#6550=EDGE_CURVE('20484',#5097,#4999,#1127,.T.);
#6552=EDGE_CURVE('20461',#5096,#5097,#1131,.T.);
#6554=EDGE_CURVE('24781',#5096,#5149,#1135,.T.);
#6556=EDGE_CURVE('20595',#5147,#5149,#1139,.T.);
#6558=EDGE_CURVE('20613',#5147,#5045,#3545,.T.);
#6560=EDGE_CURVE('18037',#5043,#5045,#1143,.T.);
#6562=EDGE_CURVE('20608',#5129,#5043,#1147,.T.);
#6564=EDGE_CURVE('20585',#5128,#5129,#1151,.T.);
#6566=EDGE_CURVE('24783',#5128,#5181,#1155,.T.);
#6568=EDGE_CURVE('20719',#5179,#5181,#1159,.T.);
#6570=EDGE_CURVE('20737',#5179,#5089,#1949,.T.);
#6572=EDGE_CURVE('18171',#5087,#5089,#1163,.T.);
#6574=EDGE_CURVE('20732',#5161,#5087,#1167,.T.);
#6576=EDGE_CURVE('20709',#5160,#5161,#1171,.T.);
#6578=EDGE_CURVE('31877',#5160,#5255,#1175,.T.);
#6586=EDGE_CURVE('248',#4156,#4157,#992,.T.);
#6588=EDGE_CURVE('249',#4157,#4156,#997,.T.);
#6599=EDGE_CURVE('1461',#4436,#4156,#1179,.T.);
#6602=EDGE_CURVE('1462',#4437,#4157,#1183,.T.);
#6624=EDGE_CURVE('32033',#5296,#5297,#1187,.T.);
#6627=EDGE_CURVE('31972',#5273,#5255,#1346,.T.);
#6630=EDGE_CURVE('31970',#5271,#5231,#1195,.T.);
#6632=EDGE_CURVE('32061',#5231,#5296,#1199,.T.);
#6642=EDGE_CURVE('32031',#5292,#5293,#1203,.T.);
#6646=EDGE_CURVE('32035',#5292,#5296,#1212,.T.);
#6656=EDGE_CURVE('32038',#5300,#5301,#1783,.T.);
#6659=EDGE_CURVE('32040',#5304,#5305,#1817,.T.);
#6661=EDGE_CURVE('32045',#5300,#5304,#1792,.T.);
#6672=EDGE_CURVE('32060',#5230,#5292,#1233,.T.);
#6674=EDGE_CURVE('31969',#5268,#5230,#1242,.T.);
#6677=EDGE_CURVE('31971',#5269,#5257,#1560,.T.);
#6690=EDGE_CURVE('31525',#5230,#5231,#1229,.T.);
#6713=EDGE_CURVE('31147',#5218,#5219,#1278,.T.);
#6715=EDGE_CURVE('31160',#5219,#4329,#1283,.T.);
#6717=EDGE_CURVE('31157',#4329,#5222,#1288,.T.);
#6719=EDGE_CURVE('31148',#5222,#5223,#1292,.T.);
#6732=EDGE_CURVE('31609',#5240,#5241,#1300,.T.);
#6737=EDGE_CURVE('31610',#5244,#5245,#1308,.T.);
#6739=EDGE_CURVE('31622',#5244,#4327,#1313,.T.);
#6741=EDGE_CURVE('31623',#4327,#5241,#1318,.T.);
#6751=EDGE_CURVE('31965',#5261,#5229,#1322,.T.);
#6754=EDGE_CURVE('1442',#4404,#4423,#1330,.T.);
#6757=EDGE_CURVE('1445',#4421,#4429,#1338,.T.);
#6762=EDGE_CURVE('20712',#5165,#5160,#1350,.T.);
#6764=EDGE_CURVE('20725',#5061,#5165,#1354,.T.);
#6766=EDGE_CURVE('18182',#5065,#5061,#2077,.T.);
#6768=EDGE_CURVE('20727',#5168,#5065,#1358,.T.);
#6770=EDGE_CURVE('20716',#5173,#5168,#1362,.T.);
#6772=EDGE_CURVE('20726',#5093,#5173,#1366,.T.);
#6774=EDGE_CURVE('18181',#4828,#5093,#2097,.T.);
#6776=EDGE_CURVE('12781',#4828,#4829,#1370,.T.);
#6778=EDGE_CURVE('18180',#5091,#4829,#1985,.T.);
#6780=EDGE_CURVE('20729',#5184,#5091,#1374,.T.);
#6782=EDGE_CURVE('20724',#5189,#5184,#1378,.T.);
#6784=EDGE_CURVE('20728',#5053,#5189,#1382,.T.);
#6786=EDGE_CURVE('18179',#5057,#5053,#1981,.T.);
#6788=EDGE_CURVE('20730',#5176,#5057,#1386,.T.);
#6790=EDGE_CURVE('20720',#5181,#5176,#1390,.T.);
#6793=EDGE_CURVE('20588',#5133,#5128,#1394,.T.);
#6795=EDGE_CURVE('20601',#5017,#5133,#1398,.T.);
#6797=EDGE_CURVE('18048',#5021,#5017,#3673,.T.);
#6799=EDGE_CURVE('20603',#5136,#5021,#1402,.T.);
#6801=EDGE_CURVE('20592',#5141,#5136,#1406,.T.);
#6803=EDGE_CURVE('20602',#5049,#5141,#1410,.T.);
#6805=EDGE_CURVE('18047',#4800,#5049,#3693,.T.);
#6807=EDGE_CURVE('12699',#4800,#4801,#1414,.T.);
#6809=EDGE_CURVE('18046',#5047,#4801,#3581,.T.);
#6811=EDGE_CURVE('20605',#5152,#5047,#1418,.T.);
#6813=EDGE_CURVE('20600',#5157,#5152,#1422,.T.);
#6815=EDGE_CURVE('20604',#5009,#5157,#1426,.T.);
#6817=EDGE_CURVE('18045',#5013,#5009,#3577,.T.);
#6819=EDGE_CURVE('20606',#5144,#5013,#1430,.T.);
#6821=EDGE_CURVE('20596',#5149,#5144,#1434,.T.);
#6824=EDGE_CURVE('20464',#5101,#5096,#1438,.T.);
#6826=EDGE_CURVE('20477',#4973,#5101,#1442,.T.);
#6828=EDGE_CURVE('17914',#4977,#4973,#3245,.T.);
#6830=EDGE_CURVE('20479',#5104,#4977,#1446,.T.);
#6832=EDGE_CURVE('20468',#5109,#5104,#1450,.T.);
#6834=EDGE_CURVE('20478',#5005,#5109,#1454,.T.);
#6836=EDGE_CURVE('17913',#4772,#5005,#3265,.T.);
#6838=EDGE_CURVE('12617',#4772,#4773,#1458,.T.);
#6840=EDGE_CURVE('17912',#5003,#4773,#3153,.T.);
#6842=EDGE_CURVE('20481',#5120,#5003,#1462,.T.);
#6844=EDGE_CURVE('20476',#5125,#5120,#1466,.T.);
#6846=EDGE_CURVE('20480',#4965,#5125,#1470,.T.);
#6848=EDGE_CURVE('17911',#4969,#4965,#3149,.T.);
#6850=EDGE_CURVE('20482',#5112,#4969,#1474,.T.);
#6852=EDGE_CURVE('20472',#5117,#5112,#1478,.T.);
#6855=EDGE_CURVE('17753',#4937,#4932,#1482,.T.);
#6857=EDGE_CURVE('17766',#4896,#4937,#1486,.T.);
#6859=EDGE_CURVE('17604',#4900,#4896,#2817,.T.);
#6861=EDGE_CURVE('17768',#4940,#4900,#1490,.T.);
#6863=EDGE_CURVE('17757',#4945,#4940,#1494,.T.);
#6865=EDGE_CURVE('17767',#4925,#4945,#1498,.T.);
#6867=EDGE_CURVE('17603',#4568,#4925,#2837,.T.);
#6869=EDGE_CURVE('1976',#4568,#4569,#1502,.T.);
#6871=EDGE_CURVE('17602',#4923,#4569,#2725,.T.);
#6873=EDGE_CURVE('17770',#4956,#4923,#1506,.T.);
#6875=EDGE_CURVE('17765',#4961,#4956,#1510,.T.);
#6877=EDGE_CURVE('17769',#4888,#4961,#1514,.T.);
#6879=EDGE_CURVE('17601',#4892,#4888,#2721,.T.);
#6881=EDGE_CURVE('17771',#4948,#4892,#1518,.T.);
#6883=EDGE_CURVE('17761',#4953,#4948,#1522,.T.);
#6888=EDGE_CURVE('8003',#4596,#4597,#1246,.T.);
#6890=EDGE_CURVE('8004',#4597,#4599,#1250,.T.);
#6892=EDGE_CURVE('8005',#4599,#4601,#1254,.T.);
#6894=EDGE_CURVE('9297',#4601,#4596,#1258,.T.);
#6898=EDGE_CURVE('8006',#4604,#4605,#1262,.T.);
#6900=EDGE_CURVE('8007',#4605,#4607,#1266,.T.);
#6902=EDGE_CURVE('8008',#4607,#4609,#1270,.T.);
#6904=EDGE_CURVE('9262',#4609,#4604,#1274,.T.);
#6914=EDGE_CURVE('31966',#5265,#5227,#1526,.T.);
#6917=EDGE_CURVE('31146',#5214,#5215,#1530,.T.);
#6919=EDGE_CURVE('31158',#5214,#4331,#1535,.T.);
#6921=EDGE_CURVE('31159',#4331,#5211,#1540,.T.);
#6923=EDGE_CURVE('31145',#5210,#5211,#1544,.T.);
#6926=EDGE_CURVE('1443',#4411,#4425,#1552,.T.);
#6939=EDGE_CURVE('1444',#4414,#4427,#1568,.T.);
#6942=EDGE_CURVE('31611',#5248,#5249,#1576,.T.);
#6944=EDGE_CURVE('31624',#5249,#4325,#1581,.T.);
#6946=EDGE_CURVE('31621',#4325,#5252,#1586,.T.);
#6948=EDGE_CURVE('31612',#5252,#5253,#1590,.T.);
#6960=EDGE_CURVE('9298',#4596,#4580,#1594,.T.);
#6962=EDGE_CURVE('7979',#4580,#4581,#1610,.T.);
#6964=EDGE_CURVE('8025',#4597,#4581,#1606,.T.);
#6975=EDGE_CURVE('9299',#4601,#4585,#1598,.T.);
#6977=EDGE_CURVE('7982',#4585,#4580,#1614,.T.);
#6989=EDGE_CURVE('8026',#4599,#4583,#1602,.T.);
#6991=EDGE_CURVE('7981',#4583,#4585,#1618,.T.);
#7004=EDGE_CURVE('7980',#4581,#4583,#1622,.T.);
#7027=EDGE_CURVE('7983',#4588,#4589,#1626,.T.);
#7029=EDGE_CURVE('7986',#4593,#4588,#1630,.T.);
#7031=EDGE_CURVE('7985',#4591,#4593,#1634,.T.);
#7033=EDGE_CURVE('7984',#4589,#4591,#1638,.T.);
#7044=EDGE_CURVE('9263',#4609,#4588,#1642,.T.);
#7047=EDGE_CURVE('9264',#4604,#4589,#1654,.T.);
#7058=EDGE_CURVE('8028',#4607,#4593,#1646,.T.);
#7071=EDGE_CURVE('8027',#4605,#4591,#1650,.T.);
#7095=EDGE_CURVE('32018',#5280,#5281,#1658,.T.);
#7099=EDGE_CURVE('31168',#5219,#5222,#1708,.T.);
#7103=EDGE_CURVE('31123',#5205,#5207,#1662,.T.);
#7105=EDGE_CURVE('32048',#5207,#5280,#1666,.T.);
#7115=EDGE_CURVE('32015',#5276,#5277,#1670,.T.);
#7119=EDGE_CURVE('32022',#5276,#5280,#1679,.T.);
#7129=EDGE_CURVE('32025',#5284,#5285,#1842,.T.);
#7132=EDGE_CURVE('32027',#5288,#5289,#1876,.T.);
#7134=EDGE_CURVE('32029',#5284,#5288,#1851,.T.);
#7145=EDGE_CURVE('32047',#5206,#5276,#1700,.T.);
#7147=EDGE_CURVE('31121',#5204,#5206,#1704,.T.);
#7151=EDGE_CURVE('31167',#5211,#5214,#1674,.T.);
#7165=EDGE_CURVE('31115',#5206,#5207,#1696,.T.);
#7188=EDGE_CURVE('31153',#5222,#5214,#1713,.T.);
#7191=EDGE_CURVE('31154',#5211,#5219,#1722,.T.);
#7204=EDGE_CURVE('869',#4329,#4292,#1717,.T.);
#7206=EDGE_CURVE('821',#4292,#4293,#1761,.T.);
#7208=EDGE_CURVE('870',#4331,#4293,#1726,.T.);
#7222=EDGE_CURVE('822',#4293,#4292,#1766,.T.);
#7238=EDGE_CURVE('819',#4288,#4289,#1751,.T.);
#7240=EDGE_CURVE('820',#4289,#4288,#1756,.T.);
#7264=EDGE_CURVE('31617',#5252,#5244,#1771,.T.);
#7267=EDGE_CURVE('859',#4325,#4288,#1775,.T.);
#7270=EDGE_CURVE('860',#4327,#4289,#1838,.T.);
#7282=EDGE_CURVE('31632',#5241,#5244,#1787,.T.);
#7284=EDGE_CURVE('31618',#5241,#5249,#1834,.T.);
#7286=EDGE_CURVE('31631',#5249,#5252,#1779,.T.);
#7297=EDGE_CURVE('32065',#5236,#5300,#1813,.T.);
#7299=EDGE_CURVE('31587',#5234,#5236,#1829,.T.);
#7315=EDGE_CURVE('32067',#5237,#5304,#1825,.T.);
#7317=EDGE_CURVE('31580',#5236,#5237,#1809,.T.);
#7334=EDGE_CURVE('31589',#5235,#5237,#1821,.T.);
#7372=EDGE_CURVE('32056',#5224,#5284,#1872,.T.);
#7374=EDGE_CURVE('31963',#5260,#5224,#1897,.T.);
#7388=EDGE_CURVE('32057',#5225,#5288,#1888,.T.);
#7390=EDGE_CURVE('31184',#5224,#5225,#1868,.T.);
#7405=EDGE_CURVE('31964',#5263,#5225,#1884,.T.);
#7431=EDGE_CURVE('1475',#4405,#4451,#1901,.T.);
#7445=EDGE_CURVE('1476',#4407,#4441,#1905,.T.);
#7459=EDGE_CURVE('1477',#4409,#4453,#1909,.T.);
#7482=EDGE_CURVE('1480',#4419,#4457,#1913,.T.);
#7495=EDGE_CURVE('1479',#4417,#4447,#1917,.T.);
#7509=EDGE_CURVE('1478',#4415,#4455,#1921,.T.);
#7535=EDGE_CURVE('20710',#5163,#5161,#1925,.T.);
#7537=EDGE_CURVE('20711',#5163,#5165,#2101,.T.);
#7550=EDGE_CURVE('18160',#5083,#5087,#1933,.T.);
#7552=EDGE_CURVE('18158',#5083,#5079,#2122,.T.);
#7554=EDGE_CURVE('20731',#5163,#5079,#1929,.T.);
#7566=EDGE_CURVE('18163',#5085,#5089,#1937,.T.);
#7568=EDGE_CURVE('18170',#5085,#5083,#1941,.T.);
#7578=EDGE_CURVE('20718',#5179,#5177,#1945,.T.);
#7580=EDGE_CURVE('20738',#5177,#5081,#1957,.T.);
#7582=EDGE_CURVE('18159',#5085,#5081,#2127,.T.);
#7594=EDGE_CURVE('20717',#5176,#5177,#1953,.T.);
#7609=EDGE_CURVE('18144',#5056,#5057,#1977,.T.);
#7611=EDGE_CURVE('18157',#5081,#5056,#2113,.T.);
#7622=EDGE_CURVE('18142',#5052,#5053,#1961,.T.);
#7624=EDGE_CURVE('18177',#5052,#4872,#1965,.T.);
#7626=EDGE_CURVE('14416',#4872,#4873,#1969,.T.);
#7628=EDGE_CURVE('18168',#4873,#5056,#1973,.T.);
#7640=EDGE_CURVE('18203',#5091,#4815,#2025,.T.);
#7643=EDGE_CURVE('12808',#4829,#4817,#1989,.T.);
#7645=EDGE_CURVE('12750',#4817,#4812,#1993,.T.);
#7647=EDGE_CURVE('12742',#4812,#4813,#1997,.T.);
#7649=EDGE_CURVE('12743',#4813,#4815,#2001,.T.);
#7659=EDGE_CURVE('20723',#5187,#5189,#2005,.T.);
#7661=EDGE_CURVE('20735',#5187,#5077,#2225,.T.);
#7663=EDGE_CURVE('18154',#5052,#5077,#2183,.T.);
#7675=EDGE_CURVE('20721',#5184,#5185,#2021,.T.);
#7677=EDGE_CURVE('20722',#5187,#5185,#2221,.T.);
#7689=EDGE_CURVE('20715',#5171,#5173,#2009,.T.);
#7691=EDGE_CURVE('20733',#5171,#5069,#2207,.T.);
#7693=EDGE_CURVE('18167',#5069,#5073,#2013,.T.);
#7695=EDGE_CURVE('20736',#5185,#5073,#2017,.T.);
#7700=EDGE_CURVE('12815',#4815,#4836,#2029,.T.);
#7702=EDGE_CURVE('12804',#4753,#4836,#3901,.T.);
#7704=EDGE_CURVE('11549',#4751,#4753,#2033,.T.);
#7706=EDGE_CURVE('12803',#4751,#4833,#2037,.T.);
#7708=EDGE_CURVE('12816',#4833,#4823,#2041,.T.);
#7710=EDGE_CURVE('18202',#4823,#5093,#2045,.T.);
#7721=EDGE_CURVE('20713',#5168,#5169,#2049,.T.);
#7723=EDGE_CURVE('20714',#5171,#5169,#2203,.T.);
#7737=EDGE_CURVE('18147',#5064,#5065,#2073,.T.);
#7739=EDGE_CURVE('18153',#5064,#5075,#2179,.T.);
#7741=EDGE_CURVE('20734',#5169,#5075,#2053,.T.);
#7751=EDGE_CURVE('18145',#5060,#5061,#2057,.T.);
#7753=EDGE_CURVE('18169',#4877,#5060,#2061,.T.);
#7755=EDGE_CURVE('14424',#4876,#4877,#2065,.T.);
#7757=EDGE_CURVE('18178',#5064,#4876,#2069,.T.);
#7770=EDGE_CURVE('12753',#4821,#4823,#2081,.T.);
#7772=EDGE_CURVE('12752',#4820,#4821,#2085,.T.);
#7774=EDGE_CURVE('12760',#4825,#4820,#2089,.T.);
#7776=EDGE_CURVE('12810',#4828,#4825,#2093,.T.);
#7789=EDGE_CURVE('18156',#5060,#5079,#2105,.T.);
#7802=EDGE_CURVE('23152',#4885,#5079,#2135,.T.);
#7804=EDGE_CURVE('14448',#4883,#4885,#2229,.T.);
#7806=EDGE_CURVE('14463',#4883,#4877,#2109,.T.);
#7819=EDGE_CURVE('14462',#4873,#4881,#2117,.T.);
#7821=EDGE_CURVE('14446',#4880,#4881,#2151,.T.);
#7823=EDGE_CURVE('23151',#5081,#4880,#2131,.T.);
#7837=EDGE_CURVE('14449',#4885,#4880,#2139,.T.);
#7849=EDGE_CURVE('14450',#4740,#4880,#2159,.T.);
#7851=EDGE_CURVE('11546',#4745,#4740,#2143,.T.);
#7853=EDGE_CURVE('14453',#4745,#4885,#2147,.T.);
#7864=EDGE_CURVE('14451',#4741,#4881,#2171,.T.);
#7866=EDGE_CURVE('11543',#4740,#4741,#2155,.T.);
#7877=EDGE_CURVE('14447',#4881,#4883,#2163,.T.);
#7879=EDGE_CURVE('14452',#4743,#4883,#2237,.T.);
#7881=EDGE_CURVE('11544',#4741,#4743,#2167,.T.);
#7895=EDGE_CURVE('14437',#4872,#4876,#2175,.T.);
#7912=EDGE_CURVE('18176',#5075,#5077,#2187,.T.);
#7922=EDGE_CURVE('18152',#5068,#5075,#2191,.T.);
#7925=EDGE_CURVE('18155',#5072,#5077,#2195,.T.);
#7927=EDGE_CURVE('18166',#5072,#5068,#2199,.T.);
#7940=EDGE_CURVE('18149',#5068,#5069,#2212,.T.);
#7953=EDGE_CURVE('18150',#5072,#5073,#2217,.T.);
#7979=EDGE_CURVE('11545',#4743,#4745,#2233,.T.);
#7990=EDGE_CURVE('9549',#4676,#4677,#2241,.T.);
#7992=EDGE_CURVE('9552',#4681,#4676,#2245,.T.);
#7994=EDGE_CURVE('9551',#4679,#4681,#2249,.T.);
#7996=EDGE_CURVE('9550',#4677,#4679,#2253,.T.);
#8012=EDGE_CURVE('9553',#4684,#4685,#2257,.T.);
#8014=EDGE_CURVE('9556',#4689,#4684,#2261,.T.);
#8016=EDGE_CURVE('9555',#4687,#4689,#2265,.T.);
#8018=EDGE_CURVE('9554',#4685,#4687,#2269,.T.);
#8022=EDGE_CURVE('11547',#4748,#4749,#3889,.T.);
#8024=EDGE_CURVE('11548',#4749,#4751,#3917,.T.);
#8027=EDGE_CURVE('11550',#4753,#4748,#3897,.T.);
#8037=EDGE_CURVE('9573',#4692,#4693,#2405,.T.);
#8039=EDGE_CURVE('9581',#4692,#4676,#2273,.T.);
#8042=EDGE_CURVE('9582',#4693,#4677,#3853,.T.);
#8056=EDGE_CURVE('141',#4124,#4125,#2451,.T.);
#8058=EDGE_CURVE('423',#4213,#4125,#2493,.T.);
#8061=EDGE_CURVE('1535',#4212,#4208,#2297,.T.);
#8064=EDGE_CURVE('422',#4121,#4209,#2489,.T.);
#8066=EDGE_CURVE('136',#4120,#4121,#2471,.T.);
#8071=EDGE_CURVE('1844',#4504,#4505,#2309,.T.);
#8073=EDGE_CURVE('1845',#4505,#4507,#2313,.T.);
#8075=EDGE_CURVE('1846',#4507,#4509,#2317,.T.);
#8077=EDGE_CURVE('1847',#4509,#4504,#2321,.T.);
#8081=EDGE_CURVE('1848',#4512,#4513,#2325,.T.);
#8083=EDGE_CURVE('1849',#4513,#4515,#2329,.T.);
#8085=EDGE_CURVE('1850',#4515,#4517,#2333,.T.);
#8087=EDGE_CURVE('1851',#4517,#4512,#2337,.T.);
#8091=EDGE_CURVE('9473',#4628,#4629,#2341,.T.);
#8093=EDGE_CURVE('9474',#4629,#4631,#2345,.T.);
#8095=EDGE_CURVE('9475',#4631,#4633,#2349,.T.);
#8097=EDGE_CURVE('9476',#4633,#4628,#2353,.T.);
#8101=EDGE_CURVE('9477',#4636,#4637,#2357,.T.);
#8103=EDGE_CURVE('9478',#4637,#4639,#2361,.T.);
#8105=EDGE_CURVE('9479',#4639,#4641,#2365,.T.);
#8107=EDGE_CURVE('9480',#4641,#4636,#2369,.T.);
#8111=EDGE_CURVE('9523',#4660,#4661,#2373,.T.);
#8113=EDGE_CURVE('9524',#4661,#4663,#2377,.T.);
#8115=EDGE_CURVE('9525',#4663,#4665,#2381,.T.);
#8117=EDGE_CURVE('9526',#4665,#4660,#2385,.T.);
#8121=EDGE_CURVE('9527',#4668,#4669,#2389,.T.);
#8123=EDGE_CURVE('9528',#4669,#4671,#2393,.T.);
#8125=EDGE_CURVE('9529',#4671,#4673,#2397,.T.);
#8127=EDGE_CURVE('9530',#4673,#4668,#2401,.T.);
#8132=EDGE_CURVE('9574',#4693,#4695,#2409,.T.);
#8134=EDGE_CURVE('9575',#4695,#4697,#2413,.T.);
#8136=EDGE_CURVE('9576',#4697,#4692,#2417,.T.);
#8140=EDGE_CURVE('9577',#4700,#4701,#2421,.T.);
#8142=EDGE_CURVE('9578',#4701,#4703,#2425,.T.);
#8144=EDGE_CURVE('9579',#4703,#4705,#2429,.T.);
#8146=EDGE_CURVE('9580',#4705,#4700,#2433,.T.);
#8156=EDGE_CURVE('154',#4132,#4133,#2463,.T.);
#8158=EDGE_CURVE('156',#4133,#4137,#2438,.T.);
#8160=EDGE_CURVE('158',#4137,#4141,#2537,.T.);
#8162=EDGE_CURVE('160',#4141,#4145,#2443,.T.);
#8164=EDGE_CURVE('162',#4145,#4149,#2505,.T.);
#8166=EDGE_CURVE('178',#4125,#4149,#2447,.T.);
#8178=EDGE_CURVE('153',#4128,#4129,#2459,.T.);
#8180=EDGE_CURVE('167',#4101,#4129,#2549,.T.);
#8195=EDGE_CURVE('168',#4133,#4085,#2553,.T.);
#8208=EDGE_CURVE('176',#4121,#4147,#2475,.T.);
#8210=EDGE_CURVE('161',#4143,#4147,#2497,.T.);
#8212=EDGE_CURVE('159',#4139,#4143,#2480,.T.);
#8214=EDGE_CURVE('157',#4135,#4139,#2521,.T.);
#8216=EDGE_CURVE('155',#4129,#4135,#2485,.T.);
#8253=EDGE_CURVE('173',#4107,#4143,#2501,.T.);
#8264=EDGE_CURVE('174',#4145,#4091,#2509,.T.);
#8279=EDGE_CURVE('171',#4105,#4139,#2513,.T.);
#8290=EDGE_CURVE('172',#4141,#4090,#2517,.T.);
#8305=EDGE_CURVE('169',#4103,#4135,#2525,.T.);
#8315=EDGE_CURVE('24357',#5198,#5199,#2529,.T.);
#8317=EDGE_CURVE('24358',#5192,#5198,#2533,.T.);
#8322=EDGE_CURVE('170',#4137,#4087,#2541,.T.);
#8325=EDGE_CURVE('24359',#5195,#5199,#2545,.T.);
#8360=EDGE_CURVE('24363',#5201,#5199,#2557,.T.);
#8362=EDGE_CURVE('24362',#5198,#5201,#2561,.T.);
#8373=EDGE_CURVE('24364',#5193,#5201,#2565,.T.);
#8411=EDGE_CURVE('1868',#4504,#4488,#2569,.T.);
#8413=EDGE_CURVE('1820',#4488,#4489,#2585,.T.);
#8415=EDGE_CURVE('1869',#4505,#4489,#2581,.T.);
#8426=EDGE_CURVE('1871',#4509,#4493,#2573,.T.);
#8428=EDGE_CURVE('1823',#4493,#4488,#2589,.T.);
#8440=EDGE_CURVE('1870',#4507,#4491,#2577,.T.);
#8442=EDGE_CURVE('1822',#4491,#4493,#2593,.T.);
#8455=EDGE_CURVE('1821',#4489,#4491,#2597,.T.);
#8472=EDGE_CURVE('1852',#4520,#4521,#2637,.T.);
#8474=EDGE_CURVE('1853',#4521,#4523,#2849,.T.);
#8476=EDGE_CURVE('1854',#4523,#4525,#2861,.T.);
#8478=EDGE_CURVE('1855',#4525,#4520,#2873,.T.);
#8488=EDGE_CURVE('1824',#4496,#4497,#2601,.T.);
#8490=EDGE_CURVE('1827',#4501,#4496,#2605,.T.);
#8492=EDGE_CURVE('1826',#4499,#4501,#2609,.T.);
#8494=EDGE_CURVE('1825',#4497,#4499,#2613,.T.);
#8498=EDGE_CURVE('1856',#4528,#4529,#2977,.T.);
#8500=EDGE_CURVE('1857',#4529,#4531,#2961,.T.);
#8502=EDGE_CURVE('1858',#4531,#4533,#2773,.T.);
#8504=EDGE_CURVE('1859',#4533,#4528,#2985,.T.);
#8515=EDGE_CURVE('1872',#4512,#4496,#2617,.T.);
#8518=EDGE_CURVE('1873',#4513,#4497,#2629,.T.);
#8529=EDGE_CURVE('1875',#4517,#4501,#2621,.T.);
#8542=EDGE_CURVE('1874',#4515,#4499,#2625,.T.);
#8566=EDGE_CURVE('1915',#4544,#4545,#2633,.T.);
#8568=EDGE_CURVE('1922',#4521,#4545,#2853,.T.);
#8571=EDGE_CURVE('1921',#4520,#4544,#2641,.T.);
#8581=EDGE_CURVE('17648',#4897,#4927,#2645,.T.);
#8583=EDGE_CURVE('23146',#4549,#4927,#2890,.T.);
#8585=EDGE_CURVE('1917',#4547,#4549,#2857,.T.);
#8587=EDGE_CURVE('1932',#4547,#4541,#2649,.T.);
#8589=EDGE_CURVE('17651',#4541,#4897,#2801,.T.);
#8599=EDGE_CURVE('17649',#4929,#4893,#2653,.T.);
#8601=EDGE_CURVE('17650',#4537,#4893,#2713,.T.);
#8603=EDGE_CURVE('1931',#4537,#4545,#2657,.T.);
#8606=EDGE_CURVE('23145',#4929,#4544,#2886,.T.);
#8616=EDGE_CURVE('17752',#4935,#4937,#2661,.T.);
#8618=EDGE_CURVE('17780',#4935,#4927,#2669,.T.);
#8621=EDGE_CURVE('17576',#4896,#4897,#2797,.T.);
#8633=EDGE_CURVE('17751',#4935,#4933,#2665,.T.);
#8647=EDGE_CURVE('17581',#4904,#4905,#2673,.T.);
#8649=EDGE_CURVE('17638',#4904,#4927,#2895,.T.);
#8662=EDGE_CURVE('17582',#4908,#4909,#2677,.T.);
#8664=EDGE_CURVE('17593',#4908,#4904,#2681,.T.);
#8674=EDGE_CURVE('17759',#4951,#4949,#2685,.T.);
#8676=EDGE_CURVE('17781',#4949,#4929,#2697,.T.);
#8678=EDGE_CURVE('17639',#4908,#4929,#2882,.T.);
#8690=EDGE_CURVE('17758',#4948,#4949,#2693,.T.);
#8705=EDGE_CURVE('17574',#4892,#4893,#2717,.T.);
#8717=EDGE_CURVE('17572',#4888,#4889,#2701,.T.);
#8719=EDGE_CURVE('17599',#4889,#4536,#2705,.T.);
#8721=EDGE_CURVE('1885',#4536,#4537,#2709,.T.);
#8734=EDGE_CURVE('17629',#4923,#4555,#2765,.T.);
#8737=EDGE_CURVE('1997',#4569,#4557,#2729,.T.);
#8739=EDGE_CURVE('1945',#4557,#4552,#2733,.T.);
#8741=EDGE_CURVE('1937',#4552,#4553,#2737,.T.);
#8743=EDGE_CURVE('1938',#4553,#4555,#2741,.T.);
#8753=EDGE_CURVE('17764',#4959,#4961,#2745,.T.);
#8755=EDGE_CURVE('17775',#4959,#4913,#2945,.T.);
#8757=EDGE_CURVE('17584',#4889,#4913,#2903,.T.);
#8769=EDGE_CURVE('17762',#4956,#4957,#2761,.T.);
#8771=EDGE_CURVE('17763',#4959,#4957,#2941,.T.);
#8783=EDGE_CURVE('17756',#4943,#4945,#2749,.T.);
#8785=EDGE_CURVE('17773',#4943,#4917,#2927,.T.);
#8787=EDGE_CURVE('17605',#4917,#4921,#2753,.T.);
#8789=EDGE_CURVE('17776',#4957,#4921,#2757,.T.);
#8794=EDGE_CURVE('2004',#4555,#4576,#2769,.T.);
#8796=EDGE_CURVE('1991',#4533,#4576,#2989,.T.);
#8799=EDGE_CURVE('1990',#4531,#4573,#2777,.T.);
#8801=EDGE_CURVE('2005',#4573,#4563,#2781,.T.);
#8803=EDGE_CURVE('17628',#4563,#4925,#2785,.T.);
#8814=EDGE_CURVE('17754',#4940,#4941,#2789,.T.);
#8816=EDGE_CURVE('17755',#4943,#4941,#2923,.T.);
#8830=EDGE_CURVE('17578',#4900,#4901,#2813,.T.);
#8832=EDGE_CURVE('17583',#4901,#4911,#2899,.T.);
#8834=EDGE_CURVE('17774',#4941,#4911,#2793,.T.);
#8846=EDGE_CURVE('1893',#4540,#4541,#2805,.T.);
#8848=EDGE_CURVE('17600',#4901,#4540,#2809,.T.);
#8861=EDGE_CURVE('1948',#4561,#4563,#2821,.T.);
#8863=EDGE_CURVE('1947',#4560,#4561,#2825,.T.);
#8865=EDGE_CURVE('1955',#4565,#4560,#2829,.T.);
#8867=EDGE_CURVE('1999',#4568,#4565,#2833,.T.);
#8878=EDGE_CURVE('1916',#4545,#4547,#2845,.T.);
#8882=EDGE_CURVE('1906',#4536,#4540,#2841,.T.);
#8895=EDGE_CURVE('1923',#4523,#4547,#2865,.T.);
#8908=EDGE_CURVE('1924',#4525,#4549,#2877,.T.);
#8920=EDGE_CURVE('1918',#4549,#4544,#2869,.T.);
#8952=EDGE_CURVE('17598',#4911,#4913,#2907,.T.);
#8962=EDGE_CURVE('17589',#4916,#4911,#2911,.T.);
#8965=EDGE_CURVE('17590',#4920,#4913,#2915,.T.);
#8967=EDGE_CURVE('17597',#4920,#4916,#2919,.T.);
#8980=EDGE_CURVE('17586',#4916,#4917,#2932,.T.);
#8993=EDGE_CURVE('17587',#4920,#4921,#2937,.T.);
#9017=EDGE_CURVE('1979',#4572,#4573,#2957,.T.);
#9019=EDGE_CURVE('2003',#4572,#4561,#2949,.T.);
#9031=EDGE_CURVE('1983',#4576,#4577,#2981,.T.);
#9035=EDGE_CURVE('2002',#4553,#4577,#2953,.T.);
#9048=EDGE_CURVE('1989',#4529,#4572,#2965,.T.);
#9058=EDGE_CURVE('1988',#4528,#4577,#2969,.T.);
#9062=EDGE_CURVE('2011',#4552,#4560,#2973,.T.);
#9090=EDGE_CURVE('1973',#4557,#4565,#2993,.T.);
#9114=EDGE_CURVE('9481',#4628,#4612,#2997,.T.);
#9116=EDGE_CURVE('9449',#4612,#4613,#3013,.T.);
#9118=EDGE_CURVE('9482',#4629,#4613,#3009,.T.);
#9129=EDGE_CURVE('9484',#4633,#4617,#3001,.T.);
#9131=EDGE_CURVE('9452',#4617,#4612,#3017,.T.);
#9143=EDGE_CURVE('9483',#4631,#4615,#3005,.T.);
#9145=EDGE_CURVE('9451',#4615,#4617,#3021,.T.);
#9158=EDGE_CURVE('9450',#4613,#4615,#3025,.T.);
#9175=EDGE_CURVE('11511',#4708,#4709,#3065,.T.);
#9177=EDGE_CURVE('11512',#4709,#4711,#3277,.T.);
#9179=EDGE_CURVE('11513',#4711,#4713,#3289,.T.);
#9181=EDGE_CURVE('11514',#4713,#4708,#3301,.T.);
#9191=EDGE_CURVE('9453',#4620,#4621,#3029,.T.);
#9193=EDGE_CURVE('9456',#4625,#4620,#3033,.T.);
#9195=EDGE_CURVE('9455',#4623,#4625,#3037,.T.);
#9197=EDGE_CURVE('9454',#4621,#4623,#3041,.T.);
#9201=EDGE_CURVE('11515',#4716,#4717,#3405,.T.);
#9203=EDGE_CURVE('11516',#4717,#4719,#3389,.T.);
#9205=EDGE_CURVE('11517',#4719,#4721,#3201,.T.);
#9207=EDGE_CURVE('11518',#4721,#4716,#3413,.T.);
#9218=EDGE_CURVE('9485',#4636,#4620,#3045,.T.);
#9221=EDGE_CURVE('9486',#4637,#4621,#3057,.T.);
#9232=EDGE_CURVE('9488',#4641,#4625,#3049,.T.);
#9245=EDGE_CURVE('9487',#4639,#4623,#3053,.T.);
#9269=EDGE_CURVE('14338',#4848,#4849,#3061,.T.);
#9271=EDGE_CURVE('14345',#4709,#4849,#3281,.T.);
#9274=EDGE_CURVE('14344',#4708,#4848,#3069,.T.);
#9284=EDGE_CURVE('17888',#4972,#4991,#3073,.T.);
#9286=EDGE_CURVE('23148',#4853,#4991,#3323,.T.);
#9288=EDGE_CURVE('14340',#4851,#4853,#3285,.T.);
#9290=EDGE_CURVE('14355',#4851,#4845,#3077,.T.);
#9292=EDGE_CURVE('17901',#4845,#4972,#3229,.T.);
#9302=EDGE_CURVE('17889',#4993,#4968,#3081,.T.);
#9304=EDGE_CURVE('17900',#4841,#4968,#3141,.T.);
#9306=EDGE_CURVE('14354',#4841,#4849,#3085,.T.);
#9309=EDGE_CURVE('23147',#4993,#4848,#3319,.T.);
#9319=EDGE_CURVE('20463',#5099,#5101,#3089,.T.);
#9321=EDGE_CURVE('20483',#5099,#4991,#3097,.T.);
#9324=EDGE_CURVE('17877',#4972,#4973,#3225,.T.);
#9336=EDGE_CURVE('20462',#5099,#5097,#3093,.T.);
#9350=EDGE_CURVE('17892',#4995,#4999,#3101,.T.);
#9352=EDGE_CURVE('17890',#4995,#4991,#3310,.T.);
#9365=EDGE_CURVE('17895',#4997,#5001,#3105,.T.);
#9367=EDGE_CURVE('17902',#4997,#4995,#3109,.T.);
#9377=EDGE_CURVE('20470',#5115,#5113,#3113,.T.);
#9379=EDGE_CURVE('20490',#5113,#4993,#3125,.T.);
#9381=EDGE_CURVE('17891',#4997,#4993,#3315,.T.);
#9393=EDGE_CURVE('20469',#5112,#5113,#3121,.T.);
#9408=EDGE_CURVE('17876',#4968,#4969,#3145,.T.);
#9420=EDGE_CURVE('17874',#4964,#4965,#3129,.T.);
#9422=EDGE_CURVE('17909',#4964,#4840,#3133,.T.);
#9424=EDGE_CURVE('14308',#4840,#4841,#3137,.T.);
#9437=EDGE_CURVE('17935',#5003,#4759,#3193,.T.);
#9440=EDGE_CURVE('12644',#4773,#4761,#3157,.T.);
#9442=EDGE_CURVE('12586',#4761,#4756,#3161,.T.);
#9444=EDGE_CURVE('12578',#4756,#4757,#3165,.T.);
#9446=EDGE_CURVE('12579',#4757,#4759,#3169,.T.);
#9456=EDGE_CURVE('20475',#5123,#5125,#3173,.T.);
#9458=EDGE_CURVE('20487',#5123,#4989,#3373,.T.);
#9460=EDGE_CURVE('17886',#4964,#4989,#3331,.T.);
#9472=EDGE_CURVE('20473',#5120,#5121,#3189,.T.);
#9474=EDGE_CURVE('20474',#5123,#5121,#3369,.T.);
#9486=EDGE_CURVE('20467',#5107,#5109,#3177,.T.);
#9488=EDGE_CURVE('20485',#5107,#4981,#3355,.T.);
#9490=EDGE_CURVE('17899',#4981,#4985,#3181,.T.);
#9492=EDGE_CURVE('20488',#5121,#4985,#3185,.T.);
#9497=EDGE_CURVE('12651',#4759,#4780,#3197,.T.);
#9499=EDGE_CURVE('12642',#4721,#4780,#3417,.T.);
#9502=EDGE_CURVE('12641',#4719,#4777,#3205,.T.);
#9504=EDGE_CURVE('12652',#4777,#4767,#3209,.T.);
#9506=EDGE_CURVE('17934',#4767,#5005,#3213,.T.);
#9517=EDGE_CURVE('20465',#5104,#5105,#3217,.T.);
#9519=EDGE_CURVE('20466',#5107,#5105,#3351,.T.);
#9533=EDGE_CURVE('17879',#4976,#4977,#3241,.T.);
#9535=EDGE_CURVE('17885',#4976,#4987,#3327,.T.);
#9537=EDGE_CURVE('20486',#5105,#4987,#3221,.T.);
#9549=EDGE_CURVE('14316',#4844,#4845,#3233,.T.);
#9551=EDGE_CURVE('17910',#4976,#4844,#3237,.T.);
#9564=EDGE_CURVE('12589',#4765,#4767,#3249,.T.);
#9566=EDGE_CURVE('12588',#4764,#4765,#3253,.T.);
#9568=EDGE_CURVE('12596',#4769,#4764,#3257,.T.);
#9570=EDGE_CURVE('12646',#4772,#4769,#3261,.T.);
#9581=EDGE_CURVE('14339',#4849,#4851,#3273,.T.);
#9585=EDGE_CURVE('14329',#4840,#4844,#3269,.T.);
#9598=EDGE_CURVE('14346',#4711,#4851,#3293,.T.);
#9611=EDGE_CURVE('14347',#4713,#4853,#3305,.T.);
#9623=EDGE_CURVE('14341',#4853,#4848,#3297,.T.);
#9655=EDGE_CURVE('17908',#4987,#4989,#3335,.T.);
#9665=EDGE_CURVE('17884',#4980,#4987,#3339,.T.);
#9668=EDGE_CURVE('17887',#4984,#4989,#3343,.T.);
#9670=EDGE_CURVE('17898',#4984,#4980,#3347,.T.);
#9683=EDGE_CURVE('17881',#4980,#4981,#3360,.T.);
#9696=EDGE_CURVE('17882',#4984,#4985,#3365,.T.);
#9720=EDGE_CURVE('12627',#4776,#4777,#3385,.T.);
#9722=EDGE_CURVE('12650',#4776,#4765,#3377,.T.);
#9734=EDGE_CURVE('12631',#4780,#4781,#3409,.T.);
#9738=EDGE_CURVE('12649',#4757,#4781,#3381,.T.);
#9751=EDGE_CURVE('12640',#4717,#4776,#3393,.T.);
#9761=EDGE_CURVE('12639',#4716,#4781,#3397,.T.);
#9765=EDGE_CURVE('12656',#4756,#4764,#3401,.T.);
#9793=EDGE_CURVE('12614',#4761,#4769,#3421,.T.);
#9817=EDGE_CURVE('9531',#4660,#4644,#3425,.T.);
#9819=EDGE_CURVE('9499',#4644,#4645,#3441,.T.);
#9821=EDGE_CURVE('9532',#4661,#4645,#3437,.T.);
#9832=EDGE_CURVE('9534',#4665,#4649,#3429,.T.);
#9834=EDGE_CURVE('9502',#4649,#4644,#3445,.T.);
#9846=EDGE_CURVE('9533',#4663,#4647,#3433,.T.);
#9848=EDGE_CURVE('9501',#4647,#4649,#3449,.T.);
#9861=EDGE_CURVE('9500',#4645,#4647,#3453,.T.);
#9878=EDGE_CURVE('11527',#4724,#4725,#3493,.T.);
#9880=EDGE_CURVE('11528',#4725,#4727,#3705,.T.);
#9882=EDGE_CURVE('11529',#4727,#4729,#3717,.T.);
#9884=EDGE_CURVE('11530',#4729,#4724,#3729,.T.);
#9894=EDGE_CURVE('9503',#4652,#4653,#3457,.T.);
#9896=EDGE_CURVE('9506',#4657,#4652,#3461,.T.);
#9898=EDGE_CURVE('9505',#4655,#4657,#3465,.T.);
#9900=EDGE_CURVE('9504',#4653,#4655,#3469,.T.);
#9904=EDGE_CURVE('11531',#4732,#4733,#3833,.T.);
#9906=EDGE_CURVE('11532',#4733,#4735,#3817,.T.);
#9908=EDGE_CURVE('11533',#4735,#4737,#3629,.T.);
#9910=EDGE_CURVE('11534',#4737,#4732,#3841,.T.);
#9921=EDGE_CURVE('9535',#4668,#4652,#3473,.T.);
#9924=EDGE_CURVE('9536',#4669,#4653,#3485,.T.);
#9935=EDGE_CURVE('9538',#4673,#4657,#3477,.T.);
#9948=EDGE_CURVE('9537',#4671,#4655,#3481,.T.);
#9972=EDGE_CURVE('14392',#4864,#4865,#3489,.T.);
#9974=EDGE_CURVE('14397',#4725,#4865,#3709,.T.);
#9977=EDGE_CURVE('14396',#4724,#4864,#3497,.T.);
#9987=EDGE_CURVE('18022',#5016,#5035,#3501,.T.);
#9989=EDGE_CURVE('23150',#4869,#5035,#3751,.T.);
#9991=EDGE_CURVE('14394',#4867,#4869,#3713,.T.);
#9993=EDGE_CURVE('14409',#4867,#4861,#3505,.T.);
#9995=EDGE_CURVE('18035',#4861,#5016,#3657,.T.);
#10005=EDGE_CURVE('18023',#5037,#5012,#3509,.T.);
#10007=EDGE_CURVE('18034',#4857,#5012,#3569,.T.);
#10009=EDGE_CURVE('14408',#4857,#4865,#3513,.T.);
#10012=EDGE_CURVE('23149',#5037,#4864,#3747,.T.);
#10022=EDGE_CURVE('20587',#5131,#5133,#3517,.T.);
#10024=EDGE_CURVE('20607',#5131,#5035,#3525,.T.);
#10027=EDGE_CURVE('18011',#5016,#5017,#3653,.T.);
#10039=EDGE_CURVE('20586',#5131,#5129,#3521,.T.);
#10053=EDGE_CURVE('18026',#5039,#5043,#3529,.T.);
#10055=EDGE_CURVE('18024',#5039,#5035,#3738,.T.);
#10068=EDGE_CURVE('18029',#5041,#5045,#3533,.T.);
#10070=EDGE_CURVE('18036',#5041,#5039,#3537,.T.);
#10080=EDGE_CURVE('20594',#5147,#5145,#3541,.T.);
#10082=EDGE_CURVE('20614',#5145,#5037,#3553,.T.);
#10084=EDGE_CURVE('18025',#5041,#5037,#3743,.T.);
#10096=EDGE_CURVE('20593',#5144,#5145,#3549,.T.);
#10111=EDGE_CURVE('18010',#5012,#5013,#3573,.T.);
#10123=EDGE_CURVE('18008',#5008,#5009,#3557,.T.);
#10125=EDGE_CURVE('18043',#5008,#4856,#3561,.T.);
#10127=EDGE_CURVE('14362',#4856,#4857,#3565,.T.);
#10140=EDGE_CURVE('18069',#5047,#4787,#3621,.T.);
#10143=EDGE_CURVE('12726',#4801,#4789,#3585,.T.);
#10145=EDGE_CURVE('12668',#4789,#4784,#3589,.T.);
#10147=EDGE_CURVE('12660',#4784,#4785,#3593,.T.);
#10149=EDGE_CURVE('12661',#4785,#4787,#3597,.T.);
#10159=EDGE_CURVE('20599',#5155,#5157,#3601,.T.);
#10161=EDGE_CURVE('20611',#5155,#5033,#3801,.T.);
#10163=EDGE_CURVE('18020',#5008,#5033,#3759,.T.);
#10175=EDGE_CURVE('20597',#5152,#5153,#3617,.T.);
#10177=EDGE_CURVE('20598',#5155,#5153,#3797,.T.);
#10189=EDGE_CURVE('20591',#5139,#5141,#3605,.T.);
#10191=EDGE_CURVE('20609',#5139,#5025,#3783,.T.);
#10193=EDGE_CURVE('18033',#5025,#5029,#3609,.T.);
#10195=EDGE_CURVE('20612',#5153,#5029,#3613,.T.);
#10200=EDGE_CURVE('12733',#4787,#4808,#3625,.T.);
#10202=EDGE_CURVE('12722',#4737,#4808,#3845,.T.);
#10205=EDGE_CURVE('12721',#4735,#4805,#3633,.T.);
#10207=EDGE_CURVE('12734',#4805,#4795,#3637,.T.);
#10209=EDGE_CURVE('18068',#4795,#5049,#3641,.T.);
#10220=EDGE_CURVE('20589',#5136,#5137,#3645,.T.);
#10222=EDGE_CURVE('20590',#5139,#5137,#3779,.T.);
#10236=EDGE_CURVE('18013',#5020,#5021,#3669,.T.);
#10238=EDGE_CURVE('18019',#5020,#5031,#3755,.T.);
#10240=EDGE_CURVE('20610',#5137,#5031,#3649,.T.);
#10252=EDGE_CURVE('14370',#4860,#4861,#3661,.T.);
#10254=EDGE_CURVE('18044',#5020,#4860,#3665,.T.);
#10267=EDGE_CURVE('12671',#4793,#4795,#3677,.T.);
#10269=EDGE_CURVE('12670',#4792,#4793,#3681,.T.);
#10271=EDGE_CURVE('12678',#4797,#4792,#3685,.T.);
#10273=EDGE_CURVE('12728',#4800,#4797,#3689,.T.);
#10284=EDGE_CURVE('14393',#4865,#4867,#3701,.T.);
#10288=EDGE_CURVE('14383',#4856,#4860,#3697,.T.);
#10301=EDGE_CURVE('14398',#4727,#4867,#3721,.T.);
#10314=EDGE_CURVE('14399',#4729,#4869,#3733,.T.);
#10326=EDGE_CURVE('14395',#4869,#4864,#3725,.T.);
#10358=EDGE_CURVE('18042',#5031,#5033,#3763,.T.);
#10368=EDGE_CURVE('18018',#5024,#5031,#3767,.T.);
#10371=EDGE_CURVE('18021',#5028,#5033,#3771,.T.);
#10373=EDGE_CURVE('18032',#5028,#5024,#3775,.T.);
#10386=EDGE_CURVE('18015',#5024,#5025,#3788,.T.);
#10399=EDGE_CURVE('18016',#5028,#5029,#3793,.T.);
#10423=EDGE_CURVE('12709',#4804,#4805,#3813,.T.);
#10425=EDGE_CURVE('12732',#4804,#4793,#3805,.T.);
#10437=EDGE_CURVE('12713',#4808,#4809,#3837,.T.);
#10441=EDGE_CURVE('12731',#4785,#4809,#3809,.T.);
#10454=EDGE_CURVE('12720',#4733,#4804,#3821,.T.);
#10464=EDGE_CURVE('12719',#4732,#4809,#3825,.T.);
#10468=EDGE_CURVE('12738',#4784,#4792,#3829,.T.);
#10496=EDGE_CURVE('12696',#4789,#4797,#3849,.T.);
#10522=EDGE_CURVE('9583',#4695,#4679,#3857,.T.);
#10535=EDGE_CURVE('9584',#4697,#4681,#3861,.T.);
#10558=EDGE_CURVE('9585',#4700,#4684,#3865,.T.);
#10561=EDGE_CURVE('9586',#4701,#4685,#3877,.T.);
#10572=EDGE_CURVE('9588',#4705,#4689,#3869,.T.);
#10585=EDGE_CURVE('9587',#4703,#4687,#3873,.T.);
#10609=EDGE_CURVE('12801',#4748,#4837,#3881,.T.);
#10611=EDGE_CURVE('12813',#4813,#4837,#3909,.T.);
#10614=EDGE_CURVE('12820',#4812,#4820,#3885,.T.);
#10617=EDGE_CURVE('12814',#4832,#4821,#3905,.T.);
#10619=EDGE_CURVE('12802',#4749,#4832,#3921,.T.);
#10630=EDGE_CURVE('12795',#4836,#4837,#3893,.T.);
#10643=EDGE_CURVE('12791',#4832,#4833,#3913,.T.);
#10682=EDGE_CURVE('12778',#4817,#4825,#3925,.T.);
#10730=EDGE_CURVE('1333',#4392,#4376,#3929,.T.);
#10743=EDGE_CURVE('1334',#4398,#4381,#3941,.T.);
#10754=EDGE_CURVE('1336',#4395,#4389,#3933,.T.);
#10768=EDGE_CURVE('1335',#4401,#4383,#3937,.T.);
#10815=EDGE_CURVE('1242',#4349,#4357,#3970,.T.);
#10828=EDGE_CURVE('1241',#4345,#4355,#3961,.T.);
#10830=EDGE_CURVE('1248',#4345,#4349,#3966,.T.);
#10833=EDGE_CURVE('1250',#4355,#4357,#4008,.T.);
#10843=EDGE_CURVE('1235',#4344,#4345,#3975,.T.);
#10846=EDGE_CURVE('1239',#4355,#4351,#4003,.T.);
#10848=EDGE_CURVE('1237',#4351,#4344,#3989,.T.);
#10858=EDGE_CURVE('1276',#4360,#4361,#4018,.T.);
#10860=EDGE_CURVE('1282',#4361,#4371,#4060,.T.);
#10862=EDGE_CURVE('1280',#4371,#4367,#4046,.T.);
#10864=EDGE_CURVE('1278',#4367,#4360,#4032,.T.);
#10875=EDGE_CURVE('1247',#4344,#4348,#3980,.T.);
#10888=EDGE_CURVE('1249',#4351,#4353,#3994,.T.);
#10961=EDGE_CURVE('1288',#4360,#4364,#4023,.T.);
#10964=EDGE_CURVE('1289',#4361,#4365,#4065,.T.);
#10975=EDGE_CURVE('1290',#4367,#4369,#4037,.T.);
#10988=EDGE_CURVE('1291',#4371,#4373,#4051,.T.);
#11020=AXIS2_PLACEMENT_3D('',#11017,#11018,#11019);
#11021=ADVANCED_BREP_SHAPE_REPRESENTATION('',(#11020,#11008),#11016);
#11028=PRODUCT_DEFINITION('design','',#11027,#11024);
#11029=PRODUCT_DEFINITION_SHAPE('','SHAPE FOR 67017_Y08.',#11028);
#11030=SHAPE_DEFINITION_REPRESENTATION(#11029,#11021);
#11031=SHAPE_DEFINITION_REPRESENTATION(#11032,#11033);
#11032=PRODUCT_DEFINITION_SHAPE('','SHAPE FOR 71918_Y08_ASM.',#13774);
#11033=SHAPE_REPRESENTATION('',(#11039,#11484,#11493,#11502,#11511,#11520,
#11529,#11538,#11547,#13743,#13752,#13767),#13763);
#11034=NEXT_ASSEMBLY_USAGE_OCCURRENCE('900','Next assembly relationship',
'67017_Y08',#13774,#11028,$);
#11035=PRODUCT_DEFINITION_SHAPE('Placement #900',
'Placement of 67017_Y08 with respect to 71918_Y08_ASM',#11034);
#11072=B_SPLINE_CURVE_WITH_KNOTS('425',3,(#11059,#11060,#11061,#11062,#11063,
#11064,#11065,#11066,#11067,#11068,#11069,#11070,#11071),.UNSPECIFIED.,.F.,.F.,(
4,1,1,1,1,1,1,1,1,1,4),(0.E0,6.25E-2,1.25E-1,2.5E-1,3.75E-1,5.E-1,6.25E-1,
7.5E-1,8.75E-1,9.375E-1,1.E0),.UNSPECIFIED.);
#11098=B_SPLINE_CURVE_WITH_KNOTS('421',3,(#11085,#11086,#11087,#11088,#11089,
#11090,#11091,#11092,#11093,#11094,#11095,#11096,#11097),.UNSPECIFIED.,.F.,.F.,(
4,1,1,1,1,1,1,1,1,1,4),(0.E0,6.25E-2,1.25E-1,2.5E-1,3.75E-1,5.E-1,6.25E-1,
7.5E-1,8.75E-1,9.375E-1,1.E0),.UNSPECIFIED.);
#11160=B_SPLINE_CURVE_WITH_KNOTS('429',3,(#11147,#11148,#11149,#11150,#11151,
#11152,#11153,#11154,#11155,#11156,#11157,#11158,#11159),.UNSPECIFIED.,.F.,.F.,(
4,1,1,1,1,1,1,1,1,1,4),(0.E0,6.25E-2,1.25E-1,2.5E-1,3.75E-1,5.E-1,6.25E-1,
7.5E-1,8.75E-1,9.375E-1,1.E0),.UNSPECIFIED.);
#11182=B_SPLINE_CURVE_WITH_KNOTS('433',3,(#11169,#11170,#11171,#11172,#11173,
#11174,#11175,#11176,#11177,#11178,#11179,#11180,#11181),.UNSPECIFIED.,.F.,.F.,(
4,1,1,1,1,1,1,1,1,1,4),(0.E0,6.25E-2,1.25E-1,2.5E-1,3.75E-1,5.E-1,6.25E-1,
7.5E-1,8.75E-1,9.375E-1,1.E0),.UNSPECIFIED.);
#11252=EDGE_CURVE('440',#11220,#11224,#11046,.T.);
#11254=EDGE_CURVE('445',#11234,#11224,#11202,.T.);
#11256=EDGE_CURVE('441',#11238,#11234,#11050,.T.);
#11258=EDGE_CURVE('444',#11238,#11220,#11054,.T.);
#11268=EDGE_CURVE('424',#11220,#11221,#11058,.T.);
#11270=EDGE_CURVE('425',#11221,#11222,#11072,.T.);
#11272=EDGE_CURVE('427',#11222,#11224,#11076,.T.);
#11283=EDGE_CURVE('420',#11213,#11214,#11080,.T.);
#11285=EDGE_CURVE('448',#11221,#11214,#11210,.T.);
#11288=EDGE_CURVE('436',#11240,#11220,#11130,.T.);
#11290=EDGE_CURVE('545',#11213,#11240,#11106,.T.);
#11301=EDGE_CURVE('442',#11213,#11217,#11102,.T.);
#11303=EDGE_CURVE('423',#11215,#11217,#11084,.T.);
#11305=EDGE_CURVE('421',#11215,#11214,#11098,.T.);
#11317=EDGE_CURVE('446',#11242,#11240,#11110,.T.);
#11319=EDGE_CURVE('548',#11231,#11242,#11114,.T.);
#11321=EDGE_CURVE('443',#11231,#11227,#11118,.T.);
#11323=EDGE_CURVE('547',#11227,#11246,#11122,.T.);
#11325=EDGE_CURVE('447',#11246,#11244,#11194,.T.);
#11327=EDGE_CURVE('546',#11217,#11244,#11126,.T.);
#11339=EDGE_CURVE('437',#11242,#11238,#11134,.T.);
#11350=EDGE_CURVE('431',#11229,#11231,#11146,.T.);
#11354=EDGE_CURVE('435',#11236,#11238,#11186,.T.);
#11356=EDGE_CURVE('451',#11236,#11229,#11138,.T.);
#11366=EDGE_CURVE('428',#11227,#11228,#11142,.T.);
#11370=EDGE_CURVE('429',#11229,#11228,#11160,.T.);
#11381=EDGE_CURVE('450',#11235,#11228,#11164,.T.);
#11383=EDGE_CURVE('432',#11234,#11235,#11168,.T.);
#11385=EDGE_CURVE('439',#11246,#11234,#11198,.T.);
#11398=EDGE_CURVE('433',#11235,#11236,#11182,.T.);
#11421=EDGE_CURVE('438',#11244,#11224,#11190,.T.);
#11438=EDGE_CURVE('449',#11222,#11215,#11206,.T.);
#11468=AXIS2_PLACEMENT_3D('',#11465,#11466,#11467);
#11469=ADVANCED_BREP_SHAPE_REPRESENTATION('',(#11468,#11456),#11464);
#11476=PRODUCT_DEFINITION('design','',#11475,#11472);
#11477=PRODUCT_DEFINITION_SHAPE('','SHAPE FOR 77391_Y22.',#11476);
#11478=SHAPE_DEFINITION_REPRESENTATION(#11477,#11469);
#11479=NEXT_ASSEMBLY_USAGE_OCCURRENCE('901','Next assembly relationship',
'77391_Y22',#13774,#11476,$);
#11480=PRODUCT_DEFINITION_SHAPE('Placement #901',
'Placement of 77391_Y22 with respect to 71918_Y08_ASM',#11479);
#11488=NEXT_ASSEMBLY_USAGE_OCCURRENCE('902','Next assembly relationship',
'77391_Y22',#13774,#11476,$);
#11489=PRODUCT_DEFINITION_SHAPE('Placement #902',
'Placement of 77391_Y22 with respect to 71918_Y08_ASM',#11488);
#11497=NEXT_ASSEMBLY_USAGE_OCCURRENCE('903','Next assembly relationship',
'77391_Y22',#13774,#11476,$);
#11498=PRODUCT_DEFINITION_SHAPE('Placement #903',
'Placement of 77391_Y22 with respect to 71918_Y08_ASM',#11497);
#11506=NEXT_ASSEMBLY_USAGE_OCCURRENCE('904','Next assembly relationship',
'77391_Y22',#13774,#11476,$);
#11507=PRODUCT_DEFINITION_SHAPE('Placement #904',
'Placement of 77391_Y22 with respect to 71918_Y08_ASM',#11506);
#11515=NEXT_ASSEMBLY_USAGE_OCCURRENCE('905','Next assembly relationship',
'77391_Y22',#13774,#11476,$);
#11516=PRODUCT_DEFINITION_SHAPE('Placement #905',
'Placement of 77391_Y22 with respect to 71918_Y08_ASM',#11515);
#11524=NEXT_ASSEMBLY_USAGE_OCCURRENCE('906','Next assembly relationship',
'77391_Y22',#13774,#11476,$);
#11525=PRODUCT_DEFINITION_SHAPE('Placement #906',
'Placement of 77391_Y22 with respect to 71918_Y08_ASM',#11524);
#11533=NEXT_ASSEMBLY_USAGE_OCCURRENCE('907','Next assembly relationship',
'77391_Y22',#13774,#11476,$);
#11534=PRODUCT_DEFINITION_SHAPE('Placement #907',
'Placement of 77391_Y22 with respect to 71918_Y08_ASM',#11533);
#11542=NEXT_ASSEMBLY_USAGE_OCCURRENCE('908','Next assembly relationship',
'77391_Y22',#13774,#11476,$);
#11543=PRODUCT_DEFINITION_SHAPE('Placement #908',
'Placement of 77391_Y22 with respect to 71918_Y08_ASM',#11542);
#11560=CIRCLE('352',#11559,1.2E0);
#11569=CIRCLE('354',#11568,1.2E0);
#11574=CIRCLE('528',#11573,1.263922465976E0);
#11579=CIRCLE('529',#11578,1.263922465976E0);
#11616=CIRCLE('314',#11615,5.E-1);
#11633=CIRCLE('405',#11632,1.1E0);
#11643=B_SPLINE_CURVE_WITH_KNOTS('406',3,(#11634,#11635,#11636,#11637,#11638,
#11639,#11640,#11641,#11642),.UNSPECIFIED.,.F.,.F.,(4,1,1,1,1,1,4),(0.E0,
1.666666666667E-1,3.333333333333E-1,5.E-1,6.666666666667E-1,8.333333333333E-1,
1.E0),.UNSPECIFIED.);
#11648=CIRCLE('407',#11647,1.2E0);
#11658=B_SPLINE_CURVE_WITH_KNOTS('408',3,(#11649,#11650,#11651,#11652,#11653,
#11654,#11655,#11656,#11657),.UNSPECIFIED.,.F.,.F.,(4,1,1,1,1,1,4),(0.E0,
1.666666666667E-1,3.333333333333E-1,5.E-1,6.666666666667E-1,8.333333333333E-1,
1.E0),.UNSPECIFIED.);
#11671=CIRCLE('409',#11670,1.1E0);
#11681=B_SPLINE_CURVE_WITH_KNOTS('410',3,(#11672,#11673,#11674,#11675,#11676,
#11677,#11678,#11679,#11680),.UNSPECIFIED.,.F.,.F.,(4,1,1,1,1,1,4),(0.E0,
1.666666666667E-1,3.333333333333E-1,5.E-1,6.666666666667E-1,8.333333333333E-1,
1.E0),.UNSPECIFIED.);
#11686=CIRCLE('411',#11685,1.2E0);
#11696=B_SPLINE_CURVE_WITH_KNOTS('412',3,(#11687,#11688,#11689,#11690,#11691,
#11692,#11693,#11694,#11695),.UNSPECIFIED.,.F.,.F.,(4,1,1,1,1,1,4),(0.E0,
1.666666666667E-1,3.333333333333E-1,5.E-1,6.666666666667E-1,8.333333333333E-1,
1.E0),.UNSPECIFIED.);
#11725=CIRCLE('413',#11724,1.1E0);
#11735=B_SPLINE_CURVE_WITH_KNOTS('414',3,(#11726,#11727,#11728,#11729,#11730,
#11731,#11732,#11733,#11734),.UNSPECIFIED.,.F.,.F.,(4,1,1,1,1,1,4),(0.E0,
1.666666666667E-1,3.333333333333E-1,5.E-1,6.666666666667E-1,8.333333333333E-1,
1.E0),.UNSPECIFIED.);
#11740=CIRCLE('415',#11739,1.2E0);
#11750=B_SPLINE_CURVE_WITH_KNOTS('416',3,(#11741,#11742,#11743,#11744,#11745,
#11746,#11747,#11748,#11749),.UNSPECIFIED.,.F.,.F.,(4,1,1,1,1,1,4),(0.E0,
1.666666666667E-1,3.333333333333E-1,5.E-1,6.666666666667E-1,8.333333333333E-1,
1.E0),.UNSPECIFIED.);
#11763=CIRCLE('417',#11762,1.1E0);
#11773=B_SPLINE_CURVE_WITH_KNOTS('418',3,(#11764,#11765,#11766,#11767,#11768,
#11769,#11770,#11771,#11772),.UNSPECIFIED.,.F.,.F.,(4,1,1,1,1,1,4),(0.E0,
1.666666666667E-1,3.333333333333E-1,5.E-1,6.666666666667E-1,8.333333333333E-1,
1.E0),.UNSPECIFIED.);
#11778=CIRCLE('419',#11777,1.2E0);
#11788=B_SPLINE_CURVE_WITH_KNOTS('420',3,(#11779,#11780,#11781,#11782,#11783,
#11784,#11785,#11786,#11787),.UNSPECIFIED.,.F.,.F.,(4,1,1,1,1,1,4),(0.E0,
1.666666666667E-1,3.333333333333E-1,5.E-1,6.666666666667E-1,8.333333333333E-1,
1.E0),.UNSPECIFIED.);
#11797=CIRCLE('362',#11796,1.2E0);
#11806=CIRCLE('360',#11805,1.2E0);
#11811=CIRCLE('467',#11810,1.263922465976E0);
#11816=CIRCLE('468',#11815,1.263922465976E0);
#11825=CIRCLE('315',#11824,5.E-1);
#11862=CIRCLE('482',#11861,2.E0);
#11867=CIRCLE('481',#11866,2.E0);
#11876=CIRCLE('673',#11875,3.E-1);
#11885=CIRCLE('645',#11884,3.E-1);
#11906=CIRCLE('654',#11905,3.E-1);
#11915=CIRCLE('675',#11914,3.E-1);
#11936=CIRCLE('659',#11935,3.E-1);
#11945=CIRCLE('676',#11944,3.E-1);
#11982=CIRCLE('164',#11981,3.5E-1);
#12035=CIRCLE('174',#12034,3.5E-1);
#12076=CIRCLE('674',#12075,3.E-1);
#12085=CIRCLE('650',#12084,3.E-1);
#12111=B_SPLINE_CURVE_WITH_KNOTS('243',3,(#12106,#12107,#12108,#12109,#12110),
.UNSPECIFIED.,.F.,.F.,(4,1,4),(0.E0,5.E-1,1.E0),.UNSPECIFIED.);
#12132=CIRCLE('543',#12131,3.1E0);
#12139=B_SPLINE_CURVE_WITH_KNOTS('545',3,(#12133,#12134,#12135,#12136,#12137,
#12138),.UNSPECIFIED.,.F.,.F.,(4,1,1,4),(0.E0,3.333333333333E-1,
6.666666666667E-1,1.E0),.UNSPECIFIED.);
#12144=CIRCLE('544',#12143,3.5E0);
#12180=B_SPLINE_CURVE_WITH_KNOTS('580',3,(#12173,#12174,#12175,#12176,#12177,
#12178,#12179),.UNSPECIFIED.,.F.,.F.,(4,1,1,1,4),(0.E0,2.5E-1,5.E-1,7.5E-1,
1.E0),.UNSPECIFIED.);
#12189=CIRCLE('582',#12188,4.E-1);
#12202=CIRCLE('584',#12201,4.E-1);
#12214=B_SPLINE_CURVE_WITH_KNOTS('586',3,(#12207,#12208,#12209,#12210,#12211,
#12212,#12213),.UNSPECIFIED.,.F.,.F.,(4,1,1,1,4),(0.E0,2.5E-1,5.E-1,7.5E-1,
1.E0),.UNSPECIFIED.);
#12219=CIRCLE('534',#12218,3.1E0);
#12224=CIRCLE('535',#12223,3.5E0);
#12231=B_SPLINE_CURVE_WITH_KNOTS('536',3,(#12225,#12226,#12227,#12228,#12229,
#12230),.UNSPECIFIED.,.F.,.F.,(4,1,1,4),(0.E0,3.333333333333E-1,
6.666666666667E-1,1.E0),.UNSPECIFIED.);
#12257=B_SPLINE_CURVE_WITH_KNOTS('242',3,(#12252,#12253,#12254,#12255,#12256),
.UNSPECIFIED.,.F.,.F.,(4,1,4),(0.E0,5.E-1,1.E0),.UNSPECIFIED.);
#12270=CIRCLE('310',#12269,5.E-1);
#12275=CIRCLE('305',#12274,5.E-1);
#12280=CIRCLE('303',#12279,6.023783259871E0);
#12305=CIRCLE('302',#12304,6.023783259871E0);
#12310=CIRCLE('304',#12309,5.E-1);
#12315=CIRCLE('309',#12314,5.E-1);
#12380=CIRCLE('530',#12379,2.E0);
#12385=CIRCLE('531',#12384,2.E0);
#12622=EDGE_CURVE('653',#12603,#12604,#11901,.T.);
#12624=EDGE_CURVE('678',#12580,#12603,#11889,.T.);
#12626=EDGE_CURVE('583',#12579,#12580,#12197,.T.);
#12628=EDGE_CURVE('588',#12579,#12395,#11583,.T.);
#12630=EDGE_CURVE('47',#12395,#12388,#11587,.T.);
#12632=EDGE_CURVE('28',#12388,#12389,#11591,.T.);
#12634=EDGE_CURVE('29',#12389,#12391,#11595,.T.);
#12636=EDGE_CURVE('30',#12391,#12393,#11599,.T.);
#12638=EDGE_CURVE('556',#12393,#12560,#11603,.T.);
#12640=EDGE_CURVE('543',#12560,#12561,#12132,.T.);
#12642=EDGE_CURVE('547',#12561,#12567,#12115,.T.);
#12644=EDGE_CURVE('558',#12567,#12460,#11607,.T.);
#12646=EDGE_CURVE('298',#12460,#12461,#11611,.T.);
#12648=EDGE_CURVE('314',#12461,#12408,#11616,.T.);
#12650=EDGE_CURVE('119',#12408,#12409,#11620,.T.);
#12652=EDGE_CURVE('669',#12612,#12409,#11965,.T.);
#12654=EDGE_CURVE('658',#12611,#12612,#11931,.T.);
#12656=EDGE_CURVE('680',#12604,#12611,#11919,.T.);
#12660=EDGE_CURVE('351',#12492,#12493,#11555,.T.);
#12662=EDGE_CURVE('352',#12493,#12495,#11560,.T.);
#12664=EDGE_CURVE('353',#12495,#12497,#11564,.T.);
#12666=EDGE_CURVE('354',#12497,#12492,#11569,.T.);
#12670=EDGE_CURVE('528',#12542,#12543,#11574,.T.);
#12672=EDGE_CURVE('529',#12543,#12542,#11579,.T.);
#12682=EDGE_CURVE('408',#12512,#12508,#11658,.T.);
#12684=EDGE_CURVE('430',#12493,#12512,#11716,.T.);
#12687=EDGE_CURVE('429',#12492,#12517,#11624,.T.);
#12689=EDGE_CURVE('410',#12516,#12517,#11681,.T.);
#12691=EDGE_CURVE('423',#12516,#12508,#11662,.T.);
#12701=EDGE_CURVE('414',#12523,#12524,#11735,.T.);
#12703=EDGE_CURVE('421',#12529,#12523,#11758,.T.);
#12705=EDGE_CURVE('420',#12533,#12529,#11788,.T.);
#12707=EDGE_CURVE('425',#12533,#12500,#11628,.T.);
#12709=EDGE_CURVE('359',#12500,#12501,#11792,.T.);
#12711=EDGE_CURVE('426',#12524,#12501,#11720,.T.);
#12721=EDGE_CURVE('405',#12508,#12509,#11633,.T.);
#12723=EDGE_CURVE('406',#12509,#12510,#11643,.T.);
#12725=EDGE_CURVE('407',#12512,#12510,#11648,.T.);
#12738=EDGE_CURVE('409',#12515,#12516,#11671,.T.);
#12740=EDGE_CURVE('424',#12509,#12515,#11666,.T.);
#12752=EDGE_CURVE('411',#12519,#12517,#11686,.T.);
#12754=EDGE_CURVE('412',#12519,#12515,#11696,.T.);
#12767=EDGE_CURVE('432',#12497,#12519,#11700,.T.);
#12777=EDGE_CURVE('419',#12533,#12531,#11778,.T.);
#12779=EDGE_CURVE('428',#12531,#12505,#11704,.T.);
#12781=EDGE_CURVE('362',#12505,#12500,#11797,.T.);
#12797=EDGE_CURVE('431',#12495,#12510,#11708,.T.);
#12807=EDGE_CURVE('416',#12526,#12522,#11750,.T.);
#12809=EDGE_CURVE('427',#12526,#12503,#11712,.T.);
#12811=EDGE_CURVE('361',#12503,#12505,#11801,.T.);
#12814=EDGE_CURVE('418',#12530,#12531,#11773,.T.);
#12816=EDGE_CURVE('422',#12522,#12530,#11754,.T.);
#12838=EDGE_CURVE('415',#12526,#12524,#11740,.T.);
#12841=EDGE_CURVE('360',#12501,#12503,#11806,.T.);
#12852=EDGE_CURVE('413',#12522,#12523,#11725,.T.);
#12867=EDGE_CURVE('417',#12529,#12530,#11763,.T.);
#12890=EDGE_CURVE('643',#12587,#12588,#11871,.T.);
#12892=EDGE_CURVE('679',#12596,#12587,#11927,.T.);
#12894=EDGE_CURVE('648',#12595,#12596,#12071,.T.);
#12896=EDGE_CURVE('670',#12413,#12595,#11973,.T.);
#12898=EDGE_CURVE('131',#12412,#12413,#11820,.T.);
#12900=EDGE_CURVE('315',#12465,#12412,#11825,.T.);
#12902=EDGE_CURVE('299',#12464,#12465,#11829,.T.);
#12904=EDGE_CURVE('554',#12555,#12464,#11833,.T.);
#12906=EDGE_CURVE('538',#12549,#12555,#12235,.T.);
#12908=EDGE_CURVE('534',#12548,#12549,#12219,.T.);
#12910=EDGE_CURVE('552',#12403,#12548,#11837,.T.);
#12912=EDGE_CURVE('51',#12401,#12403,#11841,.T.);
#12914=EDGE_CURVE('50',#12399,#12401,#11845,.T.);
#12916=EDGE_CURVE('49',#12398,#12399,#11849,.T.);
#12918=EDGE_CURVE('68',#12405,#12398,#11853,.T.);
#12920=EDGE_CURVE('590',#12573,#12405,#11857,.T.);
#12922=EDGE_CURVE('579',#12572,#12573,#12172,.T.);
#12924=EDGE_CURVE('677',#12588,#12572,#11897,.T.);
#12934=EDGE_CURVE('467',#12536,#12537,#11811,.T.);
#12936=EDGE_CURVE('468',#12537,#12536,#11816,.T.);
#12947=EDGE_CURVE('481',#12539,#12536,#11867,.T.);
#12949=EDGE_CURVE('482',#12539,#12537,#11862,.T.);
#12971=EDGE_CURVE('673',#12588,#12592,#11876,.T.);
#12973=EDGE_CURVE('644',#12591,#12592,#11880,.T.);
#12975=EDGE_CURVE('645',#12591,#12587,#11885,.T.);
#12986=EDGE_CURVE('675',#12608,#12603,#11915,.T.);
#12988=EDGE_CURVE('668',#12608,#12592,#11893,.T.);
#12992=EDGE_CURVE('582',#12576,#12572,#12189,.T.);
#12994=EDGE_CURVE('591',#12582,#12576,#12193,.T.);
#12996=EDGE_CURVE('584',#12580,#12582,#12202,.T.);
#13007=EDGE_CURVE('654',#12604,#12606,#11906,.T.);
#13009=EDGE_CURVE('655',#12608,#12606,#11910,.T.);
#13021=EDGE_CURVE('676',#12616,#12611,#11945,.T.);
#13023=EDGE_CURVE('666',#12616,#12600,#11923,.T.);
#13025=EDGE_CURVE('674',#12596,#12600,#12076,.T.);
#13029=EDGE_CURVE('667',#12606,#12591,#12375,.T.);
#13041=EDGE_CURVE('659',#12612,#12614,#11936,.T.);
#13043=EDGE_CURVE('660',#12616,#12614,#11940,.T.);
#13054=EDGE_CURVE('650',#12599,#12595,#12085,.T.);
#13056=EDGE_CURVE('665',#12614,#12599,#12089,.T.);
#13060=EDGE_CURVE('156',#12409,#12413,#11969,.T.);
#13065=EDGE_CURVE('199',#12444,#12445,#11949,.T.);
#13067=EDGE_CURVE('202',#12445,#12449,#11953,.T.);
#13069=EDGE_CURVE('200',#12448,#12449,#11957,.T.);
#13071=EDGE_CURVE('201',#12444,#12448,#11961,.T.);
#13082=EDGE_CURVE('203',#12444,#12416,#11977,.T.);
#13084=EDGE_CURVE('164',#12416,#12417,#11982,.T.);
#13086=EDGE_CURVE('165',#12417,#12419,#11986,.T.);
#13088=EDGE_CURVE('166',#12419,#12421,#11990,.T.);
#13090=EDGE_CURVE('167',#12421,#12423,#11994,.T.);
#13092=EDGE_CURVE('168',#12423,#12425,#11998,.T.);
#13094=EDGE_CURVE('169',#12425,#12427,#12002,.T.);
#13096=EDGE_CURVE('204',#12427,#12445,#12006,.T.);
#13107=EDGE_CURVE('205',#12448,#12430,#12039,.T.);
#13109=EDGE_CURVE('186',#12416,#12430,#12067,.T.);
#13121=EDGE_CURVE('206',#12441,#12449,#12010,.T.);
#13123=EDGE_CURVE('179',#12439,#12441,#12014,.T.);
#13125=EDGE_CURVE('178',#12437,#12439,#12018,.T.);
#13127=EDGE_CURVE('177',#12435,#12437,#12022,.T.);
#13129=EDGE_CURVE('176',#12433,#12435,#12026,.T.);
#13131=EDGE_CURVE('175',#12431,#12433,#12030,.T.);
#13133=EDGE_CURVE('174',#12430,#12431,#12035,.T.);
#13146=EDGE_CURVE('198',#12427,#12441,#12043,.T.);
#13158=EDGE_CURVE('196',#12425,#12439,#12047,.T.);
#13171=EDGE_CURVE('194',#12423,#12437,#12051,.T.);
#13184=EDGE_CURVE('192',#12421,#12435,#12055,.T.);
#13197=EDGE_CURVE('190',#12419,#12433,#12059,.T.);
#13210=EDGE_CURVE('188',#12417,#12431,#12063,.T.);
#13236=EDGE_CURVE('649',#12599,#12600,#12080,.T.);
#13260=EDGE_CURVE('154',#12408,#12412,#12093,.T.);
#13272=EDGE_CURVE('308',#12461,#12487,#12101,.T.);
#13274=EDGE_CURVE('309',#12487,#12483,#12315,.T.);
#13276=EDGE_CURVE('317',#12483,#12485,#12097,.T.);
#13278=EDGE_CURVE('310',#12489,#12485,#12270,.T.);
#13280=EDGE_CURVE('311',#12489,#12465,#12261,.T.);
#13294=EDGE_CURVE('313',#12460,#12469,#12105,.T.);
#13296=EDGE_CURVE('324',#12487,#12469,#12319,.T.);
#13309=EDGE_CURVE('550',#12567,#12569,#12127,.T.);
#13311=EDGE_CURVE('557',#12569,#12453,#12363,.T.);
#13313=EDGE_CURVE('243',#12452,#12453,#12111,.T.);
#13315=EDGE_CURVE('245',#12452,#12457,#12347,.T.);
#13317=EDGE_CURVE('321',#12457,#12469,#12288,.T.);
#13328=EDGE_CURVE('549',#12561,#12565,#12119,.T.);
#13330=EDGE_CURVE('548',#12565,#12569,#12123,.T.);
#13342=EDGE_CURVE('545',#12560,#12564,#12139,.T.);
#13344=EDGE_CURVE('544',#12564,#12565,#12144,.T.);
#13356=EDGE_CURVE('134',#12393,#12403,#12148,.T.);
#13359=EDGE_CURVE('536',#12548,#12552,#12231,.T.);
#13361=EDGE_CURVE('551',#12564,#12552,#12371,.T.);
#13373=EDGE_CURVE('74',#12391,#12401,#12152,.T.);
#13386=EDGE_CURVE('72',#12389,#12399,#12156,.T.);
#13399=EDGE_CURVE('70',#12388,#12398,#12160,.T.);
#13412=EDGE_CURVE('108',#12395,#12405,#12164,.T.);
#13424=EDGE_CURVE('580',#12573,#12574,#12180,.T.);
#13429=EDGE_CURVE('586',#12584,#12579,#12214,.T.);
#13431=EDGE_CURVE('592',#12584,#12574,#12168,.T.);
#13443=EDGE_CURVE('581',#12576,#12574,#12184,.T.);
#13456=EDGE_CURVE('585',#12584,#12582,#12206,.T.);
#13480=EDGE_CURVE('540',#12549,#12553,#12247,.T.);
#13482=EDGE_CURVE('535',#12552,#12553,#12224,.T.);
#13494=EDGE_CURVE('541',#12555,#12557,#12239,.T.);
#13496=EDGE_CURVE('539',#12553,#12557,#12243,.T.);
#13507=EDGE_CURVE('312',#12473,#12464,#12251,.T.);
#13509=EDGE_CURVE('320',#12455,#12473,#12296,.T.);
#13511=EDGE_CURVE('244',#12450,#12455,#12343,.T.);
#13513=EDGE_CURVE('242',#12450,#12451,#12257,.T.);
#13515=EDGE_CURVE('555',#12557,#12451,#12359,.T.);
#13529=EDGE_CURVE('325',#12489,#12473,#12265,.T.);
#13540=EDGE_CURVE('301',#12472,#12473,#12300,.T.);
#13544=EDGE_CURVE('307',#12481,#12485,#12339,.T.);
#13546=EDGE_CURVE('305',#12477,#12481,#12275,.T.);
#13548=EDGE_CURVE('303',#12472,#12477,#12280,.T.);
#13558=EDGE_CURVE('300',#12468,#12469,#12284,.T.);
#13561=EDGE_CURVE('258',#12457,#12455,#12292,.T.);
#13565=EDGE_CURVE('322',#12468,#12472,#12323,.T.);
#13576=EDGE_CURVE('302',#12468,#12475,#12305,.T.);
#13578=EDGE_CURVE('304',#12475,#12479,#12310,.T.);
#13580=EDGE_CURVE('306',#12479,#12483,#12331,.T.);
#13595=EDGE_CURVE('323',#12475,#12477,#12327,.T.);
#13608=EDGE_CURVE('316',#12479,#12481,#12335,.T.);
#13633=EDGE_CURVE('257',#12452,#12450,#12351,.T.);
#13646=EDGE_CURVE('256',#12453,#12451,#12355,.T.);
#13660=EDGE_CURVE('553',#12565,#12553,#12367,.T.);
#13696=EDGE_CURVE('531',#12543,#12545,#12385,.T.);
#13698=EDGE_CURVE('530',#12542,#12545,#12380,.T.);
#13727=AXIS2_PLACEMENT_3D('',#13724,#13725,#13726);
#13728=ADVANCED_BREP_SHAPE_REPRESENTATION('',(#13727,#13715),#13723);
#13735=PRODUCT_DEFINITION('design','',#13734,#13731);
#13736=PRODUCT_DEFINITION_SHAPE('','SHAPE FOR 67018_001.',#13735);
#13737=SHAPE_DEFINITION_REPRESENTATION(#13736,#13728);
#13738=NEXT_ASSEMBLY_USAGE_OCCURRENCE('909','Next assembly relationship',
'67018_001',#13774,#13735,$);
#13739=PRODUCT_DEFINITION_SHAPE('Placement #909',
'Placement of 67018_001 with respect to 71918_Y08_ASM',#13738);
#13747=NEXT_ASSEMBLY_USAGE_OCCURRENCE('910','Next assembly relationship',
'67018_001',#13774,#13735,$);
#13748=PRODUCT_DEFINITION_SHAPE('Placement #910',
'Placement of 67018_001 with respect to 71918_Y08_ASM',#13747);
#13767=AXIS2_PLACEMENT_3D('',#13764,#13765,#13766);
#13774=PRODUCT_DEFINITION('design','',#13773,#13770);
ENDSEC;
END-ISO-10303-21;
