ISO-10303-21;
HEADER;
FILE_DESCRIPTION(('FreeCAD Model'),'2;1');
FILE_NAME('Open CASCADE Shape Model','2026-07-25T20:05:49',('Author'),(
    ''),'Open CASCADE STEP processor 7.6','FreeCAD','Unknown');
FILE_SCHEMA(('AUTOMOTIVE_DESIGN { 1 0 10303 214 1 1 1 1 }'));
ENDSEC;
DATA;
#1 = APPLICATION_PROTOCOL_DEFINITION('international standard',
  'automotive_design',2000,#2);
#2 = APPLICATION_CONTEXT(
  'core data for automotive mechanical design processes');
#3 = SHAPE_DEFINITION_REPRESENTATION(#4,#10);
#4 = PRODUCT_DEFINITION_SHAPE('','',#5);
#5 = PRODUCT_DEFINITION('design','',#6,#9);
#6 = PRODUCT_DEFINITION_FORMATION('','',#7);
#7 = PRODUCT('RT-206_DIN_BASE002','RT-206_DIN_BASE002','',(#8));
#8 = PRODUCT_CONTEXT('',#2,'mechanical');
#9 = PRODUCT_DEFINITION_CONTEXT('part definition',#2,'design');
#10 = ADVANCED_BREP_SHAPE_REPRESENTATION('',(#11,#15),#9813);
#11 = AXIS2_PLACEMENT_3D('',#12,#13,#14);
#12 = CARTESIAN_POINT('',(0.,0.,0.));
#13 = DIRECTION('',(0.,0.,1.));
#14 = DIRECTION('',(1.,0.,-0.));
#15 = MANIFOLD_SOLID_BREP('',#16);
#16 = CLOSED_SHELL('',(#17,#59,#101,#145,#189,#233,#277,#309,#341,#373,
    #405,#447,#1315,#1378,#1441,#1554,#1585,#1616,#1639,#1670,#1701,
    #1724,#1796,#1859,#1972,#2003,#2034,#2057,#2088,#2119,#2142,#2296,
    #2352,#2374,#2528,#2593,#2615,#2662,#2709,#2874,#2905,#2968,#2990,
    #3044,#3173,#3295,#3335,#3375,#3496,#3617,#3689,#3761,#3785,#3809,
    #3826,#3850,#3874,#3891,#3909,#3933,#3957,#3974,#3998,#4022,#4039,
    #4063,#4080,#4104,#4121,#4152,#4206,#4230,#4278,#4309,#4355,#4379,
    #4396,#4420,#4437,#4475,#4492,#4523,#4571,#4595,#4643,#4674,#4720,
    #4744,#4761,#4816,#4893,#4924,#4942,#4967,#4991,#5008,#5039,#5057,
    #5082,#5106,#5123,#5567,#5602,#5640,#5671,#5736,#5824,#5870,#5889,
    #5913,#5925,#5939,#5951,#5968,#5980,#5997,#6009,#6064,#6088,#6136,
    #6191,#6246,#6263,#6280,#6297,#6314,#6326,#6343,#6360,#6377,#6403,
    #6420,#6444,#6468,#6485,#6502,#6514,#6531,#6548,#6565,#6577,#6589,
    #6601,#6613,#6644,#6662,#6687,#6711,#6728,#6759,#6777,#6802,#6826,
    #6843,#6860,#6877,#6889,#6901,#6915,#6929,#6943,#6957,#6979,#7001,
    #7018,#7038,#7050,#7072,#7089,#7114,#7126,#7143,#7155,#7167,#7198,
    #7222,#7246,#7263,#7275,#7306,#7330,#7354,#7371,#7383,#7402,#7414,
    #7431,#7578,#7597,#7609,#7626,#7643,#7661,#7703,#7721,#7763,#7781,
    #7823,#7841,#7883,#7895,#7907,#7919,#7931,#7953,#7975,#7997,#8019,
    #8050,#8074,#8098,#8115,#8146,#8170,#8194,#8211,#8223,#8235,#8258,
    #8270,#8288,#8311,#8323,#8341,#8372,#8390,#8408,#8420,#8451,#8469,
    #8486,#8499,#8530,#8554,#8578,#8595,#8607,#8619,#8631,#8643,#8655,
    #8686,#8717,#8734,#8751,#8782,#8806,#8830,#8847,#8859,#8871,#8902,
    #8933,#8950,#8967,#8979,#8991,#9003,#9015,#9027,#9051,#9078,#9095,
    #9107,#9131,#9158,#9175,#9187,#9204,#9232,#9249,#9261,#9285,#9311,
    #9323,#9335,#9347,#9359,#9376,#9396,#9421,#9433,#9445,#9457,#9469,
    #9481,#9512,#9536,#9553,#9564,#9595,#9619,#9636,#9647,#9678,#9702,
    #9719,#9730,#9761,#9785,#9802));
#17 = ADVANCED_FACE('',(#18),#54,.T.);
#18 = FACE_BOUND('',#19,.T.);
#19 = EDGE_LOOP('',(#20,#31,#39,#48));
#20 = ORIENTED_EDGE('',*,*,#21,.F.);
#21 = EDGE_CURVE('',#22,#24,#26,.T.);
#22 = VERTEX_POINT('',#23);
#23 = CARTESIAN_POINT('',(-18.95013026089,11.82,47.676219442568));
#24 = VERTEX_POINT('',#25);
#25 = CARTESIAN_POINT('',(-19.7,11.82,48.446560129085));
#26 = CIRCLE('',#27,0.750141735437);
#27 = AXIS2_PLACEMENT_3D('',#28,#29,#30);
#28 = CARTESIAN_POINT('',(-18.95013026089,11.82,48.426361178004));
#29 = DIRECTION('',(0.,1.,0.));
#30 = DIRECTION('',(0.,-0.,-1.));
#31 = ORIENTED_EDGE('',*,*,#32,.T.);
#32 = EDGE_CURVE('',#22,#33,#35,.T.);
#33 = VERTEX_POINT('',#34);
#34 = CARTESIAN_POINT('',(-18.95013026089,7.82,47.676219442568));
#35 = LINE('',#36,#37);
#36 = CARTESIAN_POINT('',(-18.95013026089,11.82,47.676219442568));
#37 = VECTOR('',#38,1.);
#38 = DIRECTION('',(-0.,-1.,-0.));
#39 = ORIENTED_EDGE('',*,*,#40,.T.);
#40 = EDGE_CURVE('',#33,#41,#43,.T.);
#41 = VERTEX_POINT('',#42);
#42 = CARTESIAN_POINT('',(-19.7,7.82,48.446560129085));
#43 = CIRCLE('',#44,0.750141735437);
#44 = AXIS2_PLACEMENT_3D('',#45,#46,#47);
#45 = CARTESIAN_POINT('',(-18.95013026089,7.82,48.426361178004));
#46 = DIRECTION('',(0.,1.,0.));
#47 = DIRECTION('',(0.,-0.,-1.));
#48 = ORIENTED_EDGE('',*,*,#49,.F.);
#49 = EDGE_CURVE('',#24,#41,#50,.T.);
#50 = LINE('',#51,#52);
#51 = CARTESIAN_POINT('',(-19.7,11.82,48.446560129085));
#52 = VECTOR('',#53,1.);
#53 = DIRECTION('',(-0.,-1.,-0.));
#54 = CYLINDRICAL_SURFACE('',#55,0.750141735437);
#55 = AXIS2_PLACEMENT_3D('',#56,#57,#58);
#56 = CARTESIAN_POINT('',(-18.95013026089,11.82,48.426361178004));
#57 = DIRECTION('',(-0.,-1.,-0.));
#58 = DIRECTION('',(0.,0.,-1.));
#59 = ADVANCED_FACE('',(#60),#96,.T.);
#60 = FACE_BOUND('',#61,.T.);
#61 = EDGE_LOOP('',(#62,#73,#81,#90));
#62 = ORIENTED_EDGE('',*,*,#63,.F.);
#63 = EDGE_CURVE('',#64,#66,#68,.T.);
#64 = VERTEX_POINT('',#65);
#65 = CARTESIAN_POINT('',(18.950130260899,11.82,47.676219442568));
#66 = VERTEX_POINT('',#67);
#67 = CARTESIAN_POINT('',(18.2,11.82,48.430510265503));
#68 = CIRCLE('',#69,0.750141735437);
#69 = AXIS2_PLACEMENT_3D('',#70,#71,#72);
#70 = CARTESIAN_POINT('',(18.950130260899,11.82,48.426361178004));
#71 = DIRECTION('',(0.,1.,0.));
#72 = DIRECTION('',(0.,-0.,1.));
#73 = ORIENTED_EDGE('',*,*,#74,.T.);
#74 = EDGE_CURVE('',#64,#75,#77,.T.);
#75 = VERTEX_POINT('',#76);
#76 = CARTESIAN_POINT('',(18.950130260899,7.82,47.676219442568));
#77 = LINE('',#78,#79);
#78 = CARTESIAN_POINT('',(18.950130260899,11.82,47.676219442568));
#79 = VECTOR('',#80,1.);
#80 = DIRECTION('',(-0.,-1.,-0.));
#81 = ORIENTED_EDGE('',*,*,#82,.T.);
#82 = EDGE_CURVE('',#75,#83,#85,.T.);
#83 = VERTEX_POINT('',#84);
#84 = CARTESIAN_POINT('',(18.2,7.82,48.430510265503));
#85 = CIRCLE('',#86,0.750141735437);
#86 = AXIS2_PLACEMENT_3D('',#87,#88,#89);
#87 = CARTESIAN_POINT('',(18.950130260899,7.82,48.426361178004));
#88 = DIRECTION('',(0.,1.,0.));
#89 = DIRECTION('',(0.,-0.,1.));
#90 = ORIENTED_EDGE('',*,*,#91,.F.);
#91 = EDGE_CURVE('',#66,#83,#92,.T.);
#92 = LINE('',#93,#94);
#93 = CARTESIAN_POINT('',(18.2,11.82,48.430510265503));
#94 = VECTOR('',#95,1.);
#95 = DIRECTION('',(-0.,-1.,-0.));
#96 = CYLINDRICAL_SURFACE('',#97,0.750141735437);
#97 = AXIS2_PLACEMENT_3D('',#98,#99,#100);
#98 = CARTESIAN_POINT('',(18.950130260899,11.82,48.426361178004));
#99 = DIRECTION('',(-0.,-1.,-0.));
#100 = DIRECTION('',(0.,0.,-1.));
#101 = ADVANCED_FACE('',(#102),#140,.T.);
#102 = FACE_BOUND('',#103,.T.);
#103 = EDGE_LOOP('',(#104,#115,#124,#133));
#104 = ORIENTED_EDGE('',*,*,#105,.F.);
#105 = EDGE_CURVE('',#106,#108,#110,.T.);
#106 = VERTEX_POINT('',#107);
#107 = CARTESIAN_POINT('',(25.,11.32,31.9));
#108 = VERTEX_POINT('',#109);
#109 = CARTESIAN_POINT('',(25.,11.32,38.1));
#110 = CIRCLE('',#111,3.1);
#111 = AXIS2_PLACEMENT_3D('',#112,#113,#114);
#112 = CARTESIAN_POINT('',(25.,11.32,35.));
#113 = DIRECTION('',(0.,-1.,0.));
#114 = DIRECTION('',(0.,0.,1.));
#115 = ORIENTED_EDGE('',*,*,#116,.T.);
#116 = EDGE_CURVE('',#106,#117,#119,.T.);
#117 = VERTEX_POINT('',#118);
#118 = CARTESIAN_POINT('',(25.,11.82,32.4));
#119 = CIRCLE('',#120,0.5);
#120 = AXIS2_PLACEMENT_3D('',#121,#122,#123);
#121 = CARTESIAN_POINT('',(25.,11.32,32.4));
#122 = DIRECTION('',(1.,-0.,1.224646799147E-16));
#123 = DIRECTION('',(1.224646799147E-16,0.,-1.));
#124 = ORIENTED_EDGE('',*,*,#125,.F.);
#125 = EDGE_CURVE('',#126,#117,#128,.T.);
#126 = VERTEX_POINT('',#127);
#127 = CARTESIAN_POINT('',(25.,11.82,37.6));
#128 = CIRCLE('',#129,2.6);
#129 = AXIS2_PLACEMENT_3D('',#130,#131,#132);
#130 = CARTESIAN_POINT('',(25.,11.82,35.));
#131 = DIRECTION('',(0.,1.,0.));
#132 = DIRECTION('',(0.,-0.,1.));
#133 = ORIENTED_EDGE('',*,*,#134,.F.);
#134 = EDGE_CURVE('',#108,#126,#135,.T.);
#135 = CIRCLE('',#136,0.5);
#136 = AXIS2_PLACEMENT_3D('',#137,#138,#139);
#137 = CARTESIAN_POINT('',(25.,11.32,37.6));
#138 = DIRECTION('',(-1.,0.,0.));
#139 = DIRECTION('',(0.,0.,1.));
#140 = TOROIDAL_SURFACE('',#141,2.6,0.5);
#141 = AXIS2_PLACEMENT_3D('',#142,#143,#144);
#142 = CARTESIAN_POINT('',(25.,11.32,35.));
#143 = DIRECTION('',(0.,1.,0.));
#144 = DIRECTION('',(0.,-0.,1.));
#145 = ADVANCED_FACE('',(#146),#184,.T.);
#146 = FACE_BOUND('',#147,.T.);
#147 = EDGE_LOOP('',(#148,#159,#168,#177));
#148 = ORIENTED_EDGE('',*,*,#149,.F.);
#149 = EDGE_CURVE('',#150,#152,#154,.T.);
#150 = VERTEX_POINT('',#151);
#151 = CARTESIAN_POINT('',(-25.,11.82,37.6));
#152 = VERTEX_POINT('',#153);
#153 = CARTESIAN_POINT('',(-25.,11.82,32.4));
#154 = CIRCLE('',#155,2.6);
#155 = AXIS2_PLACEMENT_3D('',#156,#157,#158);
#156 = CARTESIAN_POINT('',(-25.,11.82,35.));
#157 = DIRECTION('',(0.,1.,0.));
#158 = DIRECTION('',(0.,-0.,-1.));
#159 = ORIENTED_EDGE('',*,*,#160,.T.);
#160 = EDGE_CURVE('',#150,#161,#163,.T.);
#161 = VERTEX_POINT('',#162);
#162 = CARTESIAN_POINT('',(-25.,11.32,38.1));
#163 = CIRCLE('',#164,0.5);
#164 = AXIS2_PLACEMENT_3D('',#165,#166,#167);
#165 = CARTESIAN_POINT('',(-25.,11.32,37.6));
#166 = DIRECTION('',(1.,0.,-1.224646799147E-16));
#167 = DIRECTION('',(-1.224646799147E-16,0.,-1.));
#168 = ORIENTED_EDGE('',*,*,#169,.F.);
#169 = EDGE_CURVE('',#170,#161,#172,.T.);
#170 = VERTEX_POINT('',#171);
#171 = CARTESIAN_POINT('',(-25.,11.32,31.9));
#172 = CIRCLE('',#173,3.1);
#173 = AXIS2_PLACEMENT_3D('',#174,#175,#176);
#174 = CARTESIAN_POINT('',(-25.,11.32,35.));
#175 = DIRECTION('',(-0.,-1.,0.));
#176 = DIRECTION('',(-0.,0.,-1.));
#177 = ORIENTED_EDGE('',*,*,#178,.F.);
#178 = EDGE_CURVE('',#152,#170,#179,.T.);
#179 = CIRCLE('',#180,0.5);
#180 = AXIS2_PLACEMENT_3D('',#181,#182,#183);
#181 = CARTESIAN_POINT('',(-25.,11.32,32.4));
#182 = DIRECTION('',(-1.,0.,0.));
#183 = DIRECTION('',(0.,0.,1.));
#184 = TOROIDAL_SURFACE('',#185,2.6,0.5);
#185 = AXIS2_PLACEMENT_3D('',#186,#187,#188);
#186 = CARTESIAN_POINT('',(-25.,11.32,35.));
#187 = DIRECTION('',(-0.,-1.,0.));
#188 = DIRECTION('',(-0.,0.,-1.));
#189 = ADVANCED_FACE('',(#190),#228,.T.);
#190 = FACE_BOUND('',#191,.T.);
#191 = EDGE_LOOP('',(#192,#203,#212,#221));
#192 = ORIENTED_EDGE('',*,*,#193,.F.);
#193 = EDGE_CURVE('',#194,#196,#198,.T.);
#194 = VERTEX_POINT('',#195);
#195 = CARTESIAN_POINT('',(-25.,11.32,-38.1));
#196 = VERTEX_POINT('',#197);
#197 = CARTESIAN_POINT('',(-25.,11.32,-31.9));
#198 = CIRCLE('',#199,3.1);
#199 = AXIS2_PLACEMENT_3D('',#200,#201,#202);
#200 = CARTESIAN_POINT('',(-25.,11.32,-35.));
#201 = DIRECTION('',(0.,-1.,0.));
#202 = DIRECTION('',(0.,0.,1.));
#203 = ORIENTED_EDGE('',*,*,#204,.T.);
#204 = EDGE_CURVE('',#194,#205,#207,.T.);
#205 = VERTEX_POINT('',#206);
#206 = CARTESIAN_POINT('',(-25.,11.82,-37.6));
#207 = CIRCLE('',#208,0.5);
#208 = AXIS2_PLACEMENT_3D('',#209,#210,#211);
#209 = CARTESIAN_POINT('',(-25.,11.32,-37.6));
#210 = DIRECTION('',(1.,-0.,1.224646799147E-16));
#211 = DIRECTION('',(1.224646799147E-16,0.,-1.));
#212 = ORIENTED_EDGE('',*,*,#213,.F.);
#213 = EDGE_CURVE('',#214,#205,#216,.T.);
#214 = VERTEX_POINT('',#215);
#215 = CARTESIAN_POINT('',(-25.,11.82,-32.4));
#216 = CIRCLE('',#217,2.6);
#217 = AXIS2_PLACEMENT_3D('',#218,#219,#220);
#218 = CARTESIAN_POINT('',(-25.,11.82,-35.));
#219 = DIRECTION('',(0.,1.,0.));
#220 = DIRECTION('',(0.,-0.,1.));
#221 = ORIENTED_EDGE('',*,*,#222,.F.);
#222 = EDGE_CURVE('',#196,#214,#223,.T.);
#223 = CIRCLE('',#224,0.5);
#224 = AXIS2_PLACEMENT_3D('',#225,#226,#227);
#225 = CARTESIAN_POINT('',(-25.,11.32,-32.4));
#226 = DIRECTION('',(-1.,0.,0.));
#227 = DIRECTION('',(0.,0.,1.));
#228 = TOROIDAL_SURFACE('',#229,2.6,0.5);
#229 = AXIS2_PLACEMENT_3D('',#230,#231,#232);
#230 = CARTESIAN_POINT('',(-25.,11.32,-35.));
#231 = DIRECTION('',(0.,1.,0.));
#232 = DIRECTION('',(0.,-0.,1.));
#233 = ADVANCED_FACE('',(#234),#272,.T.);
#234 = FACE_BOUND('',#235,.T.);
#235 = EDGE_LOOP('',(#236,#247,#256,#265));
#236 = ORIENTED_EDGE('',*,*,#237,.F.);
#237 = EDGE_CURVE('',#238,#240,#242,.T.);
#238 = VERTEX_POINT('',#239);
#239 = CARTESIAN_POINT('',(25.,11.82,-32.4));
#240 = VERTEX_POINT('',#241);
#241 = CARTESIAN_POINT('',(25.,11.82,-37.6));
#242 = CIRCLE('',#243,2.6);
#243 = AXIS2_PLACEMENT_3D('',#244,#245,#246);
#244 = CARTESIAN_POINT('',(25.,11.82,-35.));
#245 = DIRECTION('',(0.,1.,0.));
#246 = DIRECTION('',(0.,-0.,-1.));
#247 = ORIENTED_EDGE('',*,*,#248,.T.);
#248 = EDGE_CURVE('',#238,#249,#251,.T.);
#249 = VERTEX_POINT('',#250);
#250 = CARTESIAN_POINT('',(25.,11.32,-31.9));
#251 = CIRCLE('',#252,0.5);
#252 = AXIS2_PLACEMENT_3D('',#253,#254,#255);
#253 = CARTESIAN_POINT('',(25.,11.32,-32.4));
#254 = DIRECTION('',(1.,0.,-1.224646799147E-16));
#255 = DIRECTION('',(-1.224646799147E-16,0.,-1.));
#256 = ORIENTED_EDGE('',*,*,#257,.F.);
#257 = EDGE_CURVE('',#258,#249,#260,.T.);
#258 = VERTEX_POINT('',#259);
#259 = CARTESIAN_POINT('',(25.,11.32,-38.1));
#260 = CIRCLE('',#261,3.1);
#261 = AXIS2_PLACEMENT_3D('',#262,#263,#264);
#262 = CARTESIAN_POINT('',(25.,11.32,-35.));
#263 = DIRECTION('',(-0.,-1.,0.));
#264 = DIRECTION('',(-0.,0.,-1.));
#265 = ORIENTED_EDGE('',*,*,#266,.F.);
#266 = EDGE_CURVE('',#240,#258,#267,.T.);
#267 = CIRCLE('',#268,0.5);
#268 = AXIS2_PLACEMENT_3D('',#269,#270,#271);
#269 = CARTESIAN_POINT('',(25.,11.32,-37.6));
#270 = DIRECTION('',(-1.,0.,0.));
#271 = DIRECTION('',(0.,0.,1.));
#272 = TOROIDAL_SURFACE('',#273,2.6,0.5);
#273 = AXIS2_PLACEMENT_3D('',#274,#275,#276);
#274 = CARTESIAN_POINT('',(25.,11.32,-35.));
#275 = DIRECTION('',(-0.,-1.,0.));
#276 = DIRECTION('',(-0.,0.,-1.));
#277 = ADVANCED_FACE('',(#278),#304,.T.);
#278 = FACE_BOUND('',#279,.T.);
#279 = EDGE_LOOP('',(#280,#281,#289,#298));
#280 = ORIENTED_EDGE('',*,*,#169,.T.);
#281 = ORIENTED_EDGE('',*,*,#282,.T.);
#282 = EDGE_CURVE('',#161,#283,#285,.T.);
#283 = VERTEX_POINT('',#284);
#284 = CARTESIAN_POINT('',(-25.,7.82,38.1));
#285 = LINE('',#286,#287);
#286 = CARTESIAN_POINT('',(-25.,11.82,38.1));
#287 = VECTOR('',#288,1.);
#288 = DIRECTION('',(-0.,-1.,-0.));
#289 = ORIENTED_EDGE('',*,*,#290,.T.);
#290 = EDGE_CURVE('',#283,#291,#293,.T.);
#291 = VERTEX_POINT('',#292);
#292 = CARTESIAN_POINT('',(-25.,7.82,31.9));
#293 = CIRCLE('',#294,3.1);
#294 = AXIS2_PLACEMENT_3D('',#295,#296,#297);
#295 = CARTESIAN_POINT('',(-25.,7.82,35.));
#296 = DIRECTION('',(0.,1.,0.));
#297 = DIRECTION('',(0.,-0.,-1.));
#298 = ORIENTED_EDGE('',*,*,#299,.F.);
#299 = EDGE_CURVE('',#170,#291,#300,.T.);
#300 = LINE('',#301,#302);
#301 = CARTESIAN_POINT('',(-25.,11.82,31.9));
#302 = VECTOR('',#303,1.);
#303 = DIRECTION('',(-0.,-1.,-0.));
#304 = CYLINDRICAL_SURFACE('',#305,3.1);
#305 = AXIS2_PLACEMENT_3D('',#306,#307,#308);
#306 = CARTESIAN_POINT('',(-25.,11.82,35.));
#307 = DIRECTION('',(-0.,-1.,-0.));
#308 = DIRECTION('',(0.,0.,-1.));
#309 = ADVANCED_FACE('',(#310),#336,.T.);
#310 = FACE_BOUND('',#311,.T.);
#311 = EDGE_LOOP('',(#312,#313,#321,#330));
#312 = ORIENTED_EDGE('',*,*,#105,.T.);
#313 = ORIENTED_EDGE('',*,*,#314,.T.);
#314 = EDGE_CURVE('',#108,#315,#317,.T.);
#315 = VERTEX_POINT('',#316);
#316 = CARTESIAN_POINT('',(25.,7.82,38.1));
#317 = LINE('',#318,#319);
#318 = CARTESIAN_POINT('',(25.,11.82,38.1));
#319 = VECTOR('',#320,1.);
#320 = DIRECTION('',(-0.,-1.,-0.));
#321 = ORIENTED_EDGE('',*,*,#322,.T.);
#322 = EDGE_CURVE('',#315,#323,#325,.T.);
#323 = VERTEX_POINT('',#324);
#324 = CARTESIAN_POINT('',(25.,7.82,31.9));
#325 = CIRCLE('',#326,3.1);
#326 = AXIS2_PLACEMENT_3D('',#327,#328,#329);
#327 = CARTESIAN_POINT('',(25.,7.82,35.));
#328 = DIRECTION('',(0.,1.,0.));
#329 = DIRECTION('',(0.,-0.,1.));
#330 = ORIENTED_EDGE('',*,*,#331,.F.);
#331 = EDGE_CURVE('',#106,#323,#332,.T.);
#332 = LINE('',#333,#334);
#333 = CARTESIAN_POINT('',(25.,11.82,31.9));
#334 = VECTOR('',#335,1.);
#335 = DIRECTION('',(-0.,-1.,-0.));
#336 = CYLINDRICAL_SURFACE('',#337,3.1);
#337 = AXIS2_PLACEMENT_3D('',#338,#339,#340);
#338 = CARTESIAN_POINT('',(25.,11.82,35.));
#339 = DIRECTION('',(-0.,-1.,-0.));
#340 = DIRECTION('',(0.,0.,-1.));
#341 = ADVANCED_FACE('',(#342),#368,.T.);
#342 = FACE_BOUND('',#343,.T.);
#343 = EDGE_LOOP('',(#344,#345,#353,#362));
#344 = ORIENTED_EDGE('',*,*,#257,.T.);
#345 = ORIENTED_EDGE('',*,*,#346,.T.);
#346 = EDGE_CURVE('',#249,#347,#349,.T.);
#347 = VERTEX_POINT('',#348);
#348 = CARTESIAN_POINT('',(25.,7.82,-31.9));
#349 = LINE('',#350,#351);
#350 = CARTESIAN_POINT('',(25.,11.82,-31.9));
#351 = VECTOR('',#352,1.);
#352 = DIRECTION('',(-0.,-1.,-0.));
#353 = ORIENTED_EDGE('',*,*,#354,.T.);
#354 = EDGE_CURVE('',#347,#355,#357,.T.);
#355 = VERTEX_POINT('',#356);
#356 = CARTESIAN_POINT('',(25.,7.82,-38.1));
#357 = CIRCLE('',#358,3.1);
#358 = AXIS2_PLACEMENT_3D('',#359,#360,#361);
#359 = CARTESIAN_POINT('',(25.,7.82,-35.));
#360 = DIRECTION('',(0.,1.,0.));
#361 = DIRECTION('',(0.,-0.,-1.));
#362 = ORIENTED_EDGE('',*,*,#363,.F.);
#363 = EDGE_CURVE('',#258,#355,#364,.T.);
#364 = LINE('',#365,#366);
#365 = CARTESIAN_POINT('',(25.,11.82,-38.1));
#366 = VECTOR('',#367,1.);
#367 = DIRECTION('',(-0.,-1.,-0.));
#368 = CYLINDRICAL_SURFACE('',#369,3.1);
#369 = AXIS2_PLACEMENT_3D('',#370,#371,#372);
#370 = CARTESIAN_POINT('',(25.,11.82,-35.));
#371 = DIRECTION('',(-0.,-1.,-0.));
#372 = DIRECTION('',(0.,0.,-1.));
#373 = ADVANCED_FACE('',(#374),#400,.T.);
#374 = FACE_BOUND('',#375,.T.);
#375 = EDGE_LOOP('',(#376,#377,#385,#394));
#376 = ORIENTED_EDGE('',*,*,#193,.T.);
#377 = ORIENTED_EDGE('',*,*,#378,.T.);
#378 = EDGE_CURVE('',#196,#379,#381,.T.);
#379 = VERTEX_POINT('',#380);
#380 = CARTESIAN_POINT('',(-25.,7.82,-31.9));
#381 = LINE('',#382,#383);
#382 = CARTESIAN_POINT('',(-25.,11.82,-31.9));
#383 = VECTOR('',#384,1.);
#384 = DIRECTION('',(-0.,-1.,-0.));
#385 = ORIENTED_EDGE('',*,*,#386,.T.);
#386 = EDGE_CURVE('',#379,#387,#389,.T.);
#387 = VERTEX_POINT('',#388);
#388 = CARTESIAN_POINT('',(-25.,7.82,-38.1));
#389 = CIRCLE('',#390,3.1);
#390 = AXIS2_PLACEMENT_3D('',#391,#392,#393);
#391 = CARTESIAN_POINT('',(-25.,7.82,-35.));
#392 = DIRECTION('',(0.,1.,0.));
#393 = DIRECTION('',(0.,-0.,1.));
#394 = ORIENTED_EDGE('',*,*,#395,.F.);
#395 = EDGE_CURVE('',#194,#387,#396,.T.);
#396 = LINE('',#397,#398);
#397 = CARTESIAN_POINT('',(-25.,11.82,-38.1));
#398 = VECTOR('',#399,1.);
#399 = DIRECTION('',(-0.,-1.,-0.));
#400 = CYLINDRICAL_SURFACE('',#401,3.1);
#401 = AXIS2_PLACEMENT_3D('',#402,#403,#404);
#402 = CARTESIAN_POINT('',(-25.,11.82,-35.));
#403 = DIRECTION('',(-0.,-1.,-0.));
#404 = DIRECTION('',(0.,0.,-1.));
#405 = ADVANCED_FACE('',(#406),#442,.F.);
#406 = FACE_BOUND('',#407,.F.);
#407 = EDGE_LOOP('',(#408,#418,#427,#435));
#408 = ORIENTED_EDGE('',*,*,#409,.T.);
#409 = EDGE_CURVE('',#410,#412,#414,.T.);
#410 = VERTEX_POINT('',#411);
#411 = CARTESIAN_POINT('',(-22.3,7.82,2.94));
#412 = VERTEX_POINT('',#413);
#413 = CARTESIAN_POINT('',(-22.3,5.55,2.94));
#414 = LINE('',#415,#416);
#415 = CARTESIAN_POINT('',(-22.3,56.1,2.94));
#416 = VECTOR('',#417,1.);
#417 = DIRECTION('',(-0.,-1.,-0.));
#418 = ORIENTED_EDGE('',*,*,#419,.F.);
#419 = EDGE_CURVE('',#420,#412,#422,.T.);
#420 = VERTEX_POINT('',#421);
#421 = CARTESIAN_POINT('',(-22.3,5.55,5.85));
#422 = CIRCLE('',#423,1.455);
#423 = AXIS2_PLACEMENT_3D('',#424,#425,#426);
#424 = CARTESIAN_POINT('',(-22.3,5.55,4.395));
#425 = DIRECTION('',(0.,-1.,0.));
#426 = DIRECTION('',(0.,0.,-1.));
#427 = ORIENTED_EDGE('',*,*,#428,.F.);
#428 = EDGE_CURVE('',#429,#420,#431,.T.);
#429 = VERTEX_POINT('',#430);
#430 = CARTESIAN_POINT('',(-22.3,7.82,5.85));
#431 = LINE('',#432,#433);
#432 = CARTESIAN_POINT('',(-22.3,56.1,5.85));
#433 = VECTOR('',#434,1.);
#434 = DIRECTION('',(-0.,-1.,-0.));
#435 = ORIENTED_EDGE('',*,*,#436,.T.);
#436 = EDGE_CURVE('',#429,#410,#437,.T.);
#437 = CIRCLE('',#438,1.455);
#438 = AXIS2_PLACEMENT_3D('',#439,#440,#441);
#439 = CARTESIAN_POINT('',(-22.3,7.82,4.395));
#440 = DIRECTION('',(0.,-1.,0.));
#441 = DIRECTION('',(0.,0.,1.));
#442 = CYLINDRICAL_SURFACE('',#443,1.455);
#443 = AXIS2_PLACEMENT_3D('',#444,#445,#446);
#444 = CARTESIAN_POINT('',(-22.3,56.1,4.395));
#445 = DIRECTION('',(-0.,-1.,-0.));
#446 = DIRECTION('',(0.,0.,-1.));
#447 = ADVANCED_FACE('',(#448,#458,#468,#502,#536,#570,#604,#614,#648,
    #682,#692,#702),#1310,.T.);
#448 = FACE_BOUND('',#449,.T.);
#449 = EDGE_LOOP('',(#450,#457));
#450 = ORIENTED_EDGE('',*,*,#451,.F.);
#451 = EDGE_CURVE('',#323,#315,#452,.T.);
#452 = CIRCLE('',#453,3.1);
#453 = AXIS2_PLACEMENT_3D('',#454,#455,#456);
#454 = CARTESIAN_POINT('',(25.,7.82,35.));
#455 = DIRECTION('',(0.,1.,0.));
#456 = DIRECTION('',(0.,-0.,1.));
#457 = ORIENTED_EDGE('',*,*,#322,.F.);
#458 = FACE_BOUND('',#459,.T.);
#459 = EDGE_LOOP('',(#460,#467));
#460 = ORIENTED_EDGE('',*,*,#461,.F.);
#461 = EDGE_CURVE('',#387,#379,#462,.T.);
#462 = CIRCLE('',#463,3.1);
#463 = AXIS2_PLACEMENT_3D('',#464,#465,#466);
#464 = CARTESIAN_POINT('',(-25.,7.82,-35.));
#465 = DIRECTION('',(0.,1.,0.));
#466 = DIRECTION('',(0.,-0.,1.));
#467 = ORIENTED_EDGE('',*,*,#386,.F.);
#468 = FACE_BOUND('',#469,.T.);
#469 = EDGE_LOOP('',(#470,#480,#488,#496));
#470 = ORIENTED_EDGE('',*,*,#471,.F.);
#471 = EDGE_CURVE('',#472,#474,#476,.T.);
#472 = VERTEX_POINT('',#473);
#473 = CARTESIAN_POINT('',(19.72,7.82,16.495));
#474 = VERTEX_POINT('',#475);
#475 = CARTESIAN_POINT('',(19.72,7.82,25.205));
#476 = LINE('',#477,#478);
#477 = CARTESIAN_POINT('',(19.72,7.82,25.205));
#478 = VECTOR('',#479,1.);
#479 = DIRECTION('',(7.966583127333E-16,-0.,1.));
#480 = ORIENTED_EDGE('',*,*,#481,.F.);
#481 = EDGE_CURVE('',#482,#472,#484,.T.);
#482 = VERTEX_POINT('',#483);
#483 = CARTESIAN_POINT('',(23.28,7.82,16.495));
#484 = LINE('',#485,#486);
#485 = CARTESIAN_POINT('',(19.72,7.82,16.495));
#486 = VECTOR('',#487,1.);
#487 = DIRECTION('',(-1.,-0.,-0.));
#488 = ORIENTED_EDGE('',*,*,#489,.F.);
#489 = EDGE_CURVE('',#490,#482,#492,.T.);
#490 = VERTEX_POINT('',#491);
#491 = CARTESIAN_POINT('',(23.28,7.82,25.205));
#492 = LINE('',#493,#494);
#493 = CARTESIAN_POINT('',(23.28,7.82,25.205));
#494 = VECTOR('',#495,1.);
#495 = DIRECTION('',(0.,0.,-1.));
#496 = ORIENTED_EDGE('',*,*,#497,.F.);
#497 = EDGE_CURVE('',#474,#490,#498,.T.);
#498 = LINE('',#499,#500);
#499 = CARTESIAN_POINT('',(19.72,7.82,25.205));
#500 = VECTOR('',#501,1.);
#501 = DIRECTION('',(1.,0.,-9.745637505488E-16));
#502 = FACE_BOUND('',#503,.T.);
#503 = EDGE_LOOP('',(#504,#514,#522,#530));
#504 = ORIENTED_EDGE('',*,*,#505,.F.);
#505 = EDGE_CURVE('',#506,#508,#510,.T.);
#506 = VERTEX_POINT('',#507);
#507 = CARTESIAN_POINT('',(23.28,7.82,-16.495));
#508 = VERTEX_POINT('',#509);
#509 = CARTESIAN_POINT('',(23.28,7.82,-25.205));
#510 = LINE('',#511,#512);
#511 = CARTESIAN_POINT('',(23.28,7.82,-25.205));
#512 = VECTOR('',#513,1.);
#513 = DIRECTION('',(-0.,-0.,-1.));
#514 = ORIENTED_EDGE('',*,*,#515,.F.);
#515 = EDGE_CURVE('',#516,#506,#518,.T.);
#516 = VERTEX_POINT('',#517);
#517 = CARTESIAN_POINT('',(19.72,7.82,-16.495));
#518 = LINE('',#519,#520);
#519 = CARTESIAN_POINT('',(19.72,7.82,-16.495));
#520 = VECTOR('',#521,1.);
#521 = DIRECTION('',(1.,0.,0.));
#522 = ORIENTED_EDGE('',*,*,#523,.F.);
#523 = EDGE_CURVE('',#524,#516,#526,.T.);
#524 = VERTEX_POINT('',#525);
#525 = CARTESIAN_POINT('',(19.72,7.82,-25.205));
#526 = LINE('',#527,#528);
#527 = CARTESIAN_POINT('',(19.72,7.82,-25.205));
#528 = VECTOR('',#529,1.);
#529 = DIRECTION('',(0.,0.,1.));
#530 = ORIENTED_EDGE('',*,*,#531,.F.);
#531 = EDGE_CURVE('',#508,#524,#532,.T.);
#532 = LINE('',#533,#534);
#533 = CARTESIAN_POINT('',(19.72,7.82,-25.205));
#534 = VECTOR('',#535,1.);
#535 = DIRECTION('',(-1.,-0.,-9.745637505488E-16));
#536 = FACE_BOUND('',#537,.T.);
#537 = EDGE_LOOP('',(#538,#548,#556,#564));
#538 = ORIENTED_EDGE('',*,*,#539,.F.);
#539 = EDGE_CURVE('',#540,#542,#544,.T.);
#540 = VERTEX_POINT('',#541);
#541 = CARTESIAN_POINT('',(15.2,7.82,-26.8));
#542 = VERTEX_POINT('',#543);
#543 = CARTESIAN_POINT('',(15.2,7.82,-15.));
#544 = LINE('',#545,#546);
#545 = CARTESIAN_POINT('',(15.2,7.82,-26.8));
#546 = VECTOR('',#547,1.);
#547 = DIRECTION('',(4.410313921975E-16,0.,1.));
#548 = ORIENTED_EDGE('',*,*,#549,.F.);
#549 = EDGE_CURVE('',#550,#540,#552,.T.);
#550 = VERTEX_POINT('',#551);
#551 = CARTESIAN_POINT('',(18.22,7.82,-26.8));
#552 = LINE('',#553,#554);
#553 = CARTESIAN_POINT('',(18.22,7.82,-26.8));
#554 = VECTOR('',#555,1.);
#555 = DIRECTION('',(-1.,0.,1.148823494024E-15));
#556 = ORIENTED_EDGE('',*,*,#557,.F.);
#557 = EDGE_CURVE('',#558,#550,#560,.T.);
#558 = VERTEX_POINT('',#559);
#559 = CARTESIAN_POINT('',(18.22,7.82,-15.));
#560 = LINE('',#561,#562);
#561 = CARTESIAN_POINT('',(18.22,7.82,-15.));
#562 = VECTOR('',#563,1.);
#563 = DIRECTION('',(0.,0.,-1.));
#564 = ORIENTED_EDGE('',*,*,#565,.F.);
#565 = EDGE_CURVE('',#542,#558,#566,.T.);
#566 = LINE('',#567,#568);
#567 = CARTESIAN_POINT('',(15.2,7.82,-15.));
#568 = VECTOR('',#569,1.);
#569 = DIRECTION('',(1.,0.,-1.148823494024E-15));
#570 = FACE_BOUND('',#571,.T.);
#571 = EDGE_LOOP('',(#572,#582,#590,#598));
#572 = ORIENTED_EDGE('',*,*,#573,.F.);
#573 = EDGE_CURVE('',#574,#576,#578,.T.);
#574 = VERTEX_POINT('',#575);
#575 = CARTESIAN_POINT('',(15.2,7.82,15.));
#576 = VERTEX_POINT('',#577);
#577 = CARTESIAN_POINT('',(15.2,7.82,26.8));
#578 = LINE('',#579,#580);
#579 = CARTESIAN_POINT('',(15.2,7.82,15.));
#580 = VECTOR('',#581,1.);
#581 = DIRECTION('',(1.470104640658E-16,0.,1.));
#582 = ORIENTED_EDGE('',*,*,#583,.F.);
#583 = EDGE_CURVE('',#584,#574,#586,.T.);
#584 = VERTEX_POINT('',#585);
#585 = CARTESIAN_POINT('',(18.22,7.82,15.));
#586 = LINE('',#587,#588);
#587 = CARTESIAN_POINT('',(18.22,7.82,15.));
#588 = VECTOR('',#589,1.);
#589 = DIRECTION('',(-1.,0.,-1.148823494024E-15));
#590 = ORIENTED_EDGE('',*,*,#591,.F.);
#591 = EDGE_CURVE('',#592,#584,#594,.T.);
#592 = VERTEX_POINT('',#593);
#593 = CARTESIAN_POINT('',(18.22,7.82,26.8));
#594 = LINE('',#595,#596);
#595 = CARTESIAN_POINT('',(18.22,7.82,26.8));
#596 = VECTOR('',#597,1.);
#597 = DIRECTION('',(0.,0.,-1.));
#598 = ORIENTED_EDGE('',*,*,#599,.F.);
#599 = EDGE_CURVE('',#576,#592,#600,.T.);
#600 = LINE('',#601,#602);
#601 = CARTESIAN_POINT('',(15.2,7.82,26.8));
#602 = VECTOR('',#603,1.);
#603 = DIRECTION('',(1.,0.,0.));
#604 = FACE_BOUND('',#605,.T.);
#605 = EDGE_LOOP('',(#606,#613));
#606 = ORIENTED_EDGE('',*,*,#607,.T.);
#607 = EDGE_CURVE('',#410,#429,#608,.T.);
#608 = CIRCLE('',#609,1.455);
#609 = AXIS2_PLACEMENT_3D('',#610,#611,#612);
#610 = CARTESIAN_POINT('',(-22.3,7.82,4.395));
#611 = DIRECTION('',(0.,-1.,0.));
#612 = DIRECTION('',(0.,0.,1.));
#613 = ORIENTED_EDGE('',*,*,#436,.T.);
#614 = FACE_BOUND('',#615,.T.);
#615 = EDGE_LOOP('',(#616,#626,#634,#642));
#616 = ORIENTED_EDGE('',*,*,#617,.T.);
#617 = EDGE_CURVE('',#618,#620,#622,.T.);
#618 = VERTEX_POINT('',#619);
#619 = CARTESIAN_POINT('',(-21.68,7.82,-9.995));
#620 = VERTEX_POINT('',#621);
#621 = CARTESIAN_POINT('',(-21.68,7.82,-8.395));
#622 = LINE('',#623,#624);
#623 = CARTESIAN_POINT('',(-21.68,7.82,-9.995));
#624 = VECTOR('',#625,1.);
#625 = DIRECTION('',(0.,0.,1.));
#626 = ORIENTED_EDGE('',*,*,#627,.T.);
#627 = EDGE_CURVE('',#620,#628,#630,.T.);
#628 = VERTEX_POINT('',#629);
#629 = CARTESIAN_POINT('',(-33.68,7.82,-8.395));
#630 = LINE('',#631,#632);
#631 = CARTESIAN_POINT('',(-33.68,7.82,-8.395));
#632 = VECTOR('',#633,1.);
#633 = DIRECTION('',(-1.,0.,0.));
#634 = ORIENTED_EDGE('',*,*,#635,.T.);
#635 = EDGE_CURVE('',#628,#636,#638,.T.);
#636 = VERTEX_POINT('',#637);
#637 = CARTESIAN_POINT('',(-33.68,7.82,-9.995));
#638 = LINE('',#639,#640);
#639 = CARTESIAN_POINT('',(-33.68,7.82,-9.995));
#640 = VECTOR('',#641,1.);
#641 = DIRECTION('',(0.,0.,-1.));
#642 = ORIENTED_EDGE('',*,*,#643,.F.);
#643 = EDGE_CURVE('',#618,#636,#644,.T.);
#644 = LINE('',#645,#646);
#645 = CARTESIAN_POINT('',(5.545888029625,7.82,-9.995));
#646 = VECTOR('',#647,1.);
#647 = DIRECTION('',(-1.,0.,0.));
#648 = FACE_BOUND('',#649,.T.);
#649 = EDGE_LOOP('',(#650,#660,#668,#676));
#650 = ORIENTED_EDGE('',*,*,#651,.T.);
#651 = EDGE_CURVE('',#652,#654,#656,.T.);
#652 = VERTEX_POINT('',#653);
#653 = CARTESIAN_POINT('',(-21.68,7.82,9.995));
#654 = VERTEX_POINT('',#655);
#655 = CARTESIAN_POINT('',(-33.68,7.82,9.995));
#656 = LINE('',#657,#658);
#657 = CARTESIAN_POINT('',(5.545888029625,7.82,9.995));
#658 = VECTOR('',#659,1.);
#659 = DIRECTION('',(-1.,0.,2.560477455316E-16));
#660 = ORIENTED_EDGE('',*,*,#661,.T.);
#661 = EDGE_CURVE('',#654,#662,#664,.T.);
#662 = VERTEX_POINT('',#663);
#663 = CARTESIAN_POINT('',(-33.68,7.82,8.395));
#664 = LINE('',#665,#666);
#665 = CARTESIAN_POINT('',(-33.68,7.82,9.995));
#666 = VECTOR('',#667,1.);
#667 = DIRECTION('',(0.,0.,-1.));
#668 = ORIENTED_EDGE('',*,*,#669,.T.);
#669 = EDGE_CURVE('',#662,#670,#672,.T.);
#670 = VERTEX_POINT('',#671);
#671 = CARTESIAN_POINT('',(-21.68,7.82,8.395));
#672 = LINE('',#673,#674);
#673 = CARTESIAN_POINT('',(-33.68,7.82,8.395));
#674 = VECTOR('',#675,1.);
#675 = DIRECTION('',(1.,-0.,0.));
#676 = ORIENTED_EDGE('',*,*,#677,.T.);
#677 = EDGE_CURVE('',#670,#652,#678,.T.);
#678 = LINE('',#679,#680);
#679 = CARTESIAN_POINT('',(-21.68,7.82,9.995));
#680 = VECTOR('',#681,1.);
#681 = DIRECTION('',(2.168404344971E-15,-0.,1.));
#682 = FACE_BOUND('',#683,.T.);
#683 = EDGE_LOOP('',(#684,#691));
#684 = ORIENTED_EDGE('',*,*,#685,.F.);
#685 = EDGE_CURVE('',#355,#347,#686,.T.);
#686 = CIRCLE('',#687,3.1);
#687 = AXIS2_PLACEMENT_3D('',#688,#689,#690);
#688 = CARTESIAN_POINT('',(25.,7.82,-35.));
#689 = DIRECTION('',(0.,1.,0.));
#690 = DIRECTION('',(0.,-0.,-1.));
#691 = ORIENTED_EDGE('',*,*,#354,.F.);
#692 = FACE_BOUND('',#693,.T.);
#693 = EDGE_LOOP('',(#694,#701));
#694 = ORIENTED_EDGE('',*,*,#695,.F.);
#695 = EDGE_CURVE('',#291,#283,#696,.T.);
#696 = CIRCLE('',#697,3.1);
#697 = AXIS2_PLACEMENT_3D('',#698,#699,#700);
#698 = CARTESIAN_POINT('',(-25.,7.82,35.));
#699 = DIRECTION('',(0.,1.,0.));
#700 = DIRECTION('',(0.,-0.,-1.));
#701 = ORIENTED_EDGE('',*,*,#290,.F.);
#702 = FACE_BOUND('',#703,.T.);
#703 = EDGE_LOOP('',(#704,#714,#722,#730,#739,#747,#755,#763,#772,#780,
    #788,#796,#804,#812,#820,#828,#836,#844,#852,#860,#868,#876,#884,
    #892,#900,#908,#916,#924,#930,#931,#940,#948,#956,#964,#972,#980,
    #988,#994,#995,#1004,#1012,#1020,#1028,#1036,#1045,#1053,#1061,#1069
    ,#1078,#1086,#1094,#1102,#1110,#1118,#1126,#1134,#1142,#1150,#1158,
    #1166,#1174,#1182,#1190,#1198,#1206,#1214,#1222,#1230,#1239,#1247,
    #1255,#1263,#1271,#1279,#1287,#1295,#1304));
#704 = ORIENTED_EDGE('',*,*,#705,.T.);
#705 = EDGE_CURVE('',#706,#708,#710,.T.);
#706 = VERTEX_POINT('',#707);
#707 = CARTESIAN_POINT('',(-19.7,7.82,-50.1));
#708 = VERTEX_POINT('',#709);
#709 = CARTESIAN_POINT('',(-42.85,7.82,-50.1));
#710 = LINE('',#711,#712);
#711 = CARTESIAN_POINT('',(43.4,7.82,-50.1));
#712 = VECTOR('',#713,1.);
#713 = DIRECTION('',(-1.,0.,0.));
#714 = ORIENTED_EDGE('',*,*,#715,.F.);
#715 = EDGE_CURVE('',#716,#708,#718,.T.);
#716 = VERTEX_POINT('',#717);
#717 = CARTESIAN_POINT('',(-42.85,7.82,-28.95));
#718 = LINE('',#719,#720);
#719 = CARTESIAN_POINT('',(-42.85,7.82,41.27));
#720 = VECTOR('',#721,1.);
#721 = DIRECTION('',(-2.278284087963E-16,0.,-1.));
#722 = ORIENTED_EDGE('',*,*,#723,.F.);
#723 = EDGE_CURVE('',#724,#716,#726,.T.);
#724 = VERTEX_POINT('',#725);
#725 = CARTESIAN_POINT('',(-41.01067884223,7.82,-28.95));
#726 = LINE('',#727,#728);
#727 = CARTESIAN_POINT('',(-43.39999999999,7.82,-28.95));
#728 = VECTOR('',#729,1.);
#729 = DIRECTION('',(-1.,-0.,-0.));
#730 = ORIENTED_EDGE('',*,*,#731,.F.);
#731 = EDGE_CURVE('',#732,#724,#734,.T.);
#732 = VERTEX_POINT('',#733);
#733 = CARTESIAN_POINT('',(-40.86127684948,7.82,-27.5));
#734 = CIRCLE('',#735,0.735700654919);
#735 = AXIS2_PLACEMENT_3D('',#736,#737,#738);
#736 = CARTESIAN_POINT('',(-41.03570065491,7.82,-28.21472497489));
#737 = DIRECTION('',(0.,1.,0.));
#738 = DIRECTION('',(0.,-0.,-1.));
#739 = ORIENTED_EDGE('',*,*,#740,.F.);
#740 = EDGE_CURVE('',#741,#732,#743,.T.);
#741 = VERTEX_POINT('',#742);
#742 = CARTESIAN_POINT('',(-42.85,7.82,-27.5));
#743 = LINE('',#744,#745);
#744 = CARTESIAN_POINT('',(-43.39999999999,7.82,-27.5));
#745 = VECTOR('',#746,1.);
#746 = DIRECTION('',(1.,0.,0.));
#747 = ORIENTED_EDGE('',*,*,#748,.F.);
#748 = EDGE_CURVE('',#749,#741,#751,.T.);
#749 = VERTEX_POINT('',#750);
#750 = CARTESIAN_POINT('',(-42.85,7.82,27.5));
#751 = LINE('',#752,#753);
#752 = CARTESIAN_POINT('',(-42.85,7.82,41.27));
#753 = VECTOR('',#754,1.);
#754 = DIRECTION('',(-2.278284087963E-16,0.,-1.));
#755 = ORIENTED_EDGE('',*,*,#756,.F.);
#756 = EDGE_CURVE('',#757,#749,#759,.T.);
#757 = VERTEX_POINT('',#758);
#758 = CARTESIAN_POINT('',(-40.86127684948,7.82,27.5));
#759 = LINE('',#760,#761);
#760 = CARTESIAN_POINT('',(-43.39999999999,7.82,27.5));
#761 = VECTOR('',#762,1.);
#762 = DIRECTION('',(-1.,-0.,-0.));
#763 = ORIENTED_EDGE('',*,*,#764,.F.);
#764 = EDGE_CURVE('',#765,#757,#767,.T.);
#765 = VERTEX_POINT('',#766);
#766 = CARTESIAN_POINT('',(-41.01067884223,7.82,28.95));
#767 = CIRCLE('',#768,0.735700654919);
#768 = AXIS2_PLACEMENT_3D('',#769,#770,#771);
#769 = CARTESIAN_POINT('',(-41.03570065491,7.82,28.214724974899));
#770 = DIRECTION('',(0.,1.,0.));
#771 = DIRECTION('',(0.,-0.,1.));
#772 = ORIENTED_EDGE('',*,*,#773,.F.);
#773 = EDGE_CURVE('',#774,#765,#776,.T.);
#774 = VERTEX_POINT('',#775);
#775 = CARTESIAN_POINT('',(-42.85,7.82,28.95));
#776 = LINE('',#777,#778);
#777 = CARTESIAN_POINT('',(-43.39999999999,7.82,28.95));
#778 = VECTOR('',#779,1.);
#779 = DIRECTION('',(1.,0.,0.));
#780 = ORIENTED_EDGE('',*,*,#781,.F.);
#781 = EDGE_CURVE('',#782,#774,#784,.T.);
#782 = VERTEX_POINT('',#783);
#783 = CARTESIAN_POINT('',(-42.85,7.82,41.27));
#784 = LINE('',#785,#786);
#785 = CARTESIAN_POINT('',(-42.85,7.82,41.27));
#786 = VECTOR('',#787,1.);
#787 = DIRECTION('',(-2.278284087963E-16,0.,-1.));
#788 = ORIENTED_EDGE('',*,*,#789,.T.);
#789 = EDGE_CURVE('',#782,#790,#792,.T.);
#790 = VERTEX_POINT('',#791);
#791 = CARTESIAN_POINT('',(-36.3,7.82,41.27));
#792 = LINE('',#793,#794);
#793 = CARTESIAN_POINT('',(5.545888029624,7.82,41.27));
#794 = VECTOR('',#795,1.);
#795 = DIRECTION('',(1.,-0.,1.738211316348E-15));
#796 = ORIENTED_EDGE('',*,*,#797,.T.);
#797 = EDGE_CURVE('',#790,#798,#800,.T.);
#798 = VERTEX_POINT('',#799);
#799 = CARTESIAN_POINT('',(-36.3,7.82,42.81));
#800 = LINE('',#801,#802);
#801 = CARTESIAN_POINT('',(-36.3,7.82,41.27));
#802 = VECTOR('',#803,1.);
#803 = DIRECTION('',(0.,0.,1.));
#804 = ORIENTED_EDGE('',*,*,#805,.T.);
#805 = EDGE_CURVE('',#798,#806,#808,.T.);
#806 = VERTEX_POINT('',#807);
#807 = CARTESIAN_POINT('',(-43.4,7.82,42.81));
#808 = LINE('',#809,#810);
#809 = CARTESIAN_POINT('',(-36.3,7.82,42.81));
#810 = VECTOR('',#811,1.);
#811 = DIRECTION('',(-1.,0.,0.));
#812 = ORIENTED_EDGE('',*,*,#813,.T.);
#813 = EDGE_CURVE('',#806,#814,#816,.T.);
#814 = VERTEX_POINT('',#815);
#815 = CARTESIAN_POINT('',(-43.4,7.82,48.93));
#816 = LINE('',#817,#818);
#817 = CARTESIAN_POINT('',(-43.4,7.82,-50.7));
#818 = VECTOR('',#819,1.);
#819 = DIRECTION('',(0.,0.,1.));
#820 = ORIENTED_EDGE('',*,*,#821,.T.);
#821 = EDGE_CURVE('',#814,#822,#824,.T.);
#822 = VERTEX_POINT('',#823);
#823 = CARTESIAN_POINT('',(-36.3,7.82,48.93));
#824 = LINE('',#825,#826);
#825 = CARTESIAN_POINT('',(-43.4,7.82,48.93));
#826 = VECTOR('',#827,1.);
#827 = DIRECTION('',(1.,-0.,0.));
#828 = ORIENTED_EDGE('',*,*,#829,.T.);
#829 = EDGE_CURVE('',#822,#830,#832,.T.);
#830 = VERTEX_POINT('',#831);
#831 = CARTESIAN_POINT('',(-36.3,7.82,50.7));
#832 = LINE('',#833,#834);
#833 = CARTESIAN_POINT('',(-36.3,7.82,50.7));
#834 = VECTOR('',#835,1.);
#835 = DIRECTION('',(-0.,0.,1.));
#836 = ORIENTED_EDGE('',*,*,#837,.T.);
#837 = EDGE_CURVE('',#830,#838,#840,.T.);
#838 = VERTEX_POINT('',#839);
#839 = CARTESIAN_POINT('',(-34.86,7.82,50.7));
#840 = LINE('',#841,#842);
#841 = CARTESIAN_POINT('',(-43.4,7.82,50.7));
#842 = VECTOR('',#843,1.);
#843 = DIRECTION('',(1.,0.,1.598823480163E-16));
#844 = ORIENTED_EDGE('',*,*,#845,.F.);
#845 = EDGE_CURVE('',#846,#838,#848,.T.);
#846 = VERTEX_POINT('',#847);
#847 = CARTESIAN_POINT('',(-34.86,7.82,49.67));
#848 = LINE('',#849,#850);
#849 = CARTESIAN_POINT('',(-34.86,7.82,49.67));
#850 = VECTOR('',#851,1.);
#851 = DIRECTION('',(0.,0.,1.));
#852 = ORIENTED_EDGE('',*,*,#853,.T.);
#853 = EDGE_CURVE('',#846,#854,#856,.T.);
#854 = VERTEX_POINT('',#855);
#855 = CARTESIAN_POINT('',(-34.86,7.82,42.07));
#856 = LINE('',#857,#858);
#857 = CARTESIAN_POINT('',(-34.86,7.82,49.67));
#858 = VECTOR('',#859,1.);
#859 = DIRECTION('',(-3.652049423109E-15,0.,-1.));
#860 = ORIENTED_EDGE('',*,*,#861,.T.);
#861 = EDGE_CURVE('',#854,#862,#864,.T.);
#862 = VERTEX_POINT('',#863);
#863 = CARTESIAN_POINT('',(-23.81,7.82,42.07));
#864 = LINE('',#865,#866);
#865 = CARTESIAN_POINT('',(-34.86,7.82,42.07));
#866 = VECTOR('',#867,1.);
#867 = DIRECTION('',(1.,0.,-7.535450393383E-15));
#868 = ORIENTED_EDGE('',*,*,#869,.T.);
#869 = EDGE_CURVE('',#862,#870,#872,.T.);
#870 = VERTEX_POINT('',#871);
#871 = CARTESIAN_POINT('',(-23.81,7.82,43.27));
#872 = LINE('',#873,#874);
#873 = CARTESIAN_POINT('',(-23.81,7.82,43.27));
#874 = VECTOR('',#875,1.);
#875 = DIRECTION('',(-0.,0.,1.));
#876 = ORIENTED_EDGE('',*,*,#877,.T.);
#877 = EDGE_CURVE('',#870,#878,#880,.T.);
#878 = VERTEX_POINT('',#879);
#879 = CARTESIAN_POINT('',(-27.86,7.82,43.27));
#880 = LINE('',#881,#882);
#881 = CARTESIAN_POINT('',(-23.81,7.82,43.27));
#882 = VECTOR('',#883,1.);
#883 = DIRECTION('',(-1.,0.,0.));
#884 = ORIENTED_EDGE('',*,*,#885,.T.);
#885 = EDGE_CURVE('',#878,#886,#888,.T.);
#886 = VERTEX_POINT('',#887);
#887 = CARTESIAN_POINT('',(-27.86,7.82,48.47));
#888 = LINE('',#889,#890);
#889 = CARTESIAN_POINT('',(-27.86,7.82,48.47));
#890 = VECTOR('',#891,1.);
#891 = DIRECTION('',(0.,0.,1.));
#892 = ORIENTED_EDGE('',*,*,#893,.T.);
#893 = EDGE_CURVE('',#886,#894,#896,.T.);
#894 = VERTEX_POINT('',#895);
#895 = CARTESIAN_POINT('',(-23.81,7.82,48.47));
#896 = LINE('',#897,#898);
#897 = CARTESIAN_POINT('',(-23.81,7.82,48.47));
#898 = VECTOR('',#899,1.);
#899 = DIRECTION('',(1.,0.,-7.667286081665E-16));
#900 = ORIENTED_EDGE('',*,*,#901,.T.);
#901 = EDGE_CURVE('',#894,#902,#904,.T.);
#902 = VERTEX_POINT('',#903);
#903 = CARTESIAN_POINT('',(-23.81,7.82,49.67));
#904 = LINE('',#905,#906);
#905 = CARTESIAN_POINT('',(-23.81,7.82,49.67));
#906 = VECTOR('',#907,1.);
#907 = DIRECTION('',(-0.,0.,1.));
#908 = ORIENTED_EDGE('',*,*,#909,.F.);
#909 = EDGE_CURVE('',#910,#902,#912,.T.);
#910 = VERTEX_POINT('',#911);
#911 = CARTESIAN_POINT('',(-23.81,7.82,50.1));
#912 = LINE('',#913,#914);
#913 = CARTESIAN_POINT('',(-23.81,7.82,49.67));
#914 = VECTOR('',#915,1.);
#915 = DIRECTION('',(-0.,-0.,-1.));
#916 = ORIENTED_EDGE('',*,*,#917,.F.);
#917 = EDGE_CURVE('',#918,#910,#920,.T.);
#918 = VERTEX_POINT('',#919);
#919 = CARTESIAN_POINT('',(-19.7,7.82,50.1));
#920 = LINE('',#921,#922);
#921 = CARTESIAN_POINT('',(-23.81,7.82,50.1));
#922 = VECTOR('',#923,1.);
#923 = DIRECTION('',(-1.,-0.,-0.));
#924 = ORIENTED_EDGE('',*,*,#925,.F.);
#925 = EDGE_CURVE('',#41,#918,#926,.T.);
#926 = LINE('',#927,#928);
#927 = CARTESIAN_POINT('',(-19.7,7.82,50.1));
#928 = VECTOR('',#929,1.);
#929 = DIRECTION('',(-2.098320606018E-15,-0.,1.));
#930 = ORIENTED_EDGE('',*,*,#40,.F.);
#931 = ORIENTED_EDGE('',*,*,#932,.F.);
#932 = EDGE_CURVE('',#933,#33,#935,.T.);
#933 = VERTEX_POINT('',#934);
#934 = CARTESIAN_POINT('',(-18.2,7.82,48.430510265503));
#935 = CIRCLE('',#936,0.750141735437);
#936 = AXIS2_PLACEMENT_3D('',#937,#938,#939);
#937 = CARTESIAN_POINT('',(-18.95013026089,7.82,48.426361178004));
#938 = DIRECTION('',(0.,1.,0.));
#939 = DIRECTION('',(0.,-0.,-1.));
#940 = ORIENTED_EDGE('',*,*,#941,.F.);
#941 = EDGE_CURVE('',#942,#933,#944,.T.);
#942 = VERTEX_POINT('',#943);
#943 = CARTESIAN_POINT('',(-18.2,7.82,48.84));
#944 = LINE('',#945,#946);
#945 = CARTESIAN_POINT('',(-18.2,7.82,50.1));
#946 = VECTOR('',#947,1.);
#947 = DIRECTION('',(-2.078148119311E-15,0.,-1.));
#948 = ORIENTED_EDGE('',*,*,#949,.F.);
#949 = EDGE_CURVE('',#950,#942,#952,.T.);
#950 = VERTEX_POINT('',#951);
#951 = CARTESIAN_POINT('',(-6.,7.82,48.84));
#952 = LINE('',#953,#954);
#953 = CARTESIAN_POINT('',(-19.,7.82,48.84));
#954 = VECTOR('',#955,1.);
#955 = DIRECTION('',(-1.,-0.,-0.));
#956 = ORIENTED_EDGE('',*,*,#957,.T.);
#957 = EDGE_CURVE('',#950,#958,#960,.T.);
#958 = VERTEX_POINT('',#959);
#959 = CARTESIAN_POINT('',(-6.,7.82,46.24));
#960 = LINE('',#961,#962);
#961 = CARTESIAN_POINT('',(-6.,7.82,48.84));
#962 = VECTOR('',#963,1.);
#963 = DIRECTION('',(-1.334402673828E-15,0.,-1.));
#964 = ORIENTED_EDGE('',*,*,#965,.T.);
#965 = EDGE_CURVE('',#958,#966,#968,.T.);
#966 = VERTEX_POINT('',#967);
#967 = CARTESIAN_POINT('',(6.,7.82,46.24));
#968 = LINE('',#969,#970);
#969 = CARTESIAN_POINT('',(-6.,7.82,46.24));
#970 = VECTOR('',#971,1.);
#971 = DIRECTION('',(1.,-0.,0.));
#972 = ORIENTED_EDGE('',*,*,#973,.T.);
#973 = EDGE_CURVE('',#966,#974,#976,.T.);
#974 = VERTEX_POINT('',#975);
#975 = CARTESIAN_POINT('',(6.,7.82,48.84));
#976 = LINE('',#977,#978);
#977 = CARTESIAN_POINT('',(6.,7.82,48.84));
#978 = VECTOR('',#979,1.);
#979 = DIRECTION('',(-3.336006684571E-16,0.,1.));
#980 = ORIENTED_EDGE('',*,*,#981,.F.);
#981 = EDGE_CURVE('',#982,#974,#984,.T.);
#982 = VERTEX_POINT('',#983);
#983 = CARTESIAN_POINT('',(18.2,7.82,48.84));
#984 = LINE('',#985,#986);
#985 = CARTESIAN_POINT('',(-19.,7.82,48.84));
#986 = VECTOR('',#987,1.);
#987 = DIRECTION('',(-1.,-0.,-0.));
#988 = ORIENTED_EDGE('',*,*,#989,.F.);
#989 = EDGE_CURVE('',#83,#982,#990,.T.);
#990 = LINE('',#991,#992);
#991 = CARTESIAN_POINT('',(18.2,7.82,50.1));
#992 = VECTOR('',#993,1.);
#993 = DIRECTION('',(-2.078148119311E-15,-0.,1.));
#994 = ORIENTED_EDGE('',*,*,#82,.F.);
#995 = ORIENTED_EDGE('',*,*,#996,.F.);
#996 = EDGE_CURVE('',#997,#75,#999,.T.);
#997 = VERTEX_POINT('',#998);
#998 = CARTESIAN_POINT('',(19.7,7.82,48.446560129085));
#999 = CIRCLE('',#1000,0.750141735437);
#1000 = AXIS2_PLACEMENT_3D('',#1001,#1002,#1003);
#1001 = CARTESIAN_POINT('',(18.950130260899,7.82,48.426361178004));
#1002 = DIRECTION('',(0.,1.,0.));
#1003 = DIRECTION('',(0.,-0.,1.));
#1004 = ORIENTED_EDGE('',*,*,#1005,.F.);
#1005 = EDGE_CURVE('',#1006,#997,#1008,.T.);
#1006 = VERTEX_POINT('',#1007);
#1007 = CARTESIAN_POINT('',(19.7,7.82,50.1));
#1008 = LINE('',#1009,#1010);
#1009 = CARTESIAN_POINT('',(19.7,7.82,50.1));
#1010 = VECTOR('',#1011,1.);
#1011 = DIRECTION('',(-2.098320606018E-15,0.,-1.));
#1012 = ORIENTED_EDGE('',*,*,#1013,.F.);
#1013 = EDGE_CURVE('',#1014,#1006,#1016,.T.);
#1014 = VERTEX_POINT('',#1015);
#1015 = CARTESIAN_POINT('',(42.85,7.82,50.1));
#1016 = LINE('',#1017,#1018);
#1017 = CARTESIAN_POINT('',(-23.81,7.82,50.1));
#1018 = VECTOR('',#1019,1.);
#1019 = DIRECTION('',(-1.,-0.,-0.));
#1020 = ORIENTED_EDGE('',*,*,#1021,.F.);
#1021 = EDGE_CURVE('',#1022,#1014,#1024,.T.);
#1022 = VERTEX_POINT('',#1023);
#1023 = CARTESIAN_POINT('',(42.85,7.82,28.95));
#1024 = LINE('',#1025,#1026);
#1025 = CARTESIAN_POINT('',(42.85,7.82,50.7));
#1026 = VECTOR('',#1027,1.);
#1027 = DIRECTION('',(7.54473622258E-17,-0.,1.));
#1028 = ORIENTED_EDGE('',*,*,#1029,.F.);
#1029 = EDGE_CURVE('',#1030,#1022,#1032,.T.);
#1030 = VERTEX_POINT('',#1031);
#1031 = CARTESIAN_POINT('',(41.01067884223,7.82,28.95));
#1032 = LINE('',#1033,#1034);
#1033 = CARTESIAN_POINT('',(43.399999999999,7.82,28.95));
#1034 = VECTOR('',#1035,1.);
#1035 = DIRECTION('',(1.,-0.,-0.));
#1036 = ORIENTED_EDGE('',*,*,#1037,.F.);
#1037 = EDGE_CURVE('',#1038,#1030,#1040,.T.);
#1038 = VERTEX_POINT('',#1039);
#1039 = CARTESIAN_POINT('',(40.86127684948,7.82,27.5));
#1040 = CIRCLE('',#1041,0.735700654919);
#1041 = AXIS2_PLACEMENT_3D('',#1042,#1043,#1044);
#1042 = CARTESIAN_POINT('',(41.035700654919,7.82,28.214724974899));
#1043 = DIRECTION('',(0.,1.,0.));
#1044 = DIRECTION('',(0.,-0.,-1.));
#1045 = ORIENTED_EDGE('',*,*,#1046,.F.);
#1046 = EDGE_CURVE('',#1047,#1038,#1049,.T.);
#1047 = VERTEX_POINT('',#1048);
#1048 = CARTESIAN_POINT('',(42.85,7.82,27.5));
#1049 = LINE('',#1050,#1051);
#1050 = CARTESIAN_POINT('',(43.399999999999,7.82,27.5));
#1051 = VECTOR('',#1052,1.);
#1052 = DIRECTION('',(-1.,0.,0.));
#1053 = ORIENTED_EDGE('',*,*,#1054,.F.);
#1054 = EDGE_CURVE('',#1055,#1047,#1057,.T.);
#1055 = VERTEX_POINT('',#1056);
#1056 = CARTESIAN_POINT('',(42.85,7.82,-27.5));
#1057 = LINE('',#1058,#1059);
#1058 = CARTESIAN_POINT('',(42.85,7.82,50.7));
#1059 = VECTOR('',#1060,1.);
#1060 = DIRECTION('',(7.54473622258E-17,-0.,1.));
#1061 = ORIENTED_EDGE('',*,*,#1062,.F.);
#1062 = EDGE_CURVE('',#1063,#1055,#1065,.T.);
#1063 = VERTEX_POINT('',#1064);
#1064 = CARTESIAN_POINT('',(40.86127684948,7.82,-27.5));
#1065 = LINE('',#1066,#1067);
#1066 = CARTESIAN_POINT('',(43.399999999999,7.82,-27.5));
#1067 = VECTOR('',#1068,1.);
#1068 = DIRECTION('',(1.,-0.,-0.));
#1069 = ORIENTED_EDGE('',*,*,#1070,.F.);
#1070 = EDGE_CURVE('',#1071,#1063,#1073,.T.);
#1071 = VERTEX_POINT('',#1072);
#1072 = CARTESIAN_POINT('',(41.01067884223,7.82,-28.95));
#1073 = CIRCLE('',#1074,0.735700654919);
#1074 = AXIS2_PLACEMENT_3D('',#1075,#1076,#1077);
#1075 = CARTESIAN_POINT('',(41.035700654919,7.82,-28.21472497489));
#1076 = DIRECTION('',(0.,1.,0.));
#1077 = DIRECTION('',(0.,-0.,1.));
#1078 = ORIENTED_EDGE('',*,*,#1079,.F.);
#1079 = EDGE_CURVE('',#1080,#1071,#1082,.T.);
#1080 = VERTEX_POINT('',#1081);
#1081 = CARTESIAN_POINT('',(42.85,7.82,-28.95));
#1082 = LINE('',#1083,#1084);
#1083 = CARTESIAN_POINT('',(43.399999999999,7.82,-28.95));
#1084 = VECTOR('',#1085,1.);
#1085 = DIRECTION('',(-1.,0.,0.));
#1086 = ORIENTED_EDGE('',*,*,#1087,.F.);
#1087 = EDGE_CURVE('',#1088,#1080,#1090,.T.);
#1088 = VERTEX_POINT('',#1089);
#1089 = CARTESIAN_POINT('',(42.85,7.82,-41.27));
#1090 = LINE('',#1091,#1092);
#1091 = CARTESIAN_POINT('',(42.85,7.82,50.7));
#1092 = VECTOR('',#1093,1.);
#1093 = DIRECTION('',(7.54473622258E-17,-0.,1.));
#1094 = ORIENTED_EDGE('',*,*,#1095,.F.);
#1095 = EDGE_CURVE('',#1096,#1088,#1098,.T.);
#1096 = VERTEX_POINT('',#1097);
#1097 = CARTESIAN_POINT('',(36.3,7.82,-41.27));
#1098 = LINE('',#1099,#1100);
#1099 = CARTESIAN_POINT('',(5.545888029625,7.82,-41.27));
#1100 = VECTOR('',#1101,1.);
#1101 = DIRECTION('',(1.,-0.,0.));
#1102 = ORIENTED_EDGE('',*,*,#1103,.T.);
#1103 = EDGE_CURVE('',#1096,#1104,#1106,.T.);
#1104 = VERTEX_POINT('',#1105);
#1105 = CARTESIAN_POINT('',(36.3,7.82,-42.81));
#1106 = LINE('',#1107,#1108);
#1107 = CARTESIAN_POINT('',(36.3,7.82,-41.27));
#1108 = VECTOR('',#1109,1.);
#1109 = DIRECTION('',(0.,0.,-1.));
#1110 = ORIENTED_EDGE('',*,*,#1111,.T.);
#1111 = EDGE_CURVE('',#1104,#1112,#1114,.T.);
#1112 = VERTEX_POINT('',#1113);
#1113 = CARTESIAN_POINT('',(43.4,7.82,-42.81));
#1114 = LINE('',#1115,#1116);
#1115 = CARTESIAN_POINT('',(36.3,7.82,-42.81));
#1116 = VECTOR('',#1117,1.);
#1117 = DIRECTION('',(1.,-0.,0.));
#1118 = ORIENTED_EDGE('',*,*,#1119,.T.);
#1119 = EDGE_CURVE('',#1112,#1120,#1122,.T.);
#1120 = VERTEX_POINT('',#1121);
#1121 = CARTESIAN_POINT('',(43.4,7.82,-48.93));
#1122 = LINE('',#1123,#1124);
#1123 = CARTESIAN_POINT('',(43.4,7.82,50.7));
#1124 = VECTOR('',#1125,1.);
#1125 = DIRECTION('',(0.,0.,-1.));
#1126 = ORIENTED_EDGE('',*,*,#1127,.T.);
#1127 = EDGE_CURVE('',#1120,#1128,#1130,.T.);
#1128 = VERTEX_POINT('',#1129);
#1129 = CARTESIAN_POINT('',(36.3,7.82,-48.93));
#1130 = LINE('',#1131,#1132);
#1131 = CARTESIAN_POINT('',(43.4,7.82,-48.93));
#1132 = VECTOR('',#1133,1.);
#1133 = DIRECTION('',(-1.,0.,0.));
#1134 = ORIENTED_EDGE('',*,*,#1135,.T.);
#1135 = EDGE_CURVE('',#1128,#1136,#1138,.T.);
#1136 = VERTEX_POINT('',#1137);
#1137 = CARTESIAN_POINT('',(36.3,7.82,-49.67));
#1138 = LINE('',#1139,#1140);
#1139 = CARTESIAN_POINT('',(36.3,7.82,-50.7));
#1140 = VECTOR('',#1141,1.);
#1141 = DIRECTION('',(0.,0.,-1.));
#1142 = ORIENTED_EDGE('',*,*,#1143,.T.);
#1143 = EDGE_CURVE('',#1136,#1144,#1146,.T.);
#1144 = VERTEX_POINT('',#1145);
#1145 = CARTESIAN_POINT('',(34.86,7.82,-49.67));
#1146 = LINE('',#1147,#1148);
#1147 = CARTESIAN_POINT('',(43.4,7.82,-49.67));
#1148 = VECTOR('',#1149,1.);
#1149 = DIRECTION('',(-1.,0.,0.));
#1150 = ORIENTED_EDGE('',*,*,#1151,.T.);
#1151 = EDGE_CURVE('',#1144,#1152,#1154,.T.);
#1152 = VERTEX_POINT('',#1153);
#1153 = CARTESIAN_POINT('',(34.86,7.82,-42.07));
#1154 = LINE('',#1155,#1156);
#1155 = CARTESIAN_POINT('',(34.86,7.82,-49.67));
#1156 = VECTOR('',#1157,1.);
#1157 = DIRECTION('',(0.,0.,1.));
#1158 = ORIENTED_EDGE('',*,*,#1159,.T.);
#1159 = EDGE_CURVE('',#1152,#1160,#1162,.T.);
#1160 = VERTEX_POINT('',#1161);
#1161 = CARTESIAN_POINT('',(23.81,7.82,-42.07));
#1162 = LINE('',#1163,#1164);
#1163 = CARTESIAN_POINT('',(34.86,7.82,-42.07));
#1164 = VECTOR('',#1165,1.);
#1165 = DIRECTION('',(-1.,0.,6.907496193935E-15));
#1166 = ORIENTED_EDGE('',*,*,#1167,.T.);
#1167 = EDGE_CURVE('',#1160,#1168,#1170,.T.);
#1168 = VERTEX_POINT('',#1169);
#1169 = CARTESIAN_POINT('',(23.81,7.82,-43.27));
#1170 = LINE('',#1171,#1172);
#1171 = CARTESIAN_POINT('',(23.81,7.82,-43.27));
#1172 = VECTOR('',#1173,1.);
#1173 = DIRECTION('',(-3.469446951954E-14,0.,-1.));
#1174 = ORIENTED_EDGE('',*,*,#1175,.T.);
#1175 = EDGE_CURVE('',#1168,#1176,#1178,.T.);
#1176 = VERTEX_POINT('',#1177);
#1177 = CARTESIAN_POINT('',(27.86,7.82,-43.27));
#1178 = LINE('',#1179,#1180);
#1179 = CARTESIAN_POINT('',(23.81,7.82,-43.27));
#1180 = VECTOR('',#1181,1.);
#1181 = DIRECTION('',(1.,0.,-6.900557473499E-15));
#1182 = ORIENTED_EDGE('',*,*,#1183,.T.);
#1183 = EDGE_CURVE('',#1176,#1184,#1186,.T.);
#1184 = VERTEX_POINT('',#1185);
#1185 = CARTESIAN_POINT('',(27.86,7.82,-48.47));
#1186 = LINE('',#1187,#1188);
#1187 = CARTESIAN_POINT('',(27.86,7.82,-48.47));
#1188 = VECTOR('',#1189,1.);
#1189 = DIRECTION('',(2.668805347657E-15,0.,-1.));
#1190 = ORIENTED_EDGE('',*,*,#1191,.T.);
#1191 = EDGE_CURVE('',#1184,#1192,#1194,.T.);
#1192 = VERTEX_POINT('',#1193);
#1193 = CARTESIAN_POINT('',(23.81,7.82,-48.47));
#1194 = LINE('',#1195,#1196);
#1195 = CARTESIAN_POINT('',(23.81,7.82,-48.47));
#1196 = VECTOR('',#1197,1.);
#1197 = DIRECTION('',(-1.,0.,7.667286081665E-16));
#1198 = ORIENTED_EDGE('',*,*,#1199,.T.);
#1199 = EDGE_CURVE('',#1192,#1200,#1202,.T.);
#1200 = VERTEX_POINT('',#1201);
#1201 = CARTESIAN_POINT('',(23.81,7.82,-49.67));
#1202 = LINE('',#1203,#1204);
#1203 = CARTESIAN_POINT('',(23.81,7.82,-49.67));
#1204 = VECTOR('',#1205,1.);
#1205 = DIRECTION('',(0.,0.,-1.));
#1206 = ORIENTED_EDGE('',*,*,#1207,.F.);
#1207 = EDGE_CURVE('',#1208,#1200,#1210,.T.);
#1208 = VERTEX_POINT('',#1209);
#1209 = CARTESIAN_POINT('',(23.81,7.82,-50.1));
#1210 = LINE('',#1211,#1212);
#1211 = CARTESIAN_POINT('',(23.81,7.82,-49.67));
#1212 = VECTOR('',#1213,1.);
#1213 = DIRECTION('',(-0.,-0.,1.));
#1214 = ORIENTED_EDGE('',*,*,#1215,.T.);
#1215 = EDGE_CURVE('',#1208,#1216,#1218,.T.);
#1216 = VERTEX_POINT('',#1217);
#1217 = CARTESIAN_POINT('',(19.7,7.82,-50.1));
#1218 = LINE('',#1219,#1220);
#1219 = CARTESIAN_POINT('',(43.4,7.82,-50.1));
#1220 = VECTOR('',#1221,1.);
#1221 = DIRECTION('',(-1.,0.,0.));
#1222 = ORIENTED_EDGE('',*,*,#1223,.F.);
#1223 = EDGE_CURVE('',#1224,#1216,#1226,.T.);
#1224 = VERTEX_POINT('',#1225);
#1225 = CARTESIAN_POINT('',(19.7,7.82,-48.44656012908));
#1226 = LINE('',#1227,#1228);
#1227 = CARTESIAN_POINT('',(19.7,7.82,-50.1));
#1228 = VECTOR('',#1229,1.);
#1229 = DIRECTION('',(2.098320606018E-15,-0.,-1.));
#1230 = ORIENTED_EDGE('',*,*,#1231,.F.);
#1231 = EDGE_CURVE('',#1232,#1224,#1234,.T.);
#1232 = VERTEX_POINT('',#1233);
#1233 = CARTESIAN_POINT('',(18.2,7.82,-48.4305102655));
#1234 = CIRCLE('',#1235,0.750141735437);
#1235 = AXIS2_PLACEMENT_3D('',#1236,#1237,#1238);
#1236 = CARTESIAN_POINT('',(18.950130260899,7.82,-48.426361178));
#1237 = DIRECTION('',(0.,1.,0.));
#1238 = DIRECTION('',(0.,-0.,-1.));
#1239 = ORIENTED_EDGE('',*,*,#1240,.F.);
#1240 = EDGE_CURVE('',#1241,#1232,#1243,.T.);
#1241 = VERTEX_POINT('',#1242);
#1242 = CARTESIAN_POINT('',(18.2,7.82,-48.84));
#1243 = LINE('',#1244,#1245);
#1244 = CARTESIAN_POINT('',(18.2,7.82,-50.1));
#1245 = VECTOR('',#1246,1.);
#1246 = DIRECTION('',(2.078148119311E-15,0.,1.));
#1247 = ORIENTED_EDGE('',*,*,#1248,.F.);
#1248 = EDGE_CURVE('',#1249,#1241,#1251,.T.);
#1249 = VERTEX_POINT('',#1250);
#1250 = CARTESIAN_POINT('',(6.,7.82,-48.84));
#1251 = LINE('',#1252,#1253);
#1252 = CARTESIAN_POINT('',(-19.,7.82,-48.84));
#1253 = VECTOR('',#1254,1.);
#1254 = DIRECTION('',(1.,0.,0.));
#1255 = ORIENTED_EDGE('',*,*,#1256,.T.);
#1256 = EDGE_CURVE('',#1249,#1257,#1259,.T.);
#1257 = VERTEX_POINT('',#1258);
#1258 = CARTESIAN_POINT('',(6.,7.82,-46.24));
#1259 = LINE('',#1260,#1261);
#1260 = CARTESIAN_POINT('',(6.,7.82,-48.84));
#1261 = VECTOR('',#1262,1.);
#1262 = DIRECTION('',(1.334402673828E-15,-0.,1.));
#1263 = ORIENTED_EDGE('',*,*,#1264,.T.);
#1264 = EDGE_CURVE('',#1257,#1265,#1267,.T.);
#1265 = VERTEX_POINT('',#1266);
#1266 = CARTESIAN_POINT('',(-6.,7.82,-46.24));
#1267 = LINE('',#1268,#1269);
#1268 = CARTESIAN_POINT('',(-6.,7.82,-46.24));
#1269 = VECTOR('',#1270,1.);
#1270 = DIRECTION('',(-1.,0.,0.));
#1271 = ORIENTED_EDGE('',*,*,#1272,.T.);
#1272 = EDGE_CURVE('',#1265,#1273,#1275,.T.);
#1273 = VERTEX_POINT('',#1274);
#1274 = CARTESIAN_POINT('',(-6.,7.82,-48.84));
#1275 = LINE('',#1276,#1277);
#1276 = CARTESIAN_POINT('',(-6.,7.82,-48.84));
#1277 = VECTOR('',#1278,1.);
#1278 = DIRECTION('',(1.334402673828E-15,0.,-1.));
#1279 = ORIENTED_EDGE('',*,*,#1280,.F.);
#1280 = EDGE_CURVE('',#1281,#1273,#1283,.T.);
#1281 = VERTEX_POINT('',#1282);
#1282 = CARTESIAN_POINT('',(-18.2,7.82,-48.84));
#1283 = LINE('',#1284,#1285);
#1284 = CARTESIAN_POINT('',(-19.,7.82,-48.84));
#1285 = VECTOR('',#1286,1.);
#1286 = DIRECTION('',(1.,0.,0.));
#1287 = ORIENTED_EDGE('',*,*,#1288,.F.);
#1288 = EDGE_CURVE('',#1289,#1281,#1291,.T.);
#1289 = VERTEX_POINT('',#1290);
#1290 = CARTESIAN_POINT('',(-18.2,7.82,-48.4305102655));
#1291 = LINE('',#1292,#1293);
#1292 = CARTESIAN_POINT('',(-18.2,7.82,-50.1));
#1293 = VECTOR('',#1294,1.);
#1294 = DIRECTION('',(2.078148119311E-15,-0.,-1.));
#1295 = ORIENTED_EDGE('',*,*,#1296,.F.);
#1296 = EDGE_CURVE('',#1297,#1289,#1299,.T.);
#1297 = VERTEX_POINT('',#1298);
#1298 = CARTESIAN_POINT('',(-19.7,7.82,-48.44656012908));
#1299 = CIRCLE('',#1300,0.750141735437);
#1300 = AXIS2_PLACEMENT_3D('',#1301,#1302,#1303);
#1301 = CARTESIAN_POINT('',(-18.95013026089,7.82,-48.426361178));
#1302 = DIRECTION('',(0.,1.,0.));
#1303 = DIRECTION('',(0.,-0.,1.));
#1304 = ORIENTED_EDGE('',*,*,#1305,.F.);
#1305 = EDGE_CURVE('',#706,#1297,#1306,.T.);
#1306 = LINE('',#1307,#1308);
#1307 = CARTESIAN_POINT('',(-19.7,7.82,-50.1));
#1308 = VECTOR('',#1309,1.);
#1309 = DIRECTION('',(2.098320606018E-15,0.,1.));
#1310 = PLANE('',#1311);
#1311 = AXIS2_PLACEMENT_3D('',#1312,#1313,#1314);
#1312 = CARTESIAN_POINT('',(43.4,7.82,-50.7));
#1313 = DIRECTION('',(0.,1.,0.));
#1314 = DIRECTION('',(0.,-0.,1.));
#1315 = ADVANCED_FACE('',(#1316),#1373,.F.);
#1316 = FACE_BOUND('',#1317,.T.);
#1317 = EDGE_LOOP('',(#1318,#1326,#1327,#1335,#1343,#1351,#1359,#1367));
#1318 = ORIENTED_EDGE('',*,*,#1319,.T.);
#1319 = EDGE_CURVE('',#1320,#708,#1322,.T.);
#1320 = VERTEX_POINT('',#1321);
#1321 = CARTESIAN_POINT('',(-42.85,13.42,-50.1));
#1322 = LINE('',#1323,#1324);
#1323 = CARTESIAN_POINT('',(-42.85,13.42,-50.1));
#1324 = VECTOR('',#1325,1.);
#1325 = DIRECTION('',(-0.,-1.,-0.));
#1326 = ORIENTED_EDGE('',*,*,#705,.F.);
#1327 = ORIENTED_EDGE('',*,*,#1328,.F.);
#1328 = EDGE_CURVE('',#1329,#706,#1331,.T.);
#1329 = VERTEX_POINT('',#1330);
#1330 = CARTESIAN_POINT('',(-19.7,11.82,-50.1));
#1331 = LINE('',#1332,#1333);
#1332 = CARTESIAN_POINT('',(-19.7,11.82,-50.1));
#1333 = VECTOR('',#1334,1.);
#1334 = DIRECTION('',(-0.,-1.,-0.));
#1335 = ORIENTED_EDGE('',*,*,#1336,.F.);
#1336 = EDGE_CURVE('',#1337,#1329,#1339,.T.);
#1337 = VERTEX_POINT('',#1338);
#1338 = CARTESIAN_POINT('',(-19.,11.82,-50.1));
#1339 = LINE('',#1340,#1341);
#1340 = CARTESIAN_POINT('',(-19.7,11.82,-50.1));
#1341 = VECTOR('',#1342,1.);
#1342 = DIRECTION('',(-1.,-0.,-0.));
#1343 = ORIENTED_EDGE('',*,*,#1344,.F.);
#1344 = EDGE_CURVE('',#1345,#1337,#1347,.T.);
#1345 = VERTEX_POINT('',#1346);
#1346 = CARTESIAN_POINT('',(-19.,15.32,-50.1));
#1347 = LINE('',#1348,#1349);
#1348 = CARTESIAN_POINT('',(-19.,15.32,-50.1));
#1349 = VECTOR('',#1350,1.);
#1350 = DIRECTION('',(0.,-1.,0.));
#1351 = ORIENTED_EDGE('',*,*,#1352,.F.);
#1352 = EDGE_CURVE('',#1353,#1345,#1355,.T.);
#1353 = VERTEX_POINT('',#1354);
#1354 = CARTESIAN_POINT('',(-43.75,15.32,-50.1));
#1355 = LINE('',#1356,#1357);
#1356 = CARTESIAN_POINT('',(-43.75,15.32,-50.1));
#1357 = VECTOR('',#1358,1.);
#1358 = DIRECTION('',(1.,0.,0.));
#1359 = ORIENTED_EDGE('',*,*,#1360,.T.);
#1360 = EDGE_CURVE('',#1353,#1361,#1363,.T.);
#1361 = VERTEX_POINT('',#1362);
#1362 = CARTESIAN_POINT('',(-43.75,13.42,-50.1));
#1363 = LINE('',#1364,#1365);
#1364 = CARTESIAN_POINT('',(-43.75,15.32,-50.1));
#1365 = VECTOR('',#1366,1.);
#1366 = DIRECTION('',(-0.,-1.,-0.));
#1367 = ORIENTED_EDGE('',*,*,#1368,.F.);
#1368 = EDGE_CURVE('',#1320,#1361,#1369,.T.);
#1369 = LINE('',#1370,#1371);
#1370 = CARTESIAN_POINT('',(-43.75,13.42,-50.1));
#1371 = VECTOR('',#1372,1.);
#1372 = DIRECTION('',(-1.,-0.,-0.));
#1373 = PLANE('',#1374);
#1374 = AXIS2_PLACEMENT_3D('',#1375,#1376,#1377);
#1375 = CARTESIAN_POINT('',(-43.75,15.32,-50.1));
#1376 = DIRECTION('',(0.,0.,-1.));
#1377 = DIRECTION('',(-1.,0.,-0.));
#1378 = ADVANCED_FACE('',(#1379),#1436,.F.);
#1379 = FACE_BOUND('',#1380,.T.);
#1380 = EDGE_LOOP('',(#1381,#1391,#1399,#1407,#1415,#1421,#1422,#1430));
#1381 = ORIENTED_EDGE('',*,*,#1382,.F.);
#1382 = EDGE_CURVE('',#1383,#1385,#1387,.T.);
#1383 = VERTEX_POINT('',#1384);
#1384 = CARTESIAN_POINT('',(-43.39999999999,12.92,41.27));
#1385 = VERTEX_POINT('',#1386);
#1386 = CARTESIAN_POINT('',(-43.4,5.55,41.27));
#1387 = LINE('',#1388,#1389);
#1388 = CARTESIAN_POINT('',(-43.4,56.1,41.27));
#1389 = VECTOR('',#1390,1.);
#1390 = DIRECTION('',(-0.,-1.,-0.));
#1391 = ORIENTED_EDGE('',*,*,#1392,.F.);
#1392 = EDGE_CURVE('',#1393,#1383,#1395,.T.);
#1393 = VERTEX_POINT('',#1394);
#1394 = CARTESIAN_POINT('',(-43.4,12.92,50.7));
#1395 = LINE('',#1396,#1397);
#1396 = CARTESIAN_POINT('',(-43.39999999999,12.92,-50.5));
#1397 = VECTOR('',#1398,1.);
#1398 = DIRECTION('',(1.351732578683E-14,0.,-1.));
#1399 = ORIENTED_EDGE('',*,*,#1400,.T.);
#1400 = EDGE_CURVE('',#1393,#1401,#1403,.T.);
#1401 = VERTEX_POINT('',#1402);
#1402 = CARTESIAN_POINT('',(-43.4,5.55,50.7));
#1403 = LINE('',#1404,#1405);
#1404 = CARTESIAN_POINT('',(-43.4,56.1,50.7));
#1405 = VECTOR('',#1406,1.);
#1406 = DIRECTION('',(-0.,-1.,-0.));
#1407 = ORIENTED_EDGE('',*,*,#1408,.T.);
#1408 = EDGE_CURVE('',#1401,#1409,#1411,.T.);
#1409 = VERTEX_POINT('',#1410);
#1410 = CARTESIAN_POINT('',(-43.4,5.55,48.93));
#1411 = LINE('',#1412,#1413);
#1412 = CARTESIAN_POINT('',(-43.4,5.55,50.7));
#1413 = VECTOR('',#1414,1.);
#1414 = DIRECTION('',(-1.176083712527E-14,0.,-1.));
#1415 = ORIENTED_EDGE('',*,*,#1416,.F.);
#1416 = EDGE_CURVE('',#814,#1409,#1417,.T.);
#1417 = LINE('',#1418,#1419);
#1418 = CARTESIAN_POINT('',(-43.4,56.1,48.93));
#1419 = VECTOR('',#1420,1.);
#1420 = DIRECTION('',(-0.,-1.,-0.));
#1421 = ORIENTED_EDGE('',*,*,#813,.F.);
#1422 = ORIENTED_EDGE('',*,*,#1423,.T.);
#1423 = EDGE_CURVE('',#806,#1424,#1426,.T.);
#1424 = VERTEX_POINT('',#1425);
#1425 = CARTESIAN_POINT('',(-43.4,5.55,42.81));
#1426 = LINE('',#1427,#1428);
#1427 = CARTESIAN_POINT('',(-43.4,56.1,42.81));
#1428 = VECTOR('',#1429,1.);
#1429 = DIRECTION('',(-0.,-1.,-0.));
#1430 = ORIENTED_EDGE('',*,*,#1431,.T.);
#1431 = EDGE_CURVE('',#1424,#1385,#1432,.T.);
#1432 = LINE('',#1433,#1434);
#1433 = CARTESIAN_POINT('',(-43.4,5.55,41.27));
#1434 = VECTOR('',#1435,1.);
#1435 = DIRECTION('',(1.351732578683E-14,-0.,-1.));
#1436 = PLANE('',#1437);
#1437 = AXIS2_PLACEMENT_3D('',#1438,#1439,#1440);
#1438 = CARTESIAN_POINT('',(-43.4,56.1,41.27));
#1439 = DIRECTION('',(-1.,0.,-1.351732578683E-14));
#1440 = DIRECTION('',(-1.351732578683E-14,0.,1.));
#1441 = ADVANCED_FACE('',(#1442),#1549,.F.);
#1442 = FACE_BOUND('',#1443,.T.);
#1443 = EDGE_LOOP('',(#1444,#1452,#1460,#1468,#1476,#1484,#1493,#1501,
    #1510,#1518,#1526,#1534,#1542,#1548));
#1444 = ORIENTED_EDGE('',*,*,#1445,.F.);
#1445 = EDGE_CURVE('',#1446,#1383,#1448,.T.);
#1446 = VERTEX_POINT('',#1447);
#1447 = CARTESIAN_POINT('',(-43.75,12.92,41.27));
#1448 = LINE('',#1449,#1450);
#1449 = CARTESIAN_POINT('',(43.3,12.92,41.27));
#1450 = VECTOR('',#1451,1.);
#1451 = DIRECTION('',(1.,0.,0.));
#1452 = ORIENTED_EDGE('',*,*,#1453,.F.);
#1453 = EDGE_CURVE('',#1454,#1446,#1456,.T.);
#1454 = VERTEX_POINT('',#1455);
#1455 = CARTESIAN_POINT('',(-43.75,12.92,-51.1));
#1456 = LINE('',#1457,#1458);
#1457 = CARTESIAN_POINT('',(-43.75,12.92,-50.5));
#1458 = VECTOR('',#1459,1.);
#1459 = DIRECTION('',(0.,0.,1.));
#1460 = ORIENTED_EDGE('',*,*,#1461,.F.);
#1461 = EDGE_CURVE('',#1462,#1454,#1464,.T.);
#1462 = VERTEX_POINT('',#1463);
#1463 = CARTESIAN_POINT('',(-6.,12.92,-51.1));
#1464 = LINE('',#1465,#1466);
#1465 = CARTESIAN_POINT('',(43.3,12.92,-51.1));
#1466 = VECTOR('',#1467,1.);
#1467 = DIRECTION('',(-1.,0.,0.));
#1468 = ORIENTED_EDGE('',*,*,#1469,.F.);
#1469 = EDGE_CURVE('',#1470,#1462,#1472,.T.);
#1470 = VERTEX_POINT('',#1471);
#1471 = CARTESIAN_POINT('',(-6.,12.92,-52.5));
#1472 = LINE('',#1473,#1474);
#1473 = CARTESIAN_POINT('',(-6.,12.92,-52.5));
#1474 = VECTOR('',#1475,1.);
#1475 = DIRECTION('',(-2.115516434118E-15,0.,1.));
#1476 = ORIENTED_EDGE('',*,*,#1477,.T.);
#1477 = EDGE_CURVE('',#1470,#1478,#1480,.T.);
#1478 = VERTEX_POINT('',#1479);
#1479 = CARTESIAN_POINT('',(-43.3,12.92,-52.5));
#1480 = LINE('',#1481,#1482);
#1481 = CARTESIAN_POINT('',(-43.3,12.92,-52.5));
#1482 = VECTOR('',#1483,1.);
#1483 = DIRECTION('',(-1.,-0.,-0.));
#1484 = ORIENTED_EDGE('',*,*,#1485,.T.);
#1485 = EDGE_CURVE('',#1478,#1486,#1488,.T.);
#1486 = VERTEX_POINT('',#1487);
#1487 = CARTESIAN_POINT('',(-45.3,12.92,-50.5));
#1488 = CIRCLE('',#1489,2.);
#1489 = AXIS2_PLACEMENT_3D('',#1490,#1491,#1492);
#1490 = CARTESIAN_POINT('',(-43.3,12.92,-50.5));
#1491 = DIRECTION('',(0.,1.,0.));
#1492 = DIRECTION('',(0.,-0.,1.));
#1493 = ORIENTED_EDGE('',*,*,#1494,.T.);
#1494 = EDGE_CURVE('',#1486,#1495,#1497,.T.);
#1495 = VERTEX_POINT('',#1496);
#1496 = CARTESIAN_POINT('',(-45.3,12.92,50.5));
#1497 = LINE('',#1498,#1499);
#1498 = CARTESIAN_POINT('',(-45.3,12.92,-50.5));
#1499 = VECTOR('',#1500,1.);
#1500 = DIRECTION('',(6.870191984067E-17,0.,1.));
#1501 = ORIENTED_EDGE('',*,*,#1502,.T.);
#1502 = EDGE_CURVE('',#1495,#1503,#1505,.T.);
#1503 = VERTEX_POINT('',#1504);
#1504 = CARTESIAN_POINT('',(-43.3,12.92,52.5));
#1505 = CIRCLE('',#1506,2.);
#1506 = AXIS2_PLACEMENT_3D('',#1507,#1508,#1509);
#1507 = CARTESIAN_POINT('',(-43.3,12.92,50.5));
#1508 = DIRECTION('',(0.,1.,0.));
#1509 = DIRECTION('',(0.,-0.,1.));
#1510 = ORIENTED_EDGE('',*,*,#1511,.T.);
#1511 = EDGE_CURVE('',#1503,#1512,#1514,.T.);
#1512 = VERTEX_POINT('',#1513);
#1513 = CARTESIAN_POINT('',(-6.,12.92,52.5));
#1514 = LINE('',#1515,#1516);
#1515 = CARTESIAN_POINT('',(-43.3,12.92,52.5));
#1516 = VECTOR('',#1517,1.);
#1517 = DIRECTION('',(1.,0.,0.));
#1518 = ORIENTED_EDGE('',*,*,#1519,.F.);
#1519 = EDGE_CURVE('',#1520,#1512,#1522,.T.);
#1520 = VERTEX_POINT('',#1521);
#1521 = CARTESIAN_POINT('',(-6.,12.92,51.1));
#1522 = LINE('',#1523,#1524);
#1523 = CARTESIAN_POINT('',(-6.,12.92,52.5));
#1524 = VECTOR('',#1525,1.);
#1525 = DIRECTION('',(2.115516434118E-15,-0.,1.));
#1526 = ORIENTED_EDGE('',*,*,#1527,.F.);
#1527 = EDGE_CURVE('',#1528,#1520,#1530,.T.);
#1528 = VERTEX_POINT('',#1529);
#1529 = CARTESIAN_POINT('',(-36.3,12.92,51.1));
#1530 = LINE('',#1531,#1532);
#1531 = CARTESIAN_POINT('',(43.3,12.92,51.1));
#1532 = VECTOR('',#1533,1.);
#1533 = DIRECTION('',(1.,0.,-8.668199755037E-17));
#1534 = ORIENTED_EDGE('',*,*,#1535,.F.);
#1535 = EDGE_CURVE('',#1536,#1528,#1538,.T.);
#1536 = VERTEX_POINT('',#1537);
#1537 = CARTESIAN_POINT('',(-36.3,12.92,50.7));
#1538 = LINE('',#1539,#1540);
#1539 = CARTESIAN_POINT('',(-36.3,12.92,-50.49999999999));
#1540 = VECTOR('',#1541,1.);
#1541 = DIRECTION('',(1.734723475977E-14,0.,1.));
#1542 = ORIENTED_EDGE('',*,*,#1543,.T.);
#1543 = EDGE_CURVE('',#1536,#1393,#1544,.T.);
#1544 = LINE('',#1545,#1546);
#1545 = CARTESIAN_POINT('',(43.3,12.92,50.7));
#1546 = VECTOR('',#1547,1.);
#1547 = DIRECTION('',(-1.,0.,0.));
#1548 = ORIENTED_EDGE('',*,*,#1392,.T.);
#1549 = PLANE('',#1550);
#1550 = AXIS2_PLACEMENT_3D('',#1551,#1552,#1553);
#1551 = CARTESIAN_POINT('',(43.3,12.92,-50.5));
#1552 = DIRECTION('',(0.,-1.,0.));
#1553 = DIRECTION('',(0.,-0.,-1.));
#1554 = ADVANCED_FACE('',(#1555),#1580,.F.);
#1555 = FACE_BOUND('',#1556,.T.);
#1556 = EDGE_LOOP('',(#1557,#1565,#1566,#1574));
#1557 = ORIENTED_EDGE('',*,*,#1558,.F.);
#1558 = EDGE_CURVE('',#741,#1559,#1561,.T.);
#1559 = VERTEX_POINT('',#1560);
#1560 = CARTESIAN_POINT('',(-42.85,11.82,-27.5));
#1561 = LINE('',#1562,#1563);
#1562 = CARTESIAN_POINT('',(-42.85,11.82,-27.5));
#1563 = VECTOR('',#1564,1.);
#1564 = DIRECTION('',(0.,1.,0.));
#1565 = ORIENTED_EDGE('',*,*,#740,.T.);
#1566 = ORIENTED_EDGE('',*,*,#1567,.F.);
#1567 = EDGE_CURVE('',#1568,#732,#1570,.T.);
#1568 = VERTEX_POINT('',#1569);
#1569 = CARTESIAN_POINT('',(-40.86127684948,11.82,-27.5));
#1570 = LINE('',#1571,#1572);
#1571 = CARTESIAN_POINT('',(-40.86127684948,11.82,-27.5));
#1572 = VECTOR('',#1573,1.);
#1573 = DIRECTION('',(-0.,-1.,-0.));
#1574 = ORIENTED_EDGE('',*,*,#1575,.F.);
#1575 = EDGE_CURVE('',#1559,#1568,#1576,.T.);
#1576 = LINE('',#1577,#1578);
#1577 = CARTESIAN_POINT('',(-43.39999999999,11.82,-27.5));
#1578 = VECTOR('',#1579,1.);
#1579 = DIRECTION('',(1.,0.,0.));
#1580 = PLANE('',#1581);
#1581 = AXIS2_PLACEMENT_3D('',#1582,#1583,#1584);
#1582 = CARTESIAN_POINT('',(-43.39999999999,11.82,-27.5));
#1583 = DIRECTION('',(0.,0.,-1.));
#1584 = DIRECTION('',(-1.,0.,-0.));
#1585 = ADVANCED_FACE('',(#1586),#1611,.F.);
#1586 = FACE_BOUND('',#1587,.T.);
#1587 = EDGE_LOOP('',(#1588,#1596,#1604,#1610));
#1588 = ORIENTED_EDGE('',*,*,#1589,.F.);
#1589 = EDGE_CURVE('',#1590,#716,#1592,.T.);
#1590 = VERTEX_POINT('',#1591);
#1591 = CARTESIAN_POINT('',(-42.85,11.82,-28.95));
#1592 = LINE('',#1593,#1594);
#1593 = CARTESIAN_POINT('',(-42.85,11.82,-28.95));
#1594 = VECTOR('',#1595,1.);
#1595 = DIRECTION('',(0.,-1.,0.));
#1596 = ORIENTED_EDGE('',*,*,#1597,.F.);
#1597 = EDGE_CURVE('',#1598,#1590,#1600,.T.);
#1598 = VERTEX_POINT('',#1599);
#1599 = CARTESIAN_POINT('',(-41.01067884223,11.82,-28.95));
#1600 = LINE('',#1601,#1602);
#1601 = CARTESIAN_POINT('',(-43.39999999999,11.82,-28.95));
#1602 = VECTOR('',#1603,1.);
#1603 = DIRECTION('',(-1.,-0.,-0.));
#1604 = ORIENTED_EDGE('',*,*,#1605,.T.);
#1605 = EDGE_CURVE('',#1598,#724,#1606,.T.);
#1606 = LINE('',#1607,#1608);
#1607 = CARTESIAN_POINT('',(-41.01067884223,11.82,-28.95));
#1608 = VECTOR('',#1609,1.);
#1609 = DIRECTION('',(-0.,-1.,-0.));
#1610 = ORIENTED_EDGE('',*,*,#723,.T.);
#1611 = PLANE('',#1612);
#1612 = AXIS2_PLACEMENT_3D('',#1613,#1614,#1615);
#1613 = CARTESIAN_POINT('',(-43.39999999999,11.82,-28.95));
#1614 = DIRECTION('',(0.,0.,1.));
#1615 = DIRECTION('',(1.,0.,-0.));
#1616 = ADVANCED_FACE('',(#1617),#1634,.F.);
#1617 = FACE_BOUND('',#1618,.T.);
#1618 = EDGE_LOOP('',(#1619,#1625,#1626,#1633));
#1619 = ORIENTED_EDGE('',*,*,#1620,.F.);
#1620 = EDGE_CURVE('',#1559,#1590,#1621,.T.);
#1621 = LINE('',#1622,#1623);
#1622 = CARTESIAN_POINT('',(-42.85,11.82,-28.21472497489));
#1623 = VECTOR('',#1624,1.);
#1624 = DIRECTION('',(-2.278284087963E-16,0.,-1.));
#1625 = ORIENTED_EDGE('',*,*,#1575,.T.);
#1626 = ORIENTED_EDGE('',*,*,#1627,.T.);
#1627 = EDGE_CURVE('',#1568,#1598,#1628,.T.);
#1628 = CIRCLE('',#1629,0.735700654919);
#1629 = AXIS2_PLACEMENT_3D('',#1630,#1631,#1632);
#1630 = CARTESIAN_POINT('',(-41.03570065491,11.82,-28.21472497489));
#1631 = DIRECTION('',(0.,1.,0.));
#1632 = DIRECTION('',(0.,-0.,-1.));
#1633 = ORIENTED_EDGE('',*,*,#1597,.T.);
#1634 = PLANE('',#1635);
#1635 = AXIS2_PLACEMENT_3D('',#1636,#1637,#1638);
#1636 = CARTESIAN_POINT('',(-41.03570065491,11.82,-28.21472497489));
#1637 = DIRECTION('',(0.,-1.,0.));
#1638 = DIRECTION('',(0.,-0.,-1.));
#1639 = ADVANCED_FACE('',(#1640),#1665,.F.);
#1640 = FACE_BOUND('',#1641,.T.);
#1641 = EDGE_LOOP('',(#1642,#1650,#1658,#1664));
#1642 = ORIENTED_EDGE('',*,*,#1643,.F.);
#1643 = EDGE_CURVE('',#1644,#749,#1646,.T.);
#1644 = VERTEX_POINT('',#1645);
#1645 = CARTESIAN_POINT('',(-42.85,11.82,27.5));
#1646 = LINE('',#1647,#1648);
#1647 = CARTESIAN_POINT('',(-42.85,11.82,27.5));
#1648 = VECTOR('',#1649,1.);
#1649 = DIRECTION('',(0.,-1.,0.));
#1650 = ORIENTED_EDGE('',*,*,#1651,.F.);
#1651 = EDGE_CURVE('',#1652,#1644,#1654,.T.);
#1652 = VERTEX_POINT('',#1653);
#1653 = CARTESIAN_POINT('',(-40.86127684948,11.82,27.5));
#1654 = LINE('',#1655,#1656);
#1655 = CARTESIAN_POINT('',(-43.39999999999,11.82,27.5));
#1656 = VECTOR('',#1657,1.);
#1657 = DIRECTION('',(-1.,-0.,-0.));
#1658 = ORIENTED_EDGE('',*,*,#1659,.T.);
#1659 = EDGE_CURVE('',#1652,#757,#1660,.T.);
#1660 = LINE('',#1661,#1662);
#1661 = CARTESIAN_POINT('',(-40.86127684948,11.82,27.5));
#1662 = VECTOR('',#1663,1.);
#1663 = DIRECTION('',(-0.,-1.,-0.));
#1664 = ORIENTED_EDGE('',*,*,#756,.T.);
#1665 = PLANE('',#1666);
#1666 = AXIS2_PLACEMENT_3D('',#1667,#1668,#1669);
#1667 = CARTESIAN_POINT('',(-43.39999999999,11.82,27.5));
#1668 = DIRECTION('',(0.,0.,1.));
#1669 = DIRECTION('',(1.,0.,-0.));
#1670 = ADVANCED_FACE('',(#1671),#1696,.F.);
#1671 = FACE_BOUND('',#1672,.T.);
#1672 = EDGE_LOOP('',(#1673,#1681,#1682,#1690));
#1673 = ORIENTED_EDGE('',*,*,#1674,.F.);
#1674 = EDGE_CURVE('',#774,#1675,#1677,.T.);
#1675 = VERTEX_POINT('',#1676);
#1676 = CARTESIAN_POINT('',(-42.85,11.82,28.95));
#1677 = LINE('',#1678,#1679);
#1678 = CARTESIAN_POINT('',(-42.85,11.82,28.95));
#1679 = VECTOR('',#1680,1.);
#1680 = DIRECTION('',(0.,1.,0.));
#1681 = ORIENTED_EDGE('',*,*,#773,.T.);
#1682 = ORIENTED_EDGE('',*,*,#1683,.F.);
#1683 = EDGE_CURVE('',#1684,#765,#1686,.T.);
#1684 = VERTEX_POINT('',#1685);
#1685 = CARTESIAN_POINT('',(-41.01067884223,11.82,28.95));
#1686 = LINE('',#1687,#1688);
#1687 = CARTESIAN_POINT('',(-41.01067884223,11.82,28.95));
#1688 = VECTOR('',#1689,1.);
#1689 = DIRECTION('',(-0.,-1.,-0.));
#1690 = ORIENTED_EDGE('',*,*,#1691,.F.);
#1691 = EDGE_CURVE('',#1675,#1684,#1692,.T.);
#1692 = LINE('',#1693,#1694);
#1693 = CARTESIAN_POINT('',(-43.39999999999,11.82,28.95));
#1694 = VECTOR('',#1695,1.);
#1695 = DIRECTION('',(1.,0.,0.));
#1696 = PLANE('',#1697);
#1697 = AXIS2_PLACEMENT_3D('',#1698,#1699,#1700);
#1698 = CARTESIAN_POINT('',(-43.39999999999,11.82,28.95));
#1699 = DIRECTION('',(0.,0.,-1.));
#1700 = DIRECTION('',(-1.,0.,-0.));
#1701 = ADVANCED_FACE('',(#1702),#1719,.T.);
#1702 = FACE_BOUND('',#1703,.T.);
#1703 = EDGE_LOOP('',(#1704,#1705,#1711,#1712));
#1704 = ORIENTED_EDGE('',*,*,#1651,.T.);
#1705 = ORIENTED_EDGE('',*,*,#1706,.T.);
#1706 = EDGE_CURVE('',#1644,#1675,#1707,.T.);
#1707 = LINE('',#1708,#1709);
#1708 = CARTESIAN_POINT('',(-42.85,11.82,28.214724974899));
#1709 = VECTOR('',#1710,1.);
#1710 = DIRECTION('',(2.278284087963E-16,-0.,1.));
#1711 = ORIENTED_EDGE('',*,*,#1691,.T.);
#1712 = ORIENTED_EDGE('',*,*,#1713,.T.);
#1713 = EDGE_CURVE('',#1684,#1652,#1714,.T.);
#1714 = CIRCLE('',#1715,0.735700654919);
#1715 = AXIS2_PLACEMENT_3D('',#1716,#1717,#1718);
#1716 = CARTESIAN_POINT('',(-41.03570065491,11.82,28.214724974899));
#1717 = DIRECTION('',(0.,1.,0.));
#1718 = DIRECTION('',(0.,-0.,1.));
#1719 = PLANE('',#1720);
#1720 = AXIS2_PLACEMENT_3D('',#1721,#1722,#1723);
#1721 = CARTESIAN_POINT('',(-41.03570065491,11.82,28.214724974899));
#1722 = DIRECTION('',(0.,1.,0.));
#1723 = DIRECTION('',(0.,-0.,1.));
#1724 = ADVANCED_FACE('',(#1725),#1791,.F.);
#1725 = FACE_BOUND('',#1726,.T.);
#1726 = EDGE_LOOP('',(#1727,#1735,#1736,#1744,#1752,#1760,#1769,#1777,
    #1785));
#1727 = ORIENTED_EDGE('',*,*,#1728,.F.);
#1728 = EDGE_CURVE('',#1014,#1729,#1731,.T.);
#1729 = VERTEX_POINT('',#1730);
#1730 = CARTESIAN_POINT('',(42.85,13.42,50.1));
#1731 = LINE('',#1732,#1733);
#1732 = CARTESIAN_POINT('',(42.85,15.32,50.1));
#1733 = VECTOR('',#1734,1.);
#1734 = DIRECTION('',(-0.,1.,0.));
#1735 = ORIENTED_EDGE('',*,*,#1013,.T.);
#1736 = ORIENTED_EDGE('',*,*,#1737,.F.);
#1737 = EDGE_CURVE('',#1738,#1006,#1740,.T.);
#1738 = VERTEX_POINT('',#1739);
#1739 = CARTESIAN_POINT('',(19.7,11.82,50.1));
#1740 = LINE('',#1741,#1742);
#1741 = CARTESIAN_POINT('',(19.7,11.82,50.1));
#1742 = VECTOR('',#1743,1.);
#1743 = DIRECTION('',(-0.,-1.,-0.));
#1744 = ORIENTED_EDGE('',*,*,#1745,.F.);
#1745 = EDGE_CURVE('',#1746,#1738,#1748,.T.);
#1746 = VERTEX_POINT('',#1747);
#1747 = CARTESIAN_POINT('',(19.,11.82,50.1));
#1748 = LINE('',#1749,#1750);
#1749 = CARTESIAN_POINT('',(19.7,11.82,50.1));
#1750 = VECTOR('',#1751,1.);
#1751 = DIRECTION('',(1.,-0.,-0.));
#1752 = ORIENTED_EDGE('',*,*,#1753,.F.);
#1753 = EDGE_CURVE('',#1754,#1746,#1756,.T.);
#1754 = VERTEX_POINT('',#1755);
#1755 = CARTESIAN_POINT('',(19.,15.32,50.1));
#1756 = LINE('',#1757,#1758);
#1757 = CARTESIAN_POINT('',(19.,15.32,50.1));
#1758 = VECTOR('',#1759,1.);
#1759 = DIRECTION('',(0.,-1.,0.));
#1760 = ORIENTED_EDGE('',*,*,#1761,.T.);
#1761 = EDGE_CURVE('',#1754,#1762,#1764,.T.);
#1762 = VERTEX_POINT('',#1763);
#1763 = CARTESIAN_POINT('',(20.039799573339,15.32,50.1));
#1764 = CIRCLE('',#1765,3.840616165458);
#1765 = AXIS2_PLACEMENT_3D('',#1766,#1767,#1768);
#1766 = CARTESIAN_POINT('',(19.519899786669,19.125264345902,50.1));
#1767 = DIRECTION('',(0.,0.,1.));
#1768 = DIRECTION('',(1.,0.,-0.));
#1769 = ORIENTED_EDGE('',*,*,#1770,.F.);
#1770 = EDGE_CURVE('',#1771,#1762,#1773,.T.);
#1771 = VERTEX_POINT('',#1772);
#1772 = CARTESIAN_POINT('',(43.75,15.32,50.1));
#1773 = LINE('',#1774,#1775);
#1774 = CARTESIAN_POINT('',(-23.81,15.32,50.1));
#1775 = VECTOR('',#1776,1.);
#1776 = DIRECTION('',(-1.,-0.,-0.));
#1777 = ORIENTED_EDGE('',*,*,#1778,.T.);
#1778 = EDGE_CURVE('',#1771,#1779,#1781,.T.);
#1779 = VERTEX_POINT('',#1780);
#1780 = CARTESIAN_POINT('',(43.75,13.42,50.1));
#1781 = LINE('',#1782,#1783);
#1782 = CARTESIAN_POINT('',(43.75,15.32,50.1));
#1783 = VECTOR('',#1784,1.);
#1784 = DIRECTION('',(-0.,-1.,-0.));
#1785 = ORIENTED_EDGE('',*,*,#1786,.F.);
#1786 = EDGE_CURVE('',#1729,#1779,#1787,.T.);
#1787 = LINE('',#1788,#1789);
#1788 = CARTESIAN_POINT('',(-23.81,13.42,50.1));
#1789 = VECTOR('',#1790,1.);
#1790 = DIRECTION('',(1.,0.,0.));
#1791 = PLANE('',#1792);
#1792 = AXIS2_PLACEMENT_3D('',#1793,#1794,#1795);
#1793 = CARTESIAN_POINT('',(-23.81,15.32,50.1));
#1794 = DIRECTION('',(0.,0.,1.));
#1795 = DIRECTION('',(1.,0.,-0.));
#1796 = ADVANCED_FACE('',(#1797),#1854,.F.);
#1797 = FACE_BOUND('',#1798,.T.);
#1798 = EDGE_LOOP('',(#1799,#1809,#1817,#1825,#1833,#1839,#1840,#1848));
#1799 = ORIENTED_EDGE('',*,*,#1800,.F.);
#1800 = EDGE_CURVE('',#1801,#1803,#1805,.T.);
#1801 = VERTEX_POINT('',#1802);
#1802 = CARTESIAN_POINT('',(43.4,12.92,-41.27));
#1803 = VERTEX_POINT('',#1804);
#1804 = CARTESIAN_POINT('',(43.4,5.55,-41.27));
#1805 = LINE('',#1806,#1807);
#1806 = CARTESIAN_POINT('',(43.4,56.1,-41.27));
#1807 = VECTOR('',#1808,1.);
#1808 = DIRECTION('',(-0.,-1.,-0.));
#1809 = ORIENTED_EDGE('',*,*,#1810,.F.);
#1810 = EDGE_CURVE('',#1811,#1801,#1813,.T.);
#1811 = VERTEX_POINT('',#1812);
#1812 = CARTESIAN_POINT('',(43.4,12.92,-50.7));
#1813 = LINE('',#1814,#1815);
#1814 = CARTESIAN_POINT('',(43.4,12.92,-50.5));
#1815 = VECTOR('',#1816,1.);
#1816 = DIRECTION('',(-1.351732578683E-14,0.,1.));
#1817 = ORIENTED_EDGE('',*,*,#1818,.T.);
#1818 = EDGE_CURVE('',#1811,#1819,#1821,.T.);
#1819 = VERTEX_POINT('',#1820);
#1820 = CARTESIAN_POINT('',(43.4,5.55,-50.7));
#1821 = LINE('',#1822,#1823);
#1822 = CARTESIAN_POINT('',(43.4,56.1,-50.7));
#1823 = VECTOR('',#1824,1.);
#1824 = DIRECTION('',(-0.,-1.,-0.));
#1825 = ORIENTED_EDGE('',*,*,#1826,.T.);
#1826 = EDGE_CURVE('',#1819,#1827,#1829,.T.);
#1827 = VERTEX_POINT('',#1828);
#1828 = CARTESIAN_POINT('',(43.4,5.55,-48.93));
#1829 = LINE('',#1830,#1831);
#1830 = CARTESIAN_POINT('',(43.4,5.55,-50.7));
#1831 = VECTOR('',#1832,1.);
#1832 = DIRECTION('',(1.176083712527E-14,0.,1.));
#1833 = ORIENTED_EDGE('',*,*,#1834,.F.);
#1834 = EDGE_CURVE('',#1120,#1827,#1835,.T.);
#1835 = LINE('',#1836,#1837);
#1836 = CARTESIAN_POINT('',(43.4,56.1,-48.93));
#1837 = VECTOR('',#1838,1.);
#1838 = DIRECTION('',(-0.,-1.,-0.));
#1839 = ORIENTED_EDGE('',*,*,#1119,.F.);
#1840 = ORIENTED_EDGE('',*,*,#1841,.T.);
#1841 = EDGE_CURVE('',#1112,#1842,#1844,.T.);
#1842 = VERTEX_POINT('',#1843);
#1843 = CARTESIAN_POINT('',(43.4,5.55,-42.81));
#1844 = LINE('',#1845,#1846);
#1845 = CARTESIAN_POINT('',(43.4,56.1,-42.81));
#1846 = VECTOR('',#1847,1.);
#1847 = DIRECTION('',(-0.,-1.,-0.));
#1848 = ORIENTED_EDGE('',*,*,#1849,.T.);
#1849 = EDGE_CURVE('',#1842,#1803,#1850,.T.);
#1850 = LINE('',#1851,#1852);
#1851 = CARTESIAN_POINT('',(43.4,5.55,-41.27));
#1852 = VECTOR('',#1853,1.);
#1853 = DIRECTION('',(-1.351732578683E-14,-0.,1.));
#1854 = PLANE('',#1855);
#1855 = AXIS2_PLACEMENT_3D('',#1856,#1857,#1858);
#1856 = CARTESIAN_POINT('',(43.4,56.1,-41.27));
#1857 = DIRECTION('',(1.,-0.,1.351732578683E-14));
#1858 = DIRECTION('',(1.351732578683E-14,0.,-1.));
#1859 = ADVANCED_FACE('',(#1860),#1967,.F.);
#1860 = FACE_BOUND('',#1861,.T.);
#1861 = EDGE_LOOP('',(#1862,#1870,#1878,#1886,#1894,#1902,#1911,#1919,
    #1928,#1936,#1944,#1952,#1960,#1966));
#1862 = ORIENTED_EDGE('',*,*,#1863,.F.);
#1863 = EDGE_CURVE('',#1864,#1801,#1866,.T.);
#1864 = VERTEX_POINT('',#1865);
#1865 = CARTESIAN_POINT('',(43.75,12.92,-41.27));
#1866 = LINE('',#1867,#1868);
#1867 = CARTESIAN_POINT('',(43.3,12.92,-41.27));
#1868 = VECTOR('',#1869,1.);
#1869 = DIRECTION('',(-1.,0.,0.));
#1870 = ORIENTED_EDGE('',*,*,#1871,.F.);
#1871 = EDGE_CURVE('',#1872,#1864,#1874,.T.);
#1872 = VERTEX_POINT('',#1873);
#1873 = CARTESIAN_POINT('',(43.75,12.92,51.1));
#1874 = LINE('',#1875,#1876);
#1875 = CARTESIAN_POINT('',(43.749999999999,12.92,-50.5));
#1876 = VECTOR('',#1877,1.);
#1877 = DIRECTION('',(-6.938893903907E-15,0.,-1.));
#1878 = ORIENTED_EDGE('',*,*,#1879,.F.);
#1879 = EDGE_CURVE('',#1880,#1872,#1882,.T.);
#1880 = VERTEX_POINT('',#1881);
#1881 = CARTESIAN_POINT('',(6.,12.92,51.1));
#1882 = LINE('',#1883,#1884);
#1883 = CARTESIAN_POINT('',(43.3,12.92,51.1));
#1884 = VECTOR('',#1885,1.);
#1885 = DIRECTION('',(1.,0.,-8.668199755037E-17));
#1886 = ORIENTED_EDGE('',*,*,#1887,.F.);
#1887 = EDGE_CURVE('',#1888,#1880,#1890,.T.);
#1888 = VERTEX_POINT('',#1889);
#1889 = CARTESIAN_POINT('',(6.,12.92,52.5));
#1890 = LINE('',#1891,#1892);
#1891 = CARTESIAN_POINT('',(6.,12.92,52.5));
#1892 = VECTOR('',#1893,1.);
#1893 = DIRECTION('',(2.115516434118E-15,0.,-1.));
#1894 = ORIENTED_EDGE('',*,*,#1895,.T.);
#1895 = EDGE_CURVE('',#1888,#1896,#1898,.T.);
#1896 = VERTEX_POINT('',#1897);
#1897 = CARTESIAN_POINT('',(43.3,12.92,52.5));
#1898 = LINE('',#1899,#1900);
#1899 = CARTESIAN_POINT('',(-43.3,12.92,52.5));
#1900 = VECTOR('',#1901,1.);
#1901 = DIRECTION('',(1.,0.,0.));
#1902 = ORIENTED_EDGE('',*,*,#1903,.T.);
#1903 = EDGE_CURVE('',#1896,#1904,#1906,.T.);
#1904 = VERTEX_POINT('',#1905);
#1905 = CARTESIAN_POINT('',(45.3,12.92,50.5));
#1906 = CIRCLE('',#1907,2.);
#1907 = AXIS2_PLACEMENT_3D('',#1908,#1909,#1910);
#1908 = CARTESIAN_POINT('',(43.3,12.92,50.5));
#1909 = DIRECTION('',(0.,1.,0.));
#1910 = DIRECTION('',(0.,-0.,1.));
#1911 = ORIENTED_EDGE('',*,*,#1912,.T.);
#1912 = EDGE_CURVE('',#1904,#1913,#1915,.T.);
#1913 = VERTEX_POINT('',#1914);
#1914 = CARTESIAN_POINT('',(45.3,12.92,-50.5));
#1915 = LINE('',#1916,#1917);
#1916 = CARTESIAN_POINT('',(45.3,12.92,-50.5));
#1917 = VECTOR('',#1918,1.);
#1918 = DIRECTION('',(-6.870191984067E-17,-0.,-1.));
#1919 = ORIENTED_EDGE('',*,*,#1920,.T.);
#1920 = EDGE_CURVE('',#1913,#1921,#1923,.T.);
#1921 = VERTEX_POINT('',#1922);
#1922 = CARTESIAN_POINT('',(43.3,12.92,-52.5));
#1923 = CIRCLE('',#1924,2.);
#1924 = AXIS2_PLACEMENT_3D('',#1925,#1926,#1927);
#1925 = CARTESIAN_POINT('',(43.3,12.92,-50.5));
#1926 = DIRECTION('',(0.,1.,0.));
#1927 = DIRECTION('',(0.,-0.,-1.));
#1928 = ORIENTED_EDGE('',*,*,#1929,.T.);
#1929 = EDGE_CURVE('',#1921,#1930,#1932,.T.);
#1930 = VERTEX_POINT('',#1931);
#1931 = CARTESIAN_POINT('',(6.,12.92,-52.5));
#1932 = LINE('',#1933,#1934);
#1933 = CARTESIAN_POINT('',(-43.3,12.92,-52.5));
#1934 = VECTOR('',#1935,1.);
#1935 = DIRECTION('',(-1.,-0.,-0.));
#1936 = ORIENTED_EDGE('',*,*,#1937,.F.);
#1937 = EDGE_CURVE('',#1938,#1930,#1940,.T.);
#1938 = VERTEX_POINT('',#1939);
#1939 = CARTESIAN_POINT('',(6.,12.92,-51.1));
#1940 = LINE('',#1941,#1942);
#1941 = CARTESIAN_POINT('',(6.,12.92,-52.5));
#1942 = VECTOR('',#1943,1.);
#1943 = DIRECTION('',(-2.115516434118E-15,-0.,-1.));
#1944 = ORIENTED_EDGE('',*,*,#1945,.F.);
#1945 = EDGE_CURVE('',#1946,#1938,#1948,.T.);
#1946 = VERTEX_POINT('',#1947);
#1947 = CARTESIAN_POINT('',(37.55,12.92,-51.1));
#1948 = LINE('',#1949,#1950);
#1949 = CARTESIAN_POINT('',(43.3,12.92,-51.1));
#1950 = VECTOR('',#1951,1.);
#1951 = DIRECTION('',(-1.,0.,0.));
#1952 = ORIENTED_EDGE('',*,*,#1953,.F.);
#1953 = EDGE_CURVE('',#1954,#1946,#1956,.T.);
#1954 = VERTEX_POINT('',#1955);
#1955 = CARTESIAN_POINT('',(37.55,12.92,-50.7));
#1956 = LINE('',#1957,#1958);
#1957 = CARTESIAN_POINT('',(37.55,12.92,-50.5));
#1958 = VECTOR('',#1959,1.);
#1959 = DIRECTION('',(-1.734723475977E-14,0.,-1.));
#1960 = ORIENTED_EDGE('',*,*,#1961,.T.);
#1961 = EDGE_CURVE('',#1954,#1811,#1962,.T.);
#1962 = LINE('',#1963,#1964);
#1963 = CARTESIAN_POINT('',(43.3,12.92,-50.7));
#1964 = VECTOR('',#1965,1.);
#1965 = DIRECTION('',(1.,0.,0.));
#1966 = ORIENTED_EDGE('',*,*,#1810,.T.);
#1967 = PLANE('',#1968);
#1968 = AXIS2_PLACEMENT_3D('',#1969,#1970,#1971);
#1969 = CARTESIAN_POINT('',(43.3,12.92,-50.5));
#1970 = DIRECTION('',(0.,-1.,0.));
#1971 = DIRECTION('',(0.,-0.,-1.));
#1972 = ADVANCED_FACE('',(#1973),#1998,.F.);
#1973 = FACE_BOUND('',#1974,.T.);
#1974 = EDGE_LOOP('',(#1975,#1983,#1991,#1997));
#1975 = ORIENTED_EDGE('',*,*,#1976,.F.);
#1976 = EDGE_CURVE('',#1977,#1055,#1979,.T.);
#1977 = VERTEX_POINT('',#1978);
#1978 = CARTESIAN_POINT('',(42.85,11.82,-27.5));
#1979 = LINE('',#1980,#1981);
#1980 = CARTESIAN_POINT('',(42.85,11.82,-27.5));
#1981 = VECTOR('',#1982,1.);
#1982 = DIRECTION('',(0.,-1.,0.));
#1983 = ORIENTED_EDGE('',*,*,#1984,.F.);
#1984 = EDGE_CURVE('',#1985,#1977,#1987,.T.);
#1985 = VERTEX_POINT('',#1986);
#1986 = CARTESIAN_POINT('',(40.86127684948,11.82,-27.5));
#1987 = LINE('',#1988,#1989);
#1988 = CARTESIAN_POINT('',(43.399999999999,11.82,-27.5));
#1989 = VECTOR('',#1990,1.);
#1990 = DIRECTION('',(1.,-0.,-0.));
#1991 = ORIENTED_EDGE('',*,*,#1992,.T.);
#1992 = EDGE_CURVE('',#1985,#1063,#1993,.T.);
#1993 = LINE('',#1994,#1995);
#1994 = CARTESIAN_POINT('',(40.86127684948,11.82,-27.5));
#1995 = VECTOR('',#1996,1.);
#1996 = DIRECTION('',(-0.,-1.,-0.));
#1997 = ORIENTED_EDGE('',*,*,#1062,.T.);
#1998 = PLANE('',#1999);
#1999 = AXIS2_PLACEMENT_3D('',#2000,#2001,#2002);
#2000 = CARTESIAN_POINT('',(43.399999999999,11.82,-27.5));
#2001 = DIRECTION('',(0.,0.,-1.));
#2002 = DIRECTION('',(-1.,0.,-0.));
#2003 = ADVANCED_FACE('',(#2004),#2029,.F.);
#2004 = FACE_BOUND('',#2005,.T.);
#2005 = EDGE_LOOP('',(#2006,#2014,#2015,#2023));
#2006 = ORIENTED_EDGE('',*,*,#2007,.F.);
#2007 = EDGE_CURVE('',#1080,#2008,#2010,.T.);
#2008 = VERTEX_POINT('',#2009);
#2009 = CARTESIAN_POINT('',(42.85,11.82,-28.95));
#2010 = LINE('',#2011,#2012);
#2011 = CARTESIAN_POINT('',(42.85,11.82,-28.95));
#2012 = VECTOR('',#2013,1.);
#2013 = DIRECTION('',(0.,1.,0.));
#2014 = ORIENTED_EDGE('',*,*,#1079,.T.);
#2015 = ORIENTED_EDGE('',*,*,#2016,.F.);
#2016 = EDGE_CURVE('',#2017,#1071,#2019,.T.);
#2017 = VERTEX_POINT('',#2018);
#2018 = CARTESIAN_POINT('',(41.01067884223,11.82,-28.95));
#2019 = LINE('',#2020,#2021);
#2020 = CARTESIAN_POINT('',(41.01067884223,11.82,-28.95));
#2021 = VECTOR('',#2022,1.);
#2022 = DIRECTION('',(-0.,-1.,-0.));
#2023 = ORIENTED_EDGE('',*,*,#2024,.F.);
#2024 = EDGE_CURVE('',#2008,#2017,#2025,.T.);
#2025 = LINE('',#2026,#2027);
#2026 = CARTESIAN_POINT('',(43.399999999999,11.82,-28.95));
#2027 = VECTOR('',#2028,1.);
#2028 = DIRECTION('',(-1.,0.,0.));
#2029 = PLANE('',#2030);
#2030 = AXIS2_PLACEMENT_3D('',#2031,#2032,#2033);
#2031 = CARTESIAN_POINT('',(43.399999999999,11.82,-28.95));
#2032 = DIRECTION('',(0.,-0.,1.));
#2033 = DIRECTION('',(1.,0.,0.));
#2034 = ADVANCED_FACE('',(#2035),#2052,.T.);
#2035 = FACE_BOUND('',#2036,.T.);
#2036 = EDGE_LOOP('',(#2037,#2038,#2044,#2045));
#2037 = ORIENTED_EDGE('',*,*,#1984,.T.);
#2038 = ORIENTED_EDGE('',*,*,#2039,.T.);
#2039 = EDGE_CURVE('',#1977,#2008,#2040,.T.);
#2040 = LINE('',#2041,#2042);
#2041 = CARTESIAN_POINT('',(42.85,11.82,-28.21472497489));
#2042 = VECTOR('',#2043,1.);
#2043 = DIRECTION('',(-7.54473622258E-17,0.,-1.));
#2044 = ORIENTED_EDGE('',*,*,#2024,.T.);
#2045 = ORIENTED_EDGE('',*,*,#2046,.T.);
#2046 = EDGE_CURVE('',#2017,#1985,#2047,.T.);
#2047 = CIRCLE('',#2048,0.735700654919);
#2048 = AXIS2_PLACEMENT_3D('',#2049,#2050,#2051);
#2049 = CARTESIAN_POINT('',(41.035700654919,11.82,-28.21472497489));
#2050 = DIRECTION('',(0.,1.,0.));
#2051 = DIRECTION('',(0.,-0.,1.));
#2052 = PLANE('',#2053);
#2053 = AXIS2_PLACEMENT_3D('',#2054,#2055,#2056);
#2054 = CARTESIAN_POINT('',(41.035700654919,11.82,-28.21472497489));
#2055 = DIRECTION('',(0.,1.,0.));
#2056 = DIRECTION('',(0.,-0.,1.));
#2057 = ADVANCED_FACE('',(#2058),#2083,.F.);
#2058 = FACE_BOUND('',#2059,.T.);
#2059 = EDGE_LOOP('',(#2060,#2068,#2076,#2082));
#2060 = ORIENTED_EDGE('',*,*,#2061,.F.);
#2061 = EDGE_CURVE('',#2062,#1022,#2064,.T.);
#2062 = VERTEX_POINT('',#2063);
#2063 = CARTESIAN_POINT('',(42.85,11.82,28.95));
#2064 = LINE('',#2065,#2066);
#2065 = CARTESIAN_POINT('',(42.85,11.82,28.95));
#2066 = VECTOR('',#2067,1.);
#2067 = DIRECTION('',(0.,-1.,0.));
#2068 = ORIENTED_EDGE('',*,*,#2069,.F.);
#2069 = EDGE_CURVE('',#2070,#2062,#2072,.T.);
#2070 = VERTEX_POINT('',#2071);
#2071 = CARTESIAN_POINT('',(41.01067884223,11.82,28.95));
#2072 = LINE('',#2073,#2074);
#2073 = CARTESIAN_POINT('',(43.399999999999,11.82,28.95));
#2074 = VECTOR('',#2075,1.);
#2075 = DIRECTION('',(1.,-0.,-0.));
#2076 = ORIENTED_EDGE('',*,*,#2077,.T.);
#2077 = EDGE_CURVE('',#2070,#1030,#2078,.T.);
#2078 = LINE('',#2079,#2080);
#2079 = CARTESIAN_POINT('',(41.01067884223,11.82,28.95));
#2080 = VECTOR('',#2081,1.);
#2081 = DIRECTION('',(-0.,-1.,-0.));
#2082 = ORIENTED_EDGE('',*,*,#1029,.T.);
#2083 = PLANE('',#2084);
#2084 = AXIS2_PLACEMENT_3D('',#2085,#2086,#2087);
#2085 = CARTESIAN_POINT('',(43.399999999999,11.82,28.95));
#2086 = DIRECTION('',(0.,0.,-1.));
#2087 = DIRECTION('',(-1.,0.,-0.));
#2088 = ADVANCED_FACE('',(#2089),#2114,.F.);
#2089 = FACE_BOUND('',#2090,.T.);
#2090 = EDGE_LOOP('',(#2091,#2099,#2100,#2108));
#2091 = ORIENTED_EDGE('',*,*,#2092,.F.);
#2092 = EDGE_CURVE('',#1047,#2093,#2095,.T.);
#2093 = VERTEX_POINT('',#2094);
#2094 = CARTESIAN_POINT('',(42.85,11.82,27.5));
#2095 = LINE('',#2096,#2097);
#2096 = CARTESIAN_POINT('',(42.85,11.82,27.5));
#2097 = VECTOR('',#2098,1.);
#2098 = DIRECTION('',(0.,1.,0.));
#2099 = ORIENTED_EDGE('',*,*,#1046,.T.);
#2100 = ORIENTED_EDGE('',*,*,#2101,.F.);
#2101 = EDGE_CURVE('',#2102,#1038,#2104,.T.);
#2102 = VERTEX_POINT('',#2103);
#2103 = CARTESIAN_POINT('',(40.86127684948,11.82,27.5));
#2104 = LINE('',#2105,#2106);
#2105 = CARTESIAN_POINT('',(40.86127684948,11.82,27.5));
#2106 = VECTOR('',#2107,1.);
#2107 = DIRECTION('',(-0.,-1.,-0.));
#2108 = ORIENTED_EDGE('',*,*,#2109,.F.);
#2109 = EDGE_CURVE('',#2093,#2102,#2110,.T.);
#2110 = LINE('',#2111,#2112);
#2111 = CARTESIAN_POINT('',(43.399999999999,11.82,27.5));
#2112 = VECTOR('',#2113,1.);
#2113 = DIRECTION('',(-1.,0.,0.));
#2114 = PLANE('',#2115);
#2115 = AXIS2_PLACEMENT_3D('',#2116,#2117,#2118);
#2116 = CARTESIAN_POINT('',(43.399999999999,11.82,27.5));
#2117 = DIRECTION('',(0.,-0.,1.));
#2118 = DIRECTION('',(1.,0.,0.));
#2119 = ADVANCED_FACE('',(#2120),#2137,.F.);
#2120 = FACE_BOUND('',#2121,.T.);
#2121 = EDGE_LOOP('',(#2122,#2128,#2129,#2136));
#2122 = ORIENTED_EDGE('',*,*,#2123,.F.);
#2123 = EDGE_CURVE('',#2093,#2062,#2124,.T.);
#2124 = LINE('',#2125,#2126);
#2125 = CARTESIAN_POINT('',(42.85,11.82,28.214724974899));
#2126 = VECTOR('',#2127,1.);
#2127 = DIRECTION('',(7.54473622258E-17,0.,1.));
#2128 = ORIENTED_EDGE('',*,*,#2109,.T.);
#2129 = ORIENTED_EDGE('',*,*,#2130,.T.);
#2130 = EDGE_CURVE('',#2102,#2070,#2131,.T.);
#2131 = CIRCLE('',#2132,0.735700654919);
#2132 = AXIS2_PLACEMENT_3D('',#2133,#2134,#2135);
#2133 = CARTESIAN_POINT('',(41.035700654919,11.82,28.214724974899));
#2134 = DIRECTION('',(0.,1.,0.));
#2135 = DIRECTION('',(0.,-0.,-1.));
#2136 = ORIENTED_EDGE('',*,*,#2069,.T.);
#2137 = PLANE('',#2138);
#2138 = AXIS2_PLACEMENT_3D('',#2139,#2140,#2141);
#2139 = CARTESIAN_POINT('',(41.035700654919,11.82,28.214724974899));
#2140 = DIRECTION('',(0.,-1.,0.));
#2141 = DIRECTION('',(0.,-0.,-1.));
#2142 = ADVANCED_FACE('',(#2143,#2177),#2291,.F.);
#2143 = FACE_BOUND('',#2144,.T.);
#2144 = EDGE_LOOP('',(#2145,#2155,#2163,#2171));
#2145 = ORIENTED_EDGE('',*,*,#2146,.T.);
#2146 = EDGE_CURVE('',#2147,#2149,#2151,.T.);
#2147 = VERTEX_POINT('',#2148);
#2148 = CARTESIAN_POINT('',(3.688660858193,13.55,48.84));
#2149 = VERTEX_POINT('',#2150);
#2150 = CARTESIAN_POINT('',(3.688660858193,15.82,48.84));
#2151 = LINE('',#2152,#2153);
#2152 = CARTESIAN_POINT('',(3.688660858193,16.12,48.84));
#2153 = VECTOR('',#2154,1.);
#2154 = DIRECTION('',(0.,1.,0.));
#2155 = ORIENTED_EDGE('',*,*,#2156,.T.);
#2156 = EDGE_CURVE('',#2149,#2157,#2159,.T.);
#2157 = VERTEX_POINT('',#2158);
#2158 = CARTESIAN_POINT('',(-3.688660858193,15.82,48.84));
#2159 = LINE('',#2160,#2161);
#2160 = CARTESIAN_POINT('',(-6.,15.82,48.84));
#2161 = VECTOR('',#2162,1.);
#2162 = DIRECTION('',(-1.,-0.,0.));
#2163 = ORIENTED_EDGE('',*,*,#2164,.T.);
#2164 = EDGE_CURVE('',#2157,#2165,#2167,.T.);
#2165 = VERTEX_POINT('',#2166);
#2166 = CARTESIAN_POINT('',(-3.688660858193,13.55,48.84));
#2167 = LINE('',#2168,#2169);
#2168 = CARTESIAN_POINT('',(-3.688660858193,16.12,48.84));
#2169 = VECTOR('',#2170,1.);
#2170 = DIRECTION('',(0.,-1.,0.));
#2171 = ORIENTED_EDGE('',*,*,#2172,.T.);
#2172 = EDGE_CURVE('',#2165,#2147,#2173,.T.);
#2173 = LINE('',#2174,#2175);
#2174 = CARTESIAN_POINT('',(-3.688660858193,13.55,48.84));
#2175 = VECTOR('',#2176,1.);
#2176 = DIRECTION('',(1.,0.,0.));
#2177 = FACE_BOUND('',#2178,.T.);
#2178 = EDGE_LOOP('',(#2179,#2187,#2195,#2203,#2211,#2220,#2228,#2237,
    #2245,#2253,#2261,#2267,#2268,#2276,#2284,#2290));
#2179 = ORIENTED_EDGE('',*,*,#2180,.F.);
#2180 = EDGE_CURVE('',#2181,#942,#2183,.T.);
#2181 = VERTEX_POINT('',#2182);
#2182 = CARTESIAN_POINT('',(-18.2,11.82,48.84));
#2183 = LINE('',#2184,#2185);
#2184 = CARTESIAN_POINT('',(-18.2,56.1,48.84));
#2185 = VECTOR('',#2186,1.);
#2186 = DIRECTION('',(0.,-1.,0.));
#2187 = ORIENTED_EDGE('',*,*,#2188,.F.);
#2188 = EDGE_CURVE('',#2189,#2181,#2191,.T.);
#2189 = VERTEX_POINT('',#2190);
#2190 = CARTESIAN_POINT('',(-19.,11.82,48.84));
#2191 = LINE('',#2192,#2193);
#2192 = CARTESIAN_POINT('',(-6.,11.82,48.84));
#2193 = VECTOR('',#2194,1.);
#2194 = DIRECTION('',(1.,0.,0.));
#2195 = ORIENTED_EDGE('',*,*,#2196,.F.);
#2196 = EDGE_CURVE('',#2197,#2189,#2199,.T.);
#2197 = VERTEX_POINT('',#2198);
#2198 = CARTESIAN_POINT('',(-19.,15.32,48.84));
#2199 = LINE('',#2200,#2201);
#2200 = CARTESIAN_POINT('',(-19.,21.62,48.84));
#2201 = VECTOR('',#2202,1.);
#2202 = DIRECTION('',(-0.,-1.,-0.));
#2203 = ORIENTED_EDGE('',*,*,#2204,.T.);
#2204 = EDGE_CURVE('',#2197,#2205,#2207,.T.);
#2205 = VERTEX_POINT('',#2206);
#2206 = CARTESIAN_POINT('',(-17.59102954834,20.177189518714,48.84));
#2207 = LINE('',#2208,#2209);
#2208 = CARTESIAN_POINT('',(-7.079710159873,56.413201637646,48.84));
#2209 = VECTOR('',#2210,1.);
#2210 = DIRECTION('',(0.278594759357,0.960408746347,-0.));
#2211 = ORIENTED_EDGE('',*,*,#2212,.T.);
#2212 = EDGE_CURVE('',#2205,#2213,#2215,.T.);
#2213 = VERTEX_POINT('',#2214);
#2214 = CARTESIAN_POINT('',(-15.67021205564,21.62,48.84));
#2215 = CIRCLE('',#2216,2.);
#2216 = AXIS2_PLACEMENT_3D('',#2217,#2218,#2219);
#2217 = CARTESIAN_POINT('',(-15.67021205564,19.62,48.84));
#2218 = DIRECTION('',(0.,0.,-1.));
#2219 = DIRECTION('',(1.,0.,0.));
#2220 = ORIENTED_EDGE('',*,*,#2221,.F.);
#2221 = EDGE_CURVE('',#2222,#2213,#2224,.T.);
#2222 = VERTEX_POINT('',#2223);
#2223 = CARTESIAN_POINT('',(15.670212055648,21.62,48.84));
#2224 = LINE('',#2225,#2226);
#2225 = CARTESIAN_POINT('',(-19.,21.62,48.84));
#2226 = VECTOR('',#2227,1.);
#2227 = DIRECTION('',(-1.,-0.,-0.));
#2228 = ORIENTED_EDGE('',*,*,#2229,.T.);
#2229 = EDGE_CURVE('',#2222,#2230,#2232,.T.);
#2230 = VERTEX_POINT('',#2231);
#2231 = CARTESIAN_POINT('',(17.591029548341,20.177189518714,48.84));
#2232 = CIRCLE('',#2233,2.);
#2233 = AXIS2_PLACEMENT_3D('',#2234,#2235,#2236);
#2234 = CARTESIAN_POINT('',(15.670212055648,19.62,48.84));
#2235 = DIRECTION('',(0.,-0.,-1.));
#2236 = DIRECTION('',(1.,-1.734723475977E-15,0.));
#2237 = ORIENTED_EDGE('',*,*,#2238,.T.);
#2238 = EDGE_CURVE('',#2230,#2239,#2241,.T.);
#2239 = VERTEX_POINT('',#2240);
#2240 = CARTESIAN_POINT('',(19.,15.32,48.84));
#2241 = LINE('',#2242,#2243);
#2242 = CARTESIAN_POINT('',(6.14832968058,59.623979760517,48.84));
#2243 = VECTOR('',#2244,1.);
#2244 = DIRECTION('',(0.278594759357,-0.960408746347,0.));
#2245 = ORIENTED_EDGE('',*,*,#2246,.T.);
#2246 = EDGE_CURVE('',#2239,#2247,#2249,.T.);
#2247 = VERTEX_POINT('',#2248);
#2248 = CARTESIAN_POINT('',(19.,11.82,48.84));
#2249 = LINE('',#2250,#2251);
#2250 = CARTESIAN_POINT('',(19.,21.62,48.84));
#2251 = VECTOR('',#2252,1.);
#2252 = DIRECTION('',(-0.,-1.,-0.));
#2253 = ORIENTED_EDGE('',*,*,#2254,.T.);
#2254 = EDGE_CURVE('',#2247,#2255,#2257,.T.);
#2255 = VERTEX_POINT('',#2256);
#2256 = CARTESIAN_POINT('',(18.2,11.82,48.84));
#2257 = LINE('',#2258,#2259);
#2258 = CARTESIAN_POINT('',(-6.,11.82,48.84));
#2259 = VECTOR('',#2260,1.);
#2260 = DIRECTION('',(-1.,0.,0.));
#2261 = ORIENTED_EDGE('',*,*,#2262,.F.);
#2262 = EDGE_CURVE('',#982,#2255,#2263,.T.);
#2263 = LINE('',#2264,#2265);
#2264 = CARTESIAN_POINT('',(18.2,56.1,48.84));
#2265 = VECTOR('',#2266,1.);
#2266 = DIRECTION('',(0.,1.,-0.));
#2267 = ORIENTED_EDGE('',*,*,#981,.T.);
#2268 = ORIENTED_EDGE('',*,*,#2269,.T.);
#2269 = EDGE_CURVE('',#974,#2270,#2272,.T.);
#2270 = VERTEX_POINT('',#2271);
#2271 = CARTESIAN_POINT('',(6.,5.55,48.84));
#2272 = LINE('',#2273,#2274);
#2273 = CARTESIAN_POINT('',(6.,56.1,48.84));
#2274 = VECTOR('',#2275,1.);
#2275 = DIRECTION('',(-0.,-1.,-0.));
#2276 = ORIENTED_EDGE('',*,*,#2277,.T.);
#2277 = EDGE_CURVE('',#2270,#2278,#2280,.T.);
#2278 = VERTEX_POINT('',#2279);
#2279 = CARTESIAN_POINT('',(-6.,5.55,48.84));
#2280 = LINE('',#2281,#2282);
#2281 = CARTESIAN_POINT('',(-6.,5.55,48.84));
#2282 = VECTOR('',#2283,1.);
#2283 = DIRECTION('',(-1.,-0.,-0.));
#2284 = ORIENTED_EDGE('',*,*,#2285,.F.);
#2285 = EDGE_CURVE('',#950,#2278,#2286,.T.);
#2286 = LINE('',#2287,#2288);
#2287 = CARTESIAN_POINT('',(-6.,56.1,48.84));
#2288 = VECTOR('',#2289,1.);
#2289 = DIRECTION('',(-0.,-1.,-0.));
#2290 = ORIENTED_EDGE('',*,*,#949,.T.);
#2291 = PLANE('',#2292);
#2292 = AXIS2_PLACEMENT_3D('',#2293,#2294,#2295);
#2293 = CARTESIAN_POINT('',(-6.,56.1,48.84));
#2294 = DIRECTION('',(0.,0.,1.));
#2295 = DIRECTION('',(1.,0.,-0.));
#2296 = ADVANCED_FACE('',(#2297),#2347,.F.);
#2297 = FACE_BOUND('',#2298,.T.);
#2298 = EDGE_LOOP('',(#2299,#2307,#2308,#2316,#2325,#2333,#2341));
#2299 = ORIENTED_EDGE('',*,*,#2300,.T.);
#2300 = EDGE_CURVE('',#2301,#918,#2303,.T.);
#2301 = VERTEX_POINT('',#2302);
#2302 = CARTESIAN_POINT('',(-19.7,11.82,50.1));
#2303 = LINE('',#2304,#2305);
#2304 = CARTESIAN_POINT('',(-19.7,11.82,50.1));
#2305 = VECTOR('',#2306,1.);
#2306 = DIRECTION('',(-0.,-1.,-0.));
#2307 = ORIENTED_EDGE('',*,*,#917,.T.);
#2308 = ORIENTED_EDGE('',*,*,#2309,.F.);
#2309 = EDGE_CURVE('',#2310,#910,#2312,.T.);
#2310 = VERTEX_POINT('',#2311);
#2311 = CARTESIAN_POINT('',(-23.81,14.92,50.1));
#2312 = LINE('',#2313,#2314);
#2313 = CARTESIAN_POINT('',(-23.81,15.32,50.1));
#2314 = VECTOR('',#2315,1.);
#2315 = DIRECTION('',(-0.,-1.,-0.));
#2316 = ORIENTED_EDGE('',*,*,#2317,.T.);
#2317 = EDGE_CURVE('',#2310,#2318,#2320,.T.);
#2318 = VERTEX_POINT('',#2319);
#2319 = CARTESIAN_POINT('',(-24.21,15.32,50.1));
#2320 = CIRCLE('',#2321,0.4);
#2321 = AXIS2_PLACEMENT_3D('',#2322,#2323,#2324);
#2322 = CARTESIAN_POINT('',(-24.21,14.92,50.1));
#2323 = DIRECTION('',(0.,0.,1.));
#2324 = DIRECTION('',(1.,0.,-0.));
#2325 = ORIENTED_EDGE('',*,*,#2326,.F.);
#2326 = EDGE_CURVE('',#2327,#2318,#2329,.T.);
#2327 = VERTEX_POINT('',#2328);
#2328 = CARTESIAN_POINT('',(-19.,15.32,50.1));
#2329 = LINE('',#2330,#2331);
#2330 = CARTESIAN_POINT('',(-23.81,15.32,50.1));
#2331 = VECTOR('',#2332,1.);
#2332 = DIRECTION('',(-1.,-0.,-0.));
#2333 = ORIENTED_EDGE('',*,*,#2334,.F.);
#2334 = EDGE_CURVE('',#2335,#2327,#2337,.T.);
#2335 = VERTEX_POINT('',#2336);
#2336 = CARTESIAN_POINT('',(-19.,11.82,50.1));
#2337 = LINE('',#2338,#2339);
#2338 = CARTESIAN_POINT('',(-19.,15.32,50.1));
#2339 = VECTOR('',#2340,1.);
#2340 = DIRECTION('',(0.,1.,-0.));
#2341 = ORIENTED_EDGE('',*,*,#2342,.F.);
#2342 = EDGE_CURVE('',#2301,#2335,#2343,.T.);
#2343 = LINE('',#2344,#2345);
#2344 = CARTESIAN_POINT('',(-19.7,11.82,50.1));
#2345 = VECTOR('',#2346,1.);
#2346 = DIRECTION('',(1.,0.,0.));
#2347 = PLANE('',#2348);
#2348 = AXIS2_PLACEMENT_3D('',#2349,#2350,#2351);
#2349 = CARTESIAN_POINT('',(-23.81,15.32,50.1));
#2350 = DIRECTION('',(0.,0.,1.));
#2351 = DIRECTION('',(1.,0.,-0.));
#2352 = ADVANCED_FACE('',(#2353),#2369,.F.);
#2353 = FACE_BOUND('',#2354,.T.);
#2354 = EDGE_LOOP('',(#2355,#2361,#2362,#2368));
#2355 = ORIENTED_EDGE('',*,*,#2356,.F.);
#2356 = EDGE_CURVE('',#2335,#2189,#2357,.T.);
#2357 = LINE('',#2358,#2359);
#2358 = CARTESIAN_POINT('',(-19.,11.82,51.1));
#2359 = VECTOR('',#2360,1.);
#2360 = DIRECTION('',(0.,0.,-1.));
#2361 = ORIENTED_EDGE('',*,*,#2334,.T.);
#2362 = ORIENTED_EDGE('',*,*,#2363,.T.);
#2363 = EDGE_CURVE('',#2327,#2197,#2364,.T.);
#2364 = LINE('',#2365,#2366);
#2365 = CARTESIAN_POINT('',(-19.,15.32,105.5));
#2366 = VECTOR('',#2367,1.);
#2367 = DIRECTION('',(-0.,-0.,-1.));
#2368 = ORIENTED_EDGE('',*,*,#2196,.T.);
#2369 = PLANE('',#2370);
#2370 = AXIS2_PLACEMENT_3D('',#2371,#2372,#2373);
#2371 = CARTESIAN_POINT('',(-19.,21.62,51.1));
#2372 = DIRECTION('',(1.,-0.,0.));
#2373 = DIRECTION('',(0.,0.,-1.));
#2374 = ADVANCED_FACE('',(#2375,#2409),#2523,.F.);
#2375 = FACE_BOUND('',#2376,.T.);
#2376 = EDGE_LOOP('',(#2377,#2387,#2395,#2403));
#2377 = ORIENTED_EDGE('',*,*,#2378,.F.);
#2378 = EDGE_CURVE('',#2379,#2381,#2383,.T.);
#2379 = VERTEX_POINT('',#2380);
#2380 = CARTESIAN_POINT('',(-3.688660858193,15.82,-48.84));
#2381 = VERTEX_POINT('',#2382);
#2382 = CARTESIAN_POINT('',(-3.688660858193,13.55,-48.84));
#2383 = LINE('',#2384,#2385);
#2384 = CARTESIAN_POINT('',(-3.688660858193,16.12,-48.84));
#2385 = VECTOR('',#2386,1.);
#2386 = DIRECTION('',(0.,-1.,0.));
#2387 = ORIENTED_EDGE('',*,*,#2388,.T.);
#2388 = EDGE_CURVE('',#2379,#2389,#2391,.T.);
#2389 = VERTEX_POINT('',#2390);
#2390 = CARTESIAN_POINT('',(3.688660858193,15.82,-48.84));
#2391 = LINE('',#2392,#2393);
#2392 = CARTESIAN_POINT('',(-6.,15.82,-48.84));
#2393 = VECTOR('',#2394,1.);
#2394 = DIRECTION('',(1.,0.,0.));
#2395 = ORIENTED_EDGE('',*,*,#2396,.F.);
#2396 = EDGE_CURVE('',#2397,#2389,#2399,.T.);
#2397 = VERTEX_POINT('',#2398);
#2398 = CARTESIAN_POINT('',(3.688660858193,13.55,-48.84));
#2399 = LINE('',#2400,#2401);
#2400 = CARTESIAN_POINT('',(3.688660858193,16.12,-48.84));
#2401 = VECTOR('',#2402,1.);
#2402 = DIRECTION('',(-0.,1.,-0.));
#2403 = ORIENTED_EDGE('',*,*,#2404,.F.);
#2404 = EDGE_CURVE('',#2381,#2397,#2405,.T.);
#2405 = LINE('',#2406,#2407);
#2406 = CARTESIAN_POINT('',(-3.688660858193,13.55,-48.84));
#2407 = VECTOR('',#2408,1.);
#2408 = DIRECTION('',(1.,0.,0.));
#2409 = FACE_BOUND('',#2410,.T.);
#2410 = EDGE_LOOP('',(#2411,#2419,#2427,#2435,#2443,#2452,#2460,#2469,
    #2477,#2485,#2493,#2499,#2500,#2508,#2516,#2522));
#2411 = ORIENTED_EDGE('',*,*,#2412,.F.);
#2412 = EDGE_CURVE('',#2413,#1241,#2415,.T.);
#2413 = VERTEX_POINT('',#2414);
#2414 = CARTESIAN_POINT('',(18.2,11.82,-48.84));
#2415 = LINE('',#2416,#2417);
#2416 = CARTESIAN_POINT('',(18.2,56.1,-48.84));
#2417 = VECTOR('',#2418,1.);
#2418 = DIRECTION('',(0.,-1.,0.));
#2419 = ORIENTED_EDGE('',*,*,#2420,.F.);
#2420 = EDGE_CURVE('',#2421,#2413,#2423,.T.);
#2421 = VERTEX_POINT('',#2422);
#2422 = CARTESIAN_POINT('',(19.,11.82,-48.84));
#2423 = LINE('',#2424,#2425);
#2424 = CARTESIAN_POINT('',(-6.,11.82,-48.84));
#2425 = VECTOR('',#2426,1.);
#2426 = DIRECTION('',(-1.,0.,0.));
#2427 = ORIENTED_EDGE('',*,*,#2428,.F.);
#2428 = EDGE_CURVE('',#2429,#2421,#2431,.T.);
#2429 = VERTEX_POINT('',#2430);
#2430 = CARTESIAN_POINT('',(19.,15.32,-48.84));
#2431 = LINE('',#2432,#2433);
#2432 = CARTESIAN_POINT('',(19.,21.62,-48.84));
#2433 = VECTOR('',#2434,1.);
#2434 = DIRECTION('',(-0.,-1.,-0.));
#2435 = ORIENTED_EDGE('',*,*,#2436,.T.);
#2436 = EDGE_CURVE('',#2429,#2437,#2439,.T.);
#2437 = VERTEX_POINT('',#2438);
#2438 = CARTESIAN_POINT('',(17.591029548341,20.177189518714,-48.84));
#2439 = LINE('',#2440,#2441);
#2440 = CARTESIAN_POINT('',(6.14832968058,59.623979760517,-48.84));
#2441 = VECTOR('',#2442,1.);
#2442 = DIRECTION('',(-0.278594759357,0.960408746347,0.));
#2443 = ORIENTED_EDGE('',*,*,#2444,.T.);
#2444 = EDGE_CURVE('',#2437,#2445,#2447,.T.);
#2445 = VERTEX_POINT('',#2446);
#2446 = CARTESIAN_POINT('',(15.670212055648,21.62,-48.84));
#2447 = CIRCLE('',#2448,2.);
#2448 = AXIS2_PLACEMENT_3D('',#2449,#2450,#2451);
#2449 = CARTESIAN_POINT('',(15.670212055648,19.62,-48.84));
#2450 = DIRECTION('',(0.,-0.,1.));
#2451 = DIRECTION('',(-1.,0.,0.));
#2452 = ORIENTED_EDGE('',*,*,#2453,.F.);
#2453 = EDGE_CURVE('',#2454,#2445,#2456,.T.);
#2454 = VERTEX_POINT('',#2455);
#2455 = CARTESIAN_POINT('',(-15.67021205564,21.62,-48.84));
#2456 = LINE('',#2457,#2458);
#2457 = CARTESIAN_POINT('',(-19.,21.62,-48.84));
#2458 = VECTOR('',#2459,1.);
#2459 = DIRECTION('',(1.,0.,0.));
#2460 = ORIENTED_EDGE('',*,*,#2461,.T.);
#2461 = EDGE_CURVE('',#2454,#2462,#2464,.T.);
#2462 = VERTEX_POINT('',#2463);
#2463 = CARTESIAN_POINT('',(-17.59102954834,20.177189518714,-48.84));
#2464 = CIRCLE('',#2465,2.);
#2465 = AXIS2_PLACEMENT_3D('',#2466,#2467,#2468);
#2466 = CARTESIAN_POINT('',(-15.67021205564,19.62,-48.84));
#2467 = DIRECTION('',(0.,-0.,1.));
#2468 = DIRECTION('',(-1.,1.734723475977E-15,0.));
#2469 = ORIENTED_EDGE('',*,*,#2470,.T.);
#2470 = EDGE_CURVE('',#2462,#2471,#2473,.T.);
#2471 = VERTEX_POINT('',#2472);
#2472 = CARTESIAN_POINT('',(-19.,15.32,-48.84));
#2473 = LINE('',#2474,#2475);
#2474 = CARTESIAN_POINT('',(-7.079710159873,56.413201637646,-48.84));
#2475 = VECTOR('',#2476,1.);
#2476 = DIRECTION('',(-0.278594759357,-0.960408746347,0.));
#2477 = ORIENTED_EDGE('',*,*,#2478,.T.);
#2478 = EDGE_CURVE('',#2471,#2479,#2481,.T.);
#2479 = VERTEX_POINT('',#2480);
#2480 = CARTESIAN_POINT('',(-19.,11.82,-48.84));
#2481 = LINE('',#2482,#2483);
#2482 = CARTESIAN_POINT('',(-19.,21.62,-48.84));
#2483 = VECTOR('',#2484,1.);
#2484 = DIRECTION('',(-0.,-1.,-0.));
#2485 = ORIENTED_EDGE('',*,*,#2486,.T.);
#2486 = EDGE_CURVE('',#2479,#2487,#2489,.T.);
#2487 = VERTEX_POINT('',#2488);
#2488 = CARTESIAN_POINT('',(-18.2,11.82,-48.84));
#2489 = LINE('',#2490,#2491);
#2490 = CARTESIAN_POINT('',(-6.,11.82,-48.84));
#2491 = VECTOR('',#2492,1.);
#2492 = DIRECTION('',(1.,-0.,0.));
#2493 = ORIENTED_EDGE('',*,*,#2494,.F.);
#2494 = EDGE_CURVE('',#1281,#2487,#2495,.T.);
#2495 = LINE('',#2496,#2497);
#2496 = CARTESIAN_POINT('',(-18.2,56.1,-48.84));
#2497 = VECTOR('',#2498,1.);
#2498 = DIRECTION('',(0.,1.,0.));
#2499 = ORIENTED_EDGE('',*,*,#1280,.T.);
#2500 = ORIENTED_EDGE('',*,*,#2501,.T.);
#2501 = EDGE_CURVE('',#1273,#2502,#2504,.T.);
#2502 = VERTEX_POINT('',#2503);
#2503 = CARTESIAN_POINT('',(-6.,5.55,-48.84));
#2504 = LINE('',#2505,#2506);
#2505 = CARTESIAN_POINT('',(-6.,56.1,-48.84));
#2506 = VECTOR('',#2507,1.);
#2507 = DIRECTION('',(-0.,-1.,-0.));
#2508 = ORIENTED_EDGE('',*,*,#2509,.T.);
#2509 = EDGE_CURVE('',#2502,#2510,#2512,.T.);
#2510 = VERTEX_POINT('',#2511);
#2511 = CARTESIAN_POINT('',(6.,5.55,-48.84));
#2512 = LINE('',#2513,#2514);
#2513 = CARTESIAN_POINT('',(-6.,5.55,-48.84));
#2514 = VECTOR('',#2515,1.);
#2515 = DIRECTION('',(1.,0.,0.));
#2516 = ORIENTED_EDGE('',*,*,#2517,.F.);
#2517 = EDGE_CURVE('',#1249,#2510,#2518,.T.);
#2518 = LINE('',#2519,#2520);
#2519 = CARTESIAN_POINT('',(6.,56.1,-48.84));
#2520 = VECTOR('',#2521,1.);
#2521 = DIRECTION('',(-0.,-1.,-0.));
#2522 = ORIENTED_EDGE('',*,*,#1248,.T.);
#2523 = PLANE('',#2524);
#2524 = AXIS2_PLACEMENT_3D('',#2525,#2526,#2527);
#2525 = CARTESIAN_POINT('',(-6.,56.1,-48.84));
#2526 = DIRECTION('',(0.,0.,-1.));
#2527 = DIRECTION('',(-1.,0.,-0.));
#2528 = ADVANCED_FACE('',(#2529),#2588,.F.);
#2529 = FACE_BOUND('',#2530,.T.);
#2530 = EDGE_LOOP('',(#2531,#2539,#2540,#2548,#2557,#2565,#2574,#2582));
#2531 = ORIENTED_EDGE('',*,*,#2532,.T.);
#2532 = EDGE_CURVE('',#2533,#1216,#2535,.T.);
#2533 = VERTEX_POINT('',#2534);
#2534 = CARTESIAN_POINT('',(19.7,11.82,-50.1));
#2535 = LINE('',#2536,#2537);
#2536 = CARTESIAN_POINT('',(19.7,11.82,-50.1));
#2537 = VECTOR('',#2538,1.);
#2538 = DIRECTION('',(-0.,-1.,-0.));
#2539 = ORIENTED_EDGE('',*,*,#1215,.F.);
#2540 = ORIENTED_EDGE('',*,*,#2541,.F.);
#2541 = EDGE_CURVE('',#2542,#1208,#2544,.T.);
#2542 = VERTEX_POINT('',#2543);
#2543 = CARTESIAN_POINT('',(23.81,14.92,-50.1));
#2544 = LINE('',#2545,#2546);
#2545 = CARTESIAN_POINT('',(23.81,15.32,-50.1));
#2546 = VECTOR('',#2547,1.);
#2547 = DIRECTION('',(-0.,-1.,-0.));
#2548 = ORIENTED_EDGE('',*,*,#2549,.T.);
#2549 = EDGE_CURVE('',#2542,#2550,#2552,.T.);
#2550 = VERTEX_POINT('',#2551);
#2551 = CARTESIAN_POINT('',(24.21,15.32,-50.1));
#2552 = CIRCLE('',#2553,0.4);
#2553 = AXIS2_PLACEMENT_3D('',#2554,#2555,#2556);
#2554 = CARTESIAN_POINT('',(24.21,14.92,-50.1));
#2555 = DIRECTION('',(0.,0.,-1.));
#2556 = DIRECTION('',(-1.,0.,0.));
#2557 = ORIENTED_EDGE('',*,*,#2558,.F.);
#2558 = EDGE_CURVE('',#2559,#2550,#2561,.T.);
#2559 = VERTEX_POINT('',#2560);
#2560 = CARTESIAN_POINT('',(20.039799573339,15.32,-50.1));
#2561 = LINE('',#2562,#2563);
#2562 = CARTESIAN_POINT('',(-43.75,15.32,-50.1));
#2563 = VECTOR('',#2564,1.);
#2564 = DIRECTION('',(1.,0.,0.));
#2565 = ORIENTED_EDGE('',*,*,#2566,.T.);
#2566 = EDGE_CURVE('',#2559,#2567,#2569,.T.);
#2567 = VERTEX_POINT('',#2568);
#2568 = CARTESIAN_POINT('',(19.,15.32,-50.1));
#2569 = CIRCLE('',#2570,3.840616165458);
#2570 = AXIS2_PLACEMENT_3D('',#2571,#2572,#2573);
#2571 = CARTESIAN_POINT('',(19.519899786669,19.125264345902,-50.1));
#2572 = DIRECTION('',(0.,0.,-1.));
#2573 = DIRECTION('',(-1.,0.,0.));
#2574 = ORIENTED_EDGE('',*,*,#2575,.F.);
#2575 = EDGE_CURVE('',#2576,#2567,#2578,.T.);
#2576 = VERTEX_POINT('',#2577);
#2577 = CARTESIAN_POINT('',(19.,11.82,-50.1));
#2578 = LINE('',#2579,#2580);
#2579 = CARTESIAN_POINT('',(19.,15.32,-50.1));
#2580 = VECTOR('',#2581,1.);
#2581 = DIRECTION('',(0.,1.,0.));
#2582 = ORIENTED_EDGE('',*,*,#2583,.F.);
#2583 = EDGE_CURVE('',#2533,#2576,#2584,.T.);
#2584 = LINE('',#2585,#2586);
#2585 = CARTESIAN_POINT('',(19.7,11.82,-50.1));
#2586 = VECTOR('',#2587,1.);
#2587 = DIRECTION('',(-1.,0.,0.));
#2588 = PLANE('',#2589);
#2589 = AXIS2_PLACEMENT_3D('',#2590,#2591,#2592);
#2590 = CARTESIAN_POINT('',(-43.75,15.32,-50.1));
#2591 = DIRECTION('',(0.,0.,-1.));
#2592 = DIRECTION('',(-1.,0.,-0.));
#2593 = ADVANCED_FACE('',(#2594),#2610,.F.);
#2594 = FACE_BOUND('',#2595,.T.);
#2595 = EDGE_LOOP('',(#2596,#2602,#2603,#2609));
#2596 = ORIENTED_EDGE('',*,*,#2597,.F.);
#2597 = EDGE_CURVE('',#2576,#2421,#2598,.T.);
#2598 = LINE('',#2599,#2600);
#2599 = CARTESIAN_POINT('',(19.,11.82,-51.1));
#2600 = VECTOR('',#2601,1.);
#2601 = DIRECTION('',(0.,0.,1.));
#2602 = ORIENTED_EDGE('',*,*,#2575,.T.);
#2603 = ORIENTED_EDGE('',*,*,#2604,.F.);
#2604 = EDGE_CURVE('',#2429,#2567,#2605,.T.);
#2605 = LINE('',#2606,#2607);
#2606 = CARTESIAN_POINT('',(19.,15.32,105.5));
#2607 = VECTOR('',#2608,1.);
#2608 = DIRECTION('',(-0.,-0.,-1.));
#2609 = ORIENTED_EDGE('',*,*,#2428,.T.);
#2610 = PLANE('',#2611);
#2611 = AXIS2_PLACEMENT_3D('',#2612,#2613,#2614);
#2612 = CARTESIAN_POINT('',(19.,21.62,-51.1));
#2613 = DIRECTION('',(-1.,0.,0.));
#2614 = DIRECTION('',(0.,0.,1.));
#2615 = ADVANCED_FACE('',(#2616),#2657,.F.);
#2616 = FACE_BOUND('',#2617,.T.);
#2617 = EDGE_LOOP('',(#2618,#2628,#2634,#2635,#2643,#2651));
#2618 = ORIENTED_EDGE('',*,*,#2619,.F.);
#2619 = EDGE_CURVE('',#2620,#2622,#2624,.T.);
#2620 = VERTEX_POINT('',#2621);
#2621 = CARTESIAN_POINT('',(-6.,5.55,52.5));
#2622 = VERTEX_POINT('',#2623);
#2623 = CARTESIAN_POINT('',(-18.15,5.55,52.5));
#2624 = LINE('',#2625,#2626);
#2625 = CARTESIAN_POINT('',(-43.3,5.55,52.5));
#2626 = VECTOR('',#2627,1.);
#2627 = DIRECTION('',(-1.,0.,0.));
#2628 = ORIENTED_EDGE('',*,*,#2629,.T.);
#2629 = EDGE_CURVE('',#2620,#1512,#2630,.T.);
#2630 = LINE('',#2631,#2632);
#2631 = CARTESIAN_POINT('',(-6.,12.92,52.5));
#2632 = VECTOR('',#2633,1.);
#2633 = DIRECTION('',(0.,1.,0.));
#2634 = ORIENTED_EDGE('',*,*,#1511,.F.);
#2635 = ORIENTED_EDGE('',*,*,#2636,.T.);
#2636 = EDGE_CURVE('',#1503,#2637,#2639,.T.);
#2637 = VERTEX_POINT('',#2638);
#2638 = CARTESIAN_POINT('',(-43.3,0.,52.5));
#2639 = LINE('',#2640,#2641);
#2640 = CARTESIAN_POINT('',(-43.3,12.92,52.5));
#2641 = VECTOR('',#2642,1.);
#2642 = DIRECTION('',(-0.,-1.,-0.));
#2643 = ORIENTED_EDGE('',*,*,#2644,.T.);
#2644 = EDGE_CURVE('',#2637,#2645,#2647,.T.);
#2645 = VERTEX_POINT('',#2646);
#2646 = CARTESIAN_POINT('',(-18.15,0.,52.5));
#2647 = LINE('',#2648,#2649);
#2648 = CARTESIAN_POINT('',(-43.3,0.,52.5));
#2649 = VECTOR('',#2650,1.);
#2650 = DIRECTION('',(1.,0.,0.));
#2651 = ORIENTED_EDGE('',*,*,#2652,.T.);
#2652 = EDGE_CURVE('',#2645,#2622,#2653,.T.);
#2653 = LINE('',#2654,#2655);
#2654 = CARTESIAN_POINT('',(-18.15,12.92,52.5));
#2655 = VECTOR('',#2656,1.);
#2656 = DIRECTION('',(0.,1.,0.));
#2657 = PLANE('',#2658);
#2658 = AXIS2_PLACEMENT_3D('',#2659,#2660,#2661);
#2659 = CARTESIAN_POINT('',(-43.3,12.92,52.5));
#2660 = DIRECTION('',(0.,0.,-1.));
#2661 = DIRECTION('',(-1.,0.,-0.));
#2662 = ADVANCED_FACE('',(#2663),#2704,.F.);
#2663 = FACE_BOUND('',#2664,.T.);
#2664 = EDGE_LOOP('',(#2665,#2666,#2674,#2682,#2690,#2698));
#2665 = ORIENTED_EDGE('',*,*,#1477,.F.);
#2666 = ORIENTED_EDGE('',*,*,#2667,.T.);
#2667 = EDGE_CURVE('',#1470,#2668,#2670,.T.);
#2668 = VERTEX_POINT('',#2669);
#2669 = CARTESIAN_POINT('',(-6.,5.55,-52.5));
#2670 = LINE('',#2671,#2672);
#2671 = CARTESIAN_POINT('',(-6.,12.92,-52.5));
#2672 = VECTOR('',#2673,1.);
#2673 = DIRECTION('',(0.,-1.,0.));
#2674 = ORIENTED_EDGE('',*,*,#2675,.F.);
#2675 = EDGE_CURVE('',#2676,#2668,#2678,.T.);
#2676 = VERTEX_POINT('',#2677);
#2677 = CARTESIAN_POINT('',(-18.15,5.55,-52.5));
#2678 = LINE('',#2679,#2680);
#2679 = CARTESIAN_POINT('',(-43.3,5.55,-52.5));
#2680 = VECTOR('',#2681,1.);
#2681 = DIRECTION('',(1.,0.,-0.));
#2682 = ORIENTED_EDGE('',*,*,#2683,.F.);
#2683 = EDGE_CURVE('',#2684,#2676,#2686,.T.);
#2684 = VERTEX_POINT('',#2685);
#2685 = CARTESIAN_POINT('',(-18.15,0.,-52.5));
#2686 = LINE('',#2687,#2688);
#2687 = CARTESIAN_POINT('',(-18.15,12.92,-52.5));
#2688 = VECTOR('',#2689,1.);
#2689 = DIRECTION('',(0.,1.,0.));
#2690 = ORIENTED_EDGE('',*,*,#2691,.T.);
#2691 = EDGE_CURVE('',#2684,#2692,#2694,.T.);
#2692 = VERTEX_POINT('',#2693);
#2693 = CARTESIAN_POINT('',(-43.3,0.,-52.5));
#2694 = LINE('',#2695,#2696);
#2695 = CARTESIAN_POINT('',(-43.3,0.,-52.5));
#2696 = VECTOR('',#2697,1.);
#2697 = DIRECTION('',(-1.,-0.,-0.));
#2698 = ORIENTED_EDGE('',*,*,#2699,.F.);
#2699 = EDGE_CURVE('',#1478,#2692,#2700,.T.);
#2700 = LINE('',#2701,#2702);
#2701 = CARTESIAN_POINT('',(-43.3,12.92,-52.5));
#2702 = VECTOR('',#2703,1.);
#2703 = DIRECTION('',(-0.,-1.,-0.));
#2704 = PLANE('',#2705);
#2705 = AXIS2_PLACEMENT_3D('',#2706,#2707,#2708);
#2706 = CARTESIAN_POINT('',(-43.3,12.92,-52.5));
#2707 = DIRECTION('',(0.,0.,1.));
#2708 = DIRECTION('',(1.,0.,-0.));
#2709 = ADVANCED_FACE('',(#2710,#2744,#2835),#2869,.F.);
#2710 = FACE_BOUND('',#2711,.T.);
#2711 = EDGE_LOOP('',(#2712,#2722,#2730,#2738));
#2712 = ORIENTED_EDGE('',*,*,#2713,.F.);
#2713 = EDGE_CURVE('',#2714,#2716,#2718,.T.);
#2714 = VERTEX_POINT('',#2715);
#2715 = CARTESIAN_POINT('',(15.8,18.45,-51.1));
#2716 = VERTEX_POINT('',#2717);
#2717 = CARTESIAN_POINT('',(15.8,15.65,-51.1));
#2718 = LINE('',#2719,#2720);
#2719 = CARTESIAN_POINT('',(15.8,18.55,-51.1));
#2720 = VECTOR('',#2721,1.);
#2721 = DIRECTION('',(0.,-1.,0.));
#2722 = ORIENTED_EDGE('',*,*,#2723,.T.);
#2723 = EDGE_CURVE('',#2714,#2724,#2726,.T.);
#2724 = VERTEX_POINT('',#2725);
#2725 = CARTESIAN_POINT('',(8.1,18.45,-51.1));
#2726 = LINE('',#2727,#2728);
#2727 = CARTESIAN_POINT('',(-43.75,18.45,-51.1));
#2728 = VECTOR('',#2729,1.);
#2729 = DIRECTION('',(-1.,0.,0.));
#2730 = ORIENTED_EDGE('',*,*,#2731,.F.);
#2731 = EDGE_CURVE('',#2732,#2724,#2734,.T.);
#2732 = VERTEX_POINT('',#2733);
#2733 = CARTESIAN_POINT('',(8.1,15.65,-51.1));
#2734 = LINE('',#2735,#2736);
#2735 = CARTESIAN_POINT('',(8.1,18.55,-51.1));
#2736 = VECTOR('',#2737,1.);
#2737 = DIRECTION('',(-0.,1.,-0.));
#2738 = ORIENTED_EDGE('',*,*,#2739,.F.);
#2739 = EDGE_CURVE('',#2716,#2732,#2740,.T.);
#2740 = LINE('',#2741,#2742);
#2741 = CARTESIAN_POINT('',(15.8,15.65,-51.1));
#2742 = VECTOR('',#2743,1.);
#2743 = DIRECTION('',(-1.,-4.505775262277E-16,0.));
#2744 = FACE_BOUND('',#2745,.T.);
#2745 = EDGE_LOOP('',(#2746,#2756,#2765,#2773,#2782,#2790,#2796,#2797,
    #2803,#2804,#2812,#2820,#2828));
#2746 = ORIENTED_EDGE('',*,*,#2747,.F.);
#2747 = EDGE_CURVE('',#2748,#2750,#2752,.T.);
#2748 = VERTEX_POINT('',#2749);
#2749 = CARTESIAN_POINT('',(15.670212055648,21.62,-51.1));
#2750 = VERTEX_POINT('',#2751);
#2751 = CARTESIAN_POINT('',(-15.67021205564,21.62,-51.1));
#2752 = LINE('',#2753,#2754);
#2753 = CARTESIAN_POINT('',(-19.,21.62,-51.1));
#2754 = VECTOR('',#2755,1.);
#2755 = DIRECTION('',(-1.,-0.,-0.));
#2756 = ORIENTED_EDGE('',*,*,#2757,.T.);
#2757 = EDGE_CURVE('',#2748,#2758,#2760,.T.);
#2758 = VERTEX_POINT('',#2759);
#2759 = CARTESIAN_POINT('',(17.591029548341,20.177189518714,-51.1));
#2760 = CIRCLE('',#2761,2.);
#2761 = AXIS2_PLACEMENT_3D('',#2762,#2763,#2764);
#2762 = CARTESIAN_POINT('',(15.670212055648,19.62,-51.1));
#2763 = DIRECTION('',(0.,-0.,-1.));
#2764 = DIRECTION('',(1.,3.469446951954E-15,-0.));
#2765 = ORIENTED_EDGE('',*,*,#2766,.F.);
#2766 = EDGE_CURVE('',#2767,#2758,#2769,.T.);
#2767 = VERTEX_POINT('',#2768);
#2768 = CARTESIAN_POINT('',(19.,15.32,-51.1));
#2769 = LINE('',#2770,#2771);
#2770 = CARTESIAN_POINT('',(19.,15.32,-51.1));
#2771 = VECTOR('',#2772,1.);
#2772 = DIRECTION('',(-0.278594759357,0.960408746347,0.));
#2773 = ORIENTED_EDGE('',*,*,#2774,.F.);
#2774 = EDGE_CURVE('',#2775,#2767,#2777,.T.);
#2775 = VERTEX_POINT('',#2776);
#2776 = CARTESIAN_POINT('',(20.039799573339,15.32,-51.1));
#2777 = CIRCLE('',#2778,3.840616165458);
#2778 = AXIS2_PLACEMENT_3D('',#2779,#2780,#2781);
#2779 = CARTESIAN_POINT('',(19.519899786669,19.125264345902,-51.1));
#2780 = DIRECTION('',(0.,0.,-1.));
#2781 = DIRECTION('',(-1.,0.,0.));
#2782 = ORIENTED_EDGE('',*,*,#2783,.F.);
#2783 = EDGE_CURVE('',#2784,#2775,#2786,.T.);
#2784 = VERTEX_POINT('',#2785);
#2785 = CARTESIAN_POINT('',(37.55,15.32,-51.1));
#2786 = LINE('',#2787,#2788);
#2787 = CARTESIAN_POINT('',(-43.75,15.32,-51.1));
#2788 = VECTOR('',#2789,1.);
#2789 = DIRECTION('',(-1.,-0.,-0.));
#2790 = ORIENTED_EDGE('',*,*,#2791,.T.);
#2791 = EDGE_CURVE('',#2784,#1946,#2792,.T.);
#2792 = LINE('',#2793,#2794);
#2793 = CARTESIAN_POINT('',(37.55,15.32,-51.1));
#2794 = VECTOR('',#2795,1.);
#2795 = DIRECTION('',(-0.,-1.,-0.));
#2796 = ORIENTED_EDGE('',*,*,#1945,.T.);
#2797 = ORIENTED_EDGE('',*,*,#2798,.T.);
#2798 = EDGE_CURVE('',#1938,#1462,#2799,.T.);
#2799 = LINE('',#2800,#2801);
#2800 = CARTESIAN_POINT('',(-43.75,12.92,-51.1));
#2801 = VECTOR('',#2802,1.);
#2802 = DIRECTION('',(-1.,0.,0.));
#2803 = ORIENTED_EDGE('',*,*,#1461,.T.);
#2804 = ORIENTED_EDGE('',*,*,#2805,.F.);
#2805 = EDGE_CURVE('',#2806,#1454,#2808,.T.);
#2806 = VERTEX_POINT('',#2807);
#2807 = CARTESIAN_POINT('',(-43.75,15.32,-51.1));
#2808 = LINE('',#2809,#2810);
#2809 = CARTESIAN_POINT('',(-43.75,15.32,-51.1));
#2810 = VECTOR('',#2811,1.);
#2811 = DIRECTION('',(-0.,-1.,-0.));
#2812 = ORIENTED_EDGE('',*,*,#2813,.F.);
#2813 = EDGE_CURVE('',#2814,#2806,#2816,.T.);
#2814 = VERTEX_POINT('',#2815);
#2815 = CARTESIAN_POINT('',(-19.,15.32,-51.1));
#2816 = LINE('',#2817,#2818);
#2817 = CARTESIAN_POINT('',(-43.75,15.32,-51.1));
#2818 = VECTOR('',#2819,1.);
#2819 = DIRECTION('',(-1.,-0.,-0.));
#2820 = ORIENTED_EDGE('',*,*,#2821,.F.);
#2821 = EDGE_CURVE('',#2822,#2814,#2824,.T.);
#2822 = VERTEX_POINT('',#2823);
#2823 = CARTESIAN_POINT('',(-17.59102954834,20.177189518714,-51.1));
#2824 = LINE('',#2825,#2826);
#2825 = CARTESIAN_POINT('',(-17.1725,21.62,-51.1));
#2826 = VECTOR('',#2827,1.);
#2827 = DIRECTION('',(-0.278594759357,-0.960408746347,0.));
#2828 = ORIENTED_EDGE('',*,*,#2829,.T.);
#2829 = EDGE_CURVE('',#2822,#2750,#2830,.T.);
#2830 = CIRCLE('',#2831,2.);
#2831 = AXIS2_PLACEMENT_3D('',#2832,#2833,#2834);
#2832 = CARTESIAN_POINT('',(-15.67021205564,19.62,-51.1));
#2833 = DIRECTION('',(0.,0.,-1.));
#2834 = DIRECTION('',(1.,0.,0.));
#2835 = FACE_BOUND('',#2836,.T.);
#2836 = EDGE_LOOP('',(#2837,#2847,#2855,#2863));
#2837 = ORIENTED_EDGE('',*,*,#2838,.F.);
#2838 = EDGE_CURVE('',#2839,#2841,#2843,.T.);
#2839 = VERTEX_POINT('',#2840);
#2840 = CARTESIAN_POINT('',(-8.1,18.45,-51.1));
#2841 = VERTEX_POINT('',#2842);
#2842 = CARTESIAN_POINT('',(-8.1,15.65,-51.1));
#2843 = LINE('',#2844,#2845);
#2844 = CARTESIAN_POINT('',(-8.1,18.55,-51.1));
#2845 = VECTOR('',#2846,1.);
#2846 = DIRECTION('',(0.,-1.,0.));
#2847 = ORIENTED_EDGE('',*,*,#2848,.T.);
#2848 = EDGE_CURVE('',#2839,#2849,#2851,.T.);
#2849 = VERTEX_POINT('',#2850);
#2850 = CARTESIAN_POINT('',(-15.8,18.45,-51.1));
#2851 = LINE('',#2852,#2853);
#2852 = CARTESIAN_POINT('',(-43.75,18.45,-51.1));
#2853 = VECTOR('',#2854,1.);
#2854 = DIRECTION('',(-1.,4.505775262277E-16,0.));
#2855 = ORIENTED_EDGE('',*,*,#2856,.F.);
#2856 = EDGE_CURVE('',#2857,#2849,#2859,.T.);
#2857 = VERTEX_POINT('',#2858);
#2858 = CARTESIAN_POINT('',(-15.8,15.65,-51.1));
#2859 = LINE('',#2860,#2861);
#2860 = CARTESIAN_POINT('',(-15.8,18.55,-51.1));
#2861 = VECTOR('',#2862,1.);
#2862 = DIRECTION('',(-0.,1.,-0.));
#2863 = ORIENTED_EDGE('',*,*,#2864,.F.);
#2864 = EDGE_CURVE('',#2841,#2857,#2865,.T.);
#2865 = LINE('',#2866,#2867);
#2866 = CARTESIAN_POINT('',(-15.8,15.65,-51.1));
#2867 = VECTOR('',#2868,1.);
#2868 = DIRECTION('',(-1.,9.011550524555E-16,-0.));
#2869 = PLANE('',#2870);
#2870 = AXIS2_PLACEMENT_3D('',#2871,#2872,#2873);
#2871 = CARTESIAN_POINT('',(-43.75,15.32,-51.1));
#2872 = DIRECTION('',(0.,0.,1.));
#2873 = DIRECTION('',(1.,0.,-0.));
#2874 = ADVANCED_FACE('',(#2875),#2900,.T.);
#2875 = FACE_BOUND('',#2876,.T.);
#2876 = EDGE_LOOP('',(#2877,#2885,#2893,#2899));
#2877 = ORIENTED_EDGE('',*,*,#2878,.F.);
#2878 = EDGE_CURVE('',#2879,#1762,#2881,.T.);
#2879 = VERTEX_POINT('',#2880);
#2880 = CARTESIAN_POINT('',(20.039799573339,15.32,51.1));
#2881 = LINE('',#2882,#2883);
#2882 = CARTESIAN_POINT('',(20.039799573339,15.32,105.5));
#2883 = VECTOR('',#2884,1.);
#2884 = DIRECTION('',(-0.,-0.,-1.));
#2885 = ORIENTED_EDGE('',*,*,#2886,.T.);
#2886 = EDGE_CURVE('',#2879,#2887,#2889,.T.);
#2887 = VERTEX_POINT('',#2888);
#2888 = CARTESIAN_POINT('',(43.75,15.32,51.1));
#2889 = LINE('',#2890,#2891);
#2890 = CARTESIAN_POINT('',(-36.3,15.32,51.1));
#2891 = VECTOR('',#2892,1.);
#2892 = DIRECTION('',(1.,0.,-8.668199755037E-17));
#2893 = ORIENTED_EDGE('',*,*,#2894,.T.);
#2894 = EDGE_CURVE('',#2887,#1771,#2895,.T.);
#2895 = LINE('',#2896,#2897);
#2896 = CARTESIAN_POINT('',(43.75,15.32,51.1));
#2897 = VECTOR('',#2898,1.);
#2898 = DIRECTION('',(-6.938893903907E-15,0.,-1.));
#2899 = ORIENTED_EDGE('',*,*,#1770,.T.);
#2900 = PLANE('',#2901);
#2901 = AXIS2_PLACEMENT_3D('',#2902,#2903,#2904);
#2902 = CARTESIAN_POINT('',(43.75,15.32,51.1));
#2903 = DIRECTION('',(0.,1.,0.));
#2904 = DIRECTION('',(0.,-0.,1.));
#2905 = ADVANCED_FACE('',(#2906),#2963,.T.);
#2906 = FACE_BOUND('',#2907,.T.);
#2907 = EDGE_LOOP('',(#2908,#2909,#2917,#2925,#2933,#2941,#2949,#2957));
#2908 = ORIENTED_EDGE('',*,*,#2326,.T.);
#2909 = ORIENTED_EDGE('',*,*,#2910,.T.);
#2910 = EDGE_CURVE('',#2318,#2911,#2913,.T.);
#2911 = VERTEX_POINT('',#2912);
#2912 = CARTESIAN_POINT('',(-24.21,15.32,49.67));
#2913 = LINE('',#2914,#2915);
#2914 = CARTESIAN_POINT('',(-24.21,15.32,49.67));
#2915 = VECTOR('',#2916,1.);
#2916 = DIRECTION('',(0.,0.,-1.));
#2917 = ORIENTED_EDGE('',*,*,#2918,.T.);
#2918 = EDGE_CURVE('',#2911,#2919,#2921,.T.);
#2919 = VERTEX_POINT('',#2920);
#2920 = CARTESIAN_POINT('',(-34.46,15.32,49.67));
#2921 = LINE('',#2922,#2923);
#2922 = CARTESIAN_POINT('',(-23.81,15.32,49.67));
#2923 = VECTOR('',#2924,1.);
#2924 = DIRECTION('',(-1.,0.,-6.279541994486E-16));
#2925 = ORIENTED_EDGE('',*,*,#2926,.T.);
#2926 = EDGE_CURVE('',#2919,#2927,#2929,.T.);
#2927 = VERTEX_POINT('',#2928);
#2928 = CARTESIAN_POINT('',(-34.46,15.32,50.7));
#2929 = LINE('',#2930,#2931);
#2930 = CARTESIAN_POINT('',(-34.46,15.32,50.7));
#2931 = VECTOR('',#2932,1.);
#2932 = DIRECTION('',(-0.,0.,1.));
#2933 = ORIENTED_EDGE('',*,*,#2934,.T.);
#2934 = EDGE_CURVE('',#2927,#2935,#2937,.T.);
#2935 = VERTEX_POINT('',#2936);
#2936 = CARTESIAN_POINT('',(-36.3,15.32,50.7));
#2937 = LINE('',#2938,#2939);
#2938 = CARTESIAN_POINT('',(-34.86,15.32,50.7));
#2939 = VECTOR('',#2940,1.);
#2940 = DIRECTION('',(-1.,0.,-1.445602896647E-14));
#2941 = ORIENTED_EDGE('',*,*,#2942,.T.);
#2942 = EDGE_CURVE('',#2935,#2943,#2945,.T.);
#2943 = VERTEX_POINT('',#2944);
#2944 = CARTESIAN_POINT('',(-36.3,15.32,51.1));
#2945 = LINE('',#2946,#2947);
#2946 = CARTESIAN_POINT('',(-36.3,15.32,50.7));
#2947 = VECTOR('',#2948,1.);
#2948 = DIRECTION('',(1.734723475977E-14,0.,1.));
#2949 = ORIENTED_EDGE('',*,*,#2950,.T.);
#2950 = EDGE_CURVE('',#2943,#2951,#2953,.T.);
#2951 = VERTEX_POINT('',#2952);
#2952 = CARTESIAN_POINT('',(-19.,15.32,51.1));
#2953 = LINE('',#2954,#2955);
#2954 = CARTESIAN_POINT('',(-36.3,15.32,51.1));
#2955 = VECTOR('',#2956,1.);
#2956 = DIRECTION('',(1.,0.,-8.668199755037E-17));
#2957 = ORIENTED_EDGE('',*,*,#2958,.T.);
#2958 = EDGE_CURVE('',#2951,#2327,#2959,.T.);
#2959 = LINE('',#2960,#2961);
#2960 = CARTESIAN_POINT('',(-19.,15.32,51.1));
#2961 = VECTOR('',#2962,1.);
#2962 = DIRECTION('',(0.,0.,-1.));
#2963 = PLANE('',#2964);
#2964 = AXIS2_PLACEMENT_3D('',#2965,#2966,#2967);
#2965 = CARTESIAN_POINT('',(43.75,15.32,51.1));
#2966 = DIRECTION('',(0.,1.,0.));
#2967 = DIRECTION('',(0.,-0.,1.));
#2968 = ADVANCED_FACE('',(#2969),#2985,.T.);
#2969 = FACE_BOUND('',#2970,.T.);
#2970 = EDGE_LOOP('',(#2971,#2972,#2978,#2979));
#2971 = ORIENTED_EDGE('',*,*,#1352,.T.);
#2972 = ORIENTED_EDGE('',*,*,#2973,.T.);
#2973 = EDGE_CURVE('',#1345,#2814,#2974,.T.);
#2974 = LINE('',#2975,#2976);
#2975 = CARTESIAN_POINT('',(-19.,15.32,-50.1));
#2976 = VECTOR('',#2977,1.);
#2977 = DIRECTION('',(0.,0.,-1.));
#2978 = ORIENTED_EDGE('',*,*,#2813,.T.);
#2979 = ORIENTED_EDGE('',*,*,#2980,.T.);
#2980 = EDGE_CURVE('',#2806,#1353,#2981,.T.);
#2981 = LINE('',#2982,#2983);
#2982 = CARTESIAN_POINT('',(-43.75,15.32,-51.1));
#2983 = VECTOR('',#2984,1.);
#2984 = DIRECTION('',(0.,0.,1.));
#2985 = PLANE('',#2986);
#2986 = AXIS2_PLACEMENT_3D('',#2987,#2988,#2989);
#2987 = CARTESIAN_POINT('',(-43.75,15.32,-50.1));
#2988 = DIRECTION('',(0.,1.,0.));
#2989 = DIRECTION('',(0.,-0.,1.));
#2990 = ADVANCED_FACE('',(#2991),#3039,.T.);
#2991 = FACE_BOUND('',#2992,.T.);
#2992 = EDGE_LOOP('',(#2993,#2994,#3002,#3010,#3018,#3026,#3032,#3033));
#2993 = ORIENTED_EDGE('',*,*,#2558,.T.);
#2994 = ORIENTED_EDGE('',*,*,#2995,.T.);
#2995 = EDGE_CURVE('',#2550,#2996,#2998,.T.);
#2996 = VERTEX_POINT('',#2997);
#2997 = CARTESIAN_POINT('',(24.21,15.32,-49.67));
#2998 = LINE('',#2999,#3000);
#2999 = CARTESIAN_POINT('',(24.21,15.32,-49.67));
#3000 = VECTOR('',#3001,1.);
#3001 = DIRECTION('',(-0.,0.,1.));
#3002 = ORIENTED_EDGE('',*,*,#3003,.T.);
#3003 = EDGE_CURVE('',#2996,#3004,#3006,.T.);
#3004 = VERTEX_POINT('',#3005);
#3005 = CARTESIAN_POINT('',(35.9,15.32,-49.67));
#3006 = LINE('',#3007,#3008);
#3007 = CARTESIAN_POINT('',(23.81,15.32,-49.67));
#3008 = VECTOR('',#3009,1.);
#3009 = DIRECTION('',(1.,0.,0.));
#3010 = ORIENTED_EDGE('',*,*,#3011,.T.);
#3011 = EDGE_CURVE('',#3004,#3012,#3014,.T.);
#3012 = VERTEX_POINT('',#3013);
#3013 = CARTESIAN_POINT('',(35.9,15.32,-50.7));
#3014 = LINE('',#3015,#3016);
#3015 = CARTESIAN_POINT('',(35.9,15.32,-50.7));
#3016 = VECTOR('',#3017,1.);
#3017 = DIRECTION('',(0.,0.,-1.));
#3018 = ORIENTED_EDGE('',*,*,#3019,.T.);
#3019 = EDGE_CURVE('',#3012,#3020,#3022,.T.);
#3020 = VERTEX_POINT('',#3021);
#3021 = CARTESIAN_POINT('',(37.55,15.32,-50.7));
#3022 = LINE('',#3023,#3024);
#3023 = CARTESIAN_POINT('',(36.3,15.32,-50.7));
#3024 = VECTOR('',#3025,1.);
#3025 = DIRECTION('',(1.,0.,3.558636395694E-14));
#3026 = ORIENTED_EDGE('',*,*,#3027,.T.);
#3027 = EDGE_CURVE('',#3020,#2784,#3028,.T.);
#3028 = LINE('',#3029,#3030);
#3029 = CARTESIAN_POINT('',(37.55,15.32,-51.1));
#3030 = VECTOR('',#3031,1.);
#3031 = DIRECTION('',(-1.734723475977E-14,-0.,-1.));
#3032 = ORIENTED_EDGE('',*,*,#2783,.T.);
#3033 = ORIENTED_EDGE('',*,*,#3034,.F.);
#3034 = EDGE_CURVE('',#2559,#2775,#3035,.T.);
#3035 = LINE('',#3036,#3037);
#3036 = CARTESIAN_POINT('',(20.039799573339,15.32,105.5));
#3037 = VECTOR('',#3038,1.);
#3038 = DIRECTION('',(-0.,-0.,-1.));
#3039 = PLANE('',#3040);
#3040 = AXIS2_PLACEMENT_3D('',#3041,#3042,#3043);
#3041 = CARTESIAN_POINT('',(-43.75,15.32,-50.1));
#3042 = DIRECTION('',(0.,1.,0.));
#3043 = DIRECTION('',(0.,-0.,1.));
#3044 = ADVANCED_FACE('',(#3045),#3168,.F.);
#3045 = FACE_BOUND('',#3046,.T.);
#3046 = EDGE_LOOP('',(#3047,#3048,#3054,#3055,#3064,#3070,#3071,#3079,
    #3087,#3095,#3103,#3112,#3120,#3128,#3136,#3145,#3153,#3161,#3167));
#3047 = ORIENTED_EDGE('',*,*,#1543,.F.);
#3048 = ORIENTED_EDGE('',*,*,#3049,.F.);
#3049 = EDGE_CURVE('',#2935,#1536,#3050,.T.);
#3050 = LINE('',#3051,#3052);
#3051 = CARTESIAN_POINT('',(-36.3,15.32,50.7));
#3052 = VECTOR('',#3053,1.);
#3053 = DIRECTION('',(-0.,-1.,-0.));
#3054 = ORIENTED_EDGE('',*,*,#2934,.F.);
#3055 = ORIENTED_EDGE('',*,*,#3056,.T.);
#3056 = EDGE_CURVE('',#2927,#3057,#3059,.T.);
#3057 = VERTEX_POINT('',#3058);
#3058 = CARTESIAN_POINT('',(-34.86,14.92,50.7));
#3059 = CIRCLE('',#3060,0.4);
#3060 = AXIS2_PLACEMENT_3D('',#3061,#3062,#3063);
#3061 = CARTESIAN_POINT('',(-34.46,14.92,50.7));
#3062 = DIRECTION('',(2.759003540321E-16,-0.,1.));
#3063 = DIRECTION('',(1.,0.,-2.759003540321E-16));
#3064 = ORIENTED_EDGE('',*,*,#3065,.F.);
#3065 = EDGE_CURVE('',#838,#3057,#3066,.T.);
#3066 = LINE('',#3067,#3068);
#3067 = CARTESIAN_POINT('',(-34.86,5.55,50.7));
#3068 = VECTOR('',#3069,1.);
#3069 = DIRECTION('',(-0.,1.,0.));
#3070 = ORIENTED_EDGE('',*,*,#837,.F.);
#3071 = ORIENTED_EDGE('',*,*,#3072,.T.);
#3072 = EDGE_CURVE('',#830,#3073,#3075,.T.);
#3073 = VERTEX_POINT('',#3074);
#3074 = CARTESIAN_POINT('',(-36.3,5.55,50.7));
#3075 = LINE('',#3076,#3077);
#3076 = CARTESIAN_POINT('',(-36.3,56.1,50.7));
#3077 = VECTOR('',#3078,1.);
#3078 = DIRECTION('',(-0.,-1.,-0.));
#3079 = ORIENTED_EDGE('',*,*,#3080,.F.);
#3080 = EDGE_CURVE('',#3081,#3073,#3083,.T.);
#3081 = VERTEX_POINT('',#3082);
#3082 = CARTESIAN_POINT('',(-18.15,5.55,50.7));
#3083 = LINE('',#3084,#3085);
#3084 = CARTESIAN_POINT('',(5.545888029625,5.55,50.7));
#3085 = VECTOR('',#3086,1.);
#3086 = DIRECTION('',(-1.,0.,2.759003540321E-16));
#3087 = ORIENTED_EDGE('',*,*,#3088,.T.);
#3088 = EDGE_CURVE('',#3081,#3089,#3091,.T.);
#3089 = VERTEX_POINT('',#3090);
#3090 = CARTESIAN_POINT('',(-18.15,0.,50.7));
#3091 = LINE('',#3092,#3093);
#3092 = CARTESIAN_POINT('',(-18.15,5.55,50.7));
#3093 = VECTOR('',#3094,1.);
#3094 = DIRECTION('',(-0.,-1.,-0.));
#3095 = ORIENTED_EDGE('',*,*,#3096,.T.);
#3096 = EDGE_CURVE('',#3089,#3097,#3099,.T.);
#3097 = VERTEX_POINT('',#3098);
#3098 = CARTESIAN_POINT('',(-37.48997487421,0.,50.7));
#3099 = LINE('',#3100,#3101);
#3100 = CARTESIAN_POINT('',(5.545888029625,0.,50.7));
#3101 = VECTOR('',#3102,1.);
#3102 = DIRECTION('',(-1.,0.,2.759003540321E-16));
#3103 = ORIENTED_EDGE('',*,*,#3104,.F.);
#3104 = EDGE_CURVE('',#3105,#3097,#3107,.T.);
#3105 = VERTEX_POINT('',#3106);
#3106 = CARTESIAN_POINT('',(-36.68997487421,0.8,50.7));
#3107 = CIRCLE('',#3108,0.8);
#3108 = AXIS2_PLACEMENT_3D('',#3109,#3110,#3111);
#3109 = CARTESIAN_POINT('',(-37.48997487421,0.8,50.7));
#3110 = DIRECTION('',(0.,0.,-1.));
#3111 = DIRECTION('',(1.,0.,0.));
#3112 = ORIENTED_EDGE('',*,*,#3113,.F.);
#3113 = EDGE_CURVE('',#3114,#3105,#3116,.T.);
#3114 = VERTEX_POINT('',#3115);
#3115 = CARTESIAN_POINT('',(-36.68997487421,1.88,50.7));
#3116 = LINE('',#3117,#3118);
#3117 = CARTESIAN_POINT('',(-36.68997487421,0.8,50.7));
#3118 = VECTOR('',#3119,1.);
#3119 = DIRECTION('',(-0.,-1.,-0.));
#3120 = ORIENTED_EDGE('',*,*,#3121,.F.);
#3121 = EDGE_CURVE('',#3122,#3114,#3124,.T.);
#3122 = VERTEX_POINT('',#3123);
#3123 = CARTESIAN_POINT('',(-43.63997487421,1.88,50.7));
#3124 = LINE('',#3125,#3126);
#3125 = CARTESIAN_POINT('',(-43.63997487421,1.88,50.7));
#3126 = VECTOR('',#3127,1.);
#3127 = DIRECTION('',(1.,-1.248002500703E-16,0.));
#3128 = ORIENTED_EDGE('',*,*,#3129,.F.);
#3129 = EDGE_CURVE('',#3130,#3122,#3132,.T.);
#3130 = VERTEX_POINT('',#3131);
#3131 = CARTESIAN_POINT('',(-43.63997487421,0.8,50.7));
#3132 = LINE('',#3133,#3134);
#3133 = CARTESIAN_POINT('',(-43.63997487421,0.8,50.7));
#3134 = VECTOR('',#3135,1.);
#3135 = DIRECTION('',(0.,1.,0.));
#3136 = ORIENTED_EDGE('',*,*,#3137,.F.);
#3137 = EDGE_CURVE('',#3138,#3130,#3140,.T.);
#3138 = VERTEX_POINT('',#3139);
#3139 = CARTESIAN_POINT('',(-42.83997487421,0.,50.7));
#3140 = CIRCLE('',#3141,0.8);
#3141 = AXIS2_PLACEMENT_3D('',#3142,#3143,#3144);
#3142 = CARTESIAN_POINT('',(-42.83997487421,0.8,50.7));
#3143 = DIRECTION('',(0.,0.,-1.));
#3144 = DIRECTION('',(-1.,0.,0.));
#3145 = ORIENTED_EDGE('',*,*,#3146,.T.);
#3146 = EDGE_CURVE('',#3138,#3147,#3149,.T.);
#3147 = VERTEX_POINT('',#3148);
#3148 = CARTESIAN_POINT('',(-45.28997487421,0.,50.7));
#3149 = LINE('',#3150,#3151);
#3150 = CARTESIAN_POINT('',(5.545888029625,0.,50.7));
#3151 = VECTOR('',#3152,1.);
#3152 = DIRECTION('',(-1.,0.,2.759003540321E-16));
#3153 = ORIENTED_EDGE('',*,*,#3154,.F.);
#3154 = EDGE_CURVE('',#3155,#3147,#3157,.T.);
#3155 = VERTEX_POINT('',#3156);
#3156 = CARTESIAN_POINT('',(-45.28997487421,5.55,50.7));
#3157 = LINE('',#3158,#3159);
#3158 = CARTESIAN_POINT('',(-45.28997487421,5.55,50.7));
#3159 = VECTOR('',#3160,1.);
#3160 = DIRECTION('',(-0.,-1.,-0.));
#3161 = ORIENTED_EDGE('',*,*,#3162,.F.);
#3162 = EDGE_CURVE('',#1401,#3155,#3163,.T.);
#3163 = LINE('',#3164,#3165);
#3164 = CARTESIAN_POINT('',(5.545888029625,5.55,50.7));
#3165 = VECTOR('',#3166,1.);
#3166 = DIRECTION('',(-1.,0.,2.759003540321E-16));
#3167 = ORIENTED_EDGE('',*,*,#1400,.F.);
#3168 = PLANE('',#3169);
#3169 = AXIS2_PLACEMENT_3D('',#3170,#3171,#3172);
#3170 = CARTESIAN_POINT('',(5.545888029625,5.55,50.7));
#3171 = DIRECTION('',(2.759003540321E-16,-0.,1.));
#3172 = DIRECTION('',(1.,0.,-2.759003540321E-16));
#3173 = ADVANCED_FACE('',(#3174),#3290,.F.);
#3174 = FACE_BOUND('',#3175,.T.);
#3175 = EDGE_LOOP('',(#3176,#3177,#3183,#3184,#3193,#3201,#3209,#3217,
    #3225,#3234,#3242,#3250,#3258,#3267,#3275,#3283,#3289));
#3176 = ORIENTED_EDGE('',*,*,#1961,.F.);
#3177 = ORIENTED_EDGE('',*,*,#3178,.F.);
#3178 = EDGE_CURVE('',#3020,#1954,#3179,.T.);
#3179 = LINE('',#3180,#3181);
#3180 = CARTESIAN_POINT('',(37.55,15.32,-50.7));
#3181 = VECTOR('',#3182,1.);
#3182 = DIRECTION('',(-0.,-1.,-0.));
#3183 = ORIENTED_EDGE('',*,*,#3019,.F.);
#3184 = ORIENTED_EDGE('',*,*,#3185,.T.);
#3185 = EDGE_CURVE('',#3012,#3186,#3188,.T.);
#3186 = VERTEX_POINT('',#3187);
#3187 = CARTESIAN_POINT('',(36.3,14.92,-50.7));
#3188 = CIRCLE('',#3189,0.4);
#3189 = AXIS2_PLACEMENT_3D('',#3190,#3191,#3192);
#3190 = CARTESIAN_POINT('',(35.9,14.92,-50.7));
#3191 = DIRECTION('',(-2.759003540321E-16,0.,-1.));
#3192 = DIRECTION('',(-1.,0.,2.759003540321E-16));
#3193 = ORIENTED_EDGE('',*,*,#3194,.T.);
#3194 = EDGE_CURVE('',#3186,#3195,#3197,.T.);
#3195 = VERTEX_POINT('',#3196);
#3196 = CARTESIAN_POINT('',(36.3,5.55,-50.7));
#3197 = LINE('',#3198,#3199);
#3198 = CARTESIAN_POINT('',(36.3,56.1,-50.7));
#3199 = VECTOR('',#3200,1.);
#3200 = DIRECTION('',(-0.,-1.,-0.));
#3201 = ORIENTED_EDGE('',*,*,#3202,.F.);
#3202 = EDGE_CURVE('',#3203,#3195,#3205,.T.);
#3203 = VERTEX_POINT('',#3204);
#3204 = CARTESIAN_POINT('',(18.15,5.55,-50.7));
#3205 = LINE('',#3206,#3207);
#3206 = CARTESIAN_POINT('',(5.545888029625,5.55,-50.7));
#3207 = VECTOR('',#3208,1.);
#3208 = DIRECTION('',(1.,0.,-2.759003540321E-16));
#3209 = ORIENTED_EDGE('',*,*,#3210,.T.);
#3210 = EDGE_CURVE('',#3203,#3211,#3213,.T.);
#3211 = VERTEX_POINT('',#3212);
#3212 = CARTESIAN_POINT('',(18.15,0.,-50.7));
#3213 = LINE('',#3214,#3215);
#3214 = CARTESIAN_POINT('',(18.15,5.55,-50.7));
#3215 = VECTOR('',#3216,1.);
#3216 = DIRECTION('',(-0.,-1.,-0.));
#3217 = ORIENTED_EDGE('',*,*,#3218,.T.);
#3218 = EDGE_CURVE('',#3211,#3219,#3221,.T.);
#3219 = VERTEX_POINT('',#3220);
#3220 = CARTESIAN_POINT('',(37.489974874213,0.,-50.7));
#3221 = LINE('',#3222,#3223);
#3222 = CARTESIAN_POINT('',(5.545888029625,0.,-50.7));
#3223 = VECTOR('',#3224,1.);
#3224 = DIRECTION('',(1.,0.,-2.759003540321E-16));
#3225 = ORIENTED_EDGE('',*,*,#3226,.F.);
#3226 = EDGE_CURVE('',#3227,#3219,#3229,.T.);
#3227 = VERTEX_POINT('',#3228);
#3228 = CARTESIAN_POINT('',(36.689974874213,0.8,-50.7));
#3229 = CIRCLE('',#3230,0.8);
#3230 = AXIS2_PLACEMENT_3D('',#3231,#3232,#3233);
#3231 = CARTESIAN_POINT('',(37.489974874213,0.8,-50.7));
#3232 = DIRECTION('',(0.,0.,1.));
#3233 = DIRECTION('',(-1.,0.,0.));
#3234 = ORIENTED_EDGE('',*,*,#3235,.F.);
#3235 = EDGE_CURVE('',#3236,#3227,#3238,.T.);
#3236 = VERTEX_POINT('',#3237);
#3237 = CARTESIAN_POINT('',(36.689974874213,1.8,-50.7));
#3238 = LINE('',#3239,#3240);
#3239 = CARTESIAN_POINT('',(36.689974874213,0.8,-50.7));
#3240 = VECTOR('',#3241,1.);
#3241 = DIRECTION('',(6.938893903907E-15,-1.,-0.));
#3242 = ORIENTED_EDGE('',*,*,#3243,.F.);
#3243 = EDGE_CURVE('',#3244,#3236,#3246,.T.);
#3244 = VERTEX_POINT('',#3245);
#3245 = CARTESIAN_POINT('',(43.689974874213,1.8,-50.7));
#3246 = LINE('',#3247,#3248);
#3247 = CARTESIAN_POINT('',(43.689974874213,1.8,-50.7));
#3248 = VECTOR('',#3249,1.);
#3249 = DIRECTION('',(-1.,-1.239088197126E-16,0.));
#3250 = ORIENTED_EDGE('',*,*,#3251,.F.);
#3251 = EDGE_CURVE('',#3252,#3244,#3254,.T.);
#3252 = VERTEX_POINT('',#3253);
#3253 = CARTESIAN_POINT('',(43.689974874213,0.8,-50.7));
#3254 = LINE('',#3255,#3256);
#3255 = CARTESIAN_POINT('',(43.689974874213,0.8,-50.7));
#3256 = VECTOR('',#3257,1.);
#3257 = DIRECTION('',(0.,1.,0.));
#3258 = ORIENTED_EDGE('',*,*,#3259,.F.);
#3259 = EDGE_CURVE('',#3260,#3252,#3262,.T.);
#3260 = VERTEX_POINT('',#3261);
#3261 = CARTESIAN_POINT('',(42.889974874213,0.,-50.7));
#3262 = CIRCLE('',#3263,0.8);
#3263 = AXIS2_PLACEMENT_3D('',#3264,#3265,#3266);
#3264 = CARTESIAN_POINT('',(42.889974874213,0.8,-50.7));
#3265 = DIRECTION('',(0.,0.,1.));
#3266 = DIRECTION('',(1.,0.,-0.));
#3267 = ORIENTED_EDGE('',*,*,#3268,.T.);
#3268 = EDGE_CURVE('',#3260,#3269,#3271,.T.);
#3269 = VERTEX_POINT('',#3270);
#3270 = CARTESIAN_POINT('',(45.289974874213,0.,-50.7));
#3271 = LINE('',#3272,#3273);
#3272 = CARTESIAN_POINT('',(5.545888029625,0.,-50.7));
#3273 = VECTOR('',#3274,1.);
#3274 = DIRECTION('',(1.,0.,-2.759003540321E-16));
#3275 = ORIENTED_EDGE('',*,*,#3276,.F.);
#3276 = EDGE_CURVE('',#3277,#3269,#3279,.T.);
#3277 = VERTEX_POINT('',#3278);
#3278 = CARTESIAN_POINT('',(45.289974874213,5.55,-50.7));
#3279 = LINE('',#3280,#3281);
#3280 = CARTESIAN_POINT('',(45.289974874213,5.55,-50.7));
#3281 = VECTOR('',#3282,1.);
#3282 = DIRECTION('',(-0.,-1.,-0.));
#3283 = ORIENTED_EDGE('',*,*,#3284,.F.);
#3284 = EDGE_CURVE('',#1819,#3277,#3285,.T.);
#3285 = LINE('',#3286,#3287);
#3286 = CARTESIAN_POINT('',(5.545888029625,5.55,-50.7));
#3287 = VECTOR('',#3288,1.);
#3288 = DIRECTION('',(1.,0.,-2.759003540321E-16));
#3289 = ORIENTED_EDGE('',*,*,#1818,.F.);
#3290 = PLANE('',#3291);
#3291 = AXIS2_PLACEMENT_3D('',#3292,#3293,#3294);
#3292 = CARTESIAN_POINT('',(5.545888029625,5.55,-50.7));
#3293 = DIRECTION('',(-2.759003540321E-16,0.,-1.));
#3294 = DIRECTION('',(-1.,0.,2.759003540321E-16));
#3295 = ADVANCED_FACE('',(#3296),#3330,.F.);
#3296 = FACE_BOUND('',#3297,.T.);
#3297 = EDGE_LOOP('',(#3298,#3308,#3316,#3324));
#3298 = ORIENTED_EDGE('',*,*,#3299,.F.);
#3299 = EDGE_CURVE('',#3300,#3302,#3304,.T.);
#3300 = VERTEX_POINT('',#3301);
#3301 = CARTESIAN_POINT('',(15.2,1.87,-15.));
#3302 = VERTEX_POINT('',#3303);
#3303 = CARTESIAN_POINT('',(15.2,0.,-15.));
#3304 = LINE('',#3305,#3306);
#3305 = CARTESIAN_POINT('',(15.2,5.55,-15.));
#3306 = VECTOR('',#3307,1.);
#3307 = DIRECTION('',(-0.,-1.,-0.));
#3308 = ORIENTED_EDGE('',*,*,#3309,.T.);
#3309 = EDGE_CURVE('',#3300,#3310,#3312,.T.);
#3310 = VERTEX_POINT('',#3311);
#3311 = CARTESIAN_POINT('',(15.2,1.87,-26.7));
#3312 = LINE('',#3313,#3314);
#3313 = CARTESIAN_POINT('',(15.2,1.87,-26.7));
#3314 = VECTOR('',#3315,1.);
#3315 = DIRECTION('',(-1.482669637587E-16,-0.,-1.));
#3316 = ORIENTED_EDGE('',*,*,#3317,.T.);
#3317 = EDGE_CURVE('',#3310,#3318,#3320,.T.);
#3318 = VERTEX_POINT('',#3319);
#3319 = CARTESIAN_POINT('',(15.2,0.,-26.7));
#3320 = LINE('',#3321,#3322);
#3321 = CARTESIAN_POINT('',(15.2,5.55,-26.7));
#3322 = VECTOR('',#3323,1.);
#3323 = DIRECTION('',(-0.,-1.,-0.));
#3324 = ORIENTED_EDGE('',*,*,#3325,.T.);
#3325 = EDGE_CURVE('',#3318,#3302,#3326,.T.);
#3326 = LINE('',#3327,#3328);
#3327 = CARTESIAN_POINT('',(15.2,0.,-129.32495272));
#3328 = VECTOR('',#3329,1.);
#3329 = DIRECTION('',(1.482669637587E-16,0.,1.));
#3330 = PLANE('',#3331);
#3331 = AXIS2_PLACEMENT_3D('',#3332,#3333,#3334);
#3332 = CARTESIAN_POINT('',(15.2,5.55,-129.32495272));
#3333 = DIRECTION('',(1.,0.,-1.482669637587E-16));
#3334 = DIRECTION('',(-1.482669637587E-16,0.,-1.));
#3335 = ADVANCED_FACE('',(#3336),#3370,.T.);
#3336 = FACE_BOUND('',#3337,.T.);
#3337 = EDGE_LOOP('',(#3338,#3348,#3356,#3364));
#3338 = ORIENTED_EDGE('',*,*,#3339,.F.);
#3339 = EDGE_CURVE('',#3340,#3342,#3344,.T.);
#3340 = VERTEX_POINT('',#3341);
#3341 = CARTESIAN_POINT('',(15.2,1.87,26.7));
#3342 = VERTEX_POINT('',#3343);
#3343 = CARTESIAN_POINT('',(15.2,0.,26.7));
#3344 = LINE('',#3345,#3346);
#3345 = CARTESIAN_POINT('',(15.2,5.55,26.7));
#3346 = VECTOR('',#3347,1.);
#3347 = DIRECTION('',(-0.,-1.,-0.));
#3348 = ORIENTED_EDGE('',*,*,#3349,.T.);
#3349 = EDGE_CURVE('',#3340,#3350,#3352,.T.);
#3350 = VERTEX_POINT('',#3351);
#3351 = CARTESIAN_POINT('',(15.2,1.87,15.));
#3352 = LINE('',#3353,#3354);
#3353 = CARTESIAN_POINT('',(15.2,1.87,-129.32495272));
#3354 = VECTOR('',#3355,1.);
#3355 = DIRECTION('',(1.482669637587E-16,0.,-1.));
#3356 = ORIENTED_EDGE('',*,*,#3357,.T.);
#3357 = EDGE_CURVE('',#3350,#3358,#3360,.T.);
#3358 = VERTEX_POINT('',#3359);
#3359 = CARTESIAN_POINT('',(15.2,0.,15.));
#3360 = LINE('',#3361,#3362);
#3361 = CARTESIAN_POINT('',(15.2,5.55,15.));
#3362 = VECTOR('',#3363,1.);
#3363 = DIRECTION('',(-0.,-1.,-0.));
#3364 = ORIENTED_EDGE('',*,*,#3365,.F.);
#3365 = EDGE_CURVE('',#3342,#3358,#3366,.T.);
#3366 = LINE('',#3367,#3368);
#3367 = CARTESIAN_POINT('',(15.2,0.,-129.32495272));
#3368 = VECTOR('',#3369,1.);
#3369 = DIRECTION('',(1.482669637587E-16,0.,-1.));
#3370 = PLANE('',#3371);
#3371 = AXIS2_PLACEMENT_3D('',#3372,#3373,#3374);
#3372 = CARTESIAN_POINT('',(15.2,5.55,-129.32495272));
#3373 = DIRECTION('',(-1.,0.,-1.482669637587E-16));
#3374 = DIRECTION('',(-1.482669637587E-16,0.,1.));
#3375 = ADVANCED_FACE('',(#3376),#3491,.T.);
#3376 = FACE_BOUND('',#3377,.T.);
#3377 = EDGE_LOOP('',(#3378,#3386,#3387,#3395,#3403,#3409,#3410,#3411,
    #3419,#3427,#3435,#3444,#3452,#3460,#3468,#3477,#3485));
#3378 = ORIENTED_EDGE('',*,*,#3379,.F.);
#3379 = EDGE_CURVE('',#1096,#3380,#3382,.T.);
#3380 = VERTEX_POINT('',#3381);
#3381 = CARTESIAN_POINT('',(36.3,5.55,-41.27));
#3382 = LINE('',#3383,#3384);
#3383 = CARTESIAN_POINT('',(36.3,56.1,-41.27));
#3384 = VECTOR('',#3385,1.);
#3385 = DIRECTION('',(-0.,-1.,-0.));
#3386 = ORIENTED_EDGE('',*,*,#1095,.T.);
#3387 = ORIENTED_EDGE('',*,*,#3388,.F.);
#3388 = EDGE_CURVE('',#3389,#1088,#3391,.T.);
#3389 = VERTEX_POINT('',#3390);
#3390 = CARTESIAN_POINT('',(42.85,13.42,-41.27));
#3391 = LINE('',#3392,#3393);
#3392 = CARTESIAN_POINT('',(42.85,13.42,-41.27));
#3393 = VECTOR('',#3394,1.);
#3394 = DIRECTION('',(-0.,-1.,-0.));
#3395 = ORIENTED_EDGE('',*,*,#3396,.F.);
#3396 = EDGE_CURVE('',#3397,#3389,#3399,.T.);
#3397 = VERTEX_POINT('',#3398);
#3398 = CARTESIAN_POINT('',(43.75,13.42,-41.27));
#3399 = LINE('',#3400,#3401);
#3400 = CARTESIAN_POINT('',(42.85,13.42,-41.27));
#3401 = VECTOR('',#3402,1.);
#3402 = DIRECTION('',(-1.,-0.,-0.));
#3403 = ORIENTED_EDGE('',*,*,#3404,.T.);
#3404 = EDGE_CURVE('',#3397,#1864,#3405,.T.);
#3405 = LINE('',#3406,#3407);
#3406 = CARTESIAN_POINT('',(43.75,13.42,-41.27));
#3407 = VECTOR('',#3408,1.);
#3408 = DIRECTION('',(-0.,-1.,-0.));
#3409 = ORIENTED_EDGE('',*,*,#1863,.T.);
#3410 = ORIENTED_EDGE('',*,*,#1800,.T.);
#3411 = ORIENTED_EDGE('',*,*,#3412,.T.);
#3412 = EDGE_CURVE('',#1803,#3413,#3415,.T.);
#3413 = VERTEX_POINT('',#3414);
#3414 = CARTESIAN_POINT('',(45.3,5.55,-41.27));
#3415 = LINE('',#3416,#3417);
#3416 = CARTESIAN_POINT('',(5.545888029625,5.55,-41.27));
#3417 = VECTOR('',#3418,1.);
#3418 = DIRECTION('',(1.,0.,0.));
#3419 = ORIENTED_EDGE('',*,*,#3420,.T.);
#3420 = EDGE_CURVE('',#3413,#3421,#3423,.T.);
#3421 = VERTEX_POINT('',#3422);
#3422 = CARTESIAN_POINT('',(45.3,0.,-41.27));
#3423 = LINE('',#3424,#3425);
#3424 = CARTESIAN_POINT('',(45.3,5.55,-41.27));
#3425 = VECTOR('',#3426,1.);
#3426 = DIRECTION('',(-0.,-1.,-0.));
#3427 = ORIENTED_EDGE('',*,*,#3428,.F.);
#3428 = EDGE_CURVE('',#3429,#3421,#3431,.T.);
#3429 = VERTEX_POINT('',#3430);
#3430 = CARTESIAN_POINT('',(42.889974874213,-9.75781955237E-16,-41.27));
#3431 = LINE('',#3432,#3433);
#3432 = CARTESIAN_POINT('',(5.545888029625,0.,-41.27));
#3433 = VECTOR('',#3434,1.);
#3434 = DIRECTION('',(1.,0.,0.));
#3435 = ORIENTED_EDGE('',*,*,#3436,.T.);
#3436 = EDGE_CURVE('',#3429,#3437,#3439,.T.);
#3437 = VERTEX_POINT('',#3438);
#3438 = CARTESIAN_POINT('',(43.689974874213,0.8,-41.27));
#3439 = CIRCLE('',#3440,0.8);
#3440 = AXIS2_PLACEMENT_3D('',#3441,#3442,#3443);
#3441 = CARTESIAN_POINT('',(42.889974874213,0.8,-41.27));
#3442 = DIRECTION('',(0.,-0.,1.));
#3443 = DIRECTION('',(-1.,0.,0.));
#3444 = ORIENTED_EDGE('',*,*,#3445,.T.);
#3445 = EDGE_CURVE('',#3437,#3446,#3448,.T.);
#3446 = VERTEX_POINT('',#3447);
#3447 = CARTESIAN_POINT('',(43.689974874213,1.8,-41.27));
#3448 = LINE('',#3449,#3450);
#3449 = CARTESIAN_POINT('',(43.689974874213,5.55,-41.27));
#3450 = VECTOR('',#3451,1.);
#3451 = DIRECTION('',(0.,1.,0.));
#3452 = ORIENTED_EDGE('',*,*,#3453,.T.);
#3453 = EDGE_CURVE('',#3446,#3454,#3456,.T.);
#3454 = VERTEX_POINT('',#3455);
#3455 = CARTESIAN_POINT('',(36.689974874213,1.8,-41.27));
#3456 = LINE('',#3457,#3458);
#3457 = CARTESIAN_POINT('',(5.545888029625,1.8,-41.27));
#3458 = VECTOR('',#3459,1.);
#3459 = DIRECTION('',(-1.,-1.239088197126E-16,0.));
#3460 = ORIENTED_EDGE('',*,*,#3461,.T.);
#3461 = EDGE_CURVE('',#3454,#3462,#3464,.T.);
#3462 = VERTEX_POINT('',#3463);
#3463 = CARTESIAN_POINT('',(36.689974874213,0.8,-41.27));
#3464 = LINE('',#3465,#3466);
#3465 = CARTESIAN_POINT('',(36.689974874213,5.55,-41.27));
#3466 = VECTOR('',#3467,1.);
#3467 = DIRECTION('',(6.938893903907E-15,-1.,0.));
#3468 = ORIENTED_EDGE('',*,*,#3469,.T.);
#3469 = EDGE_CURVE('',#3462,#3470,#3472,.T.);
#3470 = VERTEX_POINT('',#3471);
#3471 = CARTESIAN_POINT('',(37.489974874213,-6.505213034913E-16,-41.27)
  );
#3472 = CIRCLE('',#3473,0.8);
#3473 = AXIS2_PLACEMENT_3D('',#3474,#3475,#3476);
#3474 = CARTESIAN_POINT('',(37.489974874213,0.8,-41.27));
#3475 = DIRECTION('',(0.,-0.,1.));
#3476 = DIRECTION('',(-1.,0.,0.));
#3477 = ORIENTED_EDGE('',*,*,#3478,.F.);
#3478 = EDGE_CURVE('',#3479,#3470,#3481,.T.);
#3479 = VERTEX_POINT('',#3480);
#3480 = CARTESIAN_POINT('',(36.3,0.,-41.27));
#3481 = LINE('',#3482,#3483);
#3482 = CARTESIAN_POINT('',(5.545888029625,0.,-41.27));
#3483 = VECTOR('',#3484,1.);
#3484 = DIRECTION('',(1.,0.,0.));
#3485 = ORIENTED_EDGE('',*,*,#3486,.F.);
#3486 = EDGE_CURVE('',#3380,#3479,#3487,.T.);
#3487 = LINE('',#3488,#3489);
#3488 = CARTESIAN_POINT('',(36.3,5.55,-41.27));
#3489 = VECTOR('',#3490,1.);
#3490 = DIRECTION('',(-0.,-1.,-0.));
#3491 = PLANE('',#3492);
#3492 = AXIS2_PLACEMENT_3D('',#3493,#3494,#3495);
#3493 = CARTESIAN_POINT('',(5.545888029625,5.55,-41.27));
#3494 = DIRECTION('',(0.,0.,-1.));
#3495 = DIRECTION('',(-1.,0.,-0.));
#3496 = ADVANCED_FACE('',(#3497),#3612,.F.);
#3497 = FACE_BOUND('',#3498,.T.);
#3498 = EDGE_LOOP('',(#3499,#3500,#3508,#3516,#3522,#3523,#3524,#3532,
    #3540,#3548,#3557,#3565,#3573,#3581,#3590,#3598,#3606));
#3499 = ORIENTED_EDGE('',*,*,#789,.F.);
#3500 = ORIENTED_EDGE('',*,*,#3501,.F.);
#3501 = EDGE_CURVE('',#3502,#782,#3504,.T.);
#3502 = VERTEX_POINT('',#3503);
#3503 = CARTESIAN_POINT('',(-42.85,13.42,41.27));
#3504 = LINE('',#3505,#3506);
#3505 = CARTESIAN_POINT('',(-42.85,13.42,41.27));
#3506 = VECTOR('',#3507,1.);
#3507 = DIRECTION('',(-0.,-1.,-0.));
#3508 = ORIENTED_EDGE('',*,*,#3509,.F.);
#3509 = EDGE_CURVE('',#3510,#3502,#3512,.T.);
#3510 = VERTEX_POINT('',#3511);
#3511 = CARTESIAN_POINT('',(-43.75,13.42,41.27));
#3512 = LINE('',#3513,#3514);
#3513 = CARTESIAN_POINT('',(-43.75,13.42,41.27));
#3514 = VECTOR('',#3515,1.);
#3515 = DIRECTION('',(1.,0.,0.));
#3516 = ORIENTED_EDGE('',*,*,#3517,.T.);
#3517 = EDGE_CURVE('',#3510,#1446,#3518,.T.);
#3518 = LINE('',#3519,#3520);
#3519 = CARTESIAN_POINT('',(-43.75,13.42,41.27));
#3520 = VECTOR('',#3521,1.);
#3521 = DIRECTION('',(-0.,-1.,-0.));
#3522 = ORIENTED_EDGE('',*,*,#1445,.T.);
#3523 = ORIENTED_EDGE('',*,*,#1382,.T.);
#3524 = ORIENTED_EDGE('',*,*,#3525,.F.);
#3525 = EDGE_CURVE('',#3526,#1385,#3528,.T.);
#3526 = VERTEX_POINT('',#3527);
#3527 = CARTESIAN_POINT('',(-45.3,5.55,41.27));
#3528 = LINE('',#3529,#3530);
#3529 = CARTESIAN_POINT('',(5.545888029624,5.55,41.27));
#3530 = VECTOR('',#3531,1.);
#3531 = DIRECTION('',(1.,0.,1.738211316348E-15));
#3532 = ORIENTED_EDGE('',*,*,#3533,.T.);
#3533 = EDGE_CURVE('',#3526,#3534,#3536,.T.);
#3534 = VERTEX_POINT('',#3535);
#3535 = CARTESIAN_POINT('',(-45.3,0.,41.27));
#3536 = LINE('',#3537,#3538);
#3537 = CARTESIAN_POINT('',(-45.3,5.55,41.27));
#3538 = VECTOR('',#3539,1.);
#3539 = DIRECTION('',(-0.,-1.,-0.));
#3540 = ORIENTED_EDGE('',*,*,#3541,.T.);
#3541 = EDGE_CURVE('',#3534,#3542,#3544,.T.);
#3542 = VERTEX_POINT('',#3543);
#3543 = CARTESIAN_POINT('',(-42.83997487421,0.,41.27));
#3544 = LINE('',#3545,#3546);
#3545 = CARTESIAN_POINT('',(5.545888029624,0.,41.27));
#3546 = VECTOR('',#3547,1.);
#3547 = DIRECTION('',(1.,0.,1.738211316348E-15));
#3548 = ORIENTED_EDGE('',*,*,#3549,.F.);
#3549 = EDGE_CURVE('',#3550,#3542,#3552,.T.);
#3550 = VERTEX_POINT('',#3551);
#3551 = CARTESIAN_POINT('',(-43.63997487421,0.8,41.27));
#3552 = CIRCLE('',#3553,0.8);
#3553 = AXIS2_PLACEMENT_3D('',#3554,#3555,#3556);
#3554 = CARTESIAN_POINT('',(-42.83997487421,0.8,41.27));
#3555 = DIRECTION('',(-1.738211316348E-15,0.,1.));
#3556 = DIRECTION('',(-1.,-9.486769009248E-16,-1.738211316348E-15));
#3557 = ORIENTED_EDGE('',*,*,#3558,.F.);
#3558 = EDGE_CURVE('',#3559,#3550,#3561,.T.);
#3559 = VERTEX_POINT('',#3560);
#3560 = CARTESIAN_POINT('',(-43.63997487421,1.88,41.27));
#3561 = LINE('',#3562,#3563);
#3562 = CARTESIAN_POINT('',(-43.63997487421,5.55,41.27));
#3563 = VECTOR('',#3564,1.);
#3564 = DIRECTION('',(0.,-1.,0.));
#3565 = ORIENTED_EDGE('',*,*,#3566,.F.);
#3566 = EDGE_CURVE('',#3567,#3559,#3569,.T.);
#3567 = VERTEX_POINT('',#3568);
#3568 = CARTESIAN_POINT('',(-36.68997487421,1.88,41.27));
#3569 = LINE('',#3570,#3571);
#3570 = CARTESIAN_POINT('',(5.545888029624,1.88,41.27));
#3571 = VECTOR('',#3572,1.);
#3572 = DIRECTION('',(-1.,1.248002500703E-16,-1.738211316348E-15));
#3573 = ORIENTED_EDGE('',*,*,#3574,.F.);
#3574 = EDGE_CURVE('',#3575,#3567,#3577,.T.);
#3575 = VERTEX_POINT('',#3576);
#3576 = CARTESIAN_POINT('',(-36.68997487421,0.8,41.27));
#3577 = LINE('',#3578,#3579);
#3578 = CARTESIAN_POINT('',(-36.68997487421,5.55,41.27));
#3579 = VECTOR('',#3580,1.);
#3580 = DIRECTION('',(0.,1.,0.));
#3581 = ORIENTED_EDGE('',*,*,#3582,.F.);
#3582 = EDGE_CURVE('',#3583,#3575,#3585,.T.);
#3583 = VERTEX_POINT('',#3584);
#3584 = CARTESIAN_POINT('',(-37.48997487421,0.,41.27));
#3585 = CIRCLE('',#3586,0.8);
#3586 = AXIS2_PLACEMENT_3D('',#3587,#3588,#3589);
#3587 = CARTESIAN_POINT('',(-37.48997487421,0.8,41.27));
#3588 = DIRECTION('',(-1.738211316348E-15,-0.,1.));
#3589 = DIRECTION('',(-1.,0.,-1.738211316348E-15));
#3590 = ORIENTED_EDGE('',*,*,#3591,.T.);
#3591 = EDGE_CURVE('',#3583,#3592,#3594,.T.);
#3592 = VERTEX_POINT('',#3593);
#3593 = CARTESIAN_POINT('',(-36.3,0.,41.27));
#3594 = LINE('',#3595,#3596);
#3595 = CARTESIAN_POINT('',(5.545888029624,0.,41.27));
#3596 = VECTOR('',#3597,1.);
#3597 = DIRECTION('',(1.,0.,1.738211316348E-15));
#3598 = ORIENTED_EDGE('',*,*,#3599,.F.);
#3599 = EDGE_CURVE('',#3600,#3592,#3602,.T.);
#3600 = VERTEX_POINT('',#3601);
#3601 = CARTESIAN_POINT('',(-36.3,5.55,41.27));
#3602 = LINE('',#3603,#3604);
#3603 = CARTESIAN_POINT('',(-36.3,5.55,41.27));
#3604 = VECTOR('',#3605,1.);
#3605 = DIRECTION('',(-0.,-1.,-0.));
#3606 = ORIENTED_EDGE('',*,*,#3607,.F.);
#3607 = EDGE_CURVE('',#790,#3600,#3608,.T.);
#3608 = LINE('',#3609,#3610);
#3609 = CARTESIAN_POINT('',(-36.3,56.1,41.27));
#3610 = VECTOR('',#3611,1.);
#3611 = DIRECTION('',(-0.,-1.,-0.));
#3612 = PLANE('',#3613);
#3613 = AXIS2_PLACEMENT_3D('',#3614,#3615,#3616);
#3614 = CARTESIAN_POINT('',(5.545888029624,5.55,41.27));
#3615 = DIRECTION('',(1.738211316348E-15,0.,-1.));
#3616 = DIRECTION('',(-1.,0.,-1.738211316348E-15));
#3617 = ADVANCED_FACE('',(#3618),#3684,.T.);
#3618 = FACE_BOUND('',#3619,.T.);
#3619 = EDGE_LOOP('',(#3620,#3628,#3629,#3637,#3645,#3653,#3661,#3670,
    #3678));
#3620 = ORIENTED_EDGE('',*,*,#3621,.F.);
#3621 = EDGE_CURVE('',#618,#3622,#3624,.T.);
#3622 = VERTEX_POINT('',#3623);
#3623 = CARTESIAN_POINT('',(-21.68,5.55,-9.995));
#3624 = LINE('',#3625,#3626);
#3625 = CARTESIAN_POINT('',(-21.68,56.1,-9.995));
#3626 = VECTOR('',#3627,1.);
#3627 = DIRECTION('',(-0.,-1.,-0.));
#3628 = ORIENTED_EDGE('',*,*,#643,.T.);
#3629 = ORIENTED_EDGE('',*,*,#3630,.T.);
#3630 = EDGE_CURVE('',#636,#3631,#3633,.T.);
#3631 = VERTEX_POINT('',#3632);
#3632 = CARTESIAN_POINT('',(-33.68,5.55,-9.995));
#3633 = LINE('',#3634,#3635);
#3634 = CARTESIAN_POINT('',(-33.68,56.1,-9.995));
#3635 = VECTOR('',#3636,1.);
#3636 = DIRECTION('',(-0.,-1.,-0.));
#3637 = ORIENTED_EDGE('',*,*,#3638,.T.);
#3638 = EDGE_CURVE('',#3631,#3639,#3641,.T.);
#3639 = VERTEX_POINT('',#3640);
#3640 = CARTESIAN_POINT('',(-45.3,5.55,-9.995));
#3641 = LINE('',#3642,#3643);
#3642 = CARTESIAN_POINT('',(5.545888029625,5.55,-9.995));
#3643 = VECTOR('',#3644,1.);
#3644 = DIRECTION('',(-1.,0.,0.));
#3645 = ORIENTED_EDGE('',*,*,#3646,.T.);
#3646 = EDGE_CURVE('',#3639,#3647,#3649,.T.);
#3647 = VERTEX_POINT('',#3648);
#3648 = CARTESIAN_POINT('',(-45.3,0.,-9.995));
#3649 = LINE('',#3650,#3651);
#3650 = CARTESIAN_POINT('',(-45.3,5.55,-9.995));
#3651 = VECTOR('',#3652,1.);
#3652 = DIRECTION('',(-0.,-1.,-0.));
#3653 = ORIENTED_EDGE('',*,*,#3654,.F.);
#3654 = EDGE_CURVE('',#3655,#3647,#3657,.T.);
#3655 = VERTEX_POINT('',#3656);
#3656 = CARTESIAN_POINT('',(-20.7,0.,-9.995));
#3657 = LINE('',#3658,#3659);
#3658 = CARTESIAN_POINT('',(5.545888029625,0.,-9.995));
#3659 = VECTOR('',#3660,1.);
#3660 = DIRECTION('',(-1.,0.,0.));
#3661 = ORIENTED_EDGE('',*,*,#3662,.T.);
#3662 = EDGE_CURVE('',#3655,#3663,#3665,.T.);
#3663 = VERTEX_POINT('',#3664);
#3664 = CARTESIAN_POINT('',(-18.2,2.5,-9.995));
#3665 = CIRCLE('',#3666,2.5);
#3666 = AXIS2_PLACEMENT_3D('',#3667,#3668,#3669);
#3667 = CARTESIAN_POINT('',(-20.7,2.5,-9.995));
#3668 = DIRECTION('',(0.,-0.,1.));
#3669 = DIRECTION('',(1.,0.,0.));
#3670 = ORIENTED_EDGE('',*,*,#3671,.F.);
#3671 = EDGE_CURVE('',#3672,#3663,#3674,.T.);
#3672 = VERTEX_POINT('',#3673);
#3673 = CARTESIAN_POINT('',(-18.2,5.55,-9.995));
#3674 = LINE('',#3675,#3676);
#3675 = CARTESIAN_POINT('',(-18.2,5.55,-9.995));
#3676 = VECTOR('',#3677,1.);
#3677 = DIRECTION('',(-0.,-1.,-0.));
#3678 = ORIENTED_EDGE('',*,*,#3679,.T.);
#3679 = EDGE_CURVE('',#3672,#3622,#3680,.T.);
#3680 = LINE('',#3681,#3682);
#3681 = CARTESIAN_POINT('',(5.545888029625,5.55,-9.995));
#3682 = VECTOR('',#3683,1.);
#3683 = DIRECTION('',(-1.,0.,0.));
#3684 = PLANE('',#3685);
#3685 = AXIS2_PLACEMENT_3D('',#3686,#3687,#3688);
#3686 = CARTESIAN_POINT('',(5.545888029625,5.55,-9.995));
#3687 = DIRECTION('',(0.,-0.,1.));
#3688 = DIRECTION('',(1.,0.,0.));
#3689 = ADVANCED_FACE('',(#3690),#3756,.F.);
#3690 = FACE_BOUND('',#3691,.T.);
#3691 = EDGE_LOOP('',(#3692,#3693,#3701,#3709,#3717,#3726,#3734,#3742,
    #3750));
#3692 = ORIENTED_EDGE('',*,*,#651,.F.);
#3693 = ORIENTED_EDGE('',*,*,#3694,.T.);
#3694 = EDGE_CURVE('',#652,#3695,#3697,.T.);
#3695 = VERTEX_POINT('',#3696);
#3696 = CARTESIAN_POINT('',(-21.68,5.55,9.995));
#3697 = LINE('',#3698,#3699);
#3698 = CARTESIAN_POINT('',(-21.68,56.1,9.995));
#3699 = VECTOR('',#3700,1.);
#3700 = DIRECTION('',(-0.,-1.,-0.));
#3701 = ORIENTED_EDGE('',*,*,#3702,.F.);
#3702 = EDGE_CURVE('',#3703,#3695,#3705,.T.);
#3703 = VERTEX_POINT('',#3704);
#3704 = CARTESIAN_POINT('',(-18.2,5.55,9.995));
#3705 = LINE('',#3706,#3707);
#3706 = CARTESIAN_POINT('',(5.545888029625,5.55,9.995));
#3707 = VECTOR('',#3708,1.);
#3708 = DIRECTION('',(-1.,0.,2.560477455316E-16));
#3709 = ORIENTED_EDGE('',*,*,#3710,.T.);
#3710 = EDGE_CURVE('',#3703,#3711,#3713,.T.);
#3711 = VERTEX_POINT('',#3712);
#3712 = CARTESIAN_POINT('',(-18.2,2.5,9.995));
#3713 = LINE('',#3714,#3715);
#3714 = CARTESIAN_POINT('',(-18.2,5.55,9.995));
#3715 = VECTOR('',#3716,1.);
#3716 = DIRECTION('',(-0.,-1.,-0.));
#3717 = ORIENTED_EDGE('',*,*,#3718,.T.);
#3718 = EDGE_CURVE('',#3711,#3719,#3721,.T.);
#3719 = VERTEX_POINT('',#3720);
#3720 = CARTESIAN_POINT('',(-20.7,0.,9.995));
#3721 = CIRCLE('',#3722,2.5);
#3722 = AXIS2_PLACEMENT_3D('',#3723,#3724,#3725);
#3723 = CARTESIAN_POINT('',(-20.7,2.5,9.995));
#3724 = DIRECTION('',(-2.560477455316E-16,0.,-1.));
#3725 = DIRECTION('',(1.,0.,-2.560477455316E-16));
#3726 = ORIENTED_EDGE('',*,*,#3727,.T.);
#3727 = EDGE_CURVE('',#3719,#3728,#3730,.T.);
#3728 = VERTEX_POINT('',#3729);
#3729 = CARTESIAN_POINT('',(-45.3,0.,9.995));
#3730 = LINE('',#3731,#3732);
#3731 = CARTESIAN_POINT('',(5.545888029625,0.,9.995));
#3732 = VECTOR('',#3733,1.);
#3733 = DIRECTION('',(-1.,0.,2.560477455316E-16));
#3734 = ORIENTED_EDGE('',*,*,#3735,.F.);
#3735 = EDGE_CURVE('',#3736,#3728,#3738,.T.);
#3736 = VERTEX_POINT('',#3737);
#3737 = CARTESIAN_POINT('',(-45.3,5.55,9.995));
#3738 = LINE('',#3739,#3740);
#3739 = CARTESIAN_POINT('',(-45.3,5.55,9.995));
#3740 = VECTOR('',#3741,1.);
#3741 = DIRECTION('',(-0.,-1.,-0.));
#3742 = ORIENTED_EDGE('',*,*,#3743,.F.);
#3743 = EDGE_CURVE('',#3744,#3736,#3746,.T.);
#3744 = VERTEX_POINT('',#3745);
#3745 = CARTESIAN_POINT('',(-33.68,5.55,9.995));
#3746 = LINE('',#3747,#3748);
#3747 = CARTESIAN_POINT('',(5.545888029625,5.55,9.995));
#3748 = VECTOR('',#3749,1.);
#3749 = DIRECTION('',(-1.,0.,2.560477455316E-16));
#3750 = ORIENTED_EDGE('',*,*,#3751,.F.);
#3751 = EDGE_CURVE('',#654,#3744,#3752,.T.);
#3752 = LINE('',#3753,#3754);
#3753 = CARTESIAN_POINT('',(-33.68,56.1,9.995));
#3754 = VECTOR('',#3755,1.);
#3755 = DIRECTION('',(-0.,-1.,-0.));
#3756 = PLANE('',#3757);
#3757 = AXIS2_PLACEMENT_3D('',#3758,#3759,#3760);
#3758 = CARTESIAN_POINT('',(5.545888029625,5.55,9.995));
#3759 = DIRECTION('',(2.560477455316E-16,-0.,1.));
#3760 = DIRECTION('',(1.,0.,-2.560477455316E-16));
#3761 = ADVANCED_FACE('',(#3762),#3780,.F.);
#3762 = FACE_BOUND('',#3763,.T.);
#3763 = EDGE_LOOP('',(#3764,#3765,#3766,#3774));
#3764 = ORIENTED_EDGE('',*,*,#661,.F.);
#3765 = ORIENTED_EDGE('',*,*,#3751,.T.);
#3766 = ORIENTED_EDGE('',*,*,#3767,.T.);
#3767 = EDGE_CURVE('',#3744,#3768,#3770,.T.);
#3768 = VERTEX_POINT('',#3769);
#3769 = CARTESIAN_POINT('',(-33.68,5.55,8.395));
#3770 = LINE('',#3771,#3772);
#3771 = CARTESIAN_POINT('',(-33.68,5.55,9.995));
#3772 = VECTOR('',#3773,1.);
#3773 = DIRECTION('',(0.,0.,-1.));
#3774 = ORIENTED_EDGE('',*,*,#3775,.F.);
#3775 = EDGE_CURVE('',#662,#3768,#3776,.T.);
#3776 = LINE('',#3777,#3778);
#3777 = CARTESIAN_POINT('',(-33.68,56.1,8.395));
#3778 = VECTOR('',#3779,1.);
#3779 = DIRECTION('',(-0.,-1.,-0.));
#3780 = PLANE('',#3781);
#3781 = AXIS2_PLACEMENT_3D('',#3782,#3783,#3784);
#3782 = CARTESIAN_POINT('',(-33.68,56.1,9.995));
#3783 = DIRECTION('',(-1.,0.,0.));
#3784 = DIRECTION('',(0.,0.,1.));
#3785 = ADVANCED_FACE('',(#3786),#3804,.F.);
#3786 = FACE_BOUND('',#3787,.T.);
#3787 = EDGE_LOOP('',(#3788,#3789,#3797,#3803));
#3788 = ORIENTED_EDGE('',*,*,#677,.F.);
#3789 = ORIENTED_EDGE('',*,*,#3790,.T.);
#3790 = EDGE_CURVE('',#670,#3791,#3793,.T.);
#3791 = VERTEX_POINT('',#3792);
#3792 = CARTESIAN_POINT('',(-21.68,5.55,8.395));
#3793 = LINE('',#3794,#3795);
#3794 = CARTESIAN_POINT('',(-21.68,56.1,8.395));
#3795 = VECTOR('',#3796,1.);
#3796 = DIRECTION('',(-0.,-1.,-0.));
#3797 = ORIENTED_EDGE('',*,*,#3798,.T.);
#3798 = EDGE_CURVE('',#3791,#3695,#3799,.T.);
#3799 = LINE('',#3800,#3801);
#3800 = CARTESIAN_POINT('',(-21.68,5.55,9.995));
#3801 = VECTOR('',#3802,1.);
#3802 = DIRECTION('',(2.168404344971E-15,-0.,1.));
#3803 = ORIENTED_EDGE('',*,*,#3694,.F.);
#3804 = PLANE('',#3805);
#3805 = AXIS2_PLACEMENT_3D('',#3806,#3807,#3808);
#3806 = CARTESIAN_POINT('',(-21.68,56.1,9.995));
#3807 = DIRECTION('',(1.,0.,-2.168404344971E-15));
#3808 = DIRECTION('',(-2.168404344971E-15,0.,-1.));
#3809 = ADVANCED_FACE('',(#3810),#3821,.F.);
#3810 = FACE_BOUND('',#3811,.T.);
#3811 = EDGE_LOOP('',(#3812,#3813,#3814,#3820));
#3812 = ORIENTED_EDGE('',*,*,#669,.F.);
#3813 = ORIENTED_EDGE('',*,*,#3775,.T.);
#3814 = ORIENTED_EDGE('',*,*,#3815,.T.);
#3815 = EDGE_CURVE('',#3768,#3791,#3816,.T.);
#3816 = LINE('',#3817,#3818);
#3817 = CARTESIAN_POINT('',(-33.68,5.55,8.395));
#3818 = VECTOR('',#3819,1.);
#3819 = DIRECTION('',(1.,0.,0.));
#3820 = ORIENTED_EDGE('',*,*,#3790,.F.);
#3821 = PLANE('',#3822);
#3822 = AXIS2_PLACEMENT_3D('',#3823,#3824,#3825);
#3823 = CARTESIAN_POINT('',(-33.68,56.1,8.395));
#3824 = DIRECTION('',(0.,0.,-1.));
#3825 = DIRECTION('',(-1.,0.,-0.));
#3826 = ADVANCED_FACE('',(#3827),#3845,.F.);
#3827 = FACE_BOUND('',#3828,.T.);
#3828 = EDGE_LOOP('',(#3829,#3830,#3838,#3844));
#3829 = ORIENTED_EDGE('',*,*,#635,.F.);
#3830 = ORIENTED_EDGE('',*,*,#3831,.T.);
#3831 = EDGE_CURVE('',#628,#3832,#3834,.T.);
#3832 = VERTEX_POINT('',#3833);
#3833 = CARTESIAN_POINT('',(-33.68,5.55,-8.395));
#3834 = LINE('',#3835,#3836);
#3835 = CARTESIAN_POINT('',(-33.68,56.1,-8.395));
#3836 = VECTOR('',#3837,1.);
#3837 = DIRECTION('',(-0.,-1.,-0.));
#3838 = ORIENTED_EDGE('',*,*,#3839,.T.);
#3839 = EDGE_CURVE('',#3832,#3631,#3840,.T.);
#3840 = LINE('',#3841,#3842);
#3841 = CARTESIAN_POINT('',(-33.68,5.55,-9.995));
#3842 = VECTOR('',#3843,1.);
#3843 = DIRECTION('',(-0.,-0.,-1.));
#3844 = ORIENTED_EDGE('',*,*,#3630,.F.);
#3845 = PLANE('',#3846);
#3846 = AXIS2_PLACEMENT_3D('',#3847,#3848,#3849);
#3847 = CARTESIAN_POINT('',(-33.68,56.1,-9.995));
#3848 = DIRECTION('',(-1.,0.,0.));
#3849 = DIRECTION('',(0.,0.,1.));
#3850 = ADVANCED_FACE('',(#3851),#3869,.F.);
#3851 = FACE_BOUND('',#3852,.T.);
#3852 = EDGE_LOOP('',(#3853,#3854,#3862,#3868));
#3853 = ORIENTED_EDGE('',*,*,#627,.F.);
#3854 = ORIENTED_EDGE('',*,*,#3855,.T.);
#3855 = EDGE_CURVE('',#620,#3856,#3858,.T.);
#3856 = VERTEX_POINT('',#3857);
#3857 = CARTESIAN_POINT('',(-21.68,5.55,-8.395));
#3858 = LINE('',#3859,#3860);
#3859 = CARTESIAN_POINT('',(-21.68,56.1,-8.395));
#3860 = VECTOR('',#3861,1.);
#3861 = DIRECTION('',(-0.,-1.,-0.));
#3862 = ORIENTED_EDGE('',*,*,#3863,.T.);
#3863 = EDGE_CURVE('',#3856,#3832,#3864,.T.);
#3864 = LINE('',#3865,#3866);
#3865 = CARTESIAN_POINT('',(-33.68,5.55,-8.395));
#3866 = VECTOR('',#3867,1.);
#3867 = DIRECTION('',(-1.,-0.,-0.));
#3868 = ORIENTED_EDGE('',*,*,#3831,.F.);
#3869 = PLANE('',#3870);
#3870 = AXIS2_PLACEMENT_3D('',#3871,#3872,#3873);
#3871 = CARTESIAN_POINT('',(-33.68,56.1,-8.395));
#3872 = DIRECTION('',(0.,0.,1.));
#3873 = DIRECTION('',(1.,0.,-0.));
#3874 = ADVANCED_FACE('',(#3875),#3886,.F.);
#3875 = FACE_BOUND('',#3876,.T.);
#3876 = EDGE_LOOP('',(#3877,#3878,#3879,#3885));
#3877 = ORIENTED_EDGE('',*,*,#617,.F.);
#3878 = ORIENTED_EDGE('',*,*,#3621,.T.);
#3879 = ORIENTED_EDGE('',*,*,#3880,.T.);
#3880 = EDGE_CURVE('',#3622,#3856,#3881,.T.);
#3881 = LINE('',#3882,#3883);
#3882 = CARTESIAN_POINT('',(-21.68,5.55,-9.995));
#3883 = VECTOR('',#3884,1.);
#3884 = DIRECTION('',(0.,0.,1.));
#3885 = ORIENTED_EDGE('',*,*,#3855,.F.);
#3886 = PLANE('',#3887);
#3887 = AXIS2_PLACEMENT_3D('',#3888,#3889,#3890);
#3888 = CARTESIAN_POINT('',(-21.68,56.1,-9.995));
#3889 = DIRECTION('',(1.,0.,0.));
#3890 = DIRECTION('',(0.,0.,-1.));
#3891 = ADVANCED_FACE('',(#3892),#3904,.F.);
#3892 = FACE_BOUND('',#3893,.F.);
#3893 = EDGE_LOOP('',(#3894,#3901,#3902,#3903));
#3894 = ORIENTED_EDGE('',*,*,#3895,.F.);
#3895 = EDGE_CURVE('',#412,#420,#3896,.T.);
#3896 = CIRCLE('',#3897,1.455);
#3897 = AXIS2_PLACEMENT_3D('',#3898,#3899,#3900);
#3898 = CARTESIAN_POINT('',(-22.3,5.55,4.395));
#3899 = DIRECTION('',(0.,-1.,0.));
#3900 = DIRECTION('',(0.,0.,-1.));
#3901 = ORIENTED_EDGE('',*,*,#409,.F.);
#3902 = ORIENTED_EDGE('',*,*,#607,.T.);
#3903 = ORIENTED_EDGE('',*,*,#428,.T.);
#3904 = CYLINDRICAL_SURFACE('',#3905,1.455);
#3905 = AXIS2_PLACEMENT_3D('',#3906,#3907,#3908);
#3906 = CARTESIAN_POINT('',(-22.3,56.1,4.395));
#3907 = DIRECTION('',(-0.,-1.,-0.));
#3908 = DIRECTION('',(0.,0.,-1.));
#3909 = ADVANCED_FACE('',(#3910),#3928,.F.);
#3910 = FACE_BOUND('',#3911,.T.);
#3911 = EDGE_LOOP('',(#3912,#3913,#3914,#3922));
#3912 = ORIENTED_EDGE('',*,*,#957,.F.);
#3913 = ORIENTED_EDGE('',*,*,#2285,.T.);
#3914 = ORIENTED_EDGE('',*,*,#3915,.T.);
#3915 = EDGE_CURVE('',#2278,#3916,#3918,.T.);
#3916 = VERTEX_POINT('',#3917);
#3917 = CARTESIAN_POINT('',(-6.,5.55,46.24));
#3918 = LINE('',#3919,#3920);
#3919 = CARTESIAN_POINT('',(-6.,5.55,48.84));
#3920 = VECTOR('',#3921,1.);
#3921 = DIRECTION('',(-1.334402673828E-15,0.,-1.));
#3922 = ORIENTED_EDGE('',*,*,#3923,.F.);
#3923 = EDGE_CURVE('',#958,#3916,#3924,.T.);
#3924 = LINE('',#3925,#3926);
#3925 = CARTESIAN_POINT('',(-6.,56.1,46.24));
#3926 = VECTOR('',#3927,1.);
#3927 = DIRECTION('',(-0.,-1.,-0.));
#3928 = PLANE('',#3929);
#3929 = AXIS2_PLACEMENT_3D('',#3930,#3931,#3932);
#3930 = CARTESIAN_POINT('',(-6.,56.1,48.84));
#3931 = DIRECTION('',(-1.,0.,1.334402673828E-15));
#3932 = DIRECTION('',(1.334402673828E-15,0.,1.));
#3933 = ADVANCED_FACE('',(#3934),#3952,.F.);
#3934 = FACE_BOUND('',#3935,.T.);
#3935 = EDGE_LOOP('',(#3936,#3937,#3945,#3951));
#3936 = ORIENTED_EDGE('',*,*,#973,.F.);
#3937 = ORIENTED_EDGE('',*,*,#3938,.T.);
#3938 = EDGE_CURVE('',#966,#3939,#3941,.T.);
#3939 = VERTEX_POINT('',#3940);
#3940 = CARTESIAN_POINT('',(6.,5.55,46.24));
#3941 = LINE('',#3942,#3943);
#3942 = CARTESIAN_POINT('',(6.,56.1,46.24));
#3943 = VECTOR('',#3944,1.);
#3944 = DIRECTION('',(-0.,-1.,-0.));
#3945 = ORIENTED_EDGE('',*,*,#3946,.T.);
#3946 = EDGE_CURVE('',#3939,#2270,#3947,.T.);
#3947 = LINE('',#3948,#3949);
#3948 = CARTESIAN_POINT('',(6.,5.55,48.84));
#3949 = VECTOR('',#3950,1.);
#3950 = DIRECTION('',(-3.336006684571E-16,-0.,1.));
#3951 = ORIENTED_EDGE('',*,*,#2269,.F.);
#3952 = PLANE('',#3953);
#3953 = AXIS2_PLACEMENT_3D('',#3954,#3955,#3956);
#3954 = CARTESIAN_POINT('',(6.,56.1,48.84));
#3955 = DIRECTION('',(1.,-0.,3.336006684571E-16));
#3956 = DIRECTION('',(3.336006684571E-16,0.,-1.));
#3957 = ADVANCED_FACE('',(#3958),#3969,.F.);
#3958 = FACE_BOUND('',#3959,.T.);
#3959 = EDGE_LOOP('',(#3960,#3961,#3962,#3968));
#3960 = ORIENTED_EDGE('',*,*,#965,.F.);
#3961 = ORIENTED_EDGE('',*,*,#3923,.T.);
#3962 = ORIENTED_EDGE('',*,*,#3963,.T.);
#3963 = EDGE_CURVE('',#3916,#3939,#3964,.T.);
#3964 = LINE('',#3965,#3966);
#3965 = CARTESIAN_POINT('',(-6.,5.55,46.24));
#3966 = VECTOR('',#3967,1.);
#3967 = DIRECTION('',(1.,0.,0.));
#3968 = ORIENTED_EDGE('',*,*,#3938,.F.);
#3969 = PLANE('',#3970);
#3970 = AXIS2_PLACEMENT_3D('',#3971,#3972,#3973);
#3971 = CARTESIAN_POINT('',(-6.,56.1,46.24));
#3972 = DIRECTION('',(0.,0.,-1.));
#3973 = DIRECTION('',(-1.,0.,-0.));
#3974 = ADVANCED_FACE('',(#3975),#3993,.F.);
#3975 = FACE_BOUND('',#3976,.T.);
#3976 = EDGE_LOOP('',(#3977,#3978,#3986,#3992));
#3977 = ORIENTED_EDGE('',*,*,#1272,.F.);
#3978 = ORIENTED_EDGE('',*,*,#3979,.T.);
#3979 = EDGE_CURVE('',#1265,#3980,#3982,.T.);
#3980 = VERTEX_POINT('',#3981);
#3981 = CARTESIAN_POINT('',(-6.,5.55,-46.24));
#3982 = LINE('',#3983,#3984);
#3983 = CARTESIAN_POINT('',(-6.,56.1,-46.24));
#3984 = VECTOR('',#3985,1.);
#3985 = DIRECTION('',(-0.,-1.,-0.));
#3986 = ORIENTED_EDGE('',*,*,#3987,.T.);
#3987 = EDGE_CURVE('',#3980,#2502,#3988,.T.);
#3988 = LINE('',#3989,#3990);
#3989 = CARTESIAN_POINT('',(-6.,5.55,-48.84));
#3990 = VECTOR('',#3991,1.);
#3991 = DIRECTION('',(1.334402673828E-15,-0.,-1.));
#3992 = ORIENTED_EDGE('',*,*,#2501,.F.);
#3993 = PLANE('',#3994);
#3994 = AXIS2_PLACEMENT_3D('',#3995,#3996,#3997);
#3995 = CARTESIAN_POINT('',(-6.,56.1,-48.84));
#3996 = DIRECTION('',(-1.,0.,-1.334402673828E-15));
#3997 = DIRECTION('',(-1.334402673828E-15,0.,1.));
#3998 = ADVANCED_FACE('',(#3999),#4017,.F.);
#3999 = FACE_BOUND('',#4000,.T.);
#4000 = EDGE_LOOP('',(#4001,#4002,#4010,#4016));
#4001 = ORIENTED_EDGE('',*,*,#1264,.F.);
#4002 = ORIENTED_EDGE('',*,*,#4003,.T.);
#4003 = EDGE_CURVE('',#1257,#4004,#4006,.T.);
#4004 = VERTEX_POINT('',#4005);
#4005 = CARTESIAN_POINT('',(6.,5.55,-46.24));
#4006 = LINE('',#4007,#4008);
#4007 = CARTESIAN_POINT('',(6.,56.1,-46.24));
#4008 = VECTOR('',#4009,1.);
#4009 = DIRECTION('',(-0.,-1.,-0.));
#4010 = ORIENTED_EDGE('',*,*,#4011,.T.);
#4011 = EDGE_CURVE('',#4004,#3980,#4012,.T.);
#4012 = LINE('',#4013,#4014);
#4013 = CARTESIAN_POINT('',(-6.,5.55,-46.24));
#4014 = VECTOR('',#4015,1.);
#4015 = DIRECTION('',(-1.,-0.,-0.));
#4016 = ORIENTED_EDGE('',*,*,#3979,.F.);
#4017 = PLANE('',#4018);
#4018 = AXIS2_PLACEMENT_3D('',#4019,#4020,#4021);
#4019 = CARTESIAN_POINT('',(-6.,56.1,-46.24));
#4020 = DIRECTION('',(0.,0.,1.));
#4021 = DIRECTION('',(1.,0.,-0.));
#4022 = ADVANCED_FACE('',(#4023),#4034,.F.);
#4023 = FACE_BOUND('',#4024,.T.);
#4024 = EDGE_LOOP('',(#4025,#4026,#4027,#4033));
#4025 = ORIENTED_EDGE('',*,*,#1256,.F.);
#4026 = ORIENTED_EDGE('',*,*,#2517,.T.);
#4027 = ORIENTED_EDGE('',*,*,#4028,.T.);
#4028 = EDGE_CURVE('',#2510,#4004,#4029,.T.);
#4029 = LINE('',#4030,#4031);
#4030 = CARTESIAN_POINT('',(6.,5.55,-48.84));
#4031 = VECTOR('',#4032,1.);
#4032 = DIRECTION('',(1.334402673828E-15,0.,1.));
#4033 = ORIENTED_EDGE('',*,*,#4003,.F.);
#4034 = PLANE('',#4035);
#4035 = AXIS2_PLACEMENT_3D('',#4036,#4037,#4038);
#4036 = CARTESIAN_POINT('',(6.,56.1,-48.84));
#4037 = DIRECTION('',(1.,0.,-1.334402673828E-15));
#4038 = DIRECTION('',(-1.334402673828E-15,0.,-1.));
#4039 = ADVANCED_FACE('',(#4040),#4058,.F.);
#4040 = FACE_BOUND('',#4041,.T.);
#4041 = EDGE_LOOP('',(#4042,#4043,#4044,#4052));
#4042 = ORIENTED_EDGE('',*,*,#797,.F.);
#4043 = ORIENTED_EDGE('',*,*,#3607,.T.);
#4044 = ORIENTED_EDGE('',*,*,#4045,.T.);
#4045 = EDGE_CURVE('',#3600,#4046,#4048,.T.);
#4046 = VERTEX_POINT('',#4047);
#4047 = CARTESIAN_POINT('',(-36.3,5.55,42.81));
#4048 = LINE('',#4049,#4050);
#4049 = CARTESIAN_POINT('',(-36.3,5.55,41.27));
#4050 = VECTOR('',#4051,1.);
#4051 = DIRECTION('',(0.,0.,1.));
#4052 = ORIENTED_EDGE('',*,*,#4053,.F.);
#4053 = EDGE_CURVE('',#798,#4046,#4054,.T.);
#4054 = LINE('',#4055,#4056);
#4055 = CARTESIAN_POINT('',(-36.3,56.1,42.81));
#4056 = VECTOR('',#4057,1.);
#4057 = DIRECTION('',(-0.,-1.,-0.));
#4058 = PLANE('',#4059);
#4059 = AXIS2_PLACEMENT_3D('',#4060,#4061,#4062);
#4060 = CARTESIAN_POINT('',(-36.3,56.1,41.27));
#4061 = DIRECTION('',(1.,0.,0.));
#4062 = DIRECTION('',(0.,0.,-1.));
#4063 = ADVANCED_FACE('',(#4064),#4075,.F.);
#4064 = FACE_BOUND('',#4065,.T.);
#4065 = EDGE_LOOP('',(#4066,#4067,#4068,#4074));
#4066 = ORIENTED_EDGE('',*,*,#805,.F.);
#4067 = ORIENTED_EDGE('',*,*,#4053,.T.);
#4068 = ORIENTED_EDGE('',*,*,#4069,.T.);
#4069 = EDGE_CURVE('',#4046,#1424,#4070,.T.);
#4070 = LINE('',#4071,#4072);
#4071 = CARTESIAN_POINT('',(-36.3,5.55,42.81));
#4072 = VECTOR('',#4073,1.);
#4073 = DIRECTION('',(-1.,0.,0.));
#4074 = ORIENTED_EDGE('',*,*,#1423,.F.);
#4075 = PLANE('',#4076);
#4076 = AXIS2_PLACEMENT_3D('',#4077,#4078,#4079);
#4077 = CARTESIAN_POINT('',(-36.3,56.1,42.81));
#4078 = DIRECTION('',(0.,-0.,1.));
#4079 = DIRECTION('',(1.,0.,0.));
#4080 = ADVANCED_FACE('',(#4081),#4099,.F.);
#4081 = FACE_BOUND('',#4082,.T.);
#4082 = EDGE_LOOP('',(#4083,#4084,#4092,#4098));
#4083 = ORIENTED_EDGE('',*,*,#829,.F.);
#4084 = ORIENTED_EDGE('',*,*,#4085,.T.);
#4085 = EDGE_CURVE('',#822,#4086,#4088,.T.);
#4086 = VERTEX_POINT('',#4087);
#4087 = CARTESIAN_POINT('',(-36.3,5.55,48.93));
#4088 = LINE('',#4089,#4090);
#4089 = CARTESIAN_POINT('',(-36.3,56.1,48.93));
#4090 = VECTOR('',#4091,1.);
#4091 = DIRECTION('',(-0.,-1.,-0.));
#4092 = ORIENTED_EDGE('',*,*,#4093,.T.);
#4093 = EDGE_CURVE('',#4086,#3073,#4094,.T.);
#4094 = LINE('',#4095,#4096);
#4095 = CARTESIAN_POINT('',(-36.3,5.55,50.7));
#4096 = VECTOR('',#4097,1.);
#4097 = DIRECTION('',(-0.,-0.,1.));
#4098 = ORIENTED_EDGE('',*,*,#3072,.F.);
#4099 = PLANE('',#4100);
#4100 = AXIS2_PLACEMENT_3D('',#4101,#4102,#4103);
#4101 = CARTESIAN_POINT('',(-36.3,56.1,50.7));
#4102 = DIRECTION('',(1.,-0.,0.));
#4103 = DIRECTION('',(0.,0.,-1.));
#4104 = ADVANCED_FACE('',(#4105),#4116,.F.);
#4105 = FACE_BOUND('',#4106,.T.);
#4106 = EDGE_LOOP('',(#4107,#4108,#4109,#4115));
#4107 = ORIENTED_EDGE('',*,*,#821,.F.);
#4108 = ORIENTED_EDGE('',*,*,#1416,.T.);
#4109 = ORIENTED_EDGE('',*,*,#4110,.T.);
#4110 = EDGE_CURVE('',#1409,#4086,#4111,.T.);
#4111 = LINE('',#4112,#4113);
#4112 = CARTESIAN_POINT('',(-43.4,5.55,48.93));
#4113 = VECTOR('',#4114,1.);
#4114 = DIRECTION('',(1.,0.,0.));
#4115 = ORIENTED_EDGE('',*,*,#4085,.F.);
#4116 = PLANE('',#4117);
#4117 = AXIS2_PLACEMENT_3D('',#4118,#4119,#4120);
#4118 = CARTESIAN_POINT('',(-43.4,56.1,48.93));
#4119 = DIRECTION('',(0.,0.,-1.));
#4120 = DIRECTION('',(-1.,0.,-0.));
#4121 = ADVANCED_FACE('',(#4122),#4147,.F.);
#4122 = FACE_BOUND('',#4123,.T.);
#4123 = EDGE_LOOP('',(#4124,#4125,#4133,#4141));
#4124 = ORIENTED_EDGE('',*,*,#853,.F.);
#4125 = ORIENTED_EDGE('',*,*,#4126,.T.);
#4126 = EDGE_CURVE('',#846,#4127,#4129,.T.);
#4127 = VERTEX_POINT('',#4128);
#4128 = CARTESIAN_POINT('',(-34.86,5.55,49.67));
#4129 = LINE('',#4130,#4131);
#4130 = CARTESIAN_POINT('',(-34.86,56.1,49.67));
#4131 = VECTOR('',#4132,1.);
#4132 = DIRECTION('',(-0.,-1.,-0.));
#4133 = ORIENTED_EDGE('',*,*,#4134,.T.);
#4134 = EDGE_CURVE('',#4127,#4135,#4137,.T.);
#4135 = VERTEX_POINT('',#4136);
#4136 = CARTESIAN_POINT('',(-34.86,5.55,42.07));
#4137 = LINE('',#4138,#4139);
#4138 = CARTESIAN_POINT('',(-34.86,5.55,49.67));
#4139 = VECTOR('',#4140,1.);
#4140 = DIRECTION('',(-3.652049423109E-15,0.,-1.));
#4141 = ORIENTED_EDGE('',*,*,#4142,.F.);
#4142 = EDGE_CURVE('',#854,#4135,#4143,.T.);
#4143 = LINE('',#4144,#4145);
#4144 = CARTESIAN_POINT('',(-34.86,56.1,42.07));
#4145 = VECTOR('',#4146,1.);
#4146 = DIRECTION('',(-0.,-1.,-0.));
#4147 = PLANE('',#4148);
#4148 = AXIS2_PLACEMENT_3D('',#4149,#4150,#4151);
#4149 = CARTESIAN_POINT('',(-34.86,56.1,49.67));
#4150 = DIRECTION('',(-1.,0.,3.652049423109E-15));
#4151 = DIRECTION('',(3.652049423109E-15,0.,1.));
#4152 = ADVANCED_FACE('',(#4153),#4201,.F.);
#4153 = FACE_BOUND('',#4154,.T.);
#4154 = EDGE_LOOP('',(#4155,#4156,#4165,#4171,#4179,#4185,#4186,#4194));
#4155 = ORIENTED_EDGE('',*,*,#2918,.F.);
#4156 = ORIENTED_EDGE('',*,*,#4157,.T.);
#4157 = EDGE_CURVE('',#2911,#4158,#4160,.T.);
#4158 = VERTEX_POINT('',#4159);
#4159 = CARTESIAN_POINT('',(-23.81,14.92,49.67));
#4160 = CIRCLE('',#4161,0.4);
#4161 = AXIS2_PLACEMENT_3D('',#4162,#4163,#4164);
#4162 = CARTESIAN_POINT('',(-24.21,14.92,49.67));
#4163 = DIRECTION('',(5.651587795038E-15,0.,-1.));
#4164 = DIRECTION('',(1.,0.,5.651587795038E-15));
#4165 = ORIENTED_EDGE('',*,*,#4166,.T.);
#4166 = EDGE_CURVE('',#4158,#902,#4167,.T.);
#4167 = LINE('',#4168,#4169);
#4168 = CARTESIAN_POINT('',(-23.81,15.32,49.67));
#4169 = VECTOR('',#4170,1.);
#4170 = DIRECTION('',(-0.,-1.,-0.));
#4171 = ORIENTED_EDGE('',*,*,#4172,.T.);
#4172 = EDGE_CURVE('',#902,#4173,#4175,.T.);
#4173 = VERTEX_POINT('',#4174);
#4174 = CARTESIAN_POINT('',(-23.81,5.55,49.67));
#4175 = LINE('',#4176,#4177);
#4176 = CARTESIAN_POINT('',(-23.81,56.1,49.67));
#4177 = VECTOR('',#4178,1.);
#4178 = DIRECTION('',(-0.,-1.,-0.));
#4179 = ORIENTED_EDGE('',*,*,#4180,.T.);
#4180 = EDGE_CURVE('',#4173,#4127,#4181,.T.);
#4181 = LINE('',#4182,#4183);
#4182 = CARTESIAN_POINT('',(-34.86,5.55,49.67));
#4183 = VECTOR('',#4184,1.);
#4184 = DIRECTION('',(-1.,-0.,-5.651587795038E-15));
#4185 = ORIENTED_EDGE('',*,*,#4126,.F.);
#4186 = ORIENTED_EDGE('',*,*,#4187,.F.);
#4187 = EDGE_CURVE('',#4188,#846,#4190,.T.);
#4188 = VERTEX_POINT('',#4189);
#4189 = CARTESIAN_POINT('',(-34.86,14.92,49.67));
#4190 = LINE('',#4191,#4192);
#4191 = CARTESIAN_POINT('',(-34.86,15.32,49.67));
#4192 = VECTOR('',#4193,1.);
#4193 = DIRECTION('',(-0.,-1.,-0.));
#4194 = ORIENTED_EDGE('',*,*,#4195,.T.);
#4195 = EDGE_CURVE('',#4188,#2919,#4196,.T.);
#4196 = CIRCLE('',#4197,0.4);
#4197 = AXIS2_PLACEMENT_3D('',#4198,#4199,#4200);
#4198 = CARTESIAN_POINT('',(-34.46,14.92,49.67));
#4199 = DIRECTION('',(5.651587795038E-15,0.,-1.));
#4200 = DIRECTION('',(1.,0.,5.651587795038E-15));
#4201 = PLANE('',#4202);
#4202 = AXIS2_PLACEMENT_3D('',#4203,#4204,#4205);
#4203 = CARTESIAN_POINT('',(-34.86,56.1,49.67));
#4204 = DIRECTION('',(-5.651587795038E-15,0.,1.));
#4205 = DIRECTION('',(1.,0.,5.651587795038E-15));
#4206 = ADVANCED_FACE('',(#4207),#4225,.F.);
#4207 = FACE_BOUND('',#4208,.T.);
#4208 = EDGE_LOOP('',(#4209,#4210,#4218,#4224));
#4209 = ORIENTED_EDGE('',*,*,#901,.F.);
#4210 = ORIENTED_EDGE('',*,*,#4211,.T.);
#4211 = EDGE_CURVE('',#894,#4212,#4214,.T.);
#4212 = VERTEX_POINT('',#4213);
#4213 = CARTESIAN_POINT('',(-23.81,5.55,48.47));
#4214 = LINE('',#4215,#4216);
#4215 = CARTESIAN_POINT('',(-23.81,56.1,48.47));
#4216 = VECTOR('',#4217,1.);
#4217 = DIRECTION('',(-0.,-1.,-0.));
#4218 = ORIENTED_EDGE('',*,*,#4219,.T.);
#4219 = EDGE_CURVE('',#4212,#4173,#4220,.T.);
#4220 = LINE('',#4221,#4222);
#4221 = CARTESIAN_POINT('',(-23.81,5.55,49.67));
#4222 = VECTOR('',#4223,1.);
#4223 = DIRECTION('',(-0.,-0.,1.));
#4224 = ORIENTED_EDGE('',*,*,#4172,.F.);
#4225 = PLANE('',#4226);
#4226 = AXIS2_PLACEMENT_3D('',#4227,#4228,#4229);
#4227 = CARTESIAN_POINT('',(-23.81,56.1,49.67));
#4228 = DIRECTION('',(1.,-0.,0.));
#4229 = DIRECTION('',(0.,0.,-1.));
#4230 = ADVANCED_FACE('',(#4231),#4273,.F.);
#4231 = FACE_BOUND('',#4232,.T.);
#4232 = EDGE_LOOP('',(#4233,#4234,#4242,#4250,#4258,#4266,#4272));
#4233 = ORIENTED_EDGE('',*,*,#893,.F.);
#4234 = ORIENTED_EDGE('',*,*,#4235,.T.);
#4235 = EDGE_CURVE('',#886,#4236,#4238,.T.);
#4236 = VERTEX_POINT('',#4237);
#4237 = CARTESIAN_POINT('',(-32.86,6.82,48.47));
#4238 = LINE('',#4239,#4240);
#4239 = CARTESIAN_POINT('',(-27.86,7.82,48.47));
#4240 = VECTOR('',#4241,1.);
#4241 = DIRECTION('',(-0.980580675691,-0.196116135138,7.518392566675E-16
    ));
#4242 = ORIENTED_EDGE('',*,*,#4243,.T.);
#4243 = EDGE_CURVE('',#4236,#4244,#4246,.T.);
#4244 = VERTEX_POINT('',#4245);
#4245 = CARTESIAN_POINT('',(-32.86,3.85,48.47));
#4246 = LINE('',#4247,#4248);
#4247 = CARTESIAN_POINT('',(-32.86,56.1,48.47));
#4248 = VECTOR('',#4249,1.);
#4249 = DIRECTION('',(-0.,-1.,-0.));
#4250 = ORIENTED_EDGE('',*,*,#4251,.F.);
#4251 = EDGE_CURVE('',#4252,#4244,#4254,.T.);
#4252 = VERTEX_POINT('',#4253);
#4253 = CARTESIAN_POINT('',(-32.56,3.85,48.47));
#4254 = LINE('',#4255,#4256);
#4255 = CARTESIAN_POINT('',(-32.86,3.85,48.47));
#4256 = VECTOR('',#4257,1.);
#4257 = DIRECTION('',(-1.,-0.,-0.));
#4258 = ORIENTED_EDGE('',*,*,#4259,.T.);
#4259 = EDGE_CURVE('',#4252,#4260,#4262,.T.);
#4260 = VERTEX_POINT('',#4261);
#4261 = CARTESIAN_POINT('',(-28.86,5.55,48.47));
#4262 = LINE('',#4263,#4264);
#4263 = CARTESIAN_POINT('',(-32.56,3.85,48.47));
#4264 = VECTOR('',#4265,1.);
#4265 = DIRECTION('',(0.908676843963,0.417500171551,-6.967085318452E-16)
  );
#4266 = ORIENTED_EDGE('',*,*,#4267,.T.);
#4267 = EDGE_CURVE('',#4260,#4212,#4268,.T.);
#4268 = LINE('',#4269,#4270);
#4269 = CARTESIAN_POINT('',(-23.81,5.55,48.47));
#4270 = VECTOR('',#4271,1.);
#4271 = DIRECTION('',(1.,-0.,-7.667286081665E-16));
#4272 = ORIENTED_EDGE('',*,*,#4211,.F.);
#4273 = PLANE('',#4274);
#4274 = AXIS2_PLACEMENT_3D('',#4275,#4276,#4277);
#4275 = CARTESIAN_POINT('',(-23.81,56.1,48.47));
#4276 = DIRECTION('',(-7.667286081665E-16,0.,-1.));
#4277 = DIRECTION('',(-1.,0.,7.667286081665E-16));
#4278 = ADVANCED_FACE('',(#4279),#4304,.F.);
#4279 = FACE_BOUND('',#4280,.T.);
#4280 = EDGE_LOOP('',(#4281,#4282,#4290,#4298));
#4281 = ORIENTED_EDGE('',*,*,#4243,.F.);
#4282 = ORIENTED_EDGE('',*,*,#4283,.T.);
#4283 = EDGE_CURVE('',#4236,#4284,#4286,.T.);
#4284 = VERTEX_POINT('',#4285);
#4285 = CARTESIAN_POINT('',(-32.86,6.82,43.27));
#4286 = LINE('',#4287,#4288);
#4287 = CARTESIAN_POINT('',(-32.86,6.82,43.27));
#4288 = VECTOR('',#4289,1.);
#4289 = DIRECTION('',(0.,0.,-1.));
#4290 = ORIENTED_EDGE('',*,*,#4291,.T.);
#4291 = EDGE_CURVE('',#4284,#4292,#4294,.T.);
#4292 = VERTEX_POINT('',#4293);
#4293 = CARTESIAN_POINT('',(-32.86,3.85,43.27));
#4294 = LINE('',#4295,#4296);
#4295 = CARTESIAN_POINT('',(-32.86,56.1,43.27));
#4296 = VECTOR('',#4297,1.);
#4297 = DIRECTION('',(-0.,-1.,-0.));
#4298 = ORIENTED_EDGE('',*,*,#4299,.F.);
#4299 = EDGE_CURVE('',#4244,#4292,#4300,.T.);
#4300 = LINE('',#4301,#4302);
#4301 = CARTESIAN_POINT('',(-32.86,3.85,48.47));
#4302 = VECTOR('',#4303,1.);
#4303 = DIRECTION('',(0.,0.,-1.));
#4304 = PLANE('',#4305);
#4305 = AXIS2_PLACEMENT_3D('',#4306,#4307,#4308);
#4306 = CARTESIAN_POINT('',(-32.86,56.1,48.47));
#4307 = DIRECTION('',(1.,-0.,0.));
#4308 = DIRECTION('',(0.,0.,-1.));
#4309 = ADVANCED_FACE('',(#4310),#4350,.F.);
#4310 = FACE_BOUND('',#4311,.T.);
#4311 = EDGE_LOOP('',(#4312,#4313,#4319,#4320,#4328,#4336,#4344));
#4312 = ORIENTED_EDGE('',*,*,#4291,.F.);
#4313 = ORIENTED_EDGE('',*,*,#4314,.T.);
#4314 = EDGE_CURVE('',#4284,#878,#4315,.T.);
#4315 = LINE('',#4316,#4317);
#4316 = CARTESIAN_POINT('',(-27.86,7.82,43.27));
#4317 = VECTOR('',#4318,1.);
#4318 = DIRECTION('',(0.980580675691,0.196116135138,0.));
#4319 = ORIENTED_EDGE('',*,*,#877,.F.);
#4320 = ORIENTED_EDGE('',*,*,#4321,.T.);
#4321 = EDGE_CURVE('',#870,#4322,#4324,.T.);
#4322 = VERTEX_POINT('',#4323);
#4323 = CARTESIAN_POINT('',(-23.81,5.55,43.27));
#4324 = LINE('',#4325,#4326);
#4325 = CARTESIAN_POINT('',(-23.81,56.1,43.27));
#4326 = VECTOR('',#4327,1.);
#4327 = DIRECTION('',(-0.,-1.,-0.));
#4328 = ORIENTED_EDGE('',*,*,#4329,.T.);
#4329 = EDGE_CURVE('',#4322,#4330,#4332,.T.);
#4330 = VERTEX_POINT('',#4331);
#4331 = CARTESIAN_POINT('',(-28.86,5.55,43.27));
#4332 = LINE('',#4333,#4334);
#4333 = CARTESIAN_POINT('',(-23.81,5.55,43.27));
#4334 = VECTOR('',#4335,1.);
#4335 = DIRECTION('',(-1.,0.,0.));
#4336 = ORIENTED_EDGE('',*,*,#4337,.T.);
#4337 = EDGE_CURVE('',#4330,#4338,#4340,.T.);
#4338 = VERTEX_POINT('',#4339);
#4339 = CARTESIAN_POINT('',(-32.56,3.85,43.27));
#4340 = LINE('',#4341,#4342);
#4341 = CARTESIAN_POINT('',(-32.56,3.85,43.27));
#4342 = VECTOR('',#4343,1.);
#4343 = DIRECTION('',(-0.908676843963,-0.417500171551,0.));
#4344 = ORIENTED_EDGE('',*,*,#4345,.F.);
#4345 = EDGE_CURVE('',#4292,#4338,#4346,.T.);
#4346 = LINE('',#4347,#4348);
#4347 = CARTESIAN_POINT('',(-32.86,3.85,43.27));
#4348 = VECTOR('',#4349,1.);
#4349 = DIRECTION('',(1.,0.,0.));
#4350 = PLANE('',#4351);
#4351 = AXIS2_PLACEMENT_3D('',#4352,#4353,#4354);
#4352 = CARTESIAN_POINT('',(-23.81,56.1,43.27));
#4353 = DIRECTION('',(0.,-0.,1.));
#4354 = DIRECTION('',(1.,0.,0.));
#4355 = ADVANCED_FACE('',(#4356),#4374,.F.);
#4356 = FACE_BOUND('',#4357,.T.);
#4357 = EDGE_LOOP('',(#4358,#4359,#4367,#4373));
#4358 = ORIENTED_EDGE('',*,*,#869,.F.);
#4359 = ORIENTED_EDGE('',*,*,#4360,.T.);
#4360 = EDGE_CURVE('',#862,#4361,#4363,.T.);
#4361 = VERTEX_POINT('',#4362);
#4362 = CARTESIAN_POINT('',(-23.81,5.55,42.07));
#4363 = LINE('',#4364,#4365);
#4364 = CARTESIAN_POINT('',(-23.81,56.1,42.07));
#4365 = VECTOR('',#4366,1.);
#4366 = DIRECTION('',(-0.,-1.,-0.));
#4367 = ORIENTED_EDGE('',*,*,#4368,.T.);
#4368 = EDGE_CURVE('',#4361,#4322,#4369,.T.);
#4369 = LINE('',#4370,#4371);
#4370 = CARTESIAN_POINT('',(-23.81,5.55,43.27));
#4371 = VECTOR('',#4372,1.);
#4372 = DIRECTION('',(-0.,-0.,1.));
#4373 = ORIENTED_EDGE('',*,*,#4321,.F.);
#4374 = PLANE('',#4375);
#4375 = AXIS2_PLACEMENT_3D('',#4376,#4377,#4378);
#4376 = CARTESIAN_POINT('',(-23.81,56.1,43.27));
#4377 = DIRECTION('',(1.,-0.,0.));
#4378 = DIRECTION('',(0.,0.,-1.));
#4379 = ADVANCED_FACE('',(#4380),#4391,.F.);
#4380 = FACE_BOUND('',#4381,.T.);
#4381 = EDGE_LOOP('',(#4382,#4383,#4384,#4390));
#4382 = ORIENTED_EDGE('',*,*,#861,.F.);
#4383 = ORIENTED_EDGE('',*,*,#4142,.T.);
#4384 = ORIENTED_EDGE('',*,*,#4385,.T.);
#4385 = EDGE_CURVE('',#4135,#4361,#4386,.T.);
#4386 = LINE('',#4387,#4388);
#4387 = CARTESIAN_POINT('',(-34.86,5.55,42.07));
#4388 = VECTOR('',#4389,1.);
#4389 = DIRECTION('',(1.,0.,-7.535450393383E-15));
#4390 = ORIENTED_EDGE('',*,*,#4360,.F.);
#4391 = PLANE('',#4392);
#4392 = AXIS2_PLACEMENT_3D('',#4393,#4394,#4395);
#4393 = CARTESIAN_POINT('',(-34.86,56.1,42.07));
#4394 = DIRECTION('',(-7.535450393383E-15,0.,-1.));
#4395 = DIRECTION('',(-1.,0.,7.535450393383E-15));
#4396 = ADVANCED_FACE('',(#4397),#4415,.F.);
#4397 = FACE_BOUND('',#4398,.T.);
#4398 = EDGE_LOOP('',(#4399,#4400,#4401,#4409));
#4399 = ORIENTED_EDGE('',*,*,#1103,.F.);
#4400 = ORIENTED_EDGE('',*,*,#3379,.T.);
#4401 = ORIENTED_EDGE('',*,*,#4402,.T.);
#4402 = EDGE_CURVE('',#3380,#4403,#4405,.T.);
#4403 = VERTEX_POINT('',#4404);
#4404 = CARTESIAN_POINT('',(36.3,5.55,-42.81));
#4405 = LINE('',#4406,#4407);
#4406 = CARTESIAN_POINT('',(36.3,5.55,-41.27));
#4407 = VECTOR('',#4408,1.);
#4408 = DIRECTION('',(0.,0.,-1.));
#4409 = ORIENTED_EDGE('',*,*,#4410,.F.);
#4410 = EDGE_CURVE('',#1104,#4403,#4411,.T.);
#4411 = LINE('',#4412,#4413);
#4412 = CARTESIAN_POINT('',(36.3,56.1,-42.81));
#4413 = VECTOR('',#4414,1.);
#4414 = DIRECTION('',(-0.,-1.,-0.));
#4415 = PLANE('',#4416);
#4416 = AXIS2_PLACEMENT_3D('',#4417,#4418,#4419);
#4417 = CARTESIAN_POINT('',(36.3,56.1,-41.27));
#4418 = DIRECTION('',(-1.,0.,0.));
#4419 = DIRECTION('',(0.,0.,1.));
#4420 = ADVANCED_FACE('',(#4421),#4432,.F.);
#4421 = FACE_BOUND('',#4422,.T.);
#4422 = EDGE_LOOP('',(#4423,#4424,#4425,#4431));
#4423 = ORIENTED_EDGE('',*,*,#1111,.F.);
#4424 = ORIENTED_EDGE('',*,*,#4410,.T.);
#4425 = ORIENTED_EDGE('',*,*,#4426,.T.);
#4426 = EDGE_CURVE('',#4403,#1842,#4427,.T.);
#4427 = LINE('',#4428,#4429);
#4428 = CARTESIAN_POINT('',(36.3,5.55,-42.81));
#4429 = VECTOR('',#4430,1.);
#4430 = DIRECTION('',(1.,0.,0.));
#4431 = ORIENTED_EDGE('',*,*,#1841,.F.);
#4432 = PLANE('',#4433);
#4433 = AXIS2_PLACEMENT_3D('',#4434,#4435,#4436);
#4434 = CARTESIAN_POINT('',(36.3,56.1,-42.81));
#4435 = DIRECTION('',(0.,0.,-1.));
#4436 = DIRECTION('',(-1.,0.,-0.));
#4437 = ADVANCED_FACE('',(#4438),#4470,.F.);
#4438 = FACE_BOUND('',#4439,.T.);
#4439 = EDGE_LOOP('',(#4440,#4441,#4449,#4455,#4456,#4464));
#4440 = ORIENTED_EDGE('',*,*,#3194,.F.);
#4441 = ORIENTED_EDGE('',*,*,#4442,.T.);
#4442 = EDGE_CURVE('',#3186,#4443,#4445,.T.);
#4443 = VERTEX_POINT('',#4444);
#4444 = CARTESIAN_POINT('',(36.3,14.92,-49.67));
#4445 = LINE('',#4446,#4447);
#4446 = CARTESIAN_POINT('',(36.3,14.92,-49.67));
#4447 = VECTOR('',#4448,1.);
#4448 = DIRECTION('',(-0.,-0.,1.));
#4449 = ORIENTED_EDGE('',*,*,#4450,.T.);
#4450 = EDGE_CURVE('',#4443,#1136,#4451,.T.);
#4451 = LINE('',#4452,#4453);
#4452 = CARTESIAN_POINT('',(36.3,15.32,-49.67));
#4453 = VECTOR('',#4454,1.);
#4454 = DIRECTION('',(-0.,-1.,-0.));
#4455 = ORIENTED_EDGE('',*,*,#1135,.F.);
#4456 = ORIENTED_EDGE('',*,*,#4457,.T.);
#4457 = EDGE_CURVE('',#1128,#4458,#4460,.T.);
#4458 = VERTEX_POINT('',#4459);
#4459 = CARTESIAN_POINT('',(36.3,5.55,-48.93));
#4460 = LINE('',#4461,#4462);
#4461 = CARTESIAN_POINT('',(36.3,56.1,-48.93));
#4462 = VECTOR('',#4463,1.);
#4463 = DIRECTION('',(-0.,-1.,-0.));
#4464 = ORIENTED_EDGE('',*,*,#4465,.T.);
#4465 = EDGE_CURVE('',#4458,#3195,#4466,.T.);
#4466 = LINE('',#4467,#4468);
#4467 = CARTESIAN_POINT('',(36.3,5.55,-50.7));
#4468 = VECTOR('',#4469,1.);
#4469 = DIRECTION('',(-0.,-0.,-1.));
#4470 = PLANE('',#4471);
#4471 = AXIS2_PLACEMENT_3D('',#4472,#4473,#4474);
#4472 = CARTESIAN_POINT('',(36.3,56.1,-50.7));
#4473 = DIRECTION('',(-1.,0.,0.));
#4474 = DIRECTION('',(0.,0.,1.));
#4475 = ADVANCED_FACE('',(#4476),#4487,.F.);
#4476 = FACE_BOUND('',#4477,.T.);
#4477 = EDGE_LOOP('',(#4478,#4479,#4480,#4486));
#4478 = ORIENTED_EDGE('',*,*,#1127,.F.);
#4479 = ORIENTED_EDGE('',*,*,#1834,.T.);
#4480 = ORIENTED_EDGE('',*,*,#4481,.T.);
#4481 = EDGE_CURVE('',#1827,#4458,#4482,.T.);
#4482 = LINE('',#4483,#4484);
#4483 = CARTESIAN_POINT('',(43.4,5.55,-48.93));
#4484 = VECTOR('',#4485,1.);
#4485 = DIRECTION('',(-1.,0.,0.));
#4486 = ORIENTED_EDGE('',*,*,#4457,.F.);
#4487 = PLANE('',#4488);
#4488 = AXIS2_PLACEMENT_3D('',#4489,#4490,#4491);
#4489 = CARTESIAN_POINT('',(43.4,56.1,-48.93));
#4490 = DIRECTION('',(0.,-0.,1.));
#4491 = DIRECTION('',(1.,0.,0.));
#4492 = ADVANCED_FACE('',(#4493),#4518,.F.);
#4493 = FACE_BOUND('',#4494,.T.);
#4494 = EDGE_LOOP('',(#4495,#4496,#4504,#4512));
#4495 = ORIENTED_EDGE('',*,*,#1151,.F.);
#4496 = ORIENTED_EDGE('',*,*,#4497,.T.);
#4497 = EDGE_CURVE('',#1144,#4498,#4500,.T.);
#4498 = VERTEX_POINT('',#4499);
#4499 = CARTESIAN_POINT('',(34.86,5.55,-49.67));
#4500 = LINE('',#4501,#4502);
#4501 = CARTESIAN_POINT('',(34.86,56.1,-49.67));
#4502 = VECTOR('',#4503,1.);
#4503 = DIRECTION('',(-0.,-1.,-0.));
#4504 = ORIENTED_EDGE('',*,*,#4505,.T.);
#4505 = EDGE_CURVE('',#4498,#4506,#4508,.T.);
#4506 = VERTEX_POINT('',#4507);
#4507 = CARTESIAN_POINT('',(34.86,5.55,-42.07));
#4508 = LINE('',#4509,#4510);
#4509 = CARTESIAN_POINT('',(34.86,5.55,-49.67));
#4510 = VECTOR('',#4511,1.);
#4511 = DIRECTION('',(0.,0.,1.));
#4512 = ORIENTED_EDGE('',*,*,#4513,.F.);
#4513 = EDGE_CURVE('',#1152,#4506,#4514,.T.);
#4514 = LINE('',#4515,#4516);
#4515 = CARTESIAN_POINT('',(34.86,56.1,-42.07));
#4516 = VECTOR('',#4517,1.);
#4517 = DIRECTION('',(-0.,-1.,-0.));
#4518 = PLANE('',#4519);
#4519 = AXIS2_PLACEMENT_3D('',#4520,#4521,#4522);
#4520 = CARTESIAN_POINT('',(34.86,56.1,-49.67));
#4521 = DIRECTION('',(1.,0.,0.));
#4522 = DIRECTION('',(0.,0.,-1.));
#4523 = ADVANCED_FACE('',(#4524),#4566,.F.);
#4524 = FACE_BOUND('',#4525,.T.);
#4525 = EDGE_LOOP('',(#4526,#4527,#4536,#4542,#4550,#4556,#4557,#4558,
    #4559));
#4526 = ORIENTED_EDGE('',*,*,#3003,.F.);
#4527 = ORIENTED_EDGE('',*,*,#4528,.T.);
#4528 = EDGE_CURVE('',#2996,#4529,#4531,.T.);
#4529 = VERTEX_POINT('',#4530);
#4530 = CARTESIAN_POINT('',(23.81,14.92,-49.67));
#4531 = CIRCLE('',#4532,0.4);
#4532 = AXIS2_PLACEMENT_3D('',#4533,#4534,#4535);
#4533 = CARTESIAN_POINT('',(24.21,14.92,-49.67));
#4534 = DIRECTION('',(-5.651587795038E-15,-0.,1.));
#4535 = DIRECTION('',(-1.,0.,-5.651587795038E-15));
#4536 = ORIENTED_EDGE('',*,*,#4537,.T.);
#4537 = EDGE_CURVE('',#4529,#1200,#4538,.T.);
#4538 = LINE('',#4539,#4540);
#4539 = CARTESIAN_POINT('',(23.81,15.32,-49.67));
#4540 = VECTOR('',#4541,1.);
#4541 = DIRECTION('',(-0.,-1.,-0.));
#4542 = ORIENTED_EDGE('',*,*,#4543,.T.);
#4543 = EDGE_CURVE('',#1200,#4544,#4546,.T.);
#4544 = VERTEX_POINT('',#4545);
#4545 = CARTESIAN_POINT('',(23.81,5.55,-49.67));
#4546 = LINE('',#4547,#4548);
#4547 = CARTESIAN_POINT('',(23.81,56.1,-49.67));
#4548 = VECTOR('',#4549,1.);
#4549 = DIRECTION('',(-0.,-1.,-0.));
#4550 = ORIENTED_EDGE('',*,*,#4551,.T.);
#4551 = EDGE_CURVE('',#4544,#4498,#4552,.T.);
#4552 = LINE('',#4553,#4554);
#4553 = CARTESIAN_POINT('',(34.86,5.55,-49.67));
#4554 = VECTOR('',#4555,1.);
#4555 = DIRECTION('',(1.,-0.,5.651587795038E-15));
#4556 = ORIENTED_EDGE('',*,*,#4497,.F.);
#4557 = ORIENTED_EDGE('',*,*,#1143,.F.);
#4558 = ORIENTED_EDGE('',*,*,#4450,.F.);
#4559 = ORIENTED_EDGE('',*,*,#4560,.T.);
#4560 = EDGE_CURVE('',#4443,#3004,#4561,.T.);
#4561 = CIRCLE('',#4562,0.4);
#4562 = AXIS2_PLACEMENT_3D('',#4563,#4564,#4565);
#4563 = CARTESIAN_POINT('',(35.9,14.92,-49.67));
#4564 = DIRECTION('',(-5.651587795038E-15,-0.,1.));
#4565 = DIRECTION('',(-1.,0.,-5.651587795038E-15));
#4566 = PLANE('',#4567);
#4567 = AXIS2_PLACEMENT_3D('',#4568,#4569,#4570);
#4568 = CARTESIAN_POINT('',(34.86,56.1,-49.67));
#4569 = DIRECTION('',(5.651587795038E-15,0.,-1.));
#4570 = DIRECTION('',(-1.,0.,-5.651587795038E-15));
#4571 = ADVANCED_FACE('',(#4572),#4590,.F.);
#4572 = FACE_BOUND('',#4573,.T.);
#4573 = EDGE_LOOP('',(#4574,#4575,#4583,#4589));
#4574 = ORIENTED_EDGE('',*,*,#1199,.F.);
#4575 = ORIENTED_EDGE('',*,*,#4576,.T.);
#4576 = EDGE_CURVE('',#1192,#4577,#4579,.T.);
#4577 = VERTEX_POINT('',#4578);
#4578 = CARTESIAN_POINT('',(23.81,5.55,-48.47));
#4579 = LINE('',#4580,#4581);
#4580 = CARTESIAN_POINT('',(23.81,56.1,-48.47));
#4581 = VECTOR('',#4582,1.);
#4582 = DIRECTION('',(-0.,-1.,-0.));
#4583 = ORIENTED_EDGE('',*,*,#4584,.T.);
#4584 = EDGE_CURVE('',#4577,#4544,#4585,.T.);
#4585 = LINE('',#4586,#4587);
#4586 = CARTESIAN_POINT('',(23.81,5.55,-49.67));
#4587 = VECTOR('',#4588,1.);
#4588 = DIRECTION('',(-0.,-0.,-1.));
#4589 = ORIENTED_EDGE('',*,*,#4543,.F.);
#4590 = PLANE('',#4591);
#4591 = AXIS2_PLACEMENT_3D('',#4592,#4593,#4594);
#4592 = CARTESIAN_POINT('',(23.81,56.1,-49.67));
#4593 = DIRECTION('',(-1.,0.,0.));
#4594 = DIRECTION('',(0.,0.,1.));
#4595 = ADVANCED_FACE('',(#4596),#4638,.F.);
#4596 = FACE_BOUND('',#4597,.T.);
#4597 = EDGE_LOOP('',(#4598,#4599,#4607,#4615,#4623,#4631,#4637));
#4598 = ORIENTED_EDGE('',*,*,#1191,.F.);
#4599 = ORIENTED_EDGE('',*,*,#4600,.T.);
#4600 = EDGE_CURVE('',#1184,#4601,#4603,.T.);
#4601 = VERTEX_POINT('',#4602);
#4602 = CARTESIAN_POINT('',(32.86,6.82,-48.47));
#4603 = LINE('',#4604,#4605);
#4604 = CARTESIAN_POINT('',(27.86,7.82,-48.47));
#4605 = VECTOR('',#4606,1.);
#4606 = DIRECTION('',(0.980580675691,-0.196116135138,-7.518392566675E-16
    ));
#4607 = ORIENTED_EDGE('',*,*,#4608,.T.);
#4608 = EDGE_CURVE('',#4601,#4609,#4611,.T.);
#4609 = VERTEX_POINT('',#4610);
#4610 = CARTESIAN_POINT('',(32.86,3.85,-48.47));
#4611 = LINE('',#4612,#4613);
#4612 = CARTESIAN_POINT('',(32.86,56.1,-48.47));
#4613 = VECTOR('',#4614,1.);
#4614 = DIRECTION('',(-0.,-1.,-0.));
#4615 = ORIENTED_EDGE('',*,*,#4616,.F.);
#4616 = EDGE_CURVE('',#4617,#4609,#4619,.T.);
#4617 = VERTEX_POINT('',#4618);
#4618 = CARTESIAN_POINT('',(32.56,3.85,-48.47));
#4619 = LINE('',#4620,#4621);
#4620 = CARTESIAN_POINT('',(32.86,3.85,-48.47));
#4621 = VECTOR('',#4622,1.);
#4622 = DIRECTION('',(1.,-0.,-0.));
#4623 = ORIENTED_EDGE('',*,*,#4624,.T.);
#4624 = EDGE_CURVE('',#4617,#4625,#4627,.T.);
#4625 = VERTEX_POINT('',#4626);
#4626 = CARTESIAN_POINT('',(28.86,5.55,-48.47));
#4627 = LINE('',#4628,#4629);
#4628 = CARTESIAN_POINT('',(32.56,3.85,-48.47));
#4629 = VECTOR('',#4630,1.);
#4630 = DIRECTION('',(-0.908676843963,0.417500171551,6.967085318452E-16)
  );
#4631 = ORIENTED_EDGE('',*,*,#4632,.T.);
#4632 = EDGE_CURVE('',#4625,#4577,#4633,.T.);
#4633 = LINE('',#4634,#4635);
#4634 = CARTESIAN_POINT('',(23.81,5.55,-48.47));
#4635 = VECTOR('',#4636,1.);
#4636 = DIRECTION('',(-1.,-0.,7.667286081665E-16));
#4637 = ORIENTED_EDGE('',*,*,#4576,.F.);
#4638 = PLANE('',#4639);
#4639 = AXIS2_PLACEMENT_3D('',#4640,#4641,#4642);
#4640 = CARTESIAN_POINT('',(23.81,56.1,-48.47));
#4641 = DIRECTION('',(7.667286081665E-16,-0.,1.));
#4642 = DIRECTION('',(1.,0.,-7.667286081665E-16));
#4643 = ADVANCED_FACE('',(#4644),#4669,.F.);
#4644 = FACE_BOUND('',#4645,.T.);
#4645 = EDGE_LOOP('',(#4646,#4647,#4655,#4663));
#4646 = ORIENTED_EDGE('',*,*,#4608,.F.);
#4647 = ORIENTED_EDGE('',*,*,#4648,.T.);
#4648 = EDGE_CURVE('',#4601,#4649,#4651,.T.);
#4649 = VERTEX_POINT('',#4650);
#4650 = CARTESIAN_POINT('',(32.86,6.82,-43.27));
#4651 = LINE('',#4652,#4653);
#4652 = CARTESIAN_POINT('',(32.86,6.82,-43.27));
#4653 = VECTOR('',#4654,1.);
#4654 = DIRECTION('',(-2.668805347657E-15,-0.,1.));
#4655 = ORIENTED_EDGE('',*,*,#4656,.T.);
#4656 = EDGE_CURVE('',#4649,#4657,#4659,.T.);
#4657 = VERTEX_POINT('',#4658);
#4658 = CARTESIAN_POINT('',(32.86,3.85,-43.27));
#4659 = LINE('',#4660,#4661);
#4660 = CARTESIAN_POINT('',(32.86,56.1,-43.27));
#4661 = VECTOR('',#4662,1.);
#4662 = DIRECTION('',(-0.,-1.,-0.));
#4663 = ORIENTED_EDGE('',*,*,#4664,.F.);
#4664 = EDGE_CURVE('',#4609,#4657,#4665,.T.);
#4665 = LINE('',#4666,#4667);
#4666 = CARTESIAN_POINT('',(32.86,3.85,-48.47));
#4667 = VECTOR('',#4668,1.);
#4668 = DIRECTION('',(0.,0.,1.));
#4669 = PLANE('',#4670);
#4670 = AXIS2_PLACEMENT_3D('',#4671,#4672,#4673);
#4671 = CARTESIAN_POINT('',(32.86,56.1,-48.47));
#4672 = DIRECTION('',(-1.,0.,-2.668805347657E-15));
#4673 = DIRECTION('',(-2.668805347657E-15,0.,1.));
#4674 = ADVANCED_FACE('',(#4675),#4715,.F.);
#4675 = FACE_BOUND('',#4676,.T.);
#4676 = EDGE_LOOP('',(#4677,#4678,#4684,#4685,#4693,#4701,#4709));
#4677 = ORIENTED_EDGE('',*,*,#4656,.F.);
#4678 = ORIENTED_EDGE('',*,*,#4679,.T.);
#4679 = EDGE_CURVE('',#4649,#1176,#4680,.T.);
#4680 = LINE('',#4681,#4682);
#4681 = CARTESIAN_POINT('',(27.86,7.82,-43.27));
#4682 = VECTOR('',#4683,1.);
#4683 = DIRECTION('',(-0.980580675691,0.196116135138,6.766553310008E-15)
  );
#4684 = ORIENTED_EDGE('',*,*,#1175,.F.);
#4685 = ORIENTED_EDGE('',*,*,#4686,.T.);
#4686 = EDGE_CURVE('',#1168,#4687,#4689,.T.);
#4687 = VERTEX_POINT('',#4688);
#4688 = CARTESIAN_POINT('',(23.81,5.55,-43.27));
#4689 = LINE('',#4690,#4691);
#4690 = CARTESIAN_POINT('',(23.81,56.1,-43.27));
#4691 = VECTOR('',#4692,1.);
#4692 = DIRECTION('',(-0.,-1.,-0.));
#4693 = ORIENTED_EDGE('',*,*,#4694,.T.);
#4694 = EDGE_CURVE('',#4687,#4695,#4697,.T.);
#4695 = VERTEX_POINT('',#4696);
#4696 = CARTESIAN_POINT('',(28.86,5.55,-43.27));
#4697 = LINE('',#4698,#4699);
#4698 = CARTESIAN_POINT('',(23.81,5.55,-43.27));
#4699 = VECTOR('',#4700,1.);
#4700 = DIRECTION('',(1.,0.,-6.900557473499E-15));
#4701 = ORIENTED_EDGE('',*,*,#4702,.T.);
#4702 = EDGE_CURVE('',#4695,#4703,#4705,.T.);
#4703 = VERTEX_POINT('',#4704);
#4704 = CARTESIAN_POINT('',(32.56,3.85,-43.27));
#4705 = LINE('',#4706,#4707);
#4706 = CARTESIAN_POINT('',(32.56,3.85,-43.27));
#4707 = VECTOR('',#4708,1.);
#4708 = DIRECTION('',(0.908676843963,-0.417500171551,-6.270376786606E-15
    ));
#4709 = ORIENTED_EDGE('',*,*,#4710,.F.);
#4710 = EDGE_CURVE('',#4657,#4703,#4711,.T.);
#4711 = LINE('',#4712,#4713);
#4712 = CARTESIAN_POINT('',(32.86,3.85,-43.27));
#4713 = VECTOR('',#4714,1.);
#4714 = DIRECTION('',(-1.,0.,0.));
#4715 = PLANE('',#4716);
#4716 = AXIS2_PLACEMENT_3D('',#4717,#4718,#4719);
#4717 = CARTESIAN_POINT('',(23.81,56.1,-43.27));
#4718 = DIRECTION('',(-6.900557473499E-15,0.,-1.));
#4719 = DIRECTION('',(-1.,0.,6.900557473499E-15));
#4720 = ADVANCED_FACE('',(#4721),#4739,.F.);
#4721 = FACE_BOUND('',#4722,.T.);
#4722 = EDGE_LOOP('',(#4723,#4724,#4732,#4738));
#4723 = ORIENTED_EDGE('',*,*,#1167,.F.);
#4724 = ORIENTED_EDGE('',*,*,#4725,.T.);
#4725 = EDGE_CURVE('',#1160,#4726,#4728,.T.);
#4726 = VERTEX_POINT('',#4727);
#4727 = CARTESIAN_POINT('',(23.81,5.55,-42.07));
#4728 = LINE('',#4729,#4730);
#4729 = CARTESIAN_POINT('',(23.81,56.1,-42.07));
#4730 = VECTOR('',#4731,1.);
#4731 = DIRECTION('',(-0.,-1.,-0.));
#4732 = ORIENTED_EDGE('',*,*,#4733,.T.);
#4733 = EDGE_CURVE('',#4726,#4687,#4734,.T.);
#4734 = LINE('',#4735,#4736);
#4735 = CARTESIAN_POINT('',(23.81,5.55,-43.27));
#4736 = VECTOR('',#4737,1.);
#4737 = DIRECTION('',(-3.469446951954E-14,-0.,-1.));
#4738 = ORIENTED_EDGE('',*,*,#4686,.F.);
#4739 = PLANE('',#4740);
#4740 = AXIS2_PLACEMENT_3D('',#4741,#4742,#4743);
#4741 = CARTESIAN_POINT('',(23.81,56.1,-43.27));
#4742 = DIRECTION('',(-1.,0.,3.469446951954E-14));
#4743 = DIRECTION('',(3.469446951954E-14,0.,1.));
#4744 = ADVANCED_FACE('',(#4745),#4756,.F.);
#4745 = FACE_BOUND('',#4746,.T.);
#4746 = EDGE_LOOP('',(#4747,#4748,#4749,#4755));
#4747 = ORIENTED_EDGE('',*,*,#1159,.F.);
#4748 = ORIENTED_EDGE('',*,*,#4513,.T.);
#4749 = ORIENTED_EDGE('',*,*,#4750,.T.);
#4750 = EDGE_CURVE('',#4506,#4726,#4751,.T.);
#4751 = LINE('',#4752,#4753);
#4752 = CARTESIAN_POINT('',(34.86,5.55,-42.07));
#4753 = VECTOR('',#4754,1.);
#4754 = DIRECTION('',(-1.,0.,6.907496193935E-15));
#4755 = ORIENTED_EDGE('',*,*,#4725,.F.);
#4756 = PLANE('',#4757);
#4757 = AXIS2_PLACEMENT_3D('',#4758,#4759,#4760);
#4758 = CARTESIAN_POINT('',(34.86,56.1,-42.07));
#4759 = DIRECTION('',(6.907496193935E-15,-0.,1.));
#4760 = DIRECTION('',(1.,0.,-6.907496193935E-15));
#4761 = ADVANCED_FACE('',(#4762),#4811,.T.);
#4762 = FACE_BOUND('',#4763,.T.);
#4763 = EDGE_LOOP('',(#4764,#4774,#4780,#4781,#4789,#4797,#4804,#4805));
#4764 = ORIENTED_EDGE('',*,*,#4765,.F.);
#4765 = EDGE_CURVE('',#4766,#4768,#4770,.T.);
#4766 = VERTEX_POINT('',#4767);
#4767 = CARTESIAN_POINT('',(37.489974874213,0.,-49.215));
#4768 = VERTEX_POINT('',#4769);
#4769 = CARTESIAN_POINT('',(42.889974874213,0.,-49.215));
#4770 = LINE('',#4771,#4772);
#4771 = CARTESIAN_POINT('',(44.189974874213,0.,-49.215));
#4772 = VECTOR('',#4773,1.);
#4773 = DIRECTION('',(1.,-0.,-0.));
#4774 = ORIENTED_EDGE('',*,*,#4775,.T.);
#4775 = EDGE_CURVE('',#4766,#3219,#4776,.T.);
#4776 = LINE('',#4777,#4778);
#4777 = CARTESIAN_POINT('',(37.489974874213,-6.505213034913E-16,-40.15)
  );
#4778 = VECTOR('',#4779,1.);
#4779 = DIRECTION('',(-0.,-0.,-1.));
#4780 = ORIENTED_EDGE('',*,*,#3218,.F.);
#4781 = ORIENTED_EDGE('',*,*,#4782,.F.);
#4782 = EDGE_CURVE('',#4783,#3211,#4785,.T.);
#4783 = VERTEX_POINT('',#4784);
#4784 = CARTESIAN_POINT('',(18.15,0.,-52.5));
#4785 = LINE('',#4786,#4787);
#4786 = CARTESIAN_POINT('',(18.15,0.,-50.5));
#4787 = VECTOR('',#4788,1.);
#4788 = DIRECTION('',(0.,0.,1.));
#4789 = ORIENTED_EDGE('',*,*,#4790,.F.);
#4790 = EDGE_CURVE('',#4791,#4783,#4793,.T.);
#4791 = VERTEX_POINT('',#4792);
#4792 = CARTESIAN_POINT('',(43.3,0.,-52.5));
#4793 = LINE('',#4794,#4795);
#4794 = CARTESIAN_POINT('',(-43.3,0.,-52.5));
#4795 = VECTOR('',#4796,1.);
#4796 = DIRECTION('',(-1.,-0.,-0.));
#4797 = ORIENTED_EDGE('',*,*,#4798,.F.);
#4798 = EDGE_CURVE('',#3269,#4791,#4799,.T.);
#4799 = CIRCLE('',#4800,2.);
#4800 = AXIS2_PLACEMENT_3D('',#4801,#4802,#4803);
#4801 = CARTESIAN_POINT('',(43.3,0.,-50.5));
#4802 = DIRECTION('',(0.,1.,0.));
#4803 = DIRECTION('',(0.,-0.,-1.));
#4804 = ORIENTED_EDGE('',*,*,#3268,.F.);
#4805 = ORIENTED_EDGE('',*,*,#4806,.F.);
#4806 = EDGE_CURVE('',#4768,#3260,#4807,.T.);
#4807 = LINE('',#4808,#4809);
#4808 = CARTESIAN_POINT('',(42.889974874213,-9.75781955237E-16,-40.15));
#4809 = VECTOR('',#4810,1.);
#4810 = DIRECTION('',(-0.,-0.,-1.));
#4811 = PLANE('',#4812);
#4812 = AXIS2_PLACEMENT_3D('',#4813,#4814,#4815);
#4813 = CARTESIAN_POINT('',(43.3,0.,-50.5));
#4814 = DIRECTION('',(0.,-1.,0.));
#4815 = DIRECTION('',(0.,-0.,-1.));
#4816 = ADVANCED_FACE('',(#4817),#4888,.T.);
#4817 = FACE_BOUND('',#4818,.T.);
#4818 = EDGE_LOOP('',(#4819,#4829,#4835,#4836,#4842,#4843,#4851,#4859,
    #4867,#4875,#4881,#4882));
#4819 = ORIENTED_EDGE('',*,*,#4820,.F.);
#4820 = EDGE_CURVE('',#4821,#4823,#4825,.T.);
#4821 = VERTEX_POINT('',#4822);
#4822 = CARTESIAN_POINT('',(-42.83997487421,0.,42.755));
#4823 = VERTEX_POINT('',#4824);
#4824 = CARTESIAN_POINT('',(-37.48997487421,0.,42.755));
#4825 = LINE('',#4826,#4827);
#4826 = CARTESIAN_POINT('',(-44.3,0.,42.755));
#4827 = VECTOR('',#4828,1.);
#4828 = DIRECTION('',(1.,0.,0.));
#4829 = ORIENTED_EDGE('',*,*,#4830,.F.);
#4830 = EDGE_CURVE('',#3542,#4821,#4831,.T.);
#4831 = LINE('',#4832,#4833);
#4832 = CARTESIAN_POINT('',(-42.83997487421,-9.75781955237E-16,40.15));
#4833 = VECTOR('',#4834,1.);
#4834 = DIRECTION('',(-0.,-0.,1.));
#4835 = ORIENTED_EDGE('',*,*,#3541,.F.);
#4836 = ORIENTED_EDGE('',*,*,#4837,.F.);
#4837 = EDGE_CURVE('',#3728,#3534,#4838,.T.);
#4838 = LINE('',#4839,#4840);
#4839 = CARTESIAN_POINT('',(-45.3,0.,-50.5));
#4840 = VECTOR('',#4841,1.);
#4841 = DIRECTION('',(6.870191984067E-17,0.,1.));
#4842 = ORIENTED_EDGE('',*,*,#3727,.F.);
#4843 = ORIENTED_EDGE('',*,*,#4844,.T.);
#4844 = EDGE_CURVE('',#3719,#4845,#4847,.T.);
#4845 = VERTEX_POINT('',#4846);
#4846 = CARTESIAN_POINT('',(-20.7,0.,12.525));
#4847 = LINE('',#4848,#4849);
#4848 = CARTESIAN_POINT('',(-20.7,0.,12.525));
#4849 = VECTOR('',#4850,1.);
#4850 = DIRECTION('',(1.371322905911E-15,-0.,1.));
#4851 = ORIENTED_EDGE('',*,*,#4852,.F.);
#4852 = EDGE_CURVE('',#4853,#4845,#4855,.T.);
#4853 = VERTEX_POINT('',#4854);
#4854 = CARTESIAN_POINT('',(-43.5,0.,12.525));
#4855 = LINE('',#4856,#4857);
#4856 = CARTESIAN_POINT('',(5.545888029625,0.,12.525));
#4857 = VECTOR('',#4858,1.);
#4858 = DIRECTION('',(1.,0.,0.));
#4859 = ORIENTED_EDGE('',*,*,#4860,.F.);
#4860 = EDGE_CURVE('',#4861,#4853,#4863,.T.);
#4861 = VERTEX_POINT('',#4862);
#4862 = CARTESIAN_POINT('',(-43.5,0.,39.77));
#4863 = LINE('',#4864,#4865);
#4864 = CARTESIAN_POINT('',(-43.5,0.,-129.32495272));
#4865 = VECTOR('',#4866,1.);
#4866 = DIRECTION('',(1.448368878881E-15,0.,-1.));
#4867 = ORIENTED_EDGE('',*,*,#4868,.F.);
#4868 = EDGE_CURVE('',#4869,#4861,#4871,.T.);
#4869 = VERTEX_POINT('',#4870);
#4870 = CARTESIAN_POINT('',(-36.3,0.,39.77));
#4871 = LINE('',#4872,#4873);
#4872 = CARTESIAN_POINT('',(5.545888029625,0.,39.77));
#4873 = VECTOR('',#4874,1.);
#4874 = DIRECTION('',(-1.,0.,9.637352644316E-16));
#4875 = ORIENTED_EDGE('',*,*,#4876,.F.);
#4876 = EDGE_CURVE('',#3592,#4869,#4877,.T.);
#4877 = LINE('',#4878,#4879);
#4878 = CARTESIAN_POINT('',(-36.3,0.,-129.32495272));
#4879 = VECTOR('',#4880,1.);
#4880 = DIRECTION('',(0.,0.,-1.));
#4881 = ORIENTED_EDGE('',*,*,#3591,.F.);
#4882 = ORIENTED_EDGE('',*,*,#4883,.T.);
#4883 = EDGE_CURVE('',#3583,#4823,#4884,.T.);
#4884 = LINE('',#4885,#4886);
#4885 = CARTESIAN_POINT('',(-37.48997487421,-6.505213034913E-16,40.15));
#4886 = VECTOR('',#4887,1.);
#4887 = DIRECTION('',(-0.,-0.,1.));
#4888 = PLANE('',#4889);
#4889 = AXIS2_PLACEMENT_3D('',#4890,#4891,#4892);
#4890 = CARTESIAN_POINT('',(43.3,0.,-50.5));
#4891 = DIRECTION('',(0.,-1.,0.));
#4892 = DIRECTION('',(0.,-0.,-1.));
#4893 = ADVANCED_FACE('',(#4894),#4919,.F.);
#4894 = FACE_BOUND('',#4895,.T.);
#4895 = EDGE_LOOP('',(#4896,#4904,#4912,#4918));
#4896 = ORIENTED_EDGE('',*,*,#4897,.T.);
#4897 = EDGE_CURVE('',#3567,#4898,#4900,.T.);
#4898 = VERTEX_POINT('',#4899);
#4899 = CARTESIAN_POINT('',(-36.68997487421,1.88,42.755));
#4900 = LINE('',#4901,#4902);
#4901 = CARTESIAN_POINT('',(-36.68997487421,1.88,40.15));
#4902 = VECTOR('',#4903,1.);
#4903 = DIRECTION('',(-0.,-0.,1.));
#4904 = ORIENTED_EDGE('',*,*,#4905,.T.);
#4905 = EDGE_CURVE('',#4898,#4906,#4908,.T.);
#4906 = VERTEX_POINT('',#4907);
#4907 = CARTESIAN_POINT('',(-36.68997487421,0.8,42.755));
#4908 = LINE('',#4909,#4910);
#4909 = CARTESIAN_POINT('',(-36.68997487421,0.8,42.755));
#4910 = VECTOR('',#4911,1.);
#4911 = DIRECTION('',(0.,-1.,0.));
#4912 = ORIENTED_EDGE('',*,*,#4913,.F.);
#4913 = EDGE_CURVE('',#3575,#4906,#4914,.T.);
#4914 = LINE('',#4915,#4916);
#4915 = CARTESIAN_POINT('',(-36.68997487421,0.8,40.15));
#4916 = VECTOR('',#4917,1.);
#4917 = DIRECTION('',(-0.,-0.,1.));
#4918 = ORIENTED_EDGE('',*,*,#3574,.T.);
#4919 = PLANE('',#4920);
#4920 = AXIS2_PLACEMENT_3D('',#4921,#4922,#4923);
#4921 = CARTESIAN_POINT('',(-36.68997487421,0.8,40.15));
#4922 = DIRECTION('',(-1.,0.,0.));
#4923 = DIRECTION('',(0.,0.,1.));
#4924 = ADVANCED_FACE('',(#4925),#4937,.T.);
#4925 = FACE_BOUND('',#4926,.T.);
#4926 = EDGE_LOOP('',(#4927,#4928,#4935,#4936));
#4927 = ORIENTED_EDGE('',*,*,#4913,.T.);
#4928 = ORIENTED_EDGE('',*,*,#4929,.T.);
#4929 = EDGE_CURVE('',#4906,#4823,#4930,.T.);
#4930 = CIRCLE('',#4931,0.8);
#4931 = AXIS2_PLACEMENT_3D('',#4932,#4933,#4934);
#4932 = CARTESIAN_POINT('',(-37.48997487421,0.8,42.755));
#4933 = DIRECTION('',(0.,0.,-1.));
#4934 = DIRECTION('',(-1.,0.,0.));
#4935 = ORIENTED_EDGE('',*,*,#4883,.F.);
#4936 = ORIENTED_EDGE('',*,*,#3582,.T.);
#4937 = CYLINDRICAL_SURFACE('',#4938,0.8);
#4938 = AXIS2_PLACEMENT_3D('',#4939,#4940,#4941);
#4939 = CARTESIAN_POINT('',(-37.48997487421,0.8,40.15));
#4940 = DIRECTION('',(-0.,-0.,1.));
#4941 = DIRECTION('',(1.,0.,0.));
#4942 = ADVANCED_FACE('',(#4943),#4962,.T.);
#4943 = FACE_BOUND('',#4944,.T.);
#4944 = EDGE_LOOP('',(#4945,#4946,#4955,#4961));
#4945 = ORIENTED_EDGE('',*,*,#4830,.T.);
#4946 = ORIENTED_EDGE('',*,*,#4947,.T.);
#4947 = EDGE_CURVE('',#4821,#4948,#4950,.T.);
#4948 = VERTEX_POINT('',#4949);
#4949 = CARTESIAN_POINT('',(-43.63997487421,0.8,42.755));
#4950 = CIRCLE('',#4951,0.8);
#4951 = AXIS2_PLACEMENT_3D('',#4952,#4953,#4954);
#4952 = CARTESIAN_POINT('',(-42.83997487421,0.8,42.755));
#4953 = DIRECTION('',(0.,0.,-1.));
#4954 = DIRECTION('',(-1.,0.,0.));
#4955 = ORIENTED_EDGE('',*,*,#4956,.F.);
#4956 = EDGE_CURVE('',#3550,#4948,#4957,.T.);
#4957 = LINE('',#4958,#4959);
#4958 = CARTESIAN_POINT('',(-43.63997487421,0.8,40.15));
#4959 = VECTOR('',#4960,1.);
#4960 = DIRECTION('',(-0.,-0.,1.));
#4961 = ORIENTED_EDGE('',*,*,#3549,.T.);
#4962 = CYLINDRICAL_SURFACE('',#4963,0.8);
#4963 = AXIS2_PLACEMENT_3D('',#4964,#4965,#4966);
#4964 = CARTESIAN_POINT('',(-42.83997487421,0.8,40.15));
#4965 = DIRECTION('',(-0.,-0.,1.));
#4966 = DIRECTION('',(1.,0.,0.));
#4967 = ADVANCED_FACE('',(#4968),#4986,.F.);
#4968 = FACE_BOUND('',#4969,.T.);
#4969 = EDGE_LOOP('',(#4970,#4971,#4979,#4985));
#4970 = ORIENTED_EDGE('',*,*,#4956,.T.);
#4971 = ORIENTED_EDGE('',*,*,#4972,.T.);
#4972 = EDGE_CURVE('',#4948,#4973,#4975,.T.);
#4973 = VERTEX_POINT('',#4974);
#4974 = CARTESIAN_POINT('',(-43.63997487421,1.88,42.755));
#4975 = LINE('',#4976,#4977);
#4976 = CARTESIAN_POINT('',(-43.63997487421,0.8,42.755));
#4977 = VECTOR('',#4978,1.);
#4978 = DIRECTION('',(0.,1.,0.));
#4979 = ORIENTED_EDGE('',*,*,#4980,.F.);
#4980 = EDGE_CURVE('',#3559,#4973,#4981,.T.);
#4981 = LINE('',#4982,#4983);
#4982 = CARTESIAN_POINT('',(-43.63997487421,1.88,40.15));
#4983 = VECTOR('',#4984,1.);
#4984 = DIRECTION('',(-0.,-0.,1.));
#4985 = ORIENTED_EDGE('',*,*,#3558,.T.);
#4986 = PLANE('',#4987);
#4987 = AXIS2_PLACEMENT_3D('',#4988,#4989,#4990);
#4988 = CARTESIAN_POINT('',(-43.63997487421,0.8,40.15));
#4989 = DIRECTION('',(1.,-0.,0.));
#4990 = DIRECTION('',(0.,0.,-1.));
#4991 = ADVANCED_FACE('',(#4992),#5003,.F.);
#4992 = FACE_BOUND('',#4993,.T.);
#4993 = EDGE_LOOP('',(#4994,#4995,#5001,#5002));
#4994 = ORIENTED_EDGE('',*,*,#4980,.T.);
#4995 = ORIENTED_EDGE('',*,*,#4996,.T.);
#4996 = EDGE_CURVE('',#4973,#4898,#4997,.T.);
#4997 = LINE('',#4998,#4999);
#4998 = CARTESIAN_POINT('',(-43.63997487421,1.88,42.755));
#4999 = VECTOR('',#5000,1.);
#5000 = DIRECTION('',(1.,-1.248002500703E-16,0.));
#5001 = ORIENTED_EDGE('',*,*,#4897,.F.);
#5002 = ORIENTED_EDGE('',*,*,#3566,.T.);
#5003 = PLANE('',#5004);
#5004 = AXIS2_PLACEMENT_3D('',#5005,#5006,#5007);
#5005 = CARTESIAN_POINT('',(-43.63997487421,1.88,40.15));
#5006 = DIRECTION('',(-1.248002500703E-16,-1.,0.));
#5007 = DIRECTION('',(1.,-1.248002500703E-16,0.));
#5008 = ADVANCED_FACE('',(#5009),#5034,.F.);
#5009 = FACE_BOUND('',#5010,.T.);
#5010 = EDGE_LOOP('',(#5011,#5019,#5027,#5033));
#5011 = ORIENTED_EDGE('',*,*,#5012,.F.);
#5012 = EDGE_CURVE('',#5013,#3227,#5015,.T.);
#5013 = VERTEX_POINT('',#5014);
#5014 = CARTESIAN_POINT('',(36.689974874213,0.8,-49.215));
#5015 = LINE('',#5016,#5017);
#5016 = CARTESIAN_POINT('',(36.689974874213,0.8,-40.15));
#5017 = VECTOR('',#5018,1.);
#5018 = DIRECTION('',(-0.,-0.,-1.));
#5019 = ORIENTED_EDGE('',*,*,#5020,.T.);
#5020 = EDGE_CURVE('',#5013,#5021,#5023,.T.);
#5021 = VERTEX_POINT('',#5022);
#5022 = CARTESIAN_POINT('',(36.689974874213,1.8,-49.215));
#5023 = LINE('',#5024,#5025);
#5024 = CARTESIAN_POINT('',(36.689974874213,0.8,-49.215));
#5025 = VECTOR('',#5026,1.);
#5026 = DIRECTION('',(-6.938893903907E-15,1.,0.));
#5027 = ORIENTED_EDGE('',*,*,#5028,.T.);
#5028 = EDGE_CURVE('',#5021,#3236,#5029,.T.);
#5029 = LINE('',#5030,#5031);
#5030 = CARTESIAN_POINT('',(36.689974874213,1.8,-40.15));
#5031 = VECTOR('',#5032,1.);
#5032 = DIRECTION('',(-0.,-0.,-1.));
#5033 = ORIENTED_EDGE('',*,*,#3235,.T.);
#5034 = PLANE('',#5035);
#5035 = AXIS2_PLACEMENT_3D('',#5036,#5037,#5038);
#5036 = CARTESIAN_POINT('',(36.689974874213,0.8,-40.15));
#5037 = DIRECTION('',(1.,6.938893903907E-15,-0.));
#5038 = DIRECTION('',(-6.938893903907E-15,1.,0.));
#5039 = ADVANCED_FACE('',(#5040),#5052,.T.);
#5040 = FACE_BOUND('',#5041,.T.);
#5041 = EDGE_LOOP('',(#5042,#5043,#5050,#5051));
#5042 = ORIENTED_EDGE('',*,*,#4775,.F.);
#5043 = ORIENTED_EDGE('',*,*,#5044,.T.);
#5044 = EDGE_CURVE('',#4766,#5013,#5045,.T.);
#5045 = CIRCLE('',#5046,0.8);
#5046 = AXIS2_PLACEMENT_3D('',#5047,#5048,#5049);
#5047 = CARTESIAN_POINT('',(37.489974874213,0.8,-49.215));
#5048 = DIRECTION('',(0.,0.,-1.));
#5049 = DIRECTION('',(-1.,0.,0.));
#5050 = ORIENTED_EDGE('',*,*,#5012,.T.);
#5051 = ORIENTED_EDGE('',*,*,#3226,.T.);
#5052 = CYLINDRICAL_SURFACE('',#5053,0.8);
#5053 = AXIS2_PLACEMENT_3D('',#5054,#5055,#5056);
#5054 = CARTESIAN_POINT('',(37.489974874213,0.8,-40.15));
#5055 = DIRECTION('',(-0.,-0.,-1.));
#5056 = DIRECTION('',(-1.,0.,0.));
#5057 = ADVANCED_FACE('',(#5058),#5077,.T.);
#5058 = FACE_BOUND('',#5059,.T.);
#5059 = EDGE_LOOP('',(#5060,#5068,#5075,#5076));
#5060 = ORIENTED_EDGE('',*,*,#5061,.F.);
#5061 = EDGE_CURVE('',#5062,#3252,#5064,.T.);
#5062 = VERTEX_POINT('',#5063);
#5063 = CARTESIAN_POINT('',(43.689974874213,0.8,-49.215));
#5064 = LINE('',#5065,#5066);
#5065 = CARTESIAN_POINT('',(43.689974874213,0.8,-40.15));
#5066 = VECTOR('',#5067,1.);
#5067 = DIRECTION('',(-0.,-0.,-1.));
#5068 = ORIENTED_EDGE('',*,*,#5069,.T.);
#5069 = EDGE_CURVE('',#5062,#4768,#5070,.T.);
#5070 = CIRCLE('',#5071,0.8);
#5071 = AXIS2_PLACEMENT_3D('',#5072,#5073,#5074);
#5072 = CARTESIAN_POINT('',(42.889974874213,0.8,-49.215));
#5073 = DIRECTION('',(0.,0.,-1.));
#5074 = DIRECTION('',(-1.,0.,0.));
#5075 = ORIENTED_EDGE('',*,*,#4806,.T.);
#5076 = ORIENTED_EDGE('',*,*,#3259,.T.);
#5077 = CYLINDRICAL_SURFACE('',#5078,0.8);
#5078 = AXIS2_PLACEMENT_3D('',#5079,#5080,#5081);
#5079 = CARTESIAN_POINT('',(42.889974874213,0.8,-40.15));
#5080 = DIRECTION('',(-0.,-0.,-1.));
#5081 = DIRECTION('',(-1.,0.,0.));
#5082 = ADVANCED_FACE('',(#5083),#5101,.F.);
#5083 = FACE_BOUND('',#5084,.T.);
#5084 = EDGE_LOOP('',(#5085,#5093,#5099,#5100));
#5085 = ORIENTED_EDGE('',*,*,#5086,.F.);
#5086 = EDGE_CURVE('',#5087,#3244,#5089,.T.);
#5087 = VERTEX_POINT('',#5088);
#5088 = CARTESIAN_POINT('',(43.689974874213,1.8,-49.215));
#5089 = LINE('',#5090,#5091);
#5090 = CARTESIAN_POINT('',(43.689974874213,1.8,-40.15));
#5091 = VECTOR('',#5092,1.);
#5092 = DIRECTION('',(-0.,-0.,-1.));
#5093 = ORIENTED_EDGE('',*,*,#5094,.T.);
#5094 = EDGE_CURVE('',#5087,#5062,#5095,.T.);
#5095 = LINE('',#5096,#5097);
#5096 = CARTESIAN_POINT('',(43.689974874213,0.8,-49.215));
#5097 = VECTOR('',#5098,1.);
#5098 = DIRECTION('',(0.,-1.,0.));
#5099 = ORIENTED_EDGE('',*,*,#5061,.T.);
#5100 = ORIENTED_EDGE('',*,*,#3251,.T.);
#5101 = PLANE('',#5102);
#5102 = AXIS2_PLACEMENT_3D('',#5103,#5104,#5105);
#5103 = CARTESIAN_POINT('',(43.689974874213,0.8,-40.15));
#5104 = DIRECTION('',(-1.,0.,0.));
#5105 = DIRECTION('',(0.,0.,1.));
#5106 = ADVANCED_FACE('',(#5107),#5118,.F.);
#5107 = FACE_BOUND('',#5108,.T.);
#5108 = EDGE_LOOP('',(#5109,#5110,#5116,#5117));
#5109 = ORIENTED_EDGE('',*,*,#5028,.F.);
#5110 = ORIENTED_EDGE('',*,*,#5111,.T.);
#5111 = EDGE_CURVE('',#5021,#5087,#5112,.T.);
#5112 = LINE('',#5113,#5114);
#5113 = CARTESIAN_POINT('',(43.689974874213,1.8,-49.215));
#5114 = VECTOR('',#5115,1.);
#5115 = DIRECTION('',(1.,1.239088197126E-16,0.));
#5116 = ORIENTED_EDGE('',*,*,#5086,.T.);
#5117 = ORIENTED_EDGE('',*,*,#3243,.T.);
#5118 = PLANE('',#5119);
#5119 = AXIS2_PLACEMENT_3D('',#5120,#5121,#5122);
#5120 = CARTESIAN_POINT('',(43.689974874213,1.8,-40.15));
#5121 = DIRECTION('',(1.239088197126E-16,-1.,0.));
#5122 = DIRECTION('',(1.,1.239088197126E-16,0.));
#5123 = ADVANCED_FACE('',(#5124,#5400,#5458,#5516,#5520,#5535,#5541,
    #5547),#5562,.T.);
#5124 = FACE_BOUND('',#5125,.T.);
#5125 = EDGE_LOOP('',(#5126,#5134,#5135,#5141,#5142,#5143,#5144,#5145,
    #5146,#5155,#5161,#5162,#5163,#5164,#5165,#5173,#5181,#5189,#5197,
    #5203,#5204,#5205,#5206,#5207,#5208,#5214,#5215,#5216,#5217,#5218,
    #5219,#5227,#5235,#5243,#5252,#5260,#5266,#5267,#5275,#5283,#5291,
    #5299,#5305,#5306,#5307,#5308,#5309,#5310,#5319,#5325,#5326,#5327,
    #5328,#5329,#5337,#5345,#5353,#5362,#5370,#5378,#5386,#5394));
#5126 = ORIENTED_EDGE('',*,*,#5127,.F.);
#5127 = EDGE_CURVE('',#2620,#5128,#5130,.T.);
#5128 = VERTEX_POINT('',#5129);
#5129 = CARTESIAN_POINT('',(-6.,5.55,50.86));
#5130 = LINE('',#5131,#5132);
#5131 = CARTESIAN_POINT('',(-6.,5.55,-129.32495272));
#5132 = VECTOR('',#5133,1.);
#5133 = DIRECTION('',(-2.115516434118E-15,0.,-1.));
#5134 = ORIENTED_EDGE('',*,*,#2619,.T.);
#5135 = ORIENTED_EDGE('',*,*,#5136,.T.);
#5136 = EDGE_CURVE('',#2622,#3081,#5137,.T.);
#5137 = LINE('',#5138,#5139);
#5138 = CARTESIAN_POINT('',(-18.15,5.55,-129.32495272));
#5139 = VECTOR('',#5140,1.);
#5140 = DIRECTION('',(-3.47087410752E-16,0.,-1.));
#5141 = ORIENTED_EDGE('',*,*,#3080,.T.);
#5142 = ORIENTED_EDGE('',*,*,#4093,.F.);
#5143 = ORIENTED_EDGE('',*,*,#4110,.F.);
#5144 = ORIENTED_EDGE('',*,*,#1408,.F.);
#5145 = ORIENTED_EDGE('',*,*,#3162,.T.);
#5146 = ORIENTED_EDGE('',*,*,#5147,.T.);
#5147 = EDGE_CURVE('',#3155,#5148,#5150,.T.);
#5148 = VERTEX_POINT('',#5149);
#5149 = CARTESIAN_POINT('',(-45.3,5.55,50.5));
#5150 = CIRCLE('',#5151,2.);
#5151 = AXIS2_PLACEMENT_3D('',#5152,#5153,#5154);
#5152 = CARTESIAN_POINT('',(-43.3,5.55,50.5));
#5153 = DIRECTION('',(0.,-1.,0.));
#5154 = DIRECTION('',(0.,0.,-1.));
#5155 = ORIENTED_EDGE('',*,*,#5156,.T.);
#5156 = EDGE_CURVE('',#5148,#3526,#5157,.T.);
#5157 = LINE('',#5158,#5159);
#5158 = CARTESIAN_POINT('',(-45.3,5.55,-129.32495272));
#5159 = VECTOR('',#5160,1.);
#5160 = DIRECTION('',(-6.870191984067E-17,0.,-1.));
#5161 = ORIENTED_EDGE('',*,*,#3525,.T.);
#5162 = ORIENTED_EDGE('',*,*,#1431,.F.);
#5163 = ORIENTED_EDGE('',*,*,#4069,.F.);
#5164 = ORIENTED_EDGE('',*,*,#4045,.F.);
#5165 = ORIENTED_EDGE('',*,*,#5166,.T.);
#5166 = EDGE_CURVE('',#3600,#5167,#5169,.T.);
#5167 = VERTEX_POINT('',#5168);
#5168 = CARTESIAN_POINT('',(-36.3,5.55,39.77));
#5169 = LINE('',#5170,#5171);
#5170 = CARTESIAN_POINT('',(-36.3,5.55,-129.32495272));
#5171 = VECTOR('',#5172,1.);
#5172 = DIRECTION('',(0.,0.,-1.));
#5173 = ORIENTED_EDGE('',*,*,#5174,.T.);
#5174 = EDGE_CURVE('',#5167,#5175,#5177,.T.);
#5175 = VERTEX_POINT('',#5176);
#5176 = CARTESIAN_POINT('',(-43.5,5.55,39.77));
#5177 = LINE('',#5178,#5179);
#5178 = CARTESIAN_POINT('',(5.545888029625,5.55,39.77));
#5179 = VECTOR('',#5180,1.);
#5180 = DIRECTION('',(-1.,0.,9.637352644316E-16));
#5181 = ORIENTED_EDGE('',*,*,#5182,.T.);
#5182 = EDGE_CURVE('',#5175,#5183,#5185,.T.);
#5183 = VERTEX_POINT('',#5184);
#5184 = CARTESIAN_POINT('',(-43.5,5.55,12.525));
#5185 = LINE('',#5186,#5187);
#5186 = CARTESIAN_POINT('',(-43.5,5.55,-129.32495272));
#5187 = VECTOR('',#5188,1.);
#5188 = DIRECTION('',(1.448368878881E-15,0.,-1.));
#5189 = ORIENTED_EDGE('',*,*,#5190,.T.);
#5190 = EDGE_CURVE('',#5183,#5191,#5193,.T.);
#5191 = VERTEX_POINT('',#5192);
#5192 = CARTESIAN_POINT('',(-18.2,5.55,12.525));
#5193 = LINE('',#5194,#5195);
#5194 = CARTESIAN_POINT('',(5.545888029625,5.55,12.525));
#5195 = VECTOR('',#5196,1.);
#5196 = DIRECTION('',(1.,0.,0.));
#5197 = ORIENTED_EDGE('',*,*,#5198,.T.);
#5198 = EDGE_CURVE('',#5191,#3703,#5199,.T.);
#5199 = LINE('',#5200,#5201);
#5200 = CARTESIAN_POINT('',(-18.2,5.55,-129.32495272));
#5201 = VECTOR('',#5202,1.);
#5202 = DIRECTION('',(-1.371322905911E-15,0.,-1.));
#5203 = ORIENTED_EDGE('',*,*,#3702,.T.);
#5204 = ORIENTED_EDGE('',*,*,#3798,.F.);
#5205 = ORIENTED_EDGE('',*,*,#3815,.F.);
#5206 = ORIENTED_EDGE('',*,*,#3767,.F.);
#5207 = ORIENTED_EDGE('',*,*,#3743,.T.);
#5208 = ORIENTED_EDGE('',*,*,#5209,.T.);
#5209 = EDGE_CURVE('',#3736,#3639,#5210,.T.);
#5210 = LINE('',#5211,#5212);
#5211 = CARTESIAN_POINT('',(-45.3,5.55,-129.32495272));
#5212 = VECTOR('',#5213,1.);
#5213 = DIRECTION('',(-6.870191984067E-17,0.,-1.));
#5214 = ORIENTED_EDGE('',*,*,#3638,.F.);
#5215 = ORIENTED_EDGE('',*,*,#3839,.F.);
#5216 = ORIENTED_EDGE('',*,*,#3863,.F.);
#5217 = ORIENTED_EDGE('',*,*,#3880,.F.);
#5218 = ORIENTED_EDGE('',*,*,#3679,.F.);
#5219 = ORIENTED_EDGE('',*,*,#5220,.T.);
#5220 = EDGE_CURVE('',#3672,#5221,#5223,.T.);
#5221 = VERTEX_POINT('',#5222);
#5222 = CARTESIAN_POINT('',(-18.2,5.55,-12.525));
#5223 = LINE('',#5224,#5225);
#5224 = CARTESIAN_POINT('',(-18.2,5.55,-129.32495272));
#5225 = VECTOR('',#5226,1.);
#5226 = DIRECTION('',(0.,0.,-1.));
#5227 = ORIENTED_EDGE('',*,*,#5228,.F.);
#5228 = EDGE_CURVE('',#5229,#5221,#5231,.T.);
#5229 = VERTEX_POINT('',#5230);
#5230 = CARTESIAN_POINT('',(-43.5,5.55,-12.525));
#5231 = LINE('',#5232,#5233);
#5232 = CARTESIAN_POINT('',(5.545888029625,5.55,-12.525));
#5233 = VECTOR('',#5234,1.);
#5234 = DIRECTION('',(1.,0.,0.));
#5235 = ORIENTED_EDGE('',*,*,#5236,.T.);
#5236 = EDGE_CURVE('',#5229,#5237,#5239,.T.);
#5237 = VERTEX_POINT('',#5238);
#5238 = CARTESIAN_POINT('',(-43.5,5.55,-50.5));
#5239 = LINE('',#5240,#5241);
#5240 = CARTESIAN_POINT('',(-43.5,5.55,-129.32495272));
#5241 = VECTOR('',#5242,1.);
#5242 = DIRECTION('',(-1.27905878413E-15,0.,-1.));
#5243 = ORIENTED_EDGE('',*,*,#5244,.T.);
#5244 = EDGE_CURVE('',#5237,#5245,#5247,.T.);
#5245 = VERTEX_POINT('',#5246);
#5246 = CARTESIAN_POINT('',(-43.3,5.55,-50.7));
#5247 = CIRCLE('',#5248,0.2);
#5248 = AXIS2_PLACEMENT_3D('',#5249,#5250,#5251);
#5249 = CARTESIAN_POINT('',(-43.3,5.55,-50.5));
#5250 = DIRECTION('',(0.,-1.,0.));
#5251 = DIRECTION('',(0.,0.,-1.));
#5252 = ORIENTED_EDGE('',*,*,#5253,.T.);
#5253 = EDGE_CURVE('',#5245,#5254,#5256,.T.);
#5254 = VERTEX_POINT('',#5255);
#5255 = CARTESIAN_POINT('',(-18.15,5.55,-50.7));
#5256 = LINE('',#5257,#5258);
#5257 = CARTESIAN_POINT('',(5.545888029625,5.55,-50.7));
#5258 = VECTOR('',#5259,1.);
#5259 = DIRECTION('',(1.,0.,0.));
#5260 = ORIENTED_EDGE('',*,*,#5261,.F.);
#5261 = EDGE_CURVE('',#2676,#5254,#5262,.T.);
#5262 = LINE('',#5263,#5264);
#5263 = CARTESIAN_POINT('',(-18.15,5.55,-129.32495272));
#5264 = VECTOR('',#5265,1.);
#5265 = DIRECTION('',(0.,0.,1.));
#5266 = ORIENTED_EDGE('',*,*,#2675,.T.);
#5267 = ORIENTED_EDGE('',*,*,#5268,.F.);
#5268 = EDGE_CURVE('',#5269,#2668,#5271,.T.);
#5269 = VERTEX_POINT('',#5270);
#5270 = CARTESIAN_POINT('',(-6.,5.55,-50.86));
#5271 = LINE('',#5272,#5273);
#5272 = CARTESIAN_POINT('',(-6.,5.55,-129.32495272));
#5273 = VECTOR('',#5274,1.);
#5274 = DIRECTION('',(2.115516434118E-15,0.,-1.));
#5275 = ORIENTED_EDGE('',*,*,#5276,.F.);
#5276 = EDGE_CURVE('',#5277,#5269,#5279,.T.);
#5277 = VERTEX_POINT('',#5278);
#5278 = CARTESIAN_POINT('',(6.,5.55,-50.86));
#5279 = LINE('',#5280,#5281);
#5280 = CARTESIAN_POINT('',(5.545888029625,5.55,-50.86));
#5281 = VECTOR('',#5282,1.);
#5282 = DIRECTION('',(-1.,0.,0.));
#5283 = ORIENTED_EDGE('',*,*,#5284,.F.);
#5284 = EDGE_CURVE('',#5285,#5277,#5287,.T.);
#5285 = VERTEX_POINT('',#5286);
#5286 = CARTESIAN_POINT('',(6.,5.55,-52.5));
#5287 = LINE('',#5288,#5289);
#5288 = CARTESIAN_POINT('',(6.,5.55,-129.32495272));
#5289 = VECTOR('',#5290,1.);
#5290 = DIRECTION('',(2.115516434118E-15,0.,1.));
#5291 = ORIENTED_EDGE('',*,*,#5292,.T.);
#5292 = EDGE_CURVE('',#5285,#5293,#5295,.T.);
#5293 = VERTEX_POINT('',#5294);
#5294 = CARTESIAN_POINT('',(18.15,5.55,-52.5));
#5295 = LINE('',#5296,#5297);
#5296 = CARTESIAN_POINT('',(-43.3,5.55,-52.5));
#5297 = VECTOR('',#5298,1.);
#5298 = DIRECTION('',(1.,0.,-0.));
#5299 = ORIENTED_EDGE('',*,*,#5300,.T.);
#5300 = EDGE_CURVE('',#5293,#3203,#5301,.T.);
#5301 = LINE('',#5302,#5303);
#5302 = CARTESIAN_POINT('',(18.15,5.55,-129.32495272));
#5303 = VECTOR('',#5304,1.);
#5304 = DIRECTION('',(0.,0.,1.));
#5305 = ORIENTED_EDGE('',*,*,#3202,.T.);
#5306 = ORIENTED_EDGE('',*,*,#4465,.F.);
#5307 = ORIENTED_EDGE('',*,*,#4481,.F.);
#5308 = ORIENTED_EDGE('',*,*,#1826,.F.);
#5309 = ORIENTED_EDGE('',*,*,#3284,.T.);
#5310 = ORIENTED_EDGE('',*,*,#5311,.T.);
#5311 = EDGE_CURVE('',#3277,#5312,#5314,.T.);
#5312 = VERTEX_POINT('',#5313);
#5313 = CARTESIAN_POINT('',(45.3,5.55,-50.5));
#5314 = CIRCLE('',#5315,2.);
#5315 = AXIS2_PLACEMENT_3D('',#5316,#5317,#5318);
#5316 = CARTESIAN_POINT('',(43.3,5.55,-50.5));
#5317 = DIRECTION('',(0.,-1.,0.));
#5318 = DIRECTION('',(0.,0.,-1.));
#5319 = ORIENTED_EDGE('',*,*,#5320,.T.);
#5320 = EDGE_CURVE('',#5312,#3413,#5321,.T.);
#5321 = LINE('',#5322,#5323);
#5322 = CARTESIAN_POINT('',(45.3,5.55,-129.32495272));
#5323 = VECTOR('',#5324,1.);
#5324 = DIRECTION('',(6.870191984067E-17,0.,1.));
#5325 = ORIENTED_EDGE('',*,*,#3412,.F.);
#5326 = ORIENTED_EDGE('',*,*,#1849,.F.);
#5327 = ORIENTED_EDGE('',*,*,#4426,.F.);
#5328 = ORIENTED_EDGE('',*,*,#4402,.F.);
#5329 = ORIENTED_EDGE('',*,*,#5330,.F.);
#5330 = EDGE_CURVE('',#5331,#3380,#5333,.T.);
#5331 = VERTEX_POINT('',#5332);
#5332 = CARTESIAN_POINT('',(36.3,5.55,-39.77));
#5333 = LINE('',#5334,#5335);
#5334 = CARTESIAN_POINT('',(36.3,5.55,-129.32495272));
#5335 = VECTOR('',#5336,1.);
#5336 = DIRECTION('',(0.,0.,-1.));
#5337 = ORIENTED_EDGE('',*,*,#5338,.F.);
#5338 = EDGE_CURVE('',#5339,#5331,#5341,.T.);
#5339 = VERTEX_POINT('',#5340);
#5340 = CARTESIAN_POINT('',(43.5,5.55,-39.77));
#5341 = LINE('',#5342,#5343);
#5342 = CARTESIAN_POINT('',(5.545888029625,5.55,-39.77));
#5343 = VECTOR('',#5344,1.);
#5344 = DIRECTION('',(-1.,0.,0.));
#5345 = ORIENTED_EDGE('',*,*,#5346,.T.);
#5346 = EDGE_CURVE('',#5339,#5347,#5349,.T.);
#5347 = VERTEX_POINT('',#5348);
#5348 = CARTESIAN_POINT('',(43.5,5.55,50.5));
#5349 = LINE('',#5350,#5351);
#5350 = CARTESIAN_POINT('',(43.5,5.55,-129.32495272));
#5351 = VECTOR('',#5352,1.);
#5352 = DIRECTION('',(2.26835367895E-16,0.,1.));
#5353 = ORIENTED_EDGE('',*,*,#5354,.T.);
#5354 = EDGE_CURVE('',#5347,#5355,#5357,.T.);
#5355 = VERTEX_POINT('',#5356);
#5356 = CARTESIAN_POINT('',(43.3,5.55,50.7));
#5357 = CIRCLE('',#5358,0.2);
#5358 = AXIS2_PLACEMENT_3D('',#5359,#5360,#5361);
#5359 = CARTESIAN_POINT('',(43.3,5.55,50.5));
#5360 = DIRECTION('',(0.,-1.,0.));
#5361 = DIRECTION('',(0.,0.,-1.));
#5362 = ORIENTED_EDGE('',*,*,#5363,.T.);
#5363 = EDGE_CURVE('',#5355,#5364,#5366,.T.);
#5364 = VERTEX_POINT('',#5365);
#5365 = CARTESIAN_POINT('',(18.15,5.55,50.7));
#5366 = LINE('',#5367,#5368);
#5367 = CARTESIAN_POINT('',(5.545888029625,5.55,50.7));
#5368 = VECTOR('',#5369,1.);
#5369 = DIRECTION('',(-1.,0.,-2.759003540321E-16));
#5370 = ORIENTED_EDGE('',*,*,#5371,.F.);
#5371 = EDGE_CURVE('',#5372,#5364,#5374,.T.);
#5372 = VERTEX_POINT('',#5373);
#5373 = CARTESIAN_POINT('',(18.15,5.55,52.5));
#5374 = LINE('',#5375,#5376);
#5375 = CARTESIAN_POINT('',(18.15,5.55,-129.32495272));
#5376 = VECTOR('',#5377,1.);
#5377 = DIRECTION('',(3.47087410752E-16,0.,-1.));
#5378 = ORIENTED_EDGE('',*,*,#5379,.T.);
#5379 = EDGE_CURVE('',#5372,#5380,#5382,.T.);
#5380 = VERTEX_POINT('',#5381);
#5381 = CARTESIAN_POINT('',(6.,5.55,52.5));
#5382 = LINE('',#5383,#5384);
#5383 = CARTESIAN_POINT('',(-43.3,5.55,52.5));
#5384 = VECTOR('',#5385,1.);
#5385 = DIRECTION('',(-1.,0.,0.));
#5386 = ORIENTED_EDGE('',*,*,#5387,.F.);
#5387 = EDGE_CURVE('',#5388,#5380,#5390,.T.);
#5388 = VERTEX_POINT('',#5389);
#5389 = CARTESIAN_POINT('',(6.,5.55,50.86));
#5390 = LINE('',#5391,#5392);
#5391 = CARTESIAN_POINT('',(6.,5.55,-129.32495272));
#5392 = VECTOR('',#5393,1.);
#5393 = DIRECTION('',(-2.115516434118E-15,0.,1.));
#5394 = ORIENTED_EDGE('',*,*,#5395,.F.);
#5395 = EDGE_CURVE('',#5128,#5388,#5396,.T.);
#5396 = LINE('',#5397,#5398);
#5397 = CARTESIAN_POINT('',(5.545888029625,5.55,50.86));
#5398 = VECTOR('',#5399,1.);
#5399 = DIRECTION('',(1.,0.,0.));
#5400 = FACE_BOUND('',#5401,.T.);
#5401 = EDGE_LOOP('',(#5402,#5412,#5420,#5428,#5436,#5444,#5452));
#5402 = ORIENTED_EDGE('',*,*,#5403,.F.);
#5403 = EDGE_CURVE('',#5404,#5406,#5408,.T.);
#5404 = VERTEX_POINT('',#5405);
#5405 = CARTESIAN_POINT('',(15.2,5.55,-26.8));
#5406 = VERTEX_POINT('',#5407);
#5407 = CARTESIAN_POINT('',(18.22,5.55,-26.8));
#5408 = LINE('',#5409,#5410);
#5409 = CARTESIAN_POINT('',(5.545888029625,5.55,-26.8));
#5410 = VECTOR('',#5411,1.);
#5411 = DIRECTION('',(1.,0.,-1.148823494024E-15));
#5412 = ORIENTED_EDGE('',*,*,#5413,.T.);
#5413 = EDGE_CURVE('',#5404,#5414,#5416,.T.);
#5414 = VERTEX_POINT('',#5415);
#5415 = CARTESIAN_POINT('',(15.2,5.55,-15.));
#5416 = LINE('',#5417,#5418);
#5417 = CARTESIAN_POINT('',(15.2,5.55,-129.32495272));
#5418 = VECTOR('',#5419,1.);
#5419 = DIRECTION('',(1.482669637587E-16,0.,1.));
#5420 = ORIENTED_EDGE('',*,*,#5421,.T.);
#5421 = EDGE_CURVE('',#5414,#5422,#5424,.T.);
#5422 = VERTEX_POINT('',#5423);
#5423 = CARTESIAN_POINT('',(18.22,5.55,-15.));
#5424 = LINE('',#5425,#5426);
#5425 = CARTESIAN_POINT('',(5.545888029625,5.55,-15.));
#5426 = VECTOR('',#5427,1.);
#5427 = DIRECTION('',(1.,0.,-3.182978855003E-16));
#5428 = ORIENTED_EDGE('',*,*,#5429,.T.);
#5429 = EDGE_CURVE('',#5422,#5430,#5432,.T.);
#5430 = VERTEX_POINT('',#5431);
#5431 = CARTESIAN_POINT('',(26.1,5.55,-15.));
#5432 = LINE('',#5433,#5434);
#5433 = CARTESIAN_POINT('',(5.545888029625,5.55,-15.));
#5434 = VECTOR('',#5435,1.);
#5435 = DIRECTION('',(1.,0.,-3.182978855003E-16));
#5436 = ORIENTED_EDGE('',*,*,#5437,.F.);
#5437 = EDGE_CURVE('',#5438,#5430,#5440,.T.);
#5438 = VERTEX_POINT('',#5439);
#5439 = CARTESIAN_POINT('',(26.1,5.55,-26.7));
#5440 = LINE('',#5441,#5442);
#5441 = CARTESIAN_POINT('',(26.1,5.55,-129.32495272));
#5442 = VECTOR('',#5443,1.);
#5443 = DIRECTION('',(0.,0.,1.));
#5444 = ORIENTED_EDGE('',*,*,#5445,.F.);
#5445 = EDGE_CURVE('',#5446,#5438,#5448,.T.);
#5446 = VERTEX_POINT('',#5447);
#5447 = CARTESIAN_POINT('',(18.22,5.55,-26.7));
#5448 = LINE('',#5449,#5450);
#5449 = CARTESIAN_POINT('',(5.545888029625,5.55,-26.7));
#5450 = VECTOR('',#5451,1.);
#5451 = DIRECTION('',(1.,0.,-3.182978855003E-16));
#5452 = ORIENTED_EDGE('',*,*,#5453,.F.);
#5453 = EDGE_CURVE('',#5406,#5446,#5454,.T.);
#5454 = LINE('',#5455,#5456);
#5455 = CARTESIAN_POINT('',(18.22,5.55,-129.32495272));
#5456 = VECTOR('',#5457,1.);
#5457 = DIRECTION('',(-0.,0.,1.));
#5458 = FACE_BOUND('',#5459,.T.);
#5459 = EDGE_LOOP('',(#5460,#5470,#5478,#5486,#5494,#5502,#5510));
#5460 = ORIENTED_EDGE('',*,*,#5461,.F.);
#5461 = EDGE_CURVE('',#5462,#5464,#5466,.T.);
#5462 = VERTEX_POINT('',#5463);
#5463 = CARTESIAN_POINT('',(15.2,5.55,26.8));
#5464 = VERTEX_POINT('',#5465);
#5465 = CARTESIAN_POINT('',(15.2,5.55,15.));
#5466 = LINE('',#5467,#5468);
#5467 = CARTESIAN_POINT('',(15.2,5.55,-129.32495272));
#5468 = VECTOR('',#5469,1.);
#5469 = DIRECTION('',(1.482669637587E-16,0.,-1.));
#5470 = ORIENTED_EDGE('',*,*,#5471,.F.);
#5471 = EDGE_CURVE('',#5472,#5462,#5474,.T.);
#5472 = VERTEX_POINT('',#5473);
#5473 = CARTESIAN_POINT('',(18.22,5.55,26.8));
#5474 = LINE('',#5475,#5476);
#5475 = CARTESIAN_POINT('',(5.545888029625,5.55,26.8));
#5476 = VECTOR('',#5477,1.);
#5477 = DIRECTION('',(-1.,0.,0.));
#5478 = ORIENTED_EDGE('',*,*,#5479,.F.);
#5479 = EDGE_CURVE('',#5480,#5472,#5482,.T.);
#5480 = VERTEX_POINT('',#5481);
#5481 = CARTESIAN_POINT('',(18.22,5.55,26.7));
#5482 = LINE('',#5483,#5484);
#5483 = CARTESIAN_POINT('',(18.22,5.55,-129.32495272));
#5484 = VECTOR('',#5485,1.);
#5485 = DIRECTION('',(-0.,0.,1.));
#5486 = ORIENTED_EDGE('',*,*,#5487,.T.);
#5487 = EDGE_CURVE('',#5480,#5488,#5490,.T.);
#5488 = VERTEX_POINT('',#5489);
#5489 = CARTESIAN_POINT('',(26.1,5.55,26.7));
#5490 = LINE('',#5491,#5492);
#5491 = CARTESIAN_POINT('',(5.545888029625,5.55,26.7));
#5492 = VECTOR('',#5493,1.);
#5493 = DIRECTION('',(1.,0.,3.182978855003E-16));
#5494 = ORIENTED_EDGE('',*,*,#5495,.T.);
#5495 = EDGE_CURVE('',#5488,#5496,#5498,.T.);
#5496 = VERTEX_POINT('',#5497);
#5497 = CARTESIAN_POINT('',(26.1,5.55,15.));
#5498 = LINE('',#5499,#5500);
#5499 = CARTESIAN_POINT('',(26.1,5.55,-129.32495272));
#5500 = VECTOR('',#5501,1.);
#5501 = DIRECTION('',(0.,0.,-1.));
#5502 = ORIENTED_EDGE('',*,*,#5503,.F.);
#5503 = EDGE_CURVE('',#5504,#5496,#5506,.T.);
#5504 = VERTEX_POINT('',#5505);
#5505 = CARTESIAN_POINT('',(18.22,5.55,15.));
#5506 = LINE('',#5507,#5508);
#5507 = CARTESIAN_POINT('',(5.545888029625,5.55,15.));
#5508 = VECTOR('',#5509,1.);
#5509 = DIRECTION('',(1.,0.,3.182978855003E-16));
#5510 = ORIENTED_EDGE('',*,*,#5511,.F.);
#5511 = EDGE_CURVE('',#5464,#5504,#5512,.T.);
#5512 = LINE('',#5513,#5514);
#5513 = CARTESIAN_POINT('',(5.545888029625,5.55,15.));
#5514 = VECTOR('',#5515,1.);
#5515 = DIRECTION('',(1.,0.,3.182978855003E-16));
#5516 = FACE_BOUND('',#5517,.T.);
#5517 = EDGE_LOOP('',(#5518,#5519));
#5518 = ORIENTED_EDGE('',*,*,#3895,.F.);
#5519 = ORIENTED_EDGE('',*,*,#419,.F.);
#5520 = FACE_BOUND('',#5521,.T.);
#5521 = EDGE_LOOP('',(#5522,#5523,#5529,#5530,#5531,#5532,#5533,#5534));
#5522 = ORIENTED_EDGE('',*,*,#4267,.F.);
#5523 = ORIENTED_EDGE('',*,*,#5524,.F.);
#5524 = EDGE_CURVE('',#4330,#4260,#5525,.T.);
#5525 = LINE('',#5526,#5527);
#5526 = CARTESIAN_POINT('',(-28.86,5.55,48.47));
#5527 = VECTOR('',#5528,1.);
#5528 = DIRECTION('',(-0.,-0.,1.));
#5529 = ORIENTED_EDGE('',*,*,#4329,.F.);
#5530 = ORIENTED_EDGE('',*,*,#4368,.F.);
#5531 = ORIENTED_EDGE('',*,*,#4385,.F.);
#5532 = ORIENTED_EDGE('',*,*,#4134,.F.);
#5533 = ORIENTED_EDGE('',*,*,#4180,.F.);
#5534 = ORIENTED_EDGE('',*,*,#4219,.F.);
#5535 = FACE_BOUND('',#5536,.T.);
#5536 = EDGE_LOOP('',(#5537,#5538,#5539,#5540));
#5537 = ORIENTED_EDGE('',*,*,#2509,.F.);
#5538 = ORIENTED_EDGE('',*,*,#3987,.F.);
#5539 = ORIENTED_EDGE('',*,*,#4011,.F.);
#5540 = ORIENTED_EDGE('',*,*,#4028,.F.);
#5541 = FACE_BOUND('',#5542,.T.);
#5542 = EDGE_LOOP('',(#5543,#5544,#5545,#5546));
#5543 = ORIENTED_EDGE('',*,*,#3915,.F.);
#5544 = ORIENTED_EDGE('',*,*,#2277,.F.);
#5545 = ORIENTED_EDGE('',*,*,#3946,.F.);
#5546 = ORIENTED_EDGE('',*,*,#3963,.F.);
#5547 = FACE_BOUND('',#5548,.T.);
#5548 = EDGE_LOOP('',(#5549,#5550,#5556,#5557,#5558,#5559,#5560,#5561));
#5549 = ORIENTED_EDGE('',*,*,#4632,.F.);
#5550 = ORIENTED_EDGE('',*,*,#5551,.F.);
#5551 = EDGE_CURVE('',#4695,#4625,#5552,.T.);
#5552 = LINE('',#5553,#5554);
#5553 = CARTESIAN_POINT('',(28.86,5.55,-48.47));
#5554 = VECTOR('',#5555,1.);
#5555 = DIRECTION('',(-0.,-0.,-1.));
#5556 = ORIENTED_EDGE('',*,*,#4694,.F.);
#5557 = ORIENTED_EDGE('',*,*,#4733,.F.);
#5558 = ORIENTED_EDGE('',*,*,#4750,.F.);
#5559 = ORIENTED_EDGE('',*,*,#4505,.F.);
#5560 = ORIENTED_EDGE('',*,*,#4551,.F.);
#5561 = ORIENTED_EDGE('',*,*,#4584,.F.);
#5562 = PLANE('',#5563);
#5563 = AXIS2_PLACEMENT_3D('',#5564,#5565,#5566);
#5564 = CARTESIAN_POINT('',(5.545888029625,5.55,-129.32495272));
#5565 = DIRECTION('',(0.,-1.,0.));
#5566 = DIRECTION('',(0.,-0.,-1.));
#5567 = ADVANCED_FACE('',(#5568),#5597,.F.);
#5568 = FACE_BOUND('',#5569,.T.);
#5569 = EDGE_LOOP('',(#5570,#5571,#5572,#5573,#5579,#5580,#5588,#5594,
    #5595,#5596));
#5570 = ORIENTED_EDGE('',*,*,#4837,.T.);
#5571 = ORIENTED_EDGE('',*,*,#3533,.F.);
#5572 = ORIENTED_EDGE('',*,*,#5156,.F.);
#5573 = ORIENTED_EDGE('',*,*,#5574,.F.);
#5574 = EDGE_CURVE('',#1495,#5148,#5575,.T.);
#5575 = LINE('',#5576,#5577);
#5576 = CARTESIAN_POINT('',(-45.3,12.92,50.5));
#5577 = VECTOR('',#5578,1.);
#5578 = DIRECTION('',(-0.,-1.,-0.));
#5579 = ORIENTED_EDGE('',*,*,#1494,.F.);
#5580 = ORIENTED_EDGE('',*,*,#5581,.T.);
#5581 = EDGE_CURVE('',#1486,#5582,#5584,.T.);
#5582 = VERTEX_POINT('',#5583);
#5583 = CARTESIAN_POINT('',(-45.3,0.,-50.5));
#5584 = LINE('',#5585,#5586);
#5585 = CARTESIAN_POINT('',(-45.3,12.92,-50.5));
#5586 = VECTOR('',#5587,1.);
#5587 = DIRECTION('',(-0.,-1.,-0.));
#5588 = ORIENTED_EDGE('',*,*,#5589,.T.);
#5589 = EDGE_CURVE('',#5582,#3647,#5590,.T.);
#5590 = LINE('',#5591,#5592);
#5591 = CARTESIAN_POINT('',(-45.3,0.,-50.5));
#5592 = VECTOR('',#5593,1.);
#5593 = DIRECTION('',(6.870191984067E-17,0.,1.));
#5594 = ORIENTED_EDGE('',*,*,#3646,.F.);
#5595 = ORIENTED_EDGE('',*,*,#5209,.F.);
#5596 = ORIENTED_EDGE('',*,*,#3735,.T.);
#5597 = PLANE('',#5598);
#5598 = AXIS2_PLACEMENT_3D('',#5599,#5600,#5601);
#5599 = CARTESIAN_POINT('',(-45.3,12.92,-50.5));
#5600 = DIRECTION('',(1.,0.,-6.870191984067E-17));
#5601 = DIRECTION('',(-6.870191984067E-17,0.,-1.));
#5602 = ADVANCED_FACE('',(#5603),#5635,.F.);
#5603 = FACE_BOUND('',#5604,.T.);
#5604 = EDGE_LOOP('',(#5605,#5606,#5612,#5613,#5621,#5629));
#5605 = ORIENTED_EDGE('',*,*,#1895,.F.);
#5606 = ORIENTED_EDGE('',*,*,#5607,.T.);
#5607 = EDGE_CURVE('',#1888,#5380,#5608,.T.);
#5608 = LINE('',#5609,#5610);
#5609 = CARTESIAN_POINT('',(6.,12.92,52.5));
#5610 = VECTOR('',#5611,1.);
#5611 = DIRECTION('',(0.,-1.,0.));
#5612 = ORIENTED_EDGE('',*,*,#5379,.F.);
#5613 = ORIENTED_EDGE('',*,*,#5614,.F.);
#5614 = EDGE_CURVE('',#5615,#5372,#5617,.T.);
#5615 = VERTEX_POINT('',#5616);
#5616 = CARTESIAN_POINT('',(18.15,0.,52.5));
#5617 = LINE('',#5618,#5619);
#5618 = CARTESIAN_POINT('',(18.15,12.92,52.5));
#5619 = VECTOR('',#5620,1.);
#5620 = DIRECTION('',(0.,1.,0.));
#5621 = ORIENTED_EDGE('',*,*,#5622,.T.);
#5622 = EDGE_CURVE('',#5615,#5623,#5625,.T.);
#5623 = VERTEX_POINT('',#5624);
#5624 = CARTESIAN_POINT('',(43.3,0.,52.5));
#5625 = LINE('',#5626,#5627);
#5626 = CARTESIAN_POINT('',(-43.3,0.,52.5));
#5627 = VECTOR('',#5628,1.);
#5628 = DIRECTION('',(1.,0.,0.));
#5629 = ORIENTED_EDGE('',*,*,#5630,.F.);
#5630 = EDGE_CURVE('',#1896,#5623,#5631,.T.);
#5631 = LINE('',#5632,#5633);
#5632 = CARTESIAN_POINT('',(43.3,12.92,52.5));
#5633 = VECTOR('',#5634,1.);
#5634 = DIRECTION('',(-0.,-1.,-0.));
#5635 = PLANE('',#5636);
#5636 = AXIS2_PLACEMENT_3D('',#5637,#5638,#5639);
#5637 = CARTESIAN_POINT('',(-43.3,12.92,52.5));
#5638 = DIRECTION('',(0.,0.,-1.));
#5639 = DIRECTION('',(-1.,0.,-0.));
#5640 = ADVANCED_FACE('',(#5641),#5666,.F.);
#5641 = FACE_BOUND('',#5642,.T.);
#5642 = EDGE_LOOP('',(#5643,#5644,#5645,#5651,#5652,#5660));
#5643 = ORIENTED_EDGE('',*,*,#3420,.F.);
#5644 = ORIENTED_EDGE('',*,*,#5320,.F.);
#5645 = ORIENTED_EDGE('',*,*,#5646,.F.);
#5646 = EDGE_CURVE('',#1913,#5312,#5647,.T.);
#5647 = LINE('',#5648,#5649);
#5648 = CARTESIAN_POINT('',(45.3,12.92,-50.5));
#5649 = VECTOR('',#5650,1.);
#5650 = DIRECTION('',(-0.,-1.,-0.));
#5651 = ORIENTED_EDGE('',*,*,#1912,.F.);
#5652 = ORIENTED_EDGE('',*,*,#5653,.T.);
#5653 = EDGE_CURVE('',#1904,#5654,#5656,.T.);
#5654 = VERTEX_POINT('',#5655);
#5655 = CARTESIAN_POINT('',(45.3,0.,50.5));
#5656 = LINE('',#5657,#5658);
#5657 = CARTESIAN_POINT('',(45.3,12.92,50.5));
#5658 = VECTOR('',#5659,1.);
#5659 = DIRECTION('',(-0.,-1.,-0.));
#5660 = ORIENTED_EDGE('',*,*,#5661,.T.);
#5661 = EDGE_CURVE('',#5654,#3421,#5662,.T.);
#5662 = LINE('',#5663,#5664);
#5663 = CARTESIAN_POINT('',(45.3,0.,-50.5));
#5664 = VECTOR('',#5665,1.);
#5665 = DIRECTION('',(-6.870191984067E-17,-0.,-1.));
#5666 = PLANE('',#5667);
#5667 = AXIS2_PLACEMENT_3D('',#5668,#5669,#5670);
#5668 = CARTESIAN_POINT('',(45.3,12.92,-50.5));
#5669 = DIRECTION('',(-1.,0.,6.870191984067E-17));
#5670 = DIRECTION('',(6.870191984067E-17,0.,1.));
#5671 = ADVANCED_FACE('',(#5672),#5731,.T.);
#5672 = FACE_BOUND('',#5673,.T.);
#5673 = EDGE_LOOP('',(#5674,#5684,#5690,#5691,#5692,#5699,#5700,#5708,
    #5716,#5725));
#5674 = ORIENTED_EDGE('',*,*,#5675,.T.);
#5675 = EDGE_CURVE('',#5676,#5678,#5680,.T.);
#5676 = VERTEX_POINT('',#5677);
#5677 = CARTESIAN_POINT('',(-43.5,0.,-12.525));
#5678 = VERTEX_POINT('',#5679);
#5679 = CARTESIAN_POINT('',(-20.7,0.,-12.525));
#5680 = LINE('',#5681,#5682);
#5681 = CARTESIAN_POINT('',(5.545888029625,0.,-12.525));
#5682 = VECTOR('',#5683,1.);
#5683 = DIRECTION('',(1.,0.,0.));
#5684 = ORIENTED_EDGE('',*,*,#5685,.T.);
#5685 = EDGE_CURVE('',#5678,#3655,#5686,.T.);
#5686 = LINE('',#5687,#5688);
#5687 = CARTESIAN_POINT('',(-20.7,0.,-9.995));
#5688 = VECTOR('',#5689,1.);
#5689 = DIRECTION('',(-0.,-0.,1.));
#5690 = ORIENTED_EDGE('',*,*,#3654,.T.);
#5691 = ORIENTED_EDGE('',*,*,#5589,.F.);
#5692 = ORIENTED_EDGE('',*,*,#5693,.F.);
#5693 = EDGE_CURVE('',#2692,#5582,#5694,.T.);
#5694 = CIRCLE('',#5695,2.);
#5695 = AXIS2_PLACEMENT_3D('',#5696,#5697,#5698);
#5696 = CARTESIAN_POINT('',(-43.3,0.,-50.5));
#5697 = DIRECTION('',(0.,1.,0.));
#5698 = DIRECTION('',(0.,-0.,1.));
#5699 = ORIENTED_EDGE('',*,*,#2691,.F.);
#5700 = ORIENTED_EDGE('',*,*,#5701,.T.);
#5701 = EDGE_CURVE('',#2684,#5702,#5704,.T.);
#5702 = VERTEX_POINT('',#5703);
#5703 = CARTESIAN_POINT('',(-18.15,0.,-50.7));
#5704 = LINE('',#5705,#5706);
#5705 = CARTESIAN_POINT('',(-18.15,0.,-50.5));
#5706 = VECTOR('',#5707,1.);
#5707 = DIRECTION('',(0.,0.,1.));
#5708 = ORIENTED_EDGE('',*,*,#5709,.F.);
#5709 = EDGE_CURVE('',#5710,#5702,#5712,.T.);
#5710 = VERTEX_POINT('',#5711);
#5711 = CARTESIAN_POINT('',(-43.3,0.,-50.7));
#5712 = LINE('',#5713,#5714);
#5713 = CARTESIAN_POINT('',(5.545888029625,0.,-50.7));
#5714 = VECTOR('',#5715,1.);
#5715 = DIRECTION('',(1.,0.,0.));
#5716 = ORIENTED_EDGE('',*,*,#5717,.F.);
#5717 = EDGE_CURVE('',#5718,#5710,#5720,.T.);
#5718 = VERTEX_POINT('',#5719);
#5719 = CARTESIAN_POINT('',(-43.5,0.,-50.5));
#5720 = CIRCLE('',#5721,0.2);
#5721 = AXIS2_PLACEMENT_3D('',#5722,#5723,#5724);
#5722 = CARTESIAN_POINT('',(-43.3,0.,-50.5));
#5723 = DIRECTION('',(0.,-1.,0.));
#5724 = DIRECTION('',(0.,0.,-1.));
#5725 = ORIENTED_EDGE('',*,*,#5726,.F.);
#5726 = EDGE_CURVE('',#5676,#5718,#5727,.T.);
#5727 = LINE('',#5728,#5729);
#5728 = CARTESIAN_POINT('',(-43.5,0.,-129.32495272));
#5729 = VECTOR('',#5730,1.);
#5730 = DIRECTION('',(-1.27905878413E-15,0.,-1.));
#5731 = PLANE('',#5732);
#5732 = AXIS2_PLACEMENT_3D('',#5733,#5734,#5735);
#5733 = CARTESIAN_POINT('',(43.3,0.,-50.5));
#5734 = DIRECTION('',(0.,-1.,0.));
#5735 = DIRECTION('',(0.,-0.,-1.));
#5736 = ADVANCED_FACE('',(#5737),#5819,.T.);
#5737 = FACE_BOUND('',#5738,.T.);
#5738 = EDGE_LOOP('',(#5739,#5749,#5755,#5756,#5757,#5764,#5765,#5773,
    #5781,#5790,#5798,#5806,#5812,#5813));
#5739 = ORIENTED_EDGE('',*,*,#5740,.F.);
#5740 = EDGE_CURVE('',#5741,#5743,#5745,.T.);
#5741 = VERTEX_POINT('',#5742);
#5742 = CARTESIAN_POINT('',(42.889974874213,0.,-42.755));
#5743 = VERTEX_POINT('',#5744);
#5744 = CARTESIAN_POINT('',(37.489974874213,0.,-42.755));
#5745 = LINE('',#5746,#5747);
#5746 = CARTESIAN_POINT('',(44.189974874213,0.,-42.755));
#5747 = VECTOR('',#5748,1.);
#5748 = DIRECTION('',(-1.,0.,8.673617379884E-16));
#5749 = ORIENTED_EDGE('',*,*,#5750,.F.);
#5750 = EDGE_CURVE('',#3429,#5741,#5751,.T.);
#5751 = LINE('',#5752,#5753);
#5752 = CARTESIAN_POINT('',(42.889974874213,-9.75781955237E-16,-40.15));
#5753 = VECTOR('',#5754,1.);
#5754 = DIRECTION('',(-0.,-0.,-1.));
#5755 = ORIENTED_EDGE('',*,*,#3428,.T.);
#5756 = ORIENTED_EDGE('',*,*,#5661,.F.);
#5757 = ORIENTED_EDGE('',*,*,#5758,.F.);
#5758 = EDGE_CURVE('',#5623,#5654,#5759,.T.);
#5759 = CIRCLE('',#5760,2.);
#5760 = AXIS2_PLACEMENT_3D('',#5761,#5762,#5763);
#5761 = CARTESIAN_POINT('',(43.3,0.,50.5));
#5762 = DIRECTION('',(0.,1.,0.));
#5763 = DIRECTION('',(0.,-0.,1.));
#5764 = ORIENTED_EDGE('',*,*,#5622,.F.);
#5765 = ORIENTED_EDGE('',*,*,#5766,.T.);
#5766 = EDGE_CURVE('',#5615,#5767,#5769,.T.);
#5767 = VERTEX_POINT('',#5768);
#5768 = CARTESIAN_POINT('',(18.15,0.,50.7));
#5769 = LINE('',#5770,#5771);
#5770 = CARTESIAN_POINT('',(18.15,0.,-50.5));
#5771 = VECTOR('',#5772,1.);
#5772 = DIRECTION('',(3.47087410752E-16,0.,-1.));
#5773 = ORIENTED_EDGE('',*,*,#5774,.F.);
#5774 = EDGE_CURVE('',#5775,#5767,#5777,.T.);
#5775 = VERTEX_POINT('',#5776);
#5776 = CARTESIAN_POINT('',(43.3,0.,50.7));
#5777 = LINE('',#5778,#5779);
#5778 = CARTESIAN_POINT('',(5.545888029625,0.,50.7));
#5779 = VECTOR('',#5780,1.);
#5780 = DIRECTION('',(-1.,0.,-2.759003540321E-16));
#5781 = ORIENTED_EDGE('',*,*,#5782,.F.);
#5782 = EDGE_CURVE('',#5783,#5775,#5785,.T.);
#5783 = VERTEX_POINT('',#5784);
#5784 = CARTESIAN_POINT('',(43.5,0.,50.5));
#5785 = CIRCLE('',#5786,0.2);
#5786 = AXIS2_PLACEMENT_3D('',#5787,#5788,#5789);
#5787 = CARTESIAN_POINT('',(43.3,0.,50.5));
#5788 = DIRECTION('',(0.,-1.,0.));
#5789 = DIRECTION('',(0.,0.,-1.));
#5790 = ORIENTED_EDGE('',*,*,#5791,.F.);
#5791 = EDGE_CURVE('',#5792,#5783,#5794,.T.);
#5792 = VERTEX_POINT('',#5793);
#5793 = CARTESIAN_POINT('',(43.5,0.,-39.77));
#5794 = LINE('',#5795,#5796);
#5795 = CARTESIAN_POINT('',(43.5,0.,-129.32495272));
#5796 = VECTOR('',#5797,1.);
#5797 = DIRECTION('',(2.26835367895E-16,0.,1.));
#5798 = ORIENTED_EDGE('',*,*,#5799,.T.);
#5799 = EDGE_CURVE('',#5792,#5800,#5802,.T.);
#5800 = VERTEX_POINT('',#5801);
#5801 = CARTESIAN_POINT('',(36.3,0.,-39.77));
#5802 = LINE('',#5803,#5804);
#5803 = CARTESIAN_POINT('',(5.545888029625,0.,-39.77));
#5804 = VECTOR('',#5805,1.);
#5805 = DIRECTION('',(-1.,0.,0.));
#5806 = ORIENTED_EDGE('',*,*,#5807,.T.);
#5807 = EDGE_CURVE('',#5800,#3479,#5808,.T.);
#5808 = LINE('',#5809,#5810);
#5809 = CARTESIAN_POINT('',(36.3,0.,-129.32495272));
#5810 = VECTOR('',#5811,1.);
#5811 = DIRECTION('',(0.,0.,-1.));
#5812 = ORIENTED_EDGE('',*,*,#3478,.T.);
#5813 = ORIENTED_EDGE('',*,*,#5814,.T.);
#5814 = EDGE_CURVE('',#3470,#5743,#5815,.T.);
#5815 = LINE('',#5816,#5817);
#5816 = CARTESIAN_POINT('',(37.489974874213,-6.505213034913E-16,-40.15)
  );
#5817 = VECTOR('',#5818,1.);
#5818 = DIRECTION('',(-0.,-0.,-1.));
#5819 = PLANE('',#5820);
#5820 = AXIS2_PLACEMENT_3D('',#5821,#5822,#5823);
#5821 = CARTESIAN_POINT('',(43.3,0.,-50.5));
#5822 = DIRECTION('',(0.,-1.,0.));
#5823 = DIRECTION('',(0.,-0.,-1.));
#5824 = ADVANCED_FACE('',(#5825),#5865,.T.);
#5825 = FACE_BOUND('',#5826,.T.);
#5826 = EDGE_LOOP('',(#5827,#5837,#5843,#5844,#5850,#5851,#5858,#5859));
#5827 = ORIENTED_EDGE('',*,*,#5828,.F.);
#5828 = EDGE_CURVE('',#5829,#5831,#5833,.T.);
#5829 = VERTEX_POINT('',#5830);
#5830 = CARTESIAN_POINT('',(-37.48997487421,0.,49.215));
#5831 = VERTEX_POINT('',#5832);
#5832 = CARTESIAN_POINT('',(-42.83997487421,0.,49.215));
#5833 = LINE('',#5834,#5835);
#5834 = CARTESIAN_POINT('',(-44.3,0.,49.215));
#5835 = VECTOR('',#5836,1.);
#5836 = DIRECTION('',(-1.,-0.,-0.));
#5837 = ORIENTED_EDGE('',*,*,#5838,.T.);
#5838 = EDGE_CURVE('',#5829,#3097,#5839,.T.);
#5839 = LINE('',#5840,#5841);
#5840 = CARTESIAN_POINT('',(-37.48997487421,-6.505213034913E-16,40.15));
#5841 = VECTOR('',#5842,1.);
#5842 = DIRECTION('',(-0.,-0.,1.));
#5843 = ORIENTED_EDGE('',*,*,#3096,.F.);
#5844 = ORIENTED_EDGE('',*,*,#5845,.F.);
#5845 = EDGE_CURVE('',#2645,#3089,#5846,.T.);
#5846 = LINE('',#5847,#5848);
#5847 = CARTESIAN_POINT('',(-18.15,0.,-50.5));
#5848 = VECTOR('',#5849,1.);
#5849 = DIRECTION('',(-3.47087410752E-16,0.,-1.));
#5850 = ORIENTED_EDGE('',*,*,#2644,.F.);
#5851 = ORIENTED_EDGE('',*,*,#5852,.F.);
#5852 = EDGE_CURVE('',#3147,#2637,#5853,.T.);
#5853 = CIRCLE('',#5854,2.);
#5854 = AXIS2_PLACEMENT_3D('',#5855,#5856,#5857);
#5855 = CARTESIAN_POINT('',(-43.3,0.,50.5));
#5856 = DIRECTION('',(0.,1.,0.));
#5857 = DIRECTION('',(0.,-0.,1.));
#5858 = ORIENTED_EDGE('',*,*,#3146,.F.);
#5859 = ORIENTED_EDGE('',*,*,#5860,.F.);
#5860 = EDGE_CURVE('',#5831,#3138,#5861,.T.);
#5861 = LINE('',#5862,#5863);
#5862 = CARTESIAN_POINT('',(-42.83997487421,-9.75781955237E-16,40.15));
#5863 = VECTOR('',#5864,1.);
#5864 = DIRECTION('',(-0.,-0.,1.));
#5865 = PLANE('',#5866);
#5866 = AXIS2_PLACEMENT_3D('',#5867,#5868,#5869);
#5867 = CARTESIAN_POINT('',(43.3,0.,-50.5));
#5868 = DIRECTION('',(0.,-1.,0.));
#5869 = DIRECTION('',(0.,-0.,-1.));
#5870 = ADVANCED_FACE('',(#5871),#5884,.T.);
#5871 = FACE_BOUND('',#5872,.T.);
#5872 = EDGE_LOOP('',(#5873,#5874,#5875,#5876,#5882,#5883));
#5873 = ORIENTED_EDGE('',*,*,#5311,.F.);
#5874 = ORIENTED_EDGE('',*,*,#3276,.T.);
#5875 = ORIENTED_EDGE('',*,*,#4798,.T.);
#5876 = ORIENTED_EDGE('',*,*,#5877,.F.);
#5877 = EDGE_CURVE('',#1921,#4791,#5878,.T.);
#5878 = LINE('',#5879,#5880);
#5879 = CARTESIAN_POINT('',(43.3,12.92,-52.5));
#5880 = VECTOR('',#5881,1.);
#5881 = DIRECTION('',(-0.,-1.,-0.));
#5882 = ORIENTED_EDGE('',*,*,#1920,.F.);
#5883 = ORIENTED_EDGE('',*,*,#5646,.T.);
#5884 = CYLINDRICAL_SURFACE('',#5885,2.);
#5885 = AXIS2_PLACEMENT_3D('',#5886,#5887,#5888);
#5886 = CARTESIAN_POINT('',(43.3,12.92,-50.5));
#5887 = DIRECTION('',(-0.,-1.,-0.));
#5888 = DIRECTION('',(0.,0.,-1.));
#5889 = ADVANCED_FACE('',(#5890),#5908,.F.);
#5890 = FACE_BOUND('',#5891,.T.);
#5891 = EDGE_LOOP('',(#5892,#5893,#5899,#5900,#5901,#5902));
#5892 = ORIENTED_EDGE('',*,*,#5292,.F.);
#5893 = ORIENTED_EDGE('',*,*,#5894,.T.);
#5894 = EDGE_CURVE('',#5285,#1930,#5895,.T.);
#5895 = LINE('',#5896,#5897);
#5896 = CARTESIAN_POINT('',(6.,12.92,-52.5));
#5897 = VECTOR('',#5898,1.);
#5898 = DIRECTION('',(-0.,1.,0.));
#5899 = ORIENTED_EDGE('',*,*,#1929,.F.);
#5900 = ORIENTED_EDGE('',*,*,#5877,.T.);
#5901 = ORIENTED_EDGE('',*,*,#4790,.T.);
#5902 = ORIENTED_EDGE('',*,*,#5903,.T.);
#5903 = EDGE_CURVE('',#4783,#5293,#5904,.T.);
#5904 = LINE('',#5905,#5906);
#5905 = CARTESIAN_POINT('',(18.15,12.92,-52.5));
#5906 = VECTOR('',#5907,1.);
#5907 = DIRECTION('',(0.,1.,0.));
#5908 = PLANE('',#5909);
#5909 = AXIS2_PLACEMENT_3D('',#5910,#5911,#5912);
#5910 = CARTESIAN_POINT('',(-43.3,12.92,-52.5));
#5911 = DIRECTION('',(0.,0.,1.));
#5912 = DIRECTION('',(1.,0.,-0.));
#5913 = ADVANCED_FACE('',(#5914),#5920,.T.);
#5914 = FACE_BOUND('',#5915,.T.);
#5915 = EDGE_LOOP('',(#5916,#5917,#5918,#5919));
#5916 = ORIENTED_EDGE('',*,*,#5693,.T.);
#5917 = ORIENTED_EDGE('',*,*,#5581,.F.);
#5918 = ORIENTED_EDGE('',*,*,#1485,.F.);
#5919 = ORIENTED_EDGE('',*,*,#2699,.T.);
#5920 = CYLINDRICAL_SURFACE('',#5921,2.);
#5921 = AXIS2_PLACEMENT_3D('',#5922,#5923,#5924);
#5922 = CARTESIAN_POINT('',(-43.3,12.92,-50.5));
#5923 = DIRECTION('',(-0.,-1.,-0.));
#5924 = DIRECTION('',(0.,0.,-1.));
#5925 = ADVANCED_FACE('',(#5926),#5934,.T.);
#5926 = FACE_BOUND('',#5927,.T.);
#5927 = EDGE_LOOP('',(#5928,#5929,#5930,#5931,#5932,#5933));
#5928 = ORIENTED_EDGE('',*,*,#5147,.F.);
#5929 = ORIENTED_EDGE('',*,*,#3154,.T.);
#5930 = ORIENTED_EDGE('',*,*,#5852,.T.);
#5931 = ORIENTED_EDGE('',*,*,#2636,.F.);
#5932 = ORIENTED_EDGE('',*,*,#1502,.F.);
#5933 = ORIENTED_EDGE('',*,*,#5574,.T.);
#5934 = CYLINDRICAL_SURFACE('',#5935,2.);
#5935 = AXIS2_PLACEMENT_3D('',#5936,#5937,#5938);
#5936 = CARTESIAN_POINT('',(-43.3,12.92,50.5));
#5937 = DIRECTION('',(-0.,-1.,-0.));
#5938 = DIRECTION('',(0.,0.,-1.));
#5939 = ADVANCED_FACE('',(#5940),#5946,.T.);
#5940 = FACE_BOUND('',#5941,.T.);
#5941 = EDGE_LOOP('',(#5942,#5943,#5944,#5945));
#5942 = ORIENTED_EDGE('',*,*,#5758,.T.);
#5943 = ORIENTED_EDGE('',*,*,#5653,.F.);
#5944 = ORIENTED_EDGE('',*,*,#1903,.F.);
#5945 = ORIENTED_EDGE('',*,*,#5630,.T.);
#5946 = CYLINDRICAL_SURFACE('',#5947,2.);
#5947 = AXIS2_PLACEMENT_3D('',#5948,#5949,#5950);
#5948 = CARTESIAN_POINT('',(43.3,12.92,50.5));
#5949 = DIRECTION('',(-0.,-1.,-0.));
#5950 = DIRECTION('',(0.,0.,-1.));
#5951 = ADVANCED_FACE('',(#5952),#5963,.T.);
#5952 = FACE_BOUND('',#5953,.T.);
#5953 = EDGE_LOOP('',(#5954,#5955,#5956,#5962));
#5954 = ORIENTED_EDGE('',*,*,#5614,.T.);
#5955 = ORIENTED_EDGE('',*,*,#5371,.T.);
#5956 = ORIENTED_EDGE('',*,*,#5957,.T.);
#5957 = EDGE_CURVE('',#5364,#5767,#5958,.T.);
#5958 = LINE('',#5959,#5960);
#5959 = CARTESIAN_POINT('',(18.15,5.55,50.7));
#5960 = VECTOR('',#5961,1.);
#5961 = DIRECTION('',(-0.,-1.,-0.));
#5962 = ORIENTED_EDGE('',*,*,#5766,.F.);
#5963 = PLANE('',#5964);
#5964 = AXIS2_PLACEMENT_3D('',#5965,#5966,#5967);
#5965 = CARTESIAN_POINT('',(18.15,5.55,-129.32495272));
#5966 = DIRECTION('',(-1.,0.,-3.47087410752E-16));
#5967 = DIRECTION('',(-3.47087410752E-16,0.,1.));
#5968 = ADVANCED_FACE('',(#5969),#5975,.F.);
#5969 = FACE_BOUND('',#5970,.T.);
#5970 = EDGE_LOOP('',(#5971,#5972,#5973,#5974));
#5971 = ORIENTED_EDGE('',*,*,#4782,.T.);
#5972 = ORIENTED_EDGE('',*,*,#3210,.F.);
#5973 = ORIENTED_EDGE('',*,*,#5300,.F.);
#5974 = ORIENTED_EDGE('',*,*,#5903,.F.);
#5975 = PLANE('',#5976);
#5976 = AXIS2_PLACEMENT_3D('',#5977,#5978,#5979);
#5977 = CARTESIAN_POINT('',(18.15,5.55,-129.32495272));
#5978 = DIRECTION('',(1.,0.,0.));
#5979 = DIRECTION('',(0.,0.,-1.));
#5980 = ADVANCED_FACE('',(#5981),#5992,.T.);
#5981 = FACE_BOUND('',#5982,.T.);
#5982 = EDGE_LOOP('',(#5983,#5984,#5985,#5991));
#5983 = ORIENTED_EDGE('',*,*,#2683,.T.);
#5984 = ORIENTED_EDGE('',*,*,#5261,.T.);
#5985 = ORIENTED_EDGE('',*,*,#5986,.T.);
#5986 = EDGE_CURVE('',#5254,#5702,#5987,.T.);
#5987 = LINE('',#5988,#5989);
#5988 = CARTESIAN_POINT('',(-18.15,5.55,-50.7));
#5989 = VECTOR('',#5990,1.);
#5990 = DIRECTION('',(-0.,-1.,-0.));
#5991 = ORIENTED_EDGE('',*,*,#5701,.F.);
#5992 = PLANE('',#5993);
#5993 = AXIS2_PLACEMENT_3D('',#5994,#5995,#5996);
#5994 = CARTESIAN_POINT('',(-18.15,5.55,-129.32495272));
#5995 = DIRECTION('',(1.,0.,0.));
#5996 = DIRECTION('',(0.,0.,-1.));
#5997 = ADVANCED_FACE('',(#5998),#6004,.F.);
#5998 = FACE_BOUND('',#5999,.T.);
#5999 = EDGE_LOOP('',(#6000,#6001,#6002,#6003));
#6000 = ORIENTED_EDGE('',*,*,#5845,.T.);
#6001 = ORIENTED_EDGE('',*,*,#3088,.F.);
#6002 = ORIENTED_EDGE('',*,*,#5136,.F.);
#6003 = ORIENTED_EDGE('',*,*,#2652,.F.);
#6004 = PLANE('',#6005);
#6005 = AXIS2_PLACEMENT_3D('',#6006,#6007,#6008);
#6006 = CARTESIAN_POINT('',(-18.15,5.55,-129.32495272));
#6007 = DIRECTION('',(-1.,0.,3.47087410752E-16));
#6008 = DIRECTION('',(3.47087410752E-16,0.,1.));
#6009 = ADVANCED_FACE('',(#6010),#6059,.T.);
#6010 = FACE_BOUND('',#6011,.T.);
#6011 = EDGE_LOOP('',(#6012,#6013,#6021,#6029,#6035,#6036,#6044,#6053));
#6012 = ORIENTED_EDGE('',*,*,#3317,.F.);
#6013 = ORIENTED_EDGE('',*,*,#6014,.T.);
#6014 = EDGE_CURVE('',#3310,#6015,#6017,.T.);
#6015 = VERTEX_POINT('',#6016);
#6016 = CARTESIAN_POINT('',(16.9,3.57,-26.7));
#6017 = LINE('',#6018,#6019);
#6018 = CARTESIAN_POINT('',(12.212944014812,-1.117055985188,-26.7));
#6019 = VECTOR('',#6020,1.);
#6020 = DIRECTION('',(0.707106781187,0.707106781187,-2.250705932746E-16)
  );
#6021 = ORIENTED_EDGE('',*,*,#6022,.T.);
#6022 = EDGE_CURVE('',#6015,#6023,#6025,.T.);
#6023 = VERTEX_POINT('',#6024);
#6024 = CARTESIAN_POINT('',(18.22,3.57,-26.7));
#6025 = LINE('',#6026,#6027);
#6026 = CARTESIAN_POINT('',(5.545888029625,3.57,-26.7));
#6027 = VECTOR('',#6028,1.);
#6028 = DIRECTION('',(1.,0.,-3.182978855003E-16));
#6029 = ORIENTED_EDGE('',*,*,#6030,.F.);
#6030 = EDGE_CURVE('',#5446,#6023,#6031,.T.);
#6031 = LINE('',#6032,#6033);
#6032 = CARTESIAN_POINT('',(18.22,5.55,-26.7));
#6033 = VECTOR('',#6034,1.);
#6034 = DIRECTION('',(0.,-1.,0.));
#6035 = ORIENTED_EDGE('',*,*,#5445,.T.);
#6036 = ORIENTED_EDGE('',*,*,#6037,.T.);
#6037 = EDGE_CURVE('',#5438,#6038,#6040,.T.);
#6038 = VERTEX_POINT('',#6039);
#6039 = CARTESIAN_POINT('',(26.1,2.5,-26.7));
#6040 = LINE('',#6041,#6042);
#6041 = CARTESIAN_POINT('',(26.1,5.55,-26.7));
#6042 = VECTOR('',#6043,1.);
#6043 = DIRECTION('',(-0.,-1.,-0.));
#6044 = ORIENTED_EDGE('',*,*,#6045,.T.);
#6045 = EDGE_CURVE('',#6038,#6046,#6048,.T.);
#6046 = VERTEX_POINT('',#6047);
#6047 = CARTESIAN_POINT('',(23.6,0.,-26.7));
#6048 = CIRCLE('',#6049,2.5);
#6049 = AXIS2_PLACEMENT_3D('',#6050,#6051,#6052);
#6050 = CARTESIAN_POINT('',(23.6,2.5,-26.7));
#6051 = DIRECTION('',(-3.182978855003E-16,0.,-1.));
#6052 = DIRECTION('',(-1.,0.,3.182978855003E-16));
#6053 = ORIENTED_EDGE('',*,*,#6054,.F.);
#6054 = EDGE_CURVE('',#3318,#6046,#6055,.T.);
#6055 = LINE('',#6056,#6057);
#6056 = CARTESIAN_POINT('',(5.545888029625,0.,-26.7));
#6057 = VECTOR('',#6058,1.);
#6058 = DIRECTION('',(1.,0.,-3.182978855003E-16));
#6059 = PLANE('',#6060);
#6060 = AXIS2_PLACEMENT_3D('',#6061,#6062,#6063);
#6061 = CARTESIAN_POINT('',(5.545888029625,5.55,-26.7));
#6062 = DIRECTION('',(-3.182978855003E-16,0.,-1.));
#6063 = DIRECTION('',(-1.,0.,3.182978855003E-16));
#6064 = ADVANCED_FACE('',(#6065),#6083,.T.);
#6065 = FACE_BOUND('',#6066,.T.);
#6066 = EDGE_LOOP('',(#6067,#6075,#6081,#6082));
#6067 = ORIENTED_EDGE('',*,*,#6068,.T.);
#6068 = EDGE_CURVE('',#5430,#6069,#6071,.T.);
#6069 = VERTEX_POINT('',#6070);
#6070 = CARTESIAN_POINT('',(26.1,2.5,-15.));
#6071 = LINE('',#6072,#6073);
#6072 = CARTESIAN_POINT('',(26.1,5.55,-15.));
#6073 = VECTOR('',#6074,1.);
#6074 = DIRECTION('',(-0.,-1.,-0.));
#6075 = ORIENTED_EDGE('',*,*,#6076,.T.);
#6076 = EDGE_CURVE('',#6069,#6038,#6077,.T.);
#6077 = LINE('',#6078,#6079);
#6078 = CARTESIAN_POINT('',(26.1,2.5,-129.32495272));
#6079 = VECTOR('',#6080,1.);
#6080 = DIRECTION('',(-0.,-0.,-1.));
#6081 = ORIENTED_EDGE('',*,*,#6037,.F.);
#6082 = ORIENTED_EDGE('',*,*,#5437,.T.);
#6083 = PLANE('',#6084);
#6084 = AXIS2_PLACEMENT_3D('',#6085,#6086,#6087);
#6085 = CARTESIAN_POINT('',(26.1,5.55,-129.32495272));
#6086 = DIRECTION('',(1.,0.,0.));
#6087 = DIRECTION('',(0.,0.,-1.));
#6088 = ADVANCED_FACE('',(#6089),#6131,.F.);
#6089 = FACE_BOUND('',#6090,.T.);
#6090 = EDGE_LOOP('',(#6091,#6101,#6107,#6108,#6116,#6123,#6124,#6125));
#6091 = ORIENTED_EDGE('',*,*,#6092,.F.);
#6092 = EDGE_CURVE('',#6093,#6095,#6097,.T.);
#6093 = VERTEX_POINT('',#6094);
#6094 = CARTESIAN_POINT('',(16.9,3.57,-15.));
#6095 = VERTEX_POINT('',#6096);
#6096 = CARTESIAN_POINT('',(18.22,3.57,-15.));
#6097 = LINE('',#6098,#6099);
#6098 = CARTESIAN_POINT('',(15.2,3.57,-15.));
#6099 = VECTOR('',#6100,1.);
#6100 = DIRECTION('',(1.,0.,-1.148823494024E-15));
#6101 = ORIENTED_EDGE('',*,*,#6102,.T.);
#6102 = EDGE_CURVE('',#6093,#3300,#6103,.T.);
#6103 = LINE('',#6104,#6105);
#6104 = CARTESIAN_POINT('',(16.9,3.57,-15.));
#6105 = VECTOR('',#6106,1.);
#6106 = DIRECTION('',(-0.707106781187,-0.707106781187,2.250705932746E-16
    ));
#6107 = ORIENTED_EDGE('',*,*,#3299,.T.);
#6108 = ORIENTED_EDGE('',*,*,#6109,.T.);
#6109 = EDGE_CURVE('',#3302,#6110,#6112,.T.);
#6110 = VERTEX_POINT('',#6111);
#6111 = CARTESIAN_POINT('',(23.6,0.,-15.));
#6112 = LINE('',#6113,#6114);
#6113 = CARTESIAN_POINT('',(5.545888029625,0.,-15.));
#6114 = VECTOR('',#6115,1.);
#6115 = DIRECTION('',(1.,0.,-3.182978855003E-16));
#6116 = ORIENTED_EDGE('',*,*,#6117,.T.);
#6117 = EDGE_CURVE('',#6110,#6069,#6118,.T.);
#6118 = CIRCLE('',#6119,2.5);
#6119 = AXIS2_PLACEMENT_3D('',#6120,#6121,#6122);
#6120 = CARTESIAN_POINT('',(23.6,2.5,-15.));
#6121 = DIRECTION('',(3.182978855003E-16,0.,1.));
#6122 = DIRECTION('',(-1.,0.,3.182978855003E-16));
#6123 = ORIENTED_EDGE('',*,*,#6068,.F.);
#6124 = ORIENTED_EDGE('',*,*,#5429,.F.);
#6125 = ORIENTED_EDGE('',*,*,#6126,.F.);
#6126 = EDGE_CURVE('',#6095,#5422,#6127,.T.);
#6127 = LINE('',#6128,#6129);
#6128 = CARTESIAN_POINT('',(18.22,3.57,-15.));
#6129 = VECTOR('',#6130,1.);
#6130 = DIRECTION('',(-0.,1.,-0.));
#6131 = PLANE('',#6132);
#6132 = AXIS2_PLACEMENT_3D('',#6133,#6134,#6135);
#6133 = CARTESIAN_POINT('',(5.545888029625,5.55,-15.));
#6134 = DIRECTION('',(-3.182978855003E-16,0.,-1.));
#6135 = DIRECTION('',(-1.,0.,3.182978855003E-16));
#6136 = ADVANCED_FACE('',(#6137),#6186,.F.);
#6137 = FACE_BOUND('',#6138,.T.);
#6138 = EDGE_LOOP('',(#6139,#6149,#6155,#6156,#6164,#6173,#6179,#6180));
#6139 = ORIENTED_EDGE('',*,*,#6140,.F.);
#6140 = EDGE_CURVE('',#6141,#6143,#6145,.T.);
#6141 = VERTEX_POINT('',#6142);
#6142 = CARTESIAN_POINT('',(16.9,3.57,26.7));
#6143 = VERTEX_POINT('',#6144);
#6144 = CARTESIAN_POINT('',(18.22,3.57,26.7));
#6145 = LINE('',#6146,#6147);
#6146 = CARTESIAN_POINT('',(5.545888029625,3.57,26.7));
#6147 = VECTOR('',#6148,1.);
#6148 = DIRECTION('',(1.,-0.,3.182978855003E-16));
#6149 = ORIENTED_EDGE('',*,*,#6150,.T.);
#6150 = EDGE_CURVE('',#6141,#3340,#6151,.T.);
#6151 = LINE('',#6152,#6153);
#6152 = CARTESIAN_POINT('',(16.9,3.57,26.7));
#6153 = VECTOR('',#6154,1.);
#6154 = DIRECTION('',(-0.707106781187,-0.707106781187,
    -2.250705932746E-16));
#6155 = ORIENTED_EDGE('',*,*,#3339,.T.);
#6156 = ORIENTED_EDGE('',*,*,#6157,.T.);
#6157 = EDGE_CURVE('',#3342,#6158,#6160,.T.);
#6158 = VERTEX_POINT('',#6159);
#6159 = CARTESIAN_POINT('',(23.6,0.,26.7));
#6160 = LINE('',#6161,#6162);
#6161 = CARTESIAN_POINT('',(5.545888029625,0.,26.7));
#6162 = VECTOR('',#6163,1.);
#6163 = DIRECTION('',(1.,0.,3.182978855003E-16));
#6164 = ORIENTED_EDGE('',*,*,#6165,.T.);
#6165 = EDGE_CURVE('',#6158,#6166,#6168,.T.);
#6166 = VERTEX_POINT('',#6167);
#6167 = CARTESIAN_POINT('',(26.1,2.5,26.7));
#6168 = CIRCLE('',#6169,2.5);
#6169 = AXIS2_PLACEMENT_3D('',#6170,#6171,#6172);
#6170 = CARTESIAN_POINT('',(23.6,2.5,26.7));
#6171 = DIRECTION('',(-3.182978855003E-16,-0.,1.));
#6172 = DIRECTION('',(-1.,0.,-3.182978855003E-16));
#6173 = ORIENTED_EDGE('',*,*,#6174,.F.);
#6174 = EDGE_CURVE('',#5488,#6166,#6175,.T.);
#6175 = LINE('',#6176,#6177);
#6176 = CARTESIAN_POINT('',(26.1,5.55,26.7));
#6177 = VECTOR('',#6178,1.);
#6178 = DIRECTION('',(-0.,-1.,-0.));
#6179 = ORIENTED_EDGE('',*,*,#5487,.F.);
#6180 = ORIENTED_EDGE('',*,*,#6181,.T.);
#6181 = EDGE_CURVE('',#5480,#6143,#6182,.T.);
#6182 = LINE('',#6183,#6184);
#6183 = CARTESIAN_POINT('',(18.22,5.55,26.7));
#6184 = VECTOR('',#6185,1.);
#6185 = DIRECTION('',(0.,-1.,0.));
#6186 = PLANE('',#6187);
#6187 = AXIS2_PLACEMENT_3D('',#6188,#6189,#6190);
#6188 = CARTESIAN_POINT('',(5.545888029625,5.55,26.7));
#6189 = DIRECTION('',(3.182978855003E-16,0.,-1.));
#6190 = DIRECTION('',(-1.,0.,-3.182978855003E-16));
#6191 = ADVANCED_FACE('',(#6192),#6241,.T.);
#6192 = FACE_BOUND('',#6193,.T.);
#6193 = EDGE_LOOP('',(#6194,#6195,#6203,#6211,#6217,#6218,#6226,#6235));
#6194 = ORIENTED_EDGE('',*,*,#3357,.F.);
#6195 = ORIENTED_EDGE('',*,*,#6196,.T.);
#6196 = EDGE_CURVE('',#3350,#6197,#6199,.T.);
#6197 = VERTEX_POINT('',#6198);
#6198 = CARTESIAN_POINT('',(16.9,3.57,15.));
#6199 = LINE('',#6200,#6201);
#6200 = CARTESIAN_POINT('',(12.212944014812,-1.117055985188,15.));
#6201 = VECTOR('',#6202,1.);
#6202 = DIRECTION('',(0.707106781187,0.707106781187,2.250705932746E-16)
  );
#6203 = ORIENTED_EDGE('',*,*,#6204,.F.);
#6204 = EDGE_CURVE('',#6205,#6197,#6207,.T.);
#6205 = VERTEX_POINT('',#6206);
#6206 = CARTESIAN_POINT('',(18.22,3.57,15.));
#6207 = LINE('',#6208,#6209);
#6208 = CARTESIAN_POINT('',(18.22,3.57,15.));
#6209 = VECTOR('',#6210,1.);
#6210 = DIRECTION('',(-1.,0.,-1.148823494024E-15));
#6211 = ORIENTED_EDGE('',*,*,#6212,.T.);
#6212 = EDGE_CURVE('',#6205,#5504,#6213,.T.);
#6213 = LINE('',#6214,#6215);
#6214 = CARTESIAN_POINT('',(18.22,3.57,15.));
#6215 = VECTOR('',#6216,1.);
#6216 = DIRECTION('',(-0.,1.,-0.));
#6217 = ORIENTED_EDGE('',*,*,#5503,.T.);
#6218 = ORIENTED_EDGE('',*,*,#6219,.T.);
#6219 = EDGE_CURVE('',#5496,#6220,#6222,.T.);
#6220 = VERTEX_POINT('',#6221);
#6221 = CARTESIAN_POINT('',(26.1,2.5,15.));
#6222 = LINE('',#6223,#6224);
#6223 = CARTESIAN_POINT('',(26.1,5.55,15.));
#6224 = VECTOR('',#6225,1.);
#6225 = DIRECTION('',(-0.,-1.,-0.));
#6226 = ORIENTED_EDGE('',*,*,#6227,.T.);
#6227 = EDGE_CURVE('',#6220,#6228,#6230,.T.);
#6228 = VERTEX_POINT('',#6229);
#6229 = CARTESIAN_POINT('',(23.6,0.,15.));
#6230 = CIRCLE('',#6231,2.5);
#6231 = AXIS2_PLACEMENT_3D('',#6232,#6233,#6234);
#6232 = CARTESIAN_POINT('',(23.6,2.5,15.));
#6233 = DIRECTION('',(3.182978855003E-16,0.,-1.));
#6234 = DIRECTION('',(-1.,0.,-3.182978855003E-16));
#6235 = ORIENTED_EDGE('',*,*,#6236,.F.);
#6236 = EDGE_CURVE('',#3358,#6228,#6237,.T.);
#6237 = LINE('',#6238,#6239);
#6238 = CARTESIAN_POINT('',(5.545888029625,0.,15.));
#6239 = VECTOR('',#6240,1.);
#6240 = DIRECTION('',(1.,0.,3.182978855003E-16));
#6241 = PLANE('',#6242);
#6242 = AXIS2_PLACEMENT_3D('',#6243,#6244,#6245);
#6243 = CARTESIAN_POINT('',(5.545888029625,5.55,15.));
#6244 = DIRECTION('',(3.182978855003E-16,0.,-1.));
#6245 = DIRECTION('',(-1.,0.,-3.182978855003E-16));
#6246 = ADVANCED_FACE('',(#6247),#6258,.F.);
#6247 = FACE_BOUND('',#6248,.T.);
#6248 = EDGE_LOOP('',(#6249,#6250,#6251,#6252));
#6249 = ORIENTED_EDGE('',*,*,#5774,.T.);
#6250 = ORIENTED_EDGE('',*,*,#5957,.F.);
#6251 = ORIENTED_EDGE('',*,*,#5363,.F.);
#6252 = ORIENTED_EDGE('',*,*,#6253,.T.);
#6253 = EDGE_CURVE('',#5355,#5775,#6254,.T.);
#6254 = LINE('',#6255,#6256);
#6255 = CARTESIAN_POINT('',(43.3,5.55,50.7));
#6256 = VECTOR('',#6257,1.);
#6257 = DIRECTION('',(-0.,-1.,-0.));
#6258 = PLANE('',#6259);
#6259 = AXIS2_PLACEMENT_3D('',#6260,#6261,#6262);
#6260 = CARTESIAN_POINT('',(5.545888029625,5.55,50.7));
#6261 = DIRECTION('',(-2.759003540321E-16,0.,1.));
#6262 = DIRECTION('',(1.,0.,2.759003540321E-16));
#6263 = ADVANCED_FACE('',(#6264),#6275,.F.);
#6264 = FACE_BOUND('',#6265,.F.);
#6265 = EDGE_LOOP('',(#6266,#6272,#6273,#6274));
#6266 = ORIENTED_EDGE('',*,*,#6267,.F.);
#6267 = EDGE_CURVE('',#5347,#5783,#6268,.T.);
#6268 = LINE('',#6269,#6270);
#6269 = CARTESIAN_POINT('',(43.5,5.55,50.5));
#6270 = VECTOR('',#6271,1.);
#6271 = DIRECTION('',(-0.,-1.,-0.));
#6272 = ORIENTED_EDGE('',*,*,#5354,.T.);
#6273 = ORIENTED_EDGE('',*,*,#6253,.T.);
#6274 = ORIENTED_EDGE('',*,*,#5782,.F.);
#6275 = CYLINDRICAL_SURFACE('',#6276,0.2);
#6276 = AXIS2_PLACEMENT_3D('',#6277,#6278,#6279);
#6277 = CARTESIAN_POINT('',(43.3,5.55,50.5));
#6278 = DIRECTION('',(-0.,-1.,-0.));
#6279 = DIRECTION('',(0.,0.,-1.));
#6280 = ADVANCED_FACE('',(#6281),#6292,.F.);
#6281 = FACE_BOUND('',#6282,.T.);
#6282 = EDGE_LOOP('',(#6283,#6284,#6285,#6286));
#6283 = ORIENTED_EDGE('',*,*,#5791,.T.);
#6284 = ORIENTED_EDGE('',*,*,#6267,.F.);
#6285 = ORIENTED_EDGE('',*,*,#5346,.F.);
#6286 = ORIENTED_EDGE('',*,*,#6287,.T.);
#6287 = EDGE_CURVE('',#5339,#5792,#6288,.T.);
#6288 = LINE('',#6289,#6290);
#6289 = CARTESIAN_POINT('',(43.5,5.55,-39.77));
#6290 = VECTOR('',#6291,1.);
#6291 = DIRECTION('',(-0.,-1.,-0.));
#6292 = PLANE('',#6293);
#6293 = AXIS2_PLACEMENT_3D('',#6294,#6295,#6296);
#6294 = CARTESIAN_POINT('',(43.5,5.55,-129.32495272));
#6295 = DIRECTION('',(1.,0.,-2.26835367895E-16));
#6296 = DIRECTION('',(-2.26835367895E-16,0.,-1.));
#6297 = ADVANCED_FACE('',(#6298),#6309,.T.);
#6298 = FACE_BOUND('',#6299,.T.);
#6299 = EDGE_LOOP('',(#6300,#6301,#6302,#6303));
#6300 = ORIENTED_EDGE('',*,*,#5799,.F.);
#6301 = ORIENTED_EDGE('',*,*,#6287,.F.);
#6302 = ORIENTED_EDGE('',*,*,#5338,.T.);
#6303 = ORIENTED_EDGE('',*,*,#6304,.T.);
#6304 = EDGE_CURVE('',#5331,#5800,#6305,.T.);
#6305 = LINE('',#6306,#6307);
#6306 = CARTESIAN_POINT('',(36.3,5.55,-39.77));
#6307 = VECTOR('',#6308,1.);
#6308 = DIRECTION('',(-0.,-1.,-0.));
#6309 = PLANE('',#6310);
#6310 = AXIS2_PLACEMENT_3D('',#6311,#6312,#6313);
#6311 = CARTESIAN_POINT('',(5.545888029625,5.55,-39.77));
#6312 = DIRECTION('',(0.,-0.,1.));
#6313 = DIRECTION('',(1.,0.,0.));
#6314 = ADVANCED_FACE('',(#6315),#6321,.T.);
#6315 = FACE_BOUND('',#6316,.T.);
#6316 = EDGE_LOOP('',(#6317,#6318,#6319,#6320));
#6317 = ORIENTED_EDGE('',*,*,#5807,.F.);
#6318 = ORIENTED_EDGE('',*,*,#6304,.F.);
#6319 = ORIENTED_EDGE('',*,*,#5330,.T.);
#6320 = ORIENTED_EDGE('',*,*,#3486,.T.);
#6321 = PLANE('',#6322);
#6322 = AXIS2_PLACEMENT_3D('',#6323,#6324,#6325);
#6323 = CARTESIAN_POINT('',(36.3,5.55,-129.32495272));
#6324 = DIRECTION('',(-1.,0.,0.));
#6325 = DIRECTION('',(0.,0.,1.));
#6326 = ADVANCED_FACE('',(#6327),#6338,.F.);
#6327 = FACE_BOUND('',#6328,.T.);
#6328 = EDGE_LOOP('',(#6329,#6330,#6331,#6332));
#6329 = ORIENTED_EDGE('',*,*,#5709,.T.);
#6330 = ORIENTED_EDGE('',*,*,#5986,.F.);
#6331 = ORIENTED_EDGE('',*,*,#5253,.F.);
#6332 = ORIENTED_EDGE('',*,*,#6333,.T.);
#6333 = EDGE_CURVE('',#5245,#5710,#6334,.T.);
#6334 = LINE('',#6335,#6336);
#6335 = CARTESIAN_POINT('',(-43.3,5.55,-50.7));
#6336 = VECTOR('',#6337,1.);
#6337 = DIRECTION('',(-0.,-1.,-0.));
#6338 = PLANE('',#6339);
#6339 = AXIS2_PLACEMENT_3D('',#6340,#6341,#6342);
#6340 = CARTESIAN_POINT('',(5.545888029625,5.55,-50.7));
#6341 = DIRECTION('',(0.,0.,-1.));
#6342 = DIRECTION('',(-1.,0.,-0.));
#6343 = ADVANCED_FACE('',(#6344),#6355,.F.);
#6344 = FACE_BOUND('',#6345,.F.);
#6345 = EDGE_LOOP('',(#6346,#6352,#6353,#6354));
#6346 = ORIENTED_EDGE('',*,*,#6347,.F.);
#6347 = EDGE_CURVE('',#5237,#5718,#6348,.T.);
#6348 = LINE('',#6349,#6350);
#6349 = CARTESIAN_POINT('',(-43.5,5.55,-50.5));
#6350 = VECTOR('',#6351,1.);
#6351 = DIRECTION('',(-0.,-1.,-0.));
#6352 = ORIENTED_EDGE('',*,*,#5244,.T.);
#6353 = ORIENTED_EDGE('',*,*,#6333,.T.);
#6354 = ORIENTED_EDGE('',*,*,#5717,.F.);
#6355 = CYLINDRICAL_SURFACE('',#6356,0.2);
#6356 = AXIS2_PLACEMENT_3D('',#6357,#6358,#6359);
#6357 = CARTESIAN_POINT('',(-43.3,5.55,-50.5));
#6358 = DIRECTION('',(-0.,-1.,-0.));
#6359 = DIRECTION('',(0.,0.,-1.));
#6360 = ADVANCED_FACE('',(#6361),#6372,.F.);
#6361 = FACE_BOUND('',#6362,.T.);
#6362 = EDGE_LOOP('',(#6363,#6364,#6365,#6366));
#6363 = ORIENTED_EDGE('',*,*,#5726,.T.);
#6364 = ORIENTED_EDGE('',*,*,#6347,.F.);
#6365 = ORIENTED_EDGE('',*,*,#5236,.F.);
#6366 = ORIENTED_EDGE('',*,*,#6367,.T.);
#6367 = EDGE_CURVE('',#5229,#5676,#6368,.T.);
#6368 = LINE('',#6369,#6370);
#6369 = CARTESIAN_POINT('',(-43.5,5.55,-12.525));
#6370 = VECTOR('',#6371,1.);
#6371 = DIRECTION('',(-0.,-1.,-0.));
#6372 = PLANE('',#6373);
#6373 = AXIS2_PLACEMENT_3D('',#6374,#6375,#6376);
#6374 = CARTESIAN_POINT('',(-43.5,5.55,-129.32495272));
#6375 = DIRECTION('',(-1.,0.,1.27905878413E-15));
#6376 = DIRECTION('',(1.27905878413E-15,0.,1.));
#6377 = ADVANCED_FACE('',(#6378),#6398,.T.);
#6378 = FACE_BOUND('',#6379,.T.);
#6379 = EDGE_LOOP('',(#6380,#6388,#6395,#6396,#6397));
#6380 = ORIENTED_EDGE('',*,*,#6381,.T.);
#6381 = EDGE_CURVE('',#5221,#6382,#6384,.T.);
#6382 = VERTEX_POINT('',#6383);
#6383 = CARTESIAN_POINT('',(-18.2,2.5,-12.525));
#6384 = LINE('',#6385,#6386);
#6385 = CARTESIAN_POINT('',(-18.2,5.55,-12.525));
#6386 = VECTOR('',#6387,1.);
#6387 = DIRECTION('',(-0.,-1.,-0.));
#6388 = ORIENTED_EDGE('',*,*,#6389,.T.);
#6389 = EDGE_CURVE('',#6382,#5678,#6390,.T.);
#6390 = CIRCLE('',#6391,2.5);
#6391 = AXIS2_PLACEMENT_3D('',#6392,#6393,#6394);
#6392 = CARTESIAN_POINT('',(-20.7,2.5,-12.525));
#6393 = DIRECTION('',(0.,0.,-1.));
#6394 = DIRECTION('',(-1.,0.,0.));
#6395 = ORIENTED_EDGE('',*,*,#5675,.F.);
#6396 = ORIENTED_EDGE('',*,*,#6367,.F.);
#6397 = ORIENTED_EDGE('',*,*,#5228,.T.);
#6398 = PLANE('',#6399);
#6399 = AXIS2_PLACEMENT_3D('',#6400,#6401,#6402);
#6400 = CARTESIAN_POINT('',(5.545888029625,5.55,-12.525));
#6401 = DIRECTION('',(0.,0.,-1.));
#6402 = DIRECTION('',(-1.,0.,-0.));
#6403 = ADVANCED_FACE('',(#6404),#6415,.F.);
#6404 = FACE_BOUND('',#6405,.T.);
#6405 = EDGE_LOOP('',(#6406,#6407,#6413,#6414));
#6406 = ORIENTED_EDGE('',*,*,#3671,.T.);
#6407 = ORIENTED_EDGE('',*,*,#6408,.T.);
#6408 = EDGE_CURVE('',#3663,#6382,#6409,.T.);
#6409 = LINE('',#6410,#6411);
#6410 = CARTESIAN_POINT('',(-18.2,2.5,-12.525));
#6411 = VECTOR('',#6412,1.);
#6412 = DIRECTION('',(0.,0.,-1.));
#6413 = ORIENTED_EDGE('',*,*,#6381,.F.);
#6414 = ORIENTED_EDGE('',*,*,#5220,.F.);
#6415 = PLANE('',#6416);
#6416 = AXIS2_PLACEMENT_3D('',#6417,#6418,#6419);
#6417 = CARTESIAN_POINT('',(-18.2,5.55,-129.32495272));
#6418 = DIRECTION('',(-1.,0.,0.));
#6419 = DIRECTION('',(0.,0.,1.));
#6420 = ADVANCED_FACE('',(#6421),#6439,.F.);
#6421 = FACE_BOUND('',#6422,.T.);
#6422 = EDGE_LOOP('',(#6423,#6431,#6437,#6438));
#6423 = ORIENTED_EDGE('',*,*,#6424,.T.);
#6424 = EDGE_CURVE('',#5191,#6425,#6427,.T.);
#6425 = VERTEX_POINT('',#6426);
#6426 = CARTESIAN_POINT('',(-18.2,2.5,12.525));
#6427 = LINE('',#6428,#6429);
#6428 = CARTESIAN_POINT('',(-18.2,5.55,12.525));
#6429 = VECTOR('',#6430,1.);
#6430 = DIRECTION('',(-0.,-1.,-0.));
#6431 = ORIENTED_EDGE('',*,*,#6432,.T.);
#6432 = EDGE_CURVE('',#6425,#3711,#6433,.T.);
#6433 = LINE('',#6434,#6435);
#6434 = CARTESIAN_POINT('',(-18.2,2.5,9.995));
#6435 = VECTOR('',#6436,1.);
#6436 = DIRECTION('',(-1.371322905911E-15,0.,-1.));
#6437 = ORIENTED_EDGE('',*,*,#3710,.F.);
#6438 = ORIENTED_EDGE('',*,*,#5198,.F.);
#6439 = PLANE('',#6440);
#6440 = AXIS2_PLACEMENT_3D('',#6441,#6442,#6443);
#6441 = CARTESIAN_POINT('',(-18.2,5.55,-129.32495272));
#6442 = DIRECTION('',(-1.,0.,1.371322905911E-15));
#6443 = DIRECTION('',(1.371322905911E-15,0.,1.));
#6444 = ADVANCED_FACE('',(#6445),#6463,.F.);
#6445 = FACE_BOUND('',#6446,.T.);
#6446 = EDGE_LOOP('',(#6447,#6448,#6455,#6456,#6457));
#6447 = ORIENTED_EDGE('',*,*,#4852,.T.);
#6448 = ORIENTED_EDGE('',*,*,#6449,.T.);
#6449 = EDGE_CURVE('',#4845,#6425,#6450,.T.);
#6450 = CIRCLE('',#6451,2.5);
#6451 = AXIS2_PLACEMENT_3D('',#6452,#6453,#6454);
#6452 = CARTESIAN_POINT('',(-20.7,2.5,12.525));
#6453 = DIRECTION('',(0.,-0.,1.));
#6454 = DIRECTION('',(-1.,0.,0.));
#6455 = ORIENTED_EDGE('',*,*,#6424,.F.);
#6456 = ORIENTED_EDGE('',*,*,#5190,.F.);
#6457 = ORIENTED_EDGE('',*,*,#6458,.T.);
#6458 = EDGE_CURVE('',#5183,#4853,#6459,.T.);
#6459 = LINE('',#6460,#6461);
#6460 = CARTESIAN_POINT('',(-43.5,5.55,12.525));
#6461 = VECTOR('',#6462,1.);
#6462 = DIRECTION('',(-0.,-1.,-0.));
#6463 = PLANE('',#6464);
#6464 = AXIS2_PLACEMENT_3D('',#6465,#6466,#6467);
#6465 = CARTESIAN_POINT('',(5.545888029625,5.55,12.525));
#6466 = DIRECTION('',(0.,0.,-1.));
#6467 = DIRECTION('',(-1.,0.,-0.));
#6468 = ADVANCED_FACE('',(#6469),#6480,.F.);
#6469 = FACE_BOUND('',#6470,.T.);
#6470 = EDGE_LOOP('',(#6471,#6472,#6473,#6474));
#6471 = ORIENTED_EDGE('',*,*,#4860,.T.);
#6472 = ORIENTED_EDGE('',*,*,#6458,.F.);
#6473 = ORIENTED_EDGE('',*,*,#5182,.F.);
#6474 = ORIENTED_EDGE('',*,*,#6475,.T.);
#6475 = EDGE_CURVE('',#5175,#4861,#6476,.T.);
#6476 = LINE('',#6477,#6478);
#6477 = CARTESIAN_POINT('',(-43.5,5.55,39.77));
#6478 = VECTOR('',#6479,1.);
#6479 = DIRECTION('',(-0.,-1.,-0.));
#6480 = PLANE('',#6481);
#6481 = AXIS2_PLACEMENT_3D('',#6482,#6483,#6484);
#6482 = CARTESIAN_POINT('',(-43.5,5.55,-129.32495272));
#6483 = DIRECTION('',(-1.,0.,-1.448368878881E-15));
#6484 = DIRECTION('',(-1.448368878881E-15,0.,1.));
#6485 = ADVANCED_FACE('',(#6486),#6497,.F.);
#6486 = FACE_BOUND('',#6487,.T.);
#6487 = EDGE_LOOP('',(#6488,#6489,#6490,#6491));
#6488 = ORIENTED_EDGE('',*,*,#4868,.T.);
#6489 = ORIENTED_EDGE('',*,*,#6475,.F.);
#6490 = ORIENTED_EDGE('',*,*,#5174,.F.);
#6491 = ORIENTED_EDGE('',*,*,#6492,.T.);
#6492 = EDGE_CURVE('',#5167,#4869,#6493,.T.);
#6493 = LINE('',#6494,#6495);
#6494 = CARTESIAN_POINT('',(-36.3,5.55,39.77));
#6495 = VECTOR('',#6496,1.);
#6496 = DIRECTION('',(-0.,-1.,-0.));
#6497 = PLANE('',#6498);
#6498 = AXIS2_PLACEMENT_3D('',#6499,#6500,#6501);
#6499 = CARTESIAN_POINT('',(5.545888029625,5.55,39.77));
#6500 = DIRECTION('',(9.637352644316E-16,-0.,1.));
#6501 = DIRECTION('',(1.,0.,-9.637352644316E-16));
#6502 = ADVANCED_FACE('',(#6503),#6509,.F.);
#6503 = FACE_BOUND('',#6504,.T.);
#6504 = EDGE_LOOP('',(#6505,#6506,#6507,#6508));
#6505 = ORIENTED_EDGE('',*,*,#4876,.T.);
#6506 = ORIENTED_EDGE('',*,*,#6492,.F.);
#6507 = ORIENTED_EDGE('',*,*,#5166,.F.);
#6508 = ORIENTED_EDGE('',*,*,#3599,.T.);
#6509 = PLANE('',#6510);
#6510 = AXIS2_PLACEMENT_3D('',#6511,#6512,#6513);
#6511 = CARTESIAN_POINT('',(-36.3,5.55,-129.32495272));
#6512 = DIRECTION('',(-1.,0.,0.));
#6513 = DIRECTION('',(0.,0.,1.));
#6514 = ADVANCED_FACE('',(#6515),#6526,.F.);
#6515 = FACE_BOUND('',#6516,.T.);
#6516 = EDGE_LOOP('',(#6517,#6518,#6524,#6525));
#6517 = ORIENTED_EDGE('',*,*,#6174,.T.);
#6518 = ORIENTED_EDGE('',*,*,#6519,.T.);
#6519 = EDGE_CURVE('',#6166,#6220,#6520,.T.);
#6520 = LINE('',#6521,#6522);
#6521 = CARTESIAN_POINT('',(26.1,2.5,15.));
#6522 = VECTOR('',#6523,1.);
#6523 = DIRECTION('',(0.,0.,-1.));
#6524 = ORIENTED_EDGE('',*,*,#6219,.F.);
#6525 = ORIENTED_EDGE('',*,*,#5495,.F.);
#6526 = PLANE('',#6527);
#6527 = AXIS2_PLACEMENT_3D('',#6528,#6529,#6530);
#6528 = CARTESIAN_POINT('',(26.1,5.55,-129.32495272));
#6529 = DIRECTION('',(-1.,0.,0.));
#6530 = DIRECTION('',(0.,0.,1.));
#6531 = ADVANCED_FACE('',(#6532),#6543,.T.);
#6532 = FACE_BOUND('',#6533,.T.);
#6533 = EDGE_LOOP('',(#6534,#6535,#6541,#6542));
#6534 = ORIENTED_EDGE('',*,*,#6236,.T.);
#6535 = ORIENTED_EDGE('',*,*,#6536,.T.);
#6536 = EDGE_CURVE('',#6228,#6158,#6537,.T.);
#6537 = LINE('',#6538,#6539);
#6538 = CARTESIAN_POINT('',(23.6,0.,26.7));
#6539 = VECTOR('',#6540,1.);
#6540 = DIRECTION('',(-0.,-0.,1.));
#6541 = ORIENTED_EDGE('',*,*,#6157,.F.);
#6542 = ORIENTED_EDGE('',*,*,#3365,.T.);
#6543 = PLANE('',#6544);
#6544 = AXIS2_PLACEMENT_3D('',#6545,#6546,#6547);
#6545 = CARTESIAN_POINT('',(43.3,0.,-50.5));
#6546 = DIRECTION('',(0.,-1.,0.));
#6547 = DIRECTION('',(0.,-0.,-1.));
#6548 = ADVANCED_FACE('',(#6549),#6560,.T.);
#6549 = FACE_BOUND('',#6550,.T.);
#6550 = EDGE_LOOP('',(#6551,#6552,#6558,#6559));
#6551 = ORIENTED_EDGE('',*,*,#6054,.T.);
#6552 = ORIENTED_EDGE('',*,*,#6553,.T.);
#6553 = EDGE_CURVE('',#6046,#6110,#6554,.T.);
#6554 = LINE('',#6555,#6556);
#6555 = CARTESIAN_POINT('',(23.6,0.,-50.5));
#6556 = VECTOR('',#6557,1.);
#6557 = DIRECTION('',(0.,0.,1.));
#6558 = ORIENTED_EDGE('',*,*,#6109,.F.);
#6559 = ORIENTED_EDGE('',*,*,#3325,.F.);
#6560 = PLANE('',#6561);
#6561 = AXIS2_PLACEMENT_3D('',#6562,#6563,#6564);
#6562 = CARTESIAN_POINT('',(43.3,0.,-50.5));
#6563 = DIRECTION('',(0.,-1.,0.));
#6564 = DIRECTION('',(0.,-0.,-1.));
#6565 = ADVANCED_FACE('',(#6566),#6572,.T.);
#6566 = FACE_BOUND('',#6567,.T.);
#6567 = EDGE_LOOP('',(#6568,#6569,#6570,#6571));
#6568 = ORIENTED_EDGE('',*,*,#6165,.F.);
#6569 = ORIENTED_EDGE('',*,*,#6536,.F.);
#6570 = ORIENTED_EDGE('',*,*,#6227,.F.);
#6571 = ORIENTED_EDGE('',*,*,#6519,.F.);
#6572 = CYLINDRICAL_SURFACE('',#6573,2.5);
#6573 = AXIS2_PLACEMENT_3D('',#6574,#6575,#6576);
#6574 = CARTESIAN_POINT('',(23.6,2.5,-129.32495272));
#6575 = DIRECTION('',(0.,0.,1.));
#6576 = DIRECTION('',(1.,0.,-0.));
#6577 = ADVANCED_FACE('',(#6578),#6584,.T.);
#6578 = FACE_BOUND('',#6579,.T.);
#6579 = EDGE_LOOP('',(#6580,#6581,#6582,#6583));
#6580 = ORIENTED_EDGE('',*,*,#6045,.F.);
#6581 = ORIENTED_EDGE('',*,*,#6076,.F.);
#6582 = ORIENTED_EDGE('',*,*,#6117,.F.);
#6583 = ORIENTED_EDGE('',*,*,#6553,.F.);
#6584 = CYLINDRICAL_SURFACE('',#6585,2.5);
#6585 = AXIS2_PLACEMENT_3D('',#6586,#6587,#6588);
#6586 = CARTESIAN_POINT('',(23.6,2.5,-50.5));
#6587 = DIRECTION('',(0.,0.,1.));
#6588 = DIRECTION('',(1.,0.,-0.));
#6589 = ADVANCED_FACE('',(#6590),#6596,.T.);
#6590 = FACE_BOUND('',#6591,.T.);
#6591 = EDGE_LOOP('',(#6592,#6593,#6594,#6595));
#6592 = ORIENTED_EDGE('',*,*,#6449,.F.);
#6593 = ORIENTED_EDGE('',*,*,#4844,.F.);
#6594 = ORIENTED_EDGE('',*,*,#3718,.F.);
#6595 = ORIENTED_EDGE('',*,*,#6432,.F.);
#6596 = CYLINDRICAL_SURFACE('',#6597,2.5);
#6597 = AXIS2_PLACEMENT_3D('',#6598,#6599,#6600);
#6598 = CARTESIAN_POINT('',(-20.7,2.5,-129.32495272));
#6599 = DIRECTION('',(1.371322905911E-15,0.,1.));
#6600 = DIRECTION('',(1.,0.,-1.371322905911E-15));
#6601 = ADVANCED_FACE('',(#6602),#6608,.T.);
#6602 = FACE_BOUND('',#6603,.T.);
#6603 = EDGE_LOOP('',(#6604,#6605,#6606,#6607));
#6604 = ORIENTED_EDGE('',*,*,#3662,.F.);
#6605 = ORIENTED_EDGE('',*,*,#5685,.F.);
#6606 = ORIENTED_EDGE('',*,*,#6389,.F.);
#6607 = ORIENTED_EDGE('',*,*,#6408,.F.);
#6608 = CYLINDRICAL_SURFACE('',#6609,2.5);
#6609 = AXIS2_PLACEMENT_3D('',#6610,#6611,#6612);
#6610 = CARTESIAN_POINT('',(-20.7,2.5,-129.32495272));
#6611 = DIRECTION('',(0.,0.,1.));
#6612 = DIRECTION('',(1.,0.,-0.));
#6613 = ADVANCED_FACE('',(#6614),#6639,.F.);
#6614 = FACE_BOUND('',#6615,.T.);
#6615 = EDGE_LOOP('',(#6616,#6624,#6632,#6638));
#6616 = ORIENTED_EDGE('',*,*,#6617,.F.);
#6617 = EDGE_CURVE('',#6618,#3105,#6620,.T.);
#6618 = VERTEX_POINT('',#6619);
#6619 = CARTESIAN_POINT('',(-36.68997487421,0.8,49.215));
#6620 = LINE('',#6621,#6622);
#6621 = CARTESIAN_POINT('',(-36.68997487421,0.8,40.15));
#6622 = VECTOR('',#6623,1.);
#6623 = DIRECTION('',(-0.,-0.,1.));
#6624 = ORIENTED_EDGE('',*,*,#6625,.T.);
#6625 = EDGE_CURVE('',#6618,#6626,#6628,.T.);
#6626 = VERTEX_POINT('',#6627);
#6627 = CARTESIAN_POINT('',(-36.68997487421,1.88,49.215));
#6628 = LINE('',#6629,#6630);
#6629 = CARTESIAN_POINT('',(-36.68997487421,0.8,49.215));
#6630 = VECTOR('',#6631,1.);
#6631 = DIRECTION('',(0.,1.,-0.));
#6632 = ORIENTED_EDGE('',*,*,#6633,.T.);
#6633 = EDGE_CURVE('',#6626,#3114,#6634,.T.);
#6634 = LINE('',#6635,#6636);
#6635 = CARTESIAN_POINT('',(-36.68997487421,1.88,40.15));
#6636 = VECTOR('',#6637,1.);
#6637 = DIRECTION('',(-0.,-0.,1.));
#6638 = ORIENTED_EDGE('',*,*,#3113,.T.);
#6639 = PLANE('',#6640);
#6640 = AXIS2_PLACEMENT_3D('',#6641,#6642,#6643);
#6641 = CARTESIAN_POINT('',(-36.68997487421,0.8,40.15));
#6642 = DIRECTION('',(-1.,0.,0.));
#6643 = DIRECTION('',(0.,0.,1.));
#6644 = ADVANCED_FACE('',(#6645),#6657,.T.);
#6645 = FACE_BOUND('',#6646,.T.);
#6646 = EDGE_LOOP('',(#6647,#6648,#6655,#6656));
#6647 = ORIENTED_EDGE('',*,*,#5838,.F.);
#6648 = ORIENTED_EDGE('',*,*,#6649,.T.);
#6649 = EDGE_CURVE('',#5829,#6618,#6650,.T.);
#6650 = CIRCLE('',#6651,0.8);
#6651 = AXIS2_PLACEMENT_3D('',#6652,#6653,#6654);
#6652 = CARTESIAN_POINT('',(-37.48997487421,0.8,49.215));
#6653 = DIRECTION('',(0.,0.,1.));
#6654 = DIRECTION('',(1.,0.,-0.));
#6655 = ORIENTED_EDGE('',*,*,#6617,.T.);
#6656 = ORIENTED_EDGE('',*,*,#3104,.T.);
#6657 = CYLINDRICAL_SURFACE('',#6658,0.8);
#6658 = AXIS2_PLACEMENT_3D('',#6659,#6660,#6661);
#6659 = CARTESIAN_POINT('',(-37.48997487421,0.8,40.15));
#6660 = DIRECTION('',(-0.,-0.,1.));
#6661 = DIRECTION('',(1.,0.,0.));
#6662 = ADVANCED_FACE('',(#6663),#6682,.T.);
#6663 = FACE_BOUND('',#6664,.T.);
#6664 = EDGE_LOOP('',(#6665,#6673,#6680,#6681));
#6665 = ORIENTED_EDGE('',*,*,#6666,.F.);
#6666 = EDGE_CURVE('',#6667,#3130,#6669,.T.);
#6667 = VERTEX_POINT('',#6668);
#6668 = CARTESIAN_POINT('',(-43.63997487421,0.8,49.215));
#6669 = LINE('',#6670,#6671);
#6670 = CARTESIAN_POINT('',(-43.63997487421,0.8,40.15));
#6671 = VECTOR('',#6672,1.);
#6672 = DIRECTION('',(-0.,-0.,1.));
#6673 = ORIENTED_EDGE('',*,*,#6674,.T.);
#6674 = EDGE_CURVE('',#6667,#5831,#6675,.T.);
#6675 = CIRCLE('',#6676,0.8);
#6676 = AXIS2_PLACEMENT_3D('',#6677,#6678,#6679);
#6677 = CARTESIAN_POINT('',(-42.83997487421,0.8,49.215));
#6678 = DIRECTION('',(0.,0.,1.));
#6679 = DIRECTION('',(1.,0.,-0.));
#6680 = ORIENTED_EDGE('',*,*,#5860,.T.);
#6681 = ORIENTED_EDGE('',*,*,#3137,.T.);
#6682 = CYLINDRICAL_SURFACE('',#6683,0.8);
#6683 = AXIS2_PLACEMENT_3D('',#6684,#6685,#6686);
#6684 = CARTESIAN_POINT('',(-42.83997487421,0.8,40.15));
#6685 = DIRECTION('',(-0.,-0.,1.));
#6686 = DIRECTION('',(1.,0.,0.));
#6687 = ADVANCED_FACE('',(#6688),#6706,.F.);
#6688 = FACE_BOUND('',#6689,.T.);
#6689 = EDGE_LOOP('',(#6690,#6698,#6704,#6705));
#6690 = ORIENTED_EDGE('',*,*,#6691,.F.);
#6691 = EDGE_CURVE('',#6692,#3122,#6694,.T.);
#6692 = VERTEX_POINT('',#6693);
#6693 = CARTESIAN_POINT('',(-43.63997487421,1.88,49.215));
#6694 = LINE('',#6695,#6696);
#6695 = CARTESIAN_POINT('',(-43.63997487421,1.88,40.15));
#6696 = VECTOR('',#6697,1.);
#6697 = DIRECTION('',(-0.,-0.,1.));
#6698 = ORIENTED_EDGE('',*,*,#6699,.T.);
#6699 = EDGE_CURVE('',#6692,#6667,#6700,.T.);
#6700 = LINE('',#6701,#6702);
#6701 = CARTESIAN_POINT('',(-43.63997487421,0.8,49.215));
#6702 = VECTOR('',#6703,1.);
#6703 = DIRECTION('',(-0.,-1.,0.));
#6704 = ORIENTED_EDGE('',*,*,#6666,.T.);
#6705 = ORIENTED_EDGE('',*,*,#3129,.T.);
#6706 = PLANE('',#6707);
#6707 = AXIS2_PLACEMENT_3D('',#6708,#6709,#6710);
#6708 = CARTESIAN_POINT('',(-43.63997487421,0.8,40.15));
#6709 = DIRECTION('',(1.,-0.,0.));
#6710 = DIRECTION('',(0.,0.,-1.));
#6711 = ADVANCED_FACE('',(#6712),#6723,.F.);
#6712 = FACE_BOUND('',#6713,.T.);
#6713 = EDGE_LOOP('',(#6714,#6715,#6721,#6722));
#6714 = ORIENTED_EDGE('',*,*,#6633,.F.);
#6715 = ORIENTED_EDGE('',*,*,#6716,.T.);
#6716 = EDGE_CURVE('',#6626,#6692,#6717,.T.);
#6717 = LINE('',#6718,#6719);
#6718 = CARTESIAN_POINT('',(-43.63997487421,1.88,49.215));
#6719 = VECTOR('',#6720,1.);
#6720 = DIRECTION('',(-1.,1.248002500703E-16,0.));
#6721 = ORIENTED_EDGE('',*,*,#6691,.T.);
#6722 = ORIENTED_EDGE('',*,*,#3121,.T.);
#6723 = PLANE('',#6724);
#6724 = AXIS2_PLACEMENT_3D('',#6725,#6726,#6727);
#6725 = CARTESIAN_POINT('',(-43.63997487421,1.88,40.15));
#6726 = DIRECTION('',(-1.248002500703E-16,-1.,0.));
#6727 = DIRECTION('',(1.,-1.248002500703E-16,0.));
#6728 = ADVANCED_FACE('',(#6729),#6754,.F.);
#6729 = FACE_BOUND('',#6730,.T.);
#6730 = EDGE_LOOP('',(#6731,#6739,#6747,#6753));
#6731 = ORIENTED_EDGE('',*,*,#6732,.T.);
#6732 = EDGE_CURVE('',#3454,#6733,#6735,.T.);
#6733 = VERTEX_POINT('',#6734);
#6734 = CARTESIAN_POINT('',(36.689974874213,1.8,-42.755));
#6735 = LINE('',#6736,#6737);
#6736 = CARTESIAN_POINT('',(36.689974874213,1.8,-40.15));
#6737 = VECTOR('',#6738,1.);
#6738 = DIRECTION('',(-0.,-0.,-1.));
#6739 = ORIENTED_EDGE('',*,*,#6740,.T.);
#6740 = EDGE_CURVE('',#6733,#6741,#6743,.T.);
#6741 = VERTEX_POINT('',#6742);
#6742 = CARTESIAN_POINT('',(36.689974874213,0.8,-42.755));
#6743 = LINE('',#6744,#6745);
#6744 = CARTESIAN_POINT('',(36.689974874213,0.8,-42.755));
#6745 = VECTOR('',#6746,1.);
#6746 = DIRECTION('',(6.938893903907E-15,-1.,-6.01853107621E-30));
#6747 = ORIENTED_EDGE('',*,*,#6748,.F.);
#6748 = EDGE_CURVE('',#3462,#6741,#6749,.T.);
#6749 = LINE('',#6750,#6751);
#6750 = CARTESIAN_POINT('',(36.689974874213,0.8,-40.15));
#6751 = VECTOR('',#6752,1.);
#6752 = DIRECTION('',(-0.,-0.,-1.));
#6753 = ORIENTED_EDGE('',*,*,#3461,.F.);
#6754 = PLANE('',#6755);
#6755 = AXIS2_PLACEMENT_3D('',#6756,#6757,#6758);
#6756 = CARTESIAN_POINT('',(36.689974874213,0.8,-40.15));
#6757 = DIRECTION('',(1.,6.938893903907E-15,-0.));
#6758 = DIRECTION('',(-6.938893903907E-15,1.,0.));
#6759 = ADVANCED_FACE('',(#6760),#6772,.T.);
#6760 = FACE_BOUND('',#6761,.T.);
#6761 = EDGE_LOOP('',(#6762,#6763,#6770,#6771));
#6762 = ORIENTED_EDGE('',*,*,#6748,.T.);
#6763 = ORIENTED_EDGE('',*,*,#6764,.T.);
#6764 = EDGE_CURVE('',#6741,#5743,#6765,.T.);
#6765 = CIRCLE('',#6766,0.8);
#6766 = AXIS2_PLACEMENT_3D('',#6767,#6768,#6769);
#6767 = CARTESIAN_POINT('',(37.489974874213,0.8,-42.755));
#6768 = DIRECTION('',(8.673617379884E-16,-0.,1.));
#6769 = DIRECTION('',(1.,0.,-8.673617379884E-16));
#6770 = ORIENTED_EDGE('',*,*,#5814,.F.);
#6771 = ORIENTED_EDGE('',*,*,#3469,.F.);
#6772 = CYLINDRICAL_SURFACE('',#6773,0.8);
#6773 = AXIS2_PLACEMENT_3D('',#6774,#6775,#6776);
#6774 = CARTESIAN_POINT('',(37.489974874213,0.8,-40.15));
#6775 = DIRECTION('',(-0.,-0.,-1.));
#6776 = DIRECTION('',(-1.,0.,0.));
#6777 = ADVANCED_FACE('',(#6778),#6797,.T.);
#6778 = FACE_BOUND('',#6779,.T.);
#6779 = EDGE_LOOP('',(#6780,#6781,#6790,#6796));
#6780 = ORIENTED_EDGE('',*,*,#5750,.T.);
#6781 = ORIENTED_EDGE('',*,*,#6782,.T.);
#6782 = EDGE_CURVE('',#5741,#6783,#6785,.T.);
#6783 = VERTEX_POINT('',#6784);
#6784 = CARTESIAN_POINT('',(43.689974874213,0.8,-42.755));
#6785 = CIRCLE('',#6786,0.8);
#6786 = AXIS2_PLACEMENT_3D('',#6787,#6788,#6789);
#6787 = CARTESIAN_POINT('',(42.889974874213,0.8,-42.755));
#6788 = DIRECTION('',(8.673617379884E-16,-0.,1.));
#6789 = DIRECTION('',(1.,0.,-8.673617379884E-16));
#6790 = ORIENTED_EDGE('',*,*,#6791,.F.);
#6791 = EDGE_CURVE('',#3437,#6783,#6792,.T.);
#6792 = LINE('',#6793,#6794);
#6793 = CARTESIAN_POINT('',(43.689974874213,0.8,-40.15));
#6794 = VECTOR('',#6795,1.);
#6795 = DIRECTION('',(-0.,-0.,-1.));
#6796 = ORIENTED_EDGE('',*,*,#3436,.F.);
#6797 = CYLINDRICAL_SURFACE('',#6798,0.8);
#6798 = AXIS2_PLACEMENT_3D('',#6799,#6800,#6801);
#6799 = CARTESIAN_POINT('',(42.889974874213,0.8,-40.15));
#6800 = DIRECTION('',(-0.,-0.,-1.));
#6801 = DIRECTION('',(-1.,0.,0.));
#6802 = ADVANCED_FACE('',(#6803),#6821,.F.);
#6803 = FACE_BOUND('',#6804,.T.);
#6804 = EDGE_LOOP('',(#6805,#6806,#6814,#6820));
#6805 = ORIENTED_EDGE('',*,*,#6791,.T.);
#6806 = ORIENTED_EDGE('',*,*,#6807,.T.);
#6807 = EDGE_CURVE('',#6783,#6808,#6810,.T.);
#6808 = VERTEX_POINT('',#6809);
#6809 = CARTESIAN_POINT('',(43.689974874213,1.8,-42.755));
#6810 = LINE('',#6811,#6812);
#6811 = CARTESIAN_POINT('',(43.689974874213,0.8,-42.755));
#6812 = VECTOR('',#6813,1.);
#6813 = DIRECTION('',(0.,1.,0.));
#6814 = ORIENTED_EDGE('',*,*,#6815,.F.);
#6815 = EDGE_CURVE('',#3446,#6808,#6816,.T.);
#6816 = LINE('',#6817,#6818);
#6817 = CARTESIAN_POINT('',(43.689974874213,1.8,-40.15));
#6818 = VECTOR('',#6819,1.);
#6819 = DIRECTION('',(-0.,-0.,-1.));
#6820 = ORIENTED_EDGE('',*,*,#3445,.F.);
#6821 = PLANE('',#6822);
#6822 = AXIS2_PLACEMENT_3D('',#6823,#6824,#6825);
#6823 = CARTESIAN_POINT('',(43.689974874213,0.8,-40.15));
#6824 = DIRECTION('',(-1.,0.,0.));
#6825 = DIRECTION('',(0.,0.,1.));
#6826 = ADVANCED_FACE('',(#6827),#6838,.F.);
#6827 = FACE_BOUND('',#6828,.T.);
#6828 = EDGE_LOOP('',(#6829,#6830,#6836,#6837));
#6829 = ORIENTED_EDGE('',*,*,#6815,.T.);
#6830 = ORIENTED_EDGE('',*,*,#6831,.T.);
#6831 = EDGE_CURVE('',#6808,#6733,#6832,.T.);
#6832 = LINE('',#6833,#6834);
#6833 = CARTESIAN_POINT('',(43.689974874213,1.8,-42.755));
#6834 = VECTOR('',#6835,1.);
#6835 = DIRECTION('',(-1.,-1.239088197126E-16,8.673617379884E-16));
#6836 = ORIENTED_EDGE('',*,*,#6732,.F.);
#6837 = ORIENTED_EDGE('',*,*,#3453,.F.);
#6838 = PLANE('',#6839);
#6839 = AXIS2_PLACEMENT_3D('',#6840,#6841,#6842);
#6840 = CARTESIAN_POINT('',(43.689974874213,1.8,-40.15));
#6841 = DIRECTION('',(1.239088197126E-16,-1.,0.));
#6842 = DIRECTION('',(1.,1.239088197126E-16,0.));
#6843 = ADVANCED_FACE('',(#6844),#6855,.T.);
#6844 = FACE_BOUND('',#6845,.T.);
#6845 = EDGE_LOOP('',(#6846,#6847,#6853,#6854));
#6846 = ORIENTED_EDGE('',*,*,#4345,.T.);
#6847 = ORIENTED_EDGE('',*,*,#6848,.T.);
#6848 = EDGE_CURVE('',#4338,#4252,#6849,.T.);
#6849 = LINE('',#6850,#6851);
#6850 = CARTESIAN_POINT('',(-32.56,3.85,48.47));
#6851 = VECTOR('',#6852,1.);
#6852 = DIRECTION('',(0.,0.,1.));
#6853 = ORIENTED_EDGE('',*,*,#4251,.T.);
#6854 = ORIENTED_EDGE('',*,*,#4299,.T.);
#6855 = PLANE('',#6856);
#6856 = AXIS2_PLACEMENT_3D('',#6857,#6858,#6859);
#6857 = CARTESIAN_POINT('',(-32.86,3.85,43.27));
#6858 = DIRECTION('',(0.,-1.,0.));
#6859 = DIRECTION('',(0.,-0.,-1.));
#6860 = ADVANCED_FACE('',(#6861),#6872,.T.);
#6861 = FACE_BOUND('',#6862,.T.);
#6862 = EDGE_LOOP('',(#6863,#6864,#6870,#6871));
#6863 = ORIENTED_EDGE('',*,*,#4710,.T.);
#6864 = ORIENTED_EDGE('',*,*,#6865,.T.);
#6865 = EDGE_CURVE('',#4703,#4617,#6866,.T.);
#6866 = LINE('',#6867,#6868);
#6867 = CARTESIAN_POINT('',(32.56,3.85,-48.47));
#6868 = VECTOR('',#6869,1.);
#6869 = DIRECTION('',(0.,0.,-1.));
#6870 = ORIENTED_EDGE('',*,*,#4616,.T.);
#6871 = ORIENTED_EDGE('',*,*,#4664,.T.);
#6872 = PLANE('',#6873);
#6873 = AXIS2_PLACEMENT_3D('',#6874,#6875,#6876);
#6874 = CARTESIAN_POINT('',(32.86,3.85,-43.27));
#6875 = DIRECTION('',(0.,-1.,0.));
#6876 = DIRECTION('',(0.,-0.,-1.));
#6877 = ADVANCED_FACE('',(#6878),#6884,.T.);
#6878 = FACE_BOUND('',#6879,.T.);
#6879 = EDGE_LOOP('',(#6880,#6881,#6882,#6883));
#6880 = ORIENTED_EDGE('',*,*,#4702,.F.);
#6881 = ORIENTED_EDGE('',*,*,#5551,.T.);
#6882 = ORIENTED_EDGE('',*,*,#4624,.F.);
#6883 = ORIENTED_EDGE('',*,*,#6865,.F.);
#6884 = PLANE('',#6885);
#6885 = AXIS2_PLACEMENT_3D('',#6886,#6887,#6888);
#6886 = CARTESIAN_POINT('',(32.56,3.85,-43.27));
#6887 = DIRECTION('',(-0.417500171551,-0.908676843963,0.));
#6888 = DIRECTION('',(0.908676843963,-0.417500171551,0.));
#6889 = ADVANCED_FACE('',(#6890),#6896,.T.);
#6890 = FACE_BOUND('',#6891,.T.);
#6891 = EDGE_LOOP('',(#6892,#6893,#6894,#6895));
#6892 = ORIENTED_EDGE('',*,*,#4337,.F.);
#6893 = ORIENTED_EDGE('',*,*,#5524,.T.);
#6894 = ORIENTED_EDGE('',*,*,#4259,.F.);
#6895 = ORIENTED_EDGE('',*,*,#6848,.F.);
#6896 = PLANE('',#6897);
#6897 = AXIS2_PLACEMENT_3D('',#6898,#6899,#6900);
#6898 = CARTESIAN_POINT('',(-32.56,3.85,43.27));
#6899 = DIRECTION('',(0.417500171551,-0.908676843963,0.));
#6900 = DIRECTION('',(0.908676843963,0.417500171551,0.));
#6901 = ADVANCED_FACE('',(#6902),#6910,.F.);
#6902 = FACE_BOUND('',#6903,.T.);
#6903 = EDGE_LOOP('',(#6904,#6905,#6906,#6907,#6908,#6909));
#6904 = ORIENTED_EDGE('',*,*,#6740,.F.);
#6905 = ORIENTED_EDGE('',*,*,#6831,.F.);
#6906 = ORIENTED_EDGE('',*,*,#6807,.F.);
#6907 = ORIENTED_EDGE('',*,*,#6782,.F.);
#6908 = ORIENTED_EDGE('',*,*,#5740,.T.);
#6909 = ORIENTED_EDGE('',*,*,#6764,.F.);
#6910 = PLANE('',#6911);
#6911 = AXIS2_PLACEMENT_3D('',#6912,#6913,#6914);
#6912 = CARTESIAN_POINT('',(44.189974874213,5.55,-42.755));
#6913 = DIRECTION('',(8.673617379884E-16,-0.,1.));
#6914 = DIRECTION('',(1.,0.,-8.673617379884E-16));
#6915 = ADVANCED_FACE('',(#6916),#6924,.F.);
#6916 = FACE_BOUND('',#6917,.T.);
#6917 = EDGE_LOOP('',(#6918,#6919,#6920,#6921,#6922,#6923));
#6918 = ORIENTED_EDGE('',*,*,#4765,.T.);
#6919 = ORIENTED_EDGE('',*,*,#5069,.F.);
#6920 = ORIENTED_EDGE('',*,*,#5094,.F.);
#6921 = ORIENTED_EDGE('',*,*,#5111,.F.);
#6922 = ORIENTED_EDGE('',*,*,#5020,.F.);
#6923 = ORIENTED_EDGE('',*,*,#5044,.F.);
#6924 = PLANE('',#6925);
#6925 = AXIS2_PLACEMENT_3D('',#6926,#6927,#6928);
#6926 = CARTESIAN_POINT('',(44.189974874213,5.55,-49.215));
#6927 = DIRECTION('',(0.,0.,-1.));
#6928 = DIRECTION('',(-1.,0.,-0.));
#6929 = ADVANCED_FACE('',(#6930),#6938,.F.);
#6930 = FACE_BOUND('',#6931,.T.);
#6931 = EDGE_LOOP('',(#6932,#6933,#6934,#6935,#6936,#6937));
#6932 = ORIENTED_EDGE('',*,*,#5828,.T.);
#6933 = ORIENTED_EDGE('',*,*,#6674,.F.);
#6934 = ORIENTED_EDGE('',*,*,#6699,.F.);
#6935 = ORIENTED_EDGE('',*,*,#6716,.F.);
#6936 = ORIENTED_EDGE('',*,*,#6625,.F.);
#6937 = ORIENTED_EDGE('',*,*,#6649,.F.);
#6938 = PLANE('',#6939);
#6939 = AXIS2_PLACEMENT_3D('',#6940,#6941,#6942);
#6940 = CARTESIAN_POINT('',(-44.3,5.55,49.215));
#6941 = DIRECTION('',(0.,0.,1.));
#6942 = DIRECTION('',(1.,0.,-0.));
#6943 = ADVANCED_FACE('',(#6944),#6952,.F.);
#6944 = FACE_BOUND('',#6945,.T.);
#6945 = EDGE_LOOP('',(#6946,#6947,#6948,#6949,#6950,#6951));
#6946 = ORIENTED_EDGE('',*,*,#4905,.F.);
#6947 = ORIENTED_EDGE('',*,*,#4996,.F.);
#6948 = ORIENTED_EDGE('',*,*,#4972,.F.);
#6949 = ORIENTED_EDGE('',*,*,#4947,.F.);
#6950 = ORIENTED_EDGE('',*,*,#4820,.T.);
#6951 = ORIENTED_EDGE('',*,*,#4929,.F.);
#6952 = PLANE('',#6953);
#6953 = AXIS2_PLACEMENT_3D('',#6954,#6955,#6956);
#6954 = CARTESIAN_POINT('',(-44.3,5.55,42.755));
#6955 = DIRECTION('',(0.,0.,-1.));
#6956 = DIRECTION('',(-1.,0.,-0.));
#6957 = ADVANCED_FACE('',(#6958),#6974,.T.);
#6958 = FACE_BOUND('',#6959,.T.);
#6959 = EDGE_LOOP('',(#6960,#6961,#6967,#6968));
#6960 = ORIENTED_EDGE('',*,*,#6204,.T.);
#6961 = ORIENTED_EDGE('',*,*,#6962,.T.);
#6962 = EDGE_CURVE('',#6197,#6141,#6963,.T.);
#6963 = LINE('',#6964,#6965);
#6964 = CARTESIAN_POINT('',(16.9,3.57,26.8));
#6965 = VECTOR('',#6966,1.);
#6966 = DIRECTION('',(-1.482669637587E-16,0.,1.));
#6967 = ORIENTED_EDGE('',*,*,#6140,.T.);
#6968 = ORIENTED_EDGE('',*,*,#6969,.T.);
#6969 = EDGE_CURVE('',#6143,#6205,#6970,.T.);
#6970 = LINE('',#6971,#6972);
#6971 = CARTESIAN_POINT('',(18.22,3.57,26.8));
#6972 = VECTOR('',#6973,1.);
#6973 = DIRECTION('',(0.,0.,-1.));
#6974 = PLANE('',#6975);
#6975 = AXIS2_PLACEMENT_3D('',#6976,#6977,#6978);
#6976 = CARTESIAN_POINT('',(15.2,3.57,26.8));
#6977 = DIRECTION('',(0.,1.,0.));
#6978 = DIRECTION('',(0.,-0.,1.));
#6979 = ADVANCED_FACE('',(#6980),#6996,.F.);
#6980 = FACE_BOUND('',#6981,.T.);
#6981 = EDGE_LOOP('',(#6982,#6988,#6989,#6995));
#6982 = ORIENTED_EDGE('',*,*,#6983,.F.);
#6983 = EDGE_CURVE('',#5462,#576,#6984,.T.);
#6984 = LINE('',#6985,#6986);
#6985 = CARTESIAN_POINT('',(15.2,3.57,26.8));
#6986 = VECTOR('',#6987,1.);
#6987 = DIRECTION('',(-0.,1.,-0.));
#6988 = ORIENTED_EDGE('',*,*,#5461,.T.);
#6989 = ORIENTED_EDGE('',*,*,#6990,.T.);
#6990 = EDGE_CURVE('',#5464,#574,#6991,.T.);
#6991 = LINE('',#6992,#6993);
#6992 = CARTESIAN_POINT('',(15.2,3.57,15.));
#6993 = VECTOR('',#6994,1.);
#6994 = DIRECTION('',(-0.,1.,-0.));
#6995 = ORIENTED_EDGE('',*,*,#573,.T.);
#6996 = PLANE('',#6997);
#6997 = AXIS2_PLACEMENT_3D('',#6998,#6999,#7000);
#6998 = CARTESIAN_POINT('',(15.2,3.57,15.));
#6999 = DIRECTION('',(-1.,0.,1.470104640658E-16));
#7000 = DIRECTION('',(1.470104640658E-16,0.,1.));
#7001 = ADVANCED_FACE('',(#7002),#7013,.F.);
#7002 = FACE_BOUND('',#7003,.T.);
#7003 = EDGE_LOOP('',(#7004,#7005,#7011,#7012));
#7004 = ORIENTED_EDGE('',*,*,#5511,.T.);
#7005 = ORIENTED_EDGE('',*,*,#7006,.T.);
#7006 = EDGE_CURVE('',#5504,#584,#7007,.T.);
#7007 = LINE('',#7008,#7009);
#7008 = CARTESIAN_POINT('',(18.22,3.57,15.));
#7009 = VECTOR('',#7010,1.);
#7010 = DIRECTION('',(-0.,1.,-0.));
#7011 = ORIENTED_EDGE('',*,*,#583,.T.);
#7012 = ORIENTED_EDGE('',*,*,#6990,.F.);
#7013 = PLANE('',#7014);
#7014 = AXIS2_PLACEMENT_3D('',#7015,#7016,#7017);
#7015 = CARTESIAN_POINT('',(18.22,3.57,15.));
#7016 = DIRECTION('',(1.148823494024E-15,0.,-1.));
#7017 = DIRECTION('',(-1.,0.,-1.148823494024E-15));
#7018 = ADVANCED_FACE('',(#7019),#7033,.F.);
#7019 = FACE_BOUND('',#7020,.T.);
#7020 = EDGE_LOOP('',(#7021,#7022,#7028,#7029,#7030,#7031,#7032));
#7021 = ORIENTED_EDGE('',*,*,#5479,.T.);
#7022 = ORIENTED_EDGE('',*,*,#7023,.T.);
#7023 = EDGE_CURVE('',#5472,#592,#7024,.T.);
#7024 = LINE('',#7025,#7026);
#7025 = CARTESIAN_POINT('',(18.22,3.57,26.8));
#7026 = VECTOR('',#7027,1.);
#7027 = DIRECTION('',(-0.,1.,-0.));
#7028 = ORIENTED_EDGE('',*,*,#591,.T.);
#7029 = ORIENTED_EDGE('',*,*,#7006,.F.);
#7030 = ORIENTED_EDGE('',*,*,#6212,.F.);
#7031 = ORIENTED_EDGE('',*,*,#6969,.F.);
#7032 = ORIENTED_EDGE('',*,*,#6181,.F.);
#7033 = PLANE('',#7034);
#7034 = AXIS2_PLACEMENT_3D('',#7035,#7036,#7037);
#7035 = CARTESIAN_POINT('',(18.22,3.57,26.8));
#7036 = DIRECTION('',(1.,0.,0.));
#7037 = DIRECTION('',(0.,0.,-1.));
#7038 = ADVANCED_FACE('',(#7039),#7045,.F.);
#7039 = FACE_BOUND('',#7040,.T.);
#7040 = EDGE_LOOP('',(#7041,#7042,#7043,#7044));
#7041 = ORIENTED_EDGE('',*,*,#5471,.T.);
#7042 = ORIENTED_EDGE('',*,*,#6983,.T.);
#7043 = ORIENTED_EDGE('',*,*,#599,.T.);
#7044 = ORIENTED_EDGE('',*,*,#7023,.F.);
#7045 = PLANE('',#7046);
#7046 = AXIS2_PLACEMENT_3D('',#7047,#7048,#7049);
#7047 = CARTESIAN_POINT('',(15.2,3.57,26.8));
#7048 = DIRECTION('',(-0.,0.,1.));
#7049 = DIRECTION('',(1.,0.,0.));
#7050 = ADVANCED_FACE('',(#7051),#7067,.F.);
#7051 = FACE_BOUND('',#7052,.T.);
#7052 = EDGE_LOOP('',(#7053,#7054,#7060,#7061));
#7053 = ORIENTED_EDGE('',*,*,#5413,.F.);
#7054 = ORIENTED_EDGE('',*,*,#7055,.T.);
#7055 = EDGE_CURVE('',#5404,#540,#7056,.T.);
#7056 = LINE('',#7057,#7058);
#7057 = CARTESIAN_POINT('',(15.2,3.57,-26.8));
#7058 = VECTOR('',#7059,1.);
#7059 = DIRECTION('',(-0.,1.,-0.));
#7060 = ORIENTED_EDGE('',*,*,#539,.T.);
#7061 = ORIENTED_EDGE('',*,*,#7062,.F.);
#7062 = EDGE_CURVE('',#5414,#542,#7063,.T.);
#7063 = LINE('',#7064,#7065);
#7064 = CARTESIAN_POINT('',(15.2,3.57,-15.));
#7065 = VECTOR('',#7066,1.);
#7066 = DIRECTION('',(-0.,1.,-0.));
#7067 = PLANE('',#7068);
#7068 = AXIS2_PLACEMENT_3D('',#7069,#7070,#7071);
#7069 = CARTESIAN_POINT('',(15.2,3.57,-26.8));
#7070 = DIRECTION('',(-1.,0.,4.410313921975E-16));
#7071 = DIRECTION('',(4.410313921975E-16,0.,1.));
#7072 = ADVANCED_FACE('',(#7073),#7084,.F.);
#7073 = FACE_BOUND('',#7074,.T.);
#7074 = EDGE_LOOP('',(#7075,#7076,#7082,#7083));
#7075 = ORIENTED_EDGE('',*,*,#5403,.T.);
#7076 = ORIENTED_EDGE('',*,*,#7077,.T.);
#7077 = EDGE_CURVE('',#5406,#550,#7078,.T.);
#7078 = LINE('',#7079,#7080);
#7079 = CARTESIAN_POINT('',(18.22,3.57,-26.8));
#7080 = VECTOR('',#7081,1.);
#7081 = DIRECTION('',(-0.,1.,-0.));
#7082 = ORIENTED_EDGE('',*,*,#549,.T.);
#7083 = ORIENTED_EDGE('',*,*,#7055,.F.);
#7084 = PLANE('',#7085);
#7085 = AXIS2_PLACEMENT_3D('',#7086,#7087,#7088);
#7086 = CARTESIAN_POINT('',(18.22,3.57,-26.8));
#7087 = DIRECTION('',(-1.148823494024E-15,0.,-1.));
#7088 = DIRECTION('',(-1.,0.,1.148823494024E-15));
#7089 = ADVANCED_FACE('',(#7090),#7109,.F.);
#7090 = FACE_BOUND('',#7091,.T.);
#7091 = EDGE_LOOP('',(#7092,#7093,#7094,#7100,#7101,#7107,#7108));
#7092 = ORIENTED_EDGE('',*,*,#5453,.T.);
#7093 = ORIENTED_EDGE('',*,*,#6030,.T.);
#7094 = ORIENTED_EDGE('',*,*,#7095,.F.);
#7095 = EDGE_CURVE('',#6095,#6023,#7096,.T.);
#7096 = LINE('',#7097,#7098);
#7097 = CARTESIAN_POINT('',(18.22,3.57,-15.));
#7098 = VECTOR('',#7099,1.);
#7099 = DIRECTION('',(0.,0.,-1.));
#7100 = ORIENTED_EDGE('',*,*,#6126,.T.);
#7101 = ORIENTED_EDGE('',*,*,#7102,.T.);
#7102 = EDGE_CURVE('',#5422,#558,#7103,.T.);
#7103 = LINE('',#7104,#7105);
#7104 = CARTESIAN_POINT('',(18.22,3.57,-15.));
#7105 = VECTOR('',#7106,1.);
#7106 = DIRECTION('',(-0.,1.,-0.));
#7107 = ORIENTED_EDGE('',*,*,#557,.T.);
#7108 = ORIENTED_EDGE('',*,*,#7077,.F.);
#7109 = PLANE('',#7110);
#7110 = AXIS2_PLACEMENT_3D('',#7111,#7112,#7113);
#7111 = CARTESIAN_POINT('',(18.22,3.57,-15.));
#7112 = DIRECTION('',(1.,0.,0.));
#7113 = DIRECTION('',(0.,0.,-1.));
#7114 = ADVANCED_FACE('',(#7115),#7121,.F.);
#7115 = FACE_BOUND('',#7116,.T.);
#7116 = EDGE_LOOP('',(#7117,#7118,#7119,#7120));
#7117 = ORIENTED_EDGE('',*,*,#5421,.F.);
#7118 = ORIENTED_EDGE('',*,*,#7062,.T.);
#7119 = ORIENTED_EDGE('',*,*,#565,.T.);
#7120 = ORIENTED_EDGE('',*,*,#7102,.F.);
#7121 = PLANE('',#7122);
#7122 = AXIS2_PLACEMENT_3D('',#7123,#7124,#7125);
#7123 = CARTESIAN_POINT('',(15.2,3.57,-15.));
#7124 = DIRECTION('',(1.148823494024E-15,0.,1.));
#7125 = DIRECTION('',(1.,0.,-1.148823494024E-15));
#7126 = ADVANCED_FACE('',(#7127),#7138,.T.);
#7127 = FACE_BOUND('',#7128,.T.);
#7128 = EDGE_LOOP('',(#7129,#7130,#7136,#7137));
#7129 = ORIENTED_EDGE('',*,*,#6022,.F.);
#7130 = ORIENTED_EDGE('',*,*,#7131,.T.);
#7131 = EDGE_CURVE('',#6015,#6093,#7132,.T.);
#7132 = LINE('',#7133,#7134);
#7133 = CARTESIAN_POINT('',(16.9,3.57,-15.));
#7134 = VECTOR('',#7135,1.);
#7135 = DIRECTION('',(1.482669637587E-16,0.,1.));
#7136 = ORIENTED_EDGE('',*,*,#6092,.T.);
#7137 = ORIENTED_EDGE('',*,*,#7095,.T.);
#7138 = PLANE('',#7139);
#7139 = AXIS2_PLACEMENT_3D('',#7140,#7141,#7142);
#7140 = CARTESIAN_POINT('',(15.2,3.57,-15.));
#7141 = DIRECTION('',(-0.,1.,0.));
#7142 = DIRECTION('',(0.,0.,1.));
#7143 = ADVANCED_FACE('',(#7144),#7150,.T.);
#7144 = FACE_BOUND('',#7145,.T.);
#7145 = EDGE_LOOP('',(#7146,#7147,#7148,#7149));
#7146 = ORIENTED_EDGE('',*,*,#6014,.F.);
#7147 = ORIENTED_EDGE('',*,*,#3309,.F.);
#7148 = ORIENTED_EDGE('',*,*,#6102,.F.);
#7149 = ORIENTED_EDGE('',*,*,#7131,.F.);
#7150 = PLANE('',#7151);
#7151 = AXIS2_PLACEMENT_3D('',#7152,#7153,#7154);
#7152 = CARTESIAN_POINT('',(16.9,3.57,-15.));
#7153 = DIRECTION('',(-0.707106781187,0.707106781187,1.048405754997E-16)
  );
#7154 = DIRECTION('',(-0.707106781187,-0.707106781187,0.));
#7155 = ADVANCED_FACE('',(#7156),#7162,.F.);
#7156 = FACE_BOUND('',#7157,.T.);
#7157 = EDGE_LOOP('',(#7158,#7159,#7160,#7161));
#7158 = ORIENTED_EDGE('',*,*,#6196,.F.);
#7159 = ORIENTED_EDGE('',*,*,#3349,.F.);
#7160 = ORIENTED_EDGE('',*,*,#6150,.F.);
#7161 = ORIENTED_EDGE('',*,*,#6962,.F.);
#7162 = PLANE('',#7163);
#7163 = AXIS2_PLACEMENT_3D('',#7164,#7165,#7166);
#7164 = CARTESIAN_POINT('',(16.9,3.57,26.8));
#7165 = DIRECTION('',(0.707106781187,-0.707106781187,1.048405754997E-16)
  );
#7166 = DIRECTION('',(0.707106781187,0.707106781187,6.162975822039E-33)
  );
#7167 = ADVANCED_FACE('',(#7168),#7193,.F.);
#7168 = FACE_BOUND('',#7169,.T.);
#7169 = EDGE_LOOP('',(#7170,#7171,#7179,#7187));
#7170 = ORIENTED_EDGE('',*,*,#505,.T.);
#7171 = ORIENTED_EDGE('',*,*,#7172,.F.);
#7172 = EDGE_CURVE('',#7173,#508,#7175,.T.);
#7173 = VERTEX_POINT('',#7174);
#7174 = CARTESIAN_POINT('',(23.175269610431,1.82,-25.10026961043));
#7175 = LINE('',#7176,#7177);
#7176 = CARTESIAN_POINT('',(23.28,7.82,-25.205));
#7177 = VECTOR('',#7178,1.);
#7178 = DIRECTION('',(1.744974916068E-02,0.999695459882,
    -1.744974916068E-02));
#7179 = ORIENTED_EDGE('',*,*,#7180,.F.);
#7180 = EDGE_CURVE('',#7181,#7173,#7183,.T.);
#7181 = VERTEX_POINT('',#7182);
#7182 = CARTESIAN_POINT('',(23.175269610431,1.82,-16.59973038956));
#7183 = LINE('',#7184,#7185);
#7184 = CARTESIAN_POINT('',(23.175269610431,1.82,-16.495));
#7185 = VECTOR('',#7186,1.);
#7186 = DIRECTION('',(0.,0.,-1.));
#7187 = ORIENTED_EDGE('',*,*,#7188,.T.);
#7188 = EDGE_CURVE('',#7181,#506,#7189,.T.);
#7189 = LINE('',#7190,#7191);
#7190 = CARTESIAN_POINT('',(23.278916002265,7.757897811357,
    -16.49608399773));
#7191 = VECTOR('',#7192,1.);
#7192 = DIRECTION('',(1.744974916068E-02,0.999695459882,
    1.744974916068E-02));
#7193 = PLANE('',#7194);
#7194 = AXIS2_PLACEMENT_3D('',#7195,#7196,#7197);
#7195 = CARTESIAN_POINT('',(23.28,7.82,-25.205));
#7196 = DIRECTION('',(0.999847695156,-1.745240643728E-02,0.));
#7197 = DIRECTION('',(1.745240643728E-02,0.999847695156,0.));
#7198 = ADVANCED_FACE('',(#7199),#7217,.F.);
#7199 = FACE_BOUND('',#7200,.T.);
#7200 = EDGE_LOOP('',(#7201,#7202,#7203,#7211));
#7201 = ORIENTED_EDGE('',*,*,#515,.T.);
#7202 = ORIENTED_EDGE('',*,*,#7188,.F.);
#7203 = ORIENTED_EDGE('',*,*,#7204,.F.);
#7204 = EDGE_CURVE('',#7205,#7181,#7207,.T.);
#7205 = VERTEX_POINT('',#7206);
#7206 = CARTESIAN_POINT('',(19.824730389569,1.82,-16.59973038956));
#7207 = LINE('',#7208,#7209);
#7208 = CARTESIAN_POINT('',(23.28,1.82,-16.59973038956));
#7209 = VECTOR('',#7210,1.);
#7210 = DIRECTION('',(1.,0.,-0.));
#7211 = ORIENTED_EDGE('',*,*,#7212,.T.);
#7212 = EDGE_CURVE('',#7205,#516,#7213,.T.);
#7213 = LINE('',#7214,#7215);
#7214 = CARTESIAN_POINT('',(19.722652140526,7.668058971045,
    -16.49765214052));
#7215 = VECTOR('',#7216,1.);
#7216 = DIRECTION('',(-1.744974916068E-02,0.999695459882,
    1.744974916068E-02));
#7217 = PLANE('',#7218);
#7218 = AXIS2_PLACEMENT_3D('',#7219,#7220,#7221);
#7219 = CARTESIAN_POINT('',(19.72,7.82,-16.495));
#7220 = DIRECTION('',(0.,-1.745240643728E-02,0.999847695156));
#7221 = DIRECTION('',(0.,-0.999847695156,-1.745240643728E-02));
#7222 = ADVANCED_FACE('',(#7223),#7241,.F.);
#7223 = FACE_BOUND('',#7224,.T.);
#7224 = EDGE_LOOP('',(#7225,#7226,#7227,#7235));
#7225 = ORIENTED_EDGE('',*,*,#523,.T.);
#7226 = ORIENTED_EDGE('',*,*,#7212,.F.);
#7227 = ORIENTED_EDGE('',*,*,#7228,.F.);
#7228 = EDGE_CURVE('',#7229,#7205,#7231,.T.);
#7229 = VERTEX_POINT('',#7230);
#7230 = CARTESIAN_POINT('',(19.824730389569,1.82,-25.10026961043));
#7231 = LINE('',#7232,#7233);
#7232 = CARTESIAN_POINT('',(19.824730389569,1.82,-16.495));
#7233 = VECTOR('',#7234,1.);
#7234 = DIRECTION('',(0.,0.,1.));
#7235 = ORIENTED_EDGE('',*,*,#7236,.T.);
#7236 = EDGE_CURVE('',#7229,#524,#7237,.T.);
#7237 = LINE('',#7238,#7239);
#7238 = CARTESIAN_POINT('',(19.72,7.82,-25.205));
#7239 = VECTOR('',#7240,1.);
#7240 = DIRECTION('',(-1.744974916068E-02,0.999695459882,
    -1.744974916068E-02));
#7241 = PLANE('',#7242);
#7242 = AXIS2_PLACEMENT_3D('',#7243,#7244,#7245);
#7243 = CARTESIAN_POINT('',(19.72,7.82,-25.205));
#7244 = DIRECTION('',(-0.999847695156,-1.745240643728E-02,0.));
#7245 = DIRECTION('',(1.745240643728E-02,-0.999847695156,0.));
#7246 = ADVANCED_FACE('',(#7247),#7258,.F.);
#7247 = FACE_BOUND('',#7248,.T.);
#7248 = EDGE_LOOP('',(#7249,#7250,#7251,#7257));
#7249 = ORIENTED_EDGE('',*,*,#531,.T.);
#7250 = ORIENTED_EDGE('',*,*,#7236,.F.);
#7251 = ORIENTED_EDGE('',*,*,#7252,.F.);
#7252 = EDGE_CURVE('',#7173,#7229,#7253,.T.);
#7253 = LINE('',#7254,#7255);
#7254 = CARTESIAN_POINT('',(23.28,1.82,-25.10026961043));
#7255 = VECTOR('',#7256,1.);
#7256 = DIRECTION('',(-1.,0.,-9.745637505488E-16));
#7257 = ORIENTED_EDGE('',*,*,#7172,.T.);
#7258 = PLANE('',#7259);
#7259 = AXIS2_PLACEMENT_3D('',#7260,#7261,#7262);
#7260 = CARTESIAN_POINT('',(19.72,7.82,-25.205));
#7261 = DIRECTION('',(9.744153197692E-16,-1.745240643728E-02,
    -0.999847695156));
#7262 = DIRECTION('',(0.,0.999847695156,-1.745240643728E-02));
#7263 = ADVANCED_FACE('',(#7264),#7270,.T.);
#7264 = FACE_BOUND('',#7265,.T.);
#7265 = EDGE_LOOP('',(#7266,#7267,#7268,#7269));
#7266 = ORIENTED_EDGE('',*,*,#7180,.T.);
#7267 = ORIENTED_EDGE('',*,*,#7252,.T.);
#7268 = ORIENTED_EDGE('',*,*,#7228,.T.);
#7269 = ORIENTED_EDGE('',*,*,#7204,.T.);
#7270 = PLANE('',#7271);
#7271 = AXIS2_PLACEMENT_3D('',#7272,#7273,#7274);
#7272 = CARTESIAN_POINT('',(23.28,1.82,-16.495));
#7273 = DIRECTION('',(0.,1.,0.));
#7274 = DIRECTION('',(0.,-0.,1.));
#7275 = ADVANCED_FACE('',(#7276),#7301,.F.);
#7276 = FACE_BOUND('',#7277,.T.);
#7277 = EDGE_LOOP('',(#7278,#7279,#7287,#7295));
#7278 = ORIENTED_EDGE('',*,*,#471,.T.);
#7279 = ORIENTED_EDGE('',*,*,#7280,.F.);
#7280 = EDGE_CURVE('',#7281,#474,#7283,.T.);
#7281 = VERTEX_POINT('',#7282);
#7282 = CARTESIAN_POINT('',(19.824730389569,1.82,25.100269610431));
#7283 = LINE('',#7284,#7285);
#7284 = CARTESIAN_POINT('',(19.72,7.82,25.205));
#7285 = VECTOR('',#7286,1.);
#7286 = DIRECTION('',(-1.744974916068E-02,0.999695459882,
    1.744974916068E-02));
#7287 = ORIENTED_EDGE('',*,*,#7288,.F.);
#7288 = EDGE_CURVE('',#7289,#7281,#7291,.T.);
#7289 = VERTEX_POINT('',#7290);
#7290 = CARTESIAN_POINT('',(19.824730389569,1.82,16.599730389569));
#7291 = LINE('',#7292,#7293);
#7292 = CARTESIAN_POINT('',(19.824730389569,1.82,25.205));
#7293 = VECTOR('',#7294,1.);
#7294 = DIRECTION('',(7.966583127333E-16,0.,1.));
#7295 = ORIENTED_EDGE('',*,*,#7296,.T.);
#7296 = EDGE_CURVE('',#7289,#472,#7297,.T.);
#7297 = LINE('',#7298,#7299);
#7298 = CARTESIAN_POINT('',(19.72,7.82,16.495));
#7299 = VECTOR('',#7300,1.);
#7300 = DIRECTION('',(-1.744974916068E-02,0.999695459882,
    -1.744974916068E-02));
#7301 = PLANE('',#7302);
#7302 = AXIS2_PLACEMENT_3D('',#7303,#7304,#7305);
#7303 = CARTESIAN_POINT('',(19.72,7.82,25.205));
#7304 = DIRECTION('',(-0.999847695156,-1.745240643728E-02,
    7.965369778136E-16));
#7305 = DIRECTION('',(1.745240643728E-02,-0.999847695156,0.));
#7306 = ADVANCED_FACE('',(#7307),#7325,.F.);
#7307 = FACE_BOUND('',#7308,.T.);
#7308 = EDGE_LOOP('',(#7309,#7310,#7311,#7319));
#7309 = ORIENTED_EDGE('',*,*,#481,.T.);
#7310 = ORIENTED_EDGE('',*,*,#7296,.F.);
#7311 = ORIENTED_EDGE('',*,*,#7312,.F.);
#7312 = EDGE_CURVE('',#7313,#7289,#7315,.T.);
#7313 = VERTEX_POINT('',#7314);
#7314 = CARTESIAN_POINT('',(23.175269610431,1.82,16.599730389569));
#7315 = LINE('',#7316,#7317);
#7316 = CARTESIAN_POINT('',(19.72,1.82,16.599730389569));
#7317 = VECTOR('',#7318,1.);
#7318 = DIRECTION('',(-1.,0.,0.));
#7319 = ORIENTED_EDGE('',*,*,#7320,.T.);
#7320 = EDGE_CURVE('',#7313,#482,#7321,.T.);
#7321 = LINE('',#7322,#7323);
#7322 = CARTESIAN_POINT('',(23.277347859474,7.668058971045,
    16.497652140526));
#7323 = VECTOR('',#7324,1.);
#7324 = DIRECTION('',(1.744974916068E-02,0.999695459882,
    -1.744974916068E-02));
#7325 = PLANE('',#7326);
#7326 = AXIS2_PLACEMENT_3D('',#7327,#7328,#7329);
#7327 = CARTESIAN_POINT('',(19.72,7.82,16.495));
#7328 = DIRECTION('',(0.,-1.745240643728E-02,-0.999847695156));
#7329 = DIRECTION('',(0.,0.999847695156,-1.745240643728E-02));
#7330 = ADVANCED_FACE('',(#7331),#7349,.F.);
#7331 = FACE_BOUND('',#7332,.T.);
#7332 = EDGE_LOOP('',(#7333,#7334,#7335,#7343));
#7333 = ORIENTED_EDGE('',*,*,#489,.T.);
#7334 = ORIENTED_EDGE('',*,*,#7320,.F.);
#7335 = ORIENTED_EDGE('',*,*,#7336,.F.);
#7336 = EDGE_CURVE('',#7337,#7313,#7339,.T.);
#7337 = VERTEX_POINT('',#7338);
#7338 = CARTESIAN_POINT('',(23.175269610431,1.82,25.100269610431));
#7339 = LINE('',#7340,#7341);
#7340 = CARTESIAN_POINT('',(23.175269610431,1.82,25.205));
#7341 = VECTOR('',#7342,1.);
#7342 = DIRECTION('',(0.,0.,-1.));
#7343 = ORIENTED_EDGE('',*,*,#7344,.T.);
#7344 = EDGE_CURVE('',#7337,#490,#7345,.T.);
#7345 = LINE('',#7346,#7347);
#7346 = CARTESIAN_POINT('',(23.278916002265,7.757897811357,
    25.203916002265));
#7347 = VECTOR('',#7348,1.);
#7348 = DIRECTION('',(1.744974916068E-02,0.999695459882,
    1.744974916068E-02));
#7349 = PLANE('',#7350);
#7350 = AXIS2_PLACEMENT_3D('',#7351,#7352,#7353);
#7351 = CARTESIAN_POINT('',(23.28,7.82,25.205));
#7352 = DIRECTION('',(0.999847695156,-1.745240643728E-02,0.));
#7353 = DIRECTION('',(1.745240643728E-02,0.999847695156,0.));
#7354 = ADVANCED_FACE('',(#7355),#7366,.F.);
#7355 = FACE_BOUND('',#7356,.T.);
#7356 = EDGE_LOOP('',(#7357,#7358,#7359,#7365));
#7357 = ORIENTED_EDGE('',*,*,#497,.T.);
#7358 = ORIENTED_EDGE('',*,*,#7344,.F.);
#7359 = ORIENTED_EDGE('',*,*,#7360,.F.);
#7360 = EDGE_CURVE('',#7281,#7337,#7361,.T.);
#7361 = LINE('',#7362,#7363);
#7362 = CARTESIAN_POINT('',(19.72,1.82,25.100269610431));
#7363 = VECTOR('',#7364,1.);
#7364 = DIRECTION('',(1.,0.,-9.745637505488E-16));
#7365 = ORIENTED_EDGE('',*,*,#7280,.T.);
#7366 = PLANE('',#7367);
#7367 = AXIS2_PLACEMENT_3D('',#7368,#7369,#7370);
#7368 = CARTESIAN_POINT('',(19.72,7.82,25.205));
#7369 = DIRECTION('',(9.744153197692E-16,-1.745240643728E-02,
    0.999847695156));
#7370 = DIRECTION('',(0.,-0.999847695156,-1.745240643728E-02));
#7371 = ADVANCED_FACE('',(#7372),#7378,.F.);
#7372 = FACE_BOUND('',#7373,.T.);
#7373 = EDGE_LOOP('',(#7374,#7375,#7376,#7377));
#7374 = ORIENTED_EDGE('',*,*,#7288,.T.);
#7375 = ORIENTED_EDGE('',*,*,#7360,.T.);
#7376 = ORIENTED_EDGE('',*,*,#7336,.T.);
#7377 = ORIENTED_EDGE('',*,*,#7312,.T.);
#7378 = PLANE('',#7379);
#7379 = AXIS2_PLACEMENT_3D('',#7380,#7381,#7382);
#7380 = CARTESIAN_POINT('',(19.72,1.82,16.495));
#7381 = DIRECTION('',(0.,-1.,0.));
#7382 = DIRECTION('',(0.,0.,-1.));
#7383 = ADVANCED_FACE('',(#7384),#7397,.F.);
#7384 = FACE_BOUND('',#7385,.T.);
#7385 = EDGE_LOOP('',(#7386,#7387,#7388,#7389,#7395,#7396));
#7386 = ORIENTED_EDGE('',*,*,#2805,.T.);
#7387 = ORIENTED_EDGE('',*,*,#1453,.T.);
#7388 = ORIENTED_EDGE('',*,*,#3517,.F.);
#7389 = ORIENTED_EDGE('',*,*,#7390,.F.);
#7390 = EDGE_CURVE('',#1361,#3510,#7391,.T.);
#7391 = LINE('',#7392,#7393);
#7392 = CARTESIAN_POINT('',(-43.75,13.42,41.27));
#7393 = VECTOR('',#7394,1.);
#7394 = DIRECTION('',(-0.,-0.,1.));
#7395 = ORIENTED_EDGE('',*,*,#1360,.F.);
#7396 = ORIENTED_EDGE('',*,*,#2980,.F.);
#7397 = PLANE('',#7398);
#7398 = AXIS2_PLACEMENT_3D('',#7399,#7400,#7401);
#7399 = CARTESIAN_POINT('',(-43.75,15.32,-51.1));
#7400 = DIRECTION('',(1.,0.,0.));
#7401 = DIRECTION('',(0.,0.,-1.));
#7402 = ADVANCED_FACE('',(#7403),#7409,.F.);
#7403 = FACE_BOUND('',#7404,.T.);
#7404 = EDGE_LOOP('',(#7405,#7406,#7407,#7408));
#7405 = ORIENTED_EDGE('',*,*,#3178,.T.);
#7406 = ORIENTED_EDGE('',*,*,#1953,.T.);
#7407 = ORIENTED_EDGE('',*,*,#2791,.F.);
#7408 = ORIENTED_EDGE('',*,*,#3027,.F.);
#7409 = PLANE('',#7410);
#7410 = AXIS2_PLACEMENT_3D('',#7411,#7412,#7413);
#7411 = CARTESIAN_POINT('',(37.55,15.32,-51.1));
#7412 = DIRECTION('',(-1.,0.,1.734723475977E-14));
#7413 = DIRECTION('',(1.734723475977E-14,0.,1.));
#7414 = ADVANCED_FACE('',(#7415),#7426,.F.);
#7415 = FACE_BOUND('',#7416,.T.);
#7416 = EDGE_LOOP('',(#7417,#7418,#7424,#7425));
#7417 = ORIENTED_EDGE('',*,*,#4537,.F.);
#7418 = ORIENTED_EDGE('',*,*,#7419,.T.);
#7419 = EDGE_CURVE('',#4529,#2542,#7420,.T.);
#7420 = LINE('',#7421,#7422);
#7421 = CARTESIAN_POINT('',(23.81,14.92,-50.1));
#7422 = VECTOR('',#7423,1.);
#7423 = DIRECTION('',(0.,-0.,-1.));
#7424 = ORIENTED_EDGE('',*,*,#2541,.T.);
#7425 = ORIENTED_EDGE('',*,*,#1207,.T.);
#7426 = PLANE('',#7427);
#7427 = AXIS2_PLACEMENT_3D('',#7428,#7429,#7430);
#7428 = CARTESIAN_POINT('',(23.81,15.32,-49.67));
#7429 = DIRECTION('',(1.,-0.,0.));
#7430 = DIRECTION('',(0.,0.,-1.));
#7431 = ADVANCED_FACE('',(#7432,#7466,#7500),#7573,.F.);
#7432 = FACE_BOUND('',#7433,.T.);
#7433 = EDGE_LOOP('',(#7434,#7444,#7452,#7460));
#7434 = ORIENTED_EDGE('',*,*,#7435,.T.);
#7435 = EDGE_CURVE('',#7436,#7438,#7440,.T.);
#7436 = VERTEX_POINT('',#7437);
#7437 = CARTESIAN_POINT('',(-15.8,15.65,51.1));
#7438 = VERTEX_POINT('',#7439);
#7439 = CARTESIAN_POINT('',(-15.8,18.45,51.1));
#7440 = LINE('',#7441,#7442);
#7441 = CARTESIAN_POINT('',(-15.8,18.55,51.1));
#7442 = VECTOR('',#7443,1.);
#7443 = DIRECTION('',(0.,1.,0.));
#7444 = ORIENTED_EDGE('',*,*,#7445,.T.);
#7445 = EDGE_CURVE('',#7438,#7446,#7448,.T.);
#7446 = VERTEX_POINT('',#7447);
#7447 = CARTESIAN_POINT('',(-8.1,18.45,51.1));
#7448 = LINE('',#7449,#7450);
#7449 = CARTESIAN_POINT('',(-36.3,18.45,51.1));
#7450 = VECTOR('',#7451,1.);
#7451 = DIRECTION('',(1.,-3.638955286774E-16,-8.668199755037E-17));
#7452 = ORIENTED_EDGE('',*,*,#7453,.T.);
#7453 = EDGE_CURVE('',#7446,#7454,#7456,.T.);
#7454 = VERTEX_POINT('',#7455);
#7455 = CARTESIAN_POINT('',(-8.1,15.65,51.1));
#7456 = LINE('',#7457,#7458);
#7457 = CARTESIAN_POINT('',(-8.1,18.55,51.1));
#7458 = VECTOR('',#7459,1.);
#7459 = DIRECTION('',(0.,-1.,0.));
#7460 = ORIENTED_EDGE('',*,*,#7461,.T.);
#7461 = EDGE_CURVE('',#7454,#7436,#7462,.T.);
#7462 = LINE('',#7463,#7464);
#7463 = CARTESIAN_POINT('',(-15.8,15.65,51.1));
#7464 = VECTOR('',#7465,1.);
#7465 = DIRECTION('',(-1.,9.011550524555E-16,0.));
#7466 = FACE_BOUND('',#7467,.T.);
#7467 = EDGE_LOOP('',(#7468,#7478,#7486,#7494));
#7468 = ORIENTED_EDGE('',*,*,#7469,.T.);
#7469 = EDGE_CURVE('',#7470,#7472,#7474,.T.);
#7470 = VERTEX_POINT('',#7471);
#7471 = CARTESIAN_POINT('',(8.1,15.65,51.1));
#7472 = VERTEX_POINT('',#7473);
#7473 = CARTESIAN_POINT('',(8.1,18.45,51.1));
#7474 = LINE('',#7475,#7476);
#7475 = CARTESIAN_POINT('',(8.1,18.55,51.1));
#7476 = VECTOR('',#7477,1.);
#7477 = DIRECTION('',(0.,1.,0.));
#7478 = ORIENTED_EDGE('',*,*,#7479,.T.);
#7479 = EDGE_CURVE('',#7472,#7480,#7482,.T.);
#7480 = VERTEX_POINT('',#7481);
#7481 = CARTESIAN_POINT('',(15.8,18.45,51.1));
#7482 = LINE('',#7483,#7484);
#7483 = CARTESIAN_POINT('',(-36.3,18.45,51.1));
#7484 = VECTOR('',#7485,1.);
#7485 = DIRECTION('',(1.,8.668199755037E-17,-8.668199755037E-17));
#7486 = ORIENTED_EDGE('',*,*,#7487,.T.);
#7487 = EDGE_CURVE('',#7480,#7488,#7490,.T.);
#7488 = VERTEX_POINT('',#7489);
#7489 = CARTESIAN_POINT('',(15.8,15.65,51.1));
#7490 = LINE('',#7491,#7492);
#7491 = CARTESIAN_POINT('',(15.8,18.55,51.1));
#7492 = VECTOR('',#7493,1.);
#7493 = DIRECTION('',(0.,-1.,0.));
#7494 = ORIENTED_EDGE('',*,*,#7495,.T.);
#7495 = EDGE_CURVE('',#7488,#7470,#7496,.T.);
#7496 = LINE('',#7497,#7498);
#7497 = CARTESIAN_POINT('',(15.8,15.65,51.1));
#7498 = VECTOR('',#7499,1.);
#7499 = DIRECTION('',(-1.,-4.505775262277E-16,-0.));
#7500 = FACE_BOUND('',#7501,.T.);
#7501 = EDGE_LOOP('',(#7502,#7512,#7521,#7527,#7528,#7534,#7535,#7541,
    #7542,#7548,#7549,#7558,#7566));
#7502 = ORIENTED_EDGE('',*,*,#7503,.F.);
#7503 = EDGE_CURVE('',#7504,#7506,#7508,.T.);
#7504 = VERTEX_POINT('',#7505);
#7505 = CARTESIAN_POINT('',(-15.67021205564,21.62,51.1));
#7506 = VERTEX_POINT('',#7507);
#7507 = CARTESIAN_POINT('',(15.670212055648,21.62,51.1));
#7508 = LINE('',#7509,#7510);
#7509 = CARTESIAN_POINT('',(-19.,21.62,51.1));
#7510 = VECTOR('',#7511,1.);
#7511 = DIRECTION('',(1.,0.,0.));
#7512 = ORIENTED_EDGE('',*,*,#7513,.T.);
#7513 = EDGE_CURVE('',#7504,#7514,#7516,.T.);
#7514 = VERTEX_POINT('',#7515);
#7515 = CARTESIAN_POINT('',(-17.59102954834,20.177189518714,51.1));
#7516 = CIRCLE('',#7517,2.);
#7517 = AXIS2_PLACEMENT_3D('',#7518,#7519,#7520);
#7518 = CARTESIAN_POINT('',(-15.67021205564,19.62,51.1));
#7519 = DIRECTION('',(8.668199755037E-17,0.,1.));
#7520 = DIRECTION('',(-1.,1.734723475977E-15,8.668199755037E-17));
#7521 = ORIENTED_EDGE('',*,*,#7522,.T.);
#7522 = EDGE_CURVE('',#7514,#2951,#7523,.T.);
#7523 = LINE('',#7524,#7525);
#7524 = CARTESIAN_POINT('',(-20.34274019098,10.691128206193,51.1));
#7525 = VECTOR('',#7526,1.);
#7526 = DIRECTION('',(-0.278594759357,-0.960408746347,2.414915024812E-17
    ));
#7527 = ORIENTED_EDGE('',*,*,#2950,.F.);
#7528 = ORIENTED_EDGE('',*,*,#7529,.T.);
#7529 = EDGE_CURVE('',#2943,#1528,#7530,.T.);
#7530 = LINE('',#7531,#7532);
#7531 = CARTESIAN_POINT('',(-36.3,15.32,51.1));
#7532 = VECTOR('',#7533,1.);
#7533 = DIRECTION('',(-0.,-1.,-0.));
#7534 = ORIENTED_EDGE('',*,*,#1527,.T.);
#7535 = ORIENTED_EDGE('',*,*,#7536,.T.);
#7536 = EDGE_CURVE('',#1520,#1880,#7537,.T.);
#7537 = LINE('',#7538,#7539);
#7538 = CARTESIAN_POINT('',(43.3,12.92,51.1));
#7539 = VECTOR('',#7540,1.);
#7540 = DIRECTION('',(1.,0.,-8.668199755037E-17));
#7541 = ORIENTED_EDGE('',*,*,#1879,.T.);
#7542 = ORIENTED_EDGE('',*,*,#7543,.F.);
#7543 = EDGE_CURVE('',#2887,#1872,#7544,.T.);
#7544 = LINE('',#7545,#7546);
#7545 = CARTESIAN_POINT('',(43.75,15.32,51.1));
#7546 = VECTOR('',#7547,1.);
#7547 = DIRECTION('',(-0.,-1.,-0.));
#7548 = ORIENTED_EDGE('',*,*,#2886,.F.);
#7549 = ORIENTED_EDGE('',*,*,#7550,.T.);
#7550 = EDGE_CURVE('',#2879,#7551,#7553,.T.);
#7551 = VERTEX_POINT('',#7552);
#7552 = CARTESIAN_POINT('',(19.,15.32,51.1));
#7553 = CIRCLE('',#7554,3.840616165458);
#7554 = AXIS2_PLACEMENT_3D('',#7555,#7556,#7557);
#7555 = CARTESIAN_POINT('',(19.519899786669,19.125264345902,51.1));
#7556 = DIRECTION('',(-8.668199755037E-17,0.,-1.));
#7557 = DIRECTION('',(-1.,0.,8.668199755037E-17));
#7558 = ORIENTED_EDGE('',*,*,#7559,.T.);
#7559 = EDGE_CURVE('',#7551,#7560,#7562,.T.);
#7560 = VERTEX_POINT('',#7561);
#7561 = CARTESIAN_POINT('',(17.591029548341,20.177189518714,51.1));
#7562 = LINE('',#7563,#7564);
#7563 = CARTESIAN_POINT('',(14.707888291257,30.116335849567,51.1));
#7564 = VECTOR('',#7565,1.);
#7565 = DIRECTION('',(-0.278594759357,0.960408746347,2.414915024812E-17)
  );
#7566 = ORIENTED_EDGE('',*,*,#7567,.T.);
#7567 = EDGE_CURVE('',#7560,#7506,#7568,.T.);
#7568 = CIRCLE('',#7569,2.);
#7569 = AXIS2_PLACEMENT_3D('',#7570,#7571,#7572);
#7570 = CARTESIAN_POINT('',(15.670212055648,19.62,51.1));
#7571 = DIRECTION('',(8.668199755037E-17,0.,1.));
#7572 = DIRECTION('',(-1.,3.469446951954E-15,8.668199755037E-17));
#7573 = PLANE('',#7574);
#7574 = AXIS2_PLACEMENT_3D('',#7575,#7576,#7577);
#7575 = CARTESIAN_POINT('',(-36.3,15.32,51.1));
#7576 = DIRECTION('',(-8.668199755037E-17,0.,-1.));
#7577 = DIRECTION('',(-1.,0.,8.668199755037E-17));
#7578 = ADVANCED_FACE('',(#7579),#7592,.F.);
#7579 = FACE_BOUND('',#7580,.T.);
#7580 = EDGE_LOOP('',(#7581,#7582,#7583,#7589,#7590,#7591));
#7581 = ORIENTED_EDGE('',*,*,#1871,.T.);
#7582 = ORIENTED_EDGE('',*,*,#3404,.F.);
#7583 = ORIENTED_EDGE('',*,*,#7584,.F.);
#7584 = EDGE_CURVE('',#1779,#3397,#7585,.T.);
#7585 = LINE('',#7586,#7587);
#7586 = CARTESIAN_POINT('',(43.75,13.42,50.7));
#7587 = VECTOR('',#7588,1.);
#7588 = DIRECTION('',(0.,0.,-1.));
#7589 = ORIENTED_EDGE('',*,*,#1778,.F.);
#7590 = ORIENTED_EDGE('',*,*,#2894,.F.);
#7591 = ORIENTED_EDGE('',*,*,#7543,.T.);
#7592 = PLANE('',#7593);
#7593 = AXIS2_PLACEMENT_3D('',#7594,#7595,#7596);
#7594 = CARTESIAN_POINT('',(43.75,15.32,51.1));
#7595 = DIRECTION('',(-1.,0.,6.938893903907E-15));
#7596 = DIRECTION('',(6.938893903907E-15,0.,1.));
#7597 = ADVANCED_FACE('',(#7598),#7604,.F.);
#7598 = FACE_BOUND('',#7599,.T.);
#7599 = EDGE_LOOP('',(#7600,#7601,#7602,#7603));
#7600 = ORIENTED_EDGE('',*,*,#3049,.T.);
#7601 = ORIENTED_EDGE('',*,*,#1535,.T.);
#7602 = ORIENTED_EDGE('',*,*,#7529,.F.);
#7603 = ORIENTED_EDGE('',*,*,#2942,.F.);
#7604 = PLANE('',#7605);
#7605 = AXIS2_PLACEMENT_3D('',#7606,#7607,#7608);
#7606 = CARTESIAN_POINT('',(-36.3,15.32,50.7));
#7607 = DIRECTION('',(1.,0.,-1.734723475977E-14));
#7608 = DIRECTION('',(-1.734723475977E-14,0.,-1.));
#7609 = ADVANCED_FACE('',(#7610),#7621,.F.);
#7610 = FACE_BOUND('',#7611,.T.);
#7611 = EDGE_LOOP('',(#7612,#7613,#7619,#7620));
#7612 = ORIENTED_EDGE('',*,*,#4166,.F.);
#7613 = ORIENTED_EDGE('',*,*,#7614,.T.);
#7614 = EDGE_CURVE('',#4158,#2310,#7615,.T.);
#7615 = LINE('',#7616,#7617);
#7616 = CARTESIAN_POINT('',(-23.81,14.92,50.1));
#7617 = VECTOR('',#7618,1.);
#7618 = DIRECTION('',(-0.,-0.,1.));
#7619 = ORIENTED_EDGE('',*,*,#2309,.T.);
#7620 = ORIENTED_EDGE('',*,*,#909,.T.);
#7621 = PLANE('',#7622);
#7622 = AXIS2_PLACEMENT_3D('',#7623,#7624,#7625);
#7623 = CARTESIAN_POINT('',(-23.81,15.32,49.67));
#7624 = DIRECTION('',(-1.,0.,0.));
#7625 = DIRECTION('',(0.,0.,1.));
#7626 = ADVANCED_FACE('',(#7627),#7638,.F.);
#7627 = FACE_BOUND('',#7628,.T.);
#7628 = EDGE_LOOP('',(#7629,#7630,#7636,#7637));
#7629 = ORIENTED_EDGE('',*,*,#3065,.T.);
#7630 = ORIENTED_EDGE('',*,*,#7631,.T.);
#7631 = EDGE_CURVE('',#3057,#4188,#7632,.T.);
#7632 = LINE('',#7633,#7634);
#7633 = CARTESIAN_POINT('',(-34.86,14.92,49.67));
#7634 = VECTOR('',#7635,1.);
#7635 = DIRECTION('',(0.,-0.,-1.));
#7636 = ORIENTED_EDGE('',*,*,#4187,.T.);
#7637 = ORIENTED_EDGE('',*,*,#845,.T.);
#7638 = PLANE('',#7639);
#7639 = AXIS2_PLACEMENT_3D('',#7640,#7641,#7642);
#7640 = CARTESIAN_POINT('',(-34.86,15.32,49.67));
#7641 = DIRECTION('',(1.,0.,0.));
#7642 = DIRECTION('',(0.,0.,-1.));
#7643 = ADVANCED_FACE('',(#7644),#7656,.T.);
#7644 = FACE_BOUND('',#7645,.T.);
#7645 = EDGE_LOOP('',(#7646,#7647,#7654,#7655));
#7646 = ORIENTED_EDGE('',*,*,#378,.F.);
#7647 = ORIENTED_EDGE('',*,*,#7648,.T.);
#7648 = EDGE_CURVE('',#196,#194,#7649,.T.);
#7649 = CIRCLE('',#7650,3.1);
#7650 = AXIS2_PLACEMENT_3D('',#7651,#7652,#7653);
#7651 = CARTESIAN_POINT('',(-25.,11.32,-35.));
#7652 = DIRECTION('',(0.,-1.,0.));
#7653 = DIRECTION('',(0.,0.,1.));
#7654 = ORIENTED_EDGE('',*,*,#395,.T.);
#7655 = ORIENTED_EDGE('',*,*,#461,.T.);
#7656 = CYLINDRICAL_SURFACE('',#7657,3.1);
#7657 = AXIS2_PLACEMENT_3D('',#7658,#7659,#7660);
#7658 = CARTESIAN_POINT('',(-25.,11.82,-35.));
#7659 = DIRECTION('',(-0.,-1.,-0.));
#7660 = DIRECTION('',(0.,0.,-1.));
#7661 = ADVANCED_FACE('',(#7662,#7688),#7698,.T.);
#7662 = FACE_BOUND('',#7663,.T.);
#7663 = EDGE_LOOP('',(#7664,#7674,#7682));
#7664 = ORIENTED_EDGE('',*,*,#7665,.F.);
#7665 = EDGE_CURVE('',#7666,#7668,#7670,.T.);
#7666 = VERTEX_POINT('',#7667);
#7667 = CARTESIAN_POINT('',(-26.29903810567,11.82,-35.75));
#7668 = VERTEX_POINT('',#7669);
#7669 = CARTESIAN_POINT('',(-25.,11.82,-33.5));
#7670 = LINE('',#7671,#7672);
#7671 = CARTESIAN_POINT('',(-26.29903810567,11.82,-35.75));
#7672 = VECTOR('',#7673,1.);
#7673 = DIRECTION('',(0.5,0.,0.866025403784));
#7674 = ORIENTED_EDGE('',*,*,#7675,.F.);
#7675 = EDGE_CURVE('',#7676,#7666,#7678,.T.);
#7676 = VERTEX_POINT('',#7677);
#7677 = CARTESIAN_POINT('',(-23.70096189432,11.82,-35.75));
#7678 = LINE('',#7679,#7680);
#7679 = CARTESIAN_POINT('',(-23.70096189432,11.82,-35.75));
#7680 = VECTOR('',#7681,1.);
#7681 = DIRECTION('',(-1.,0.,0.));
#7682 = ORIENTED_EDGE('',*,*,#7683,.F.);
#7683 = EDGE_CURVE('',#7668,#7676,#7684,.T.);
#7684 = LINE('',#7685,#7686);
#7685 = CARTESIAN_POINT('',(-25.,11.82,-33.5));
#7686 = VECTOR('',#7687,1.);
#7687 = DIRECTION('',(0.5,0.,-0.866025403784));
#7688 = FACE_BOUND('',#7689,.T.);
#7689 = EDGE_LOOP('',(#7690,#7691));
#7690 = ORIENTED_EDGE('',*,*,#213,.T.);
#7691 = ORIENTED_EDGE('',*,*,#7692,.T.);
#7692 = EDGE_CURVE('',#205,#214,#7693,.T.);
#7693 = CIRCLE('',#7694,2.6);
#7694 = AXIS2_PLACEMENT_3D('',#7695,#7696,#7697);
#7695 = CARTESIAN_POINT('',(-25.,11.82,-35.));
#7696 = DIRECTION('',(0.,1.,0.));
#7697 = DIRECTION('',(0.,-0.,1.));
#7698 = PLANE('',#7699);
#7699 = AXIS2_PLACEMENT_3D('',#7700,#7701,#7702);
#7700 = CARTESIAN_POINT('',(-25.,11.82,-35.));
#7701 = DIRECTION('',(0.,1.,0.));
#7702 = DIRECTION('',(0.,-0.,1.));
#7703 = ADVANCED_FACE('',(#7704),#7716,.T.);
#7704 = FACE_BOUND('',#7705,.T.);
#7705 = EDGE_LOOP('',(#7706,#7707,#7714,#7715));
#7706 = ORIENTED_EDGE('',*,*,#346,.F.);
#7707 = ORIENTED_EDGE('',*,*,#7708,.T.);
#7708 = EDGE_CURVE('',#249,#258,#7709,.T.);
#7709 = CIRCLE('',#7710,3.1);
#7710 = AXIS2_PLACEMENT_3D('',#7711,#7712,#7713);
#7711 = CARTESIAN_POINT('',(25.,11.32,-35.));
#7712 = DIRECTION('',(-0.,-1.,0.));
#7713 = DIRECTION('',(-0.,0.,-1.));
#7714 = ORIENTED_EDGE('',*,*,#363,.T.);
#7715 = ORIENTED_EDGE('',*,*,#685,.T.);
#7716 = CYLINDRICAL_SURFACE('',#7717,3.1);
#7717 = AXIS2_PLACEMENT_3D('',#7718,#7719,#7720);
#7718 = CARTESIAN_POINT('',(25.,11.82,-35.));
#7719 = DIRECTION('',(-0.,-1.,-0.));
#7720 = DIRECTION('',(0.,0.,-1.));
#7721 = ADVANCED_FACE('',(#7722,#7748),#7758,.F.);
#7722 = FACE_BOUND('',#7723,.T.);
#7723 = EDGE_LOOP('',(#7724,#7734,#7742));
#7724 = ORIENTED_EDGE('',*,*,#7725,.F.);
#7725 = EDGE_CURVE('',#7726,#7728,#7730,.T.);
#7726 = VERTEX_POINT('',#7727);
#7727 = CARTESIAN_POINT('',(23.700961894323,11.82,-35.75));
#7728 = VERTEX_POINT('',#7729);
#7729 = CARTESIAN_POINT('',(25.,11.82,-33.5));
#7730 = LINE('',#7731,#7732);
#7731 = CARTESIAN_POINT('',(25.,11.82,-33.5));
#7732 = VECTOR('',#7733,1.);
#7733 = DIRECTION('',(0.5,-0.,0.866025403784));
#7734 = ORIENTED_EDGE('',*,*,#7735,.F.);
#7735 = EDGE_CURVE('',#7736,#7726,#7738,.T.);
#7736 = VERTEX_POINT('',#7737);
#7737 = CARTESIAN_POINT('',(26.299038105677,11.82,-35.75));
#7738 = LINE('',#7739,#7740);
#7739 = CARTESIAN_POINT('',(23.700961894323,11.82,-35.75));
#7740 = VECTOR('',#7741,1.);
#7741 = DIRECTION('',(-1.,-0.,-0.));
#7742 = ORIENTED_EDGE('',*,*,#7743,.F.);
#7743 = EDGE_CURVE('',#7728,#7736,#7744,.T.);
#7744 = LINE('',#7745,#7746);
#7745 = CARTESIAN_POINT('',(26.299038105677,11.82,-35.75));
#7746 = VECTOR('',#7747,1.);
#7747 = DIRECTION('',(0.5,-0.,-0.866025403784));
#7748 = FACE_BOUND('',#7749,.T.);
#7749 = EDGE_LOOP('',(#7750,#7757));
#7750 = ORIENTED_EDGE('',*,*,#7751,.T.);
#7751 = EDGE_CURVE('',#240,#238,#7752,.T.);
#7752 = CIRCLE('',#7753,2.6);
#7753 = AXIS2_PLACEMENT_3D('',#7754,#7755,#7756);
#7754 = CARTESIAN_POINT('',(25.,11.82,-35.));
#7755 = DIRECTION('',(0.,1.,0.));
#7756 = DIRECTION('',(0.,-0.,-1.));
#7757 = ORIENTED_EDGE('',*,*,#237,.T.);
#7758 = PLANE('',#7759);
#7759 = AXIS2_PLACEMENT_3D('',#7760,#7761,#7762);
#7760 = CARTESIAN_POINT('',(25.,11.82,-35.));
#7761 = DIRECTION('',(0.,-1.,0.));
#7762 = DIRECTION('',(0.,-0.,-1.));
#7763 = ADVANCED_FACE('',(#7764),#7776,.T.);
#7764 = FACE_BOUND('',#7765,.T.);
#7765 = EDGE_LOOP('',(#7766,#7767,#7774,#7775));
#7766 = ORIENTED_EDGE('',*,*,#314,.F.);
#7767 = ORIENTED_EDGE('',*,*,#7768,.T.);
#7768 = EDGE_CURVE('',#108,#106,#7769,.T.);
#7769 = CIRCLE('',#7770,3.1);
#7770 = AXIS2_PLACEMENT_3D('',#7771,#7772,#7773);
#7771 = CARTESIAN_POINT('',(25.,11.32,35.));
#7772 = DIRECTION('',(0.,-1.,0.));
#7773 = DIRECTION('',(0.,0.,1.));
#7774 = ORIENTED_EDGE('',*,*,#331,.T.);
#7775 = ORIENTED_EDGE('',*,*,#451,.T.);
#7776 = CYLINDRICAL_SURFACE('',#7777,3.1);
#7777 = AXIS2_PLACEMENT_3D('',#7778,#7779,#7780);
#7778 = CARTESIAN_POINT('',(25.,11.82,35.));
#7779 = DIRECTION('',(-0.,-1.,-0.));
#7780 = DIRECTION('',(0.,0.,-1.));
#7781 = ADVANCED_FACE('',(#7782,#7808),#7818,.T.);
#7782 = FACE_BOUND('',#7783,.T.);
#7783 = EDGE_LOOP('',(#7784,#7794,#7802));
#7784 = ORIENTED_EDGE('',*,*,#7785,.F.);
#7785 = EDGE_CURVE('',#7786,#7788,#7790,.T.);
#7786 = VERTEX_POINT('',#7787);
#7787 = CARTESIAN_POINT('',(26.299038105677,11.82,35.75));
#7788 = VERTEX_POINT('',#7789);
#7789 = CARTESIAN_POINT('',(25.,11.82,33.5));
#7790 = LINE('',#7791,#7792);
#7791 = CARTESIAN_POINT('',(26.299038105677,11.82,35.75));
#7792 = VECTOR('',#7793,1.);
#7793 = DIRECTION('',(-0.5,0.,-0.866025403784));
#7794 = ORIENTED_EDGE('',*,*,#7795,.F.);
#7795 = EDGE_CURVE('',#7796,#7786,#7798,.T.);
#7796 = VERTEX_POINT('',#7797);
#7797 = CARTESIAN_POINT('',(23.700961894323,11.82,35.75));
#7798 = LINE('',#7799,#7800);
#7799 = CARTESIAN_POINT('',(23.700961894323,11.82,35.75));
#7800 = VECTOR('',#7801,1.);
#7801 = DIRECTION('',(1.,0.,0.));
#7802 = ORIENTED_EDGE('',*,*,#7803,.F.);
#7803 = EDGE_CURVE('',#7788,#7796,#7804,.T.);
#7804 = LINE('',#7805,#7806);
#7805 = CARTESIAN_POINT('',(25.,11.82,33.5));
#7806 = VECTOR('',#7807,1.);
#7807 = DIRECTION('',(-0.5,0.,0.866025403784));
#7808 = FACE_BOUND('',#7809,.T.);
#7809 = EDGE_LOOP('',(#7810,#7811));
#7810 = ORIENTED_EDGE('',*,*,#125,.T.);
#7811 = ORIENTED_EDGE('',*,*,#7812,.T.);
#7812 = EDGE_CURVE('',#117,#126,#7813,.T.);
#7813 = CIRCLE('',#7814,2.6);
#7814 = AXIS2_PLACEMENT_3D('',#7815,#7816,#7817);
#7815 = CARTESIAN_POINT('',(25.,11.82,35.));
#7816 = DIRECTION('',(0.,1.,0.));
#7817 = DIRECTION('',(0.,-0.,1.));
#7818 = PLANE('',#7819);
#7819 = AXIS2_PLACEMENT_3D('',#7820,#7821,#7822);
#7820 = CARTESIAN_POINT('',(25.,11.82,35.));
#7821 = DIRECTION('',(0.,1.,0.));
#7822 = DIRECTION('',(0.,-0.,1.));
#7823 = ADVANCED_FACE('',(#7824),#7836,.T.);
#7824 = FACE_BOUND('',#7825,.T.);
#7825 = EDGE_LOOP('',(#7826,#7827,#7834,#7835));
#7826 = ORIENTED_EDGE('',*,*,#282,.F.);
#7827 = ORIENTED_EDGE('',*,*,#7828,.T.);
#7828 = EDGE_CURVE('',#161,#170,#7829,.T.);
#7829 = CIRCLE('',#7830,3.1);
#7830 = AXIS2_PLACEMENT_3D('',#7831,#7832,#7833);
#7831 = CARTESIAN_POINT('',(-25.,11.32,35.));
#7832 = DIRECTION('',(-0.,-1.,0.));
#7833 = DIRECTION('',(-0.,0.,-1.));
#7834 = ORIENTED_EDGE('',*,*,#299,.T.);
#7835 = ORIENTED_EDGE('',*,*,#695,.T.);
#7836 = CYLINDRICAL_SURFACE('',#7837,3.1);
#7837 = AXIS2_PLACEMENT_3D('',#7838,#7839,#7840);
#7838 = CARTESIAN_POINT('',(-25.,11.82,35.));
#7839 = DIRECTION('',(-0.,-1.,-0.));
#7840 = DIRECTION('',(0.,0.,-1.));
#7841 = ADVANCED_FACE('',(#7842,#7868),#7878,.F.);
#7842 = FACE_BOUND('',#7843,.T.);
#7843 = EDGE_LOOP('',(#7844,#7854,#7862));
#7844 = ORIENTED_EDGE('',*,*,#7845,.F.);
#7845 = EDGE_CURVE('',#7846,#7848,#7850,.T.);
#7846 = VERTEX_POINT('',#7847);
#7847 = CARTESIAN_POINT('',(-23.70096189432,11.82,35.75));
#7848 = VERTEX_POINT('',#7849);
#7849 = CARTESIAN_POINT('',(-25.,11.82,33.5));
#7850 = LINE('',#7851,#7852);
#7851 = CARTESIAN_POINT('',(-25.,11.82,33.5));
#7852 = VECTOR('',#7853,1.);
#7853 = DIRECTION('',(-0.5,-0.,-0.866025403784));
#7854 = ORIENTED_EDGE('',*,*,#7855,.F.);
#7855 = EDGE_CURVE('',#7856,#7846,#7858,.T.);
#7856 = VERTEX_POINT('',#7857);
#7857 = CARTESIAN_POINT('',(-26.29903810567,11.82,35.75));
#7858 = LINE('',#7859,#7860);
#7859 = CARTESIAN_POINT('',(-23.70096189432,11.82,35.75));
#7860 = VECTOR('',#7861,1.);
#7861 = DIRECTION('',(1.,-0.,-0.));
#7862 = ORIENTED_EDGE('',*,*,#7863,.F.);
#7863 = EDGE_CURVE('',#7848,#7856,#7864,.T.);
#7864 = LINE('',#7865,#7866);
#7865 = CARTESIAN_POINT('',(-26.29903810567,11.82,35.75));
#7866 = VECTOR('',#7867,1.);
#7867 = DIRECTION('',(-0.5,-0.,0.866025403784));
#7868 = FACE_BOUND('',#7869,.T.);
#7869 = EDGE_LOOP('',(#7870,#7877));
#7870 = ORIENTED_EDGE('',*,*,#7871,.T.);
#7871 = EDGE_CURVE('',#152,#150,#7872,.T.);
#7872 = CIRCLE('',#7873,2.6);
#7873 = AXIS2_PLACEMENT_3D('',#7874,#7875,#7876);
#7874 = CARTESIAN_POINT('',(-25.,11.82,35.));
#7875 = DIRECTION('',(0.,1.,0.));
#7876 = DIRECTION('',(0.,-0.,-1.));
#7877 = ORIENTED_EDGE('',*,*,#149,.T.);
#7878 = PLANE('',#7879);
#7879 = AXIS2_PLACEMENT_3D('',#7880,#7881,#7882);
#7880 = CARTESIAN_POINT('',(-25.,11.82,35.));
#7881 = DIRECTION('',(0.,-1.,0.));
#7882 = DIRECTION('',(0.,-0.,-1.));
#7883 = ADVANCED_FACE('',(#7884),#7890,.T.);
#7884 = FACE_BOUND('',#7885,.T.);
#7885 = EDGE_LOOP('',(#7886,#7887,#7888,#7889));
#7886 = ORIENTED_EDGE('',*,*,#248,.F.);
#7887 = ORIENTED_EDGE('',*,*,#7751,.F.);
#7888 = ORIENTED_EDGE('',*,*,#266,.T.);
#7889 = ORIENTED_EDGE('',*,*,#7708,.F.);
#7890 = TOROIDAL_SURFACE('',#7891,2.6,0.5);
#7891 = AXIS2_PLACEMENT_3D('',#7892,#7893,#7894);
#7892 = CARTESIAN_POINT('',(25.,11.32,-35.));
#7893 = DIRECTION('',(-0.,-1.,0.));
#7894 = DIRECTION('',(-0.,0.,-1.));
#7895 = ADVANCED_FACE('',(#7896),#7902,.T.);
#7896 = FACE_BOUND('',#7897,.T.);
#7897 = EDGE_LOOP('',(#7898,#7899,#7900,#7901));
#7898 = ORIENTED_EDGE('',*,*,#204,.F.);
#7899 = ORIENTED_EDGE('',*,*,#7648,.F.);
#7900 = ORIENTED_EDGE('',*,*,#222,.T.);
#7901 = ORIENTED_EDGE('',*,*,#7692,.F.);
#7902 = TOROIDAL_SURFACE('',#7903,2.6,0.5);
#7903 = AXIS2_PLACEMENT_3D('',#7904,#7905,#7906);
#7904 = CARTESIAN_POINT('',(-25.,11.32,-35.));
#7905 = DIRECTION('',(0.,1.,0.));
#7906 = DIRECTION('',(0.,-0.,1.));
#7907 = ADVANCED_FACE('',(#7908),#7914,.T.);
#7908 = FACE_BOUND('',#7909,.T.);
#7909 = EDGE_LOOP('',(#7910,#7911,#7912,#7913));
#7910 = ORIENTED_EDGE('',*,*,#160,.F.);
#7911 = ORIENTED_EDGE('',*,*,#7871,.F.);
#7912 = ORIENTED_EDGE('',*,*,#178,.T.);
#7913 = ORIENTED_EDGE('',*,*,#7828,.F.);
#7914 = TOROIDAL_SURFACE('',#7915,2.6,0.5);
#7915 = AXIS2_PLACEMENT_3D('',#7916,#7917,#7918);
#7916 = CARTESIAN_POINT('',(-25.,11.32,35.));
#7917 = DIRECTION('',(-0.,-1.,0.));
#7918 = DIRECTION('',(-0.,0.,-1.));
#7919 = ADVANCED_FACE('',(#7920),#7926,.T.);
#7920 = FACE_BOUND('',#7921,.T.);
#7921 = EDGE_LOOP('',(#7922,#7923,#7924,#7925));
#7922 = ORIENTED_EDGE('',*,*,#116,.F.);
#7923 = ORIENTED_EDGE('',*,*,#7768,.F.);
#7924 = ORIENTED_EDGE('',*,*,#134,.T.);
#7925 = ORIENTED_EDGE('',*,*,#7812,.F.);
#7926 = TOROIDAL_SURFACE('',#7927,2.6,0.5);
#7927 = AXIS2_PLACEMENT_3D('',#7928,#7929,#7930);
#7928 = CARTESIAN_POINT('',(25.,11.32,35.));
#7929 = DIRECTION('',(0.,1.,0.));
#7930 = DIRECTION('',(0.,-0.,1.));
#7931 = ADVANCED_FACE('',(#7932),#7948,.F.);
#7932 = FACE_BOUND('',#7933,.T.);
#7933 = EDGE_LOOP('',(#7934,#7935,#7941,#7942));
#7934 = ORIENTED_EDGE('',*,*,#1344,.T.);
#7935 = ORIENTED_EDGE('',*,*,#7936,.T.);
#7936 = EDGE_CURVE('',#1337,#2479,#7937,.T.);
#7937 = LINE('',#7938,#7939);
#7938 = CARTESIAN_POINT('',(-19.,11.82,-51.1));
#7939 = VECTOR('',#7940,1.);
#7940 = DIRECTION('',(0.,0.,1.));
#7941 = ORIENTED_EDGE('',*,*,#2478,.F.);
#7942 = ORIENTED_EDGE('',*,*,#7943,.T.);
#7943 = EDGE_CURVE('',#2471,#1345,#7944,.T.);
#7944 = LINE('',#7945,#7946);
#7945 = CARTESIAN_POINT('',(-19.,15.32,105.5));
#7946 = VECTOR('',#7947,1.);
#7947 = DIRECTION('',(-0.,-0.,-1.));
#7948 = PLANE('',#7949);
#7949 = AXIS2_PLACEMENT_3D('',#7950,#7951,#7952);
#7950 = CARTESIAN_POINT('',(-19.,21.62,-51.1));
#7951 = DIRECTION('',(1.,0.,0.));
#7952 = DIRECTION('',(0.,0.,-1.));
#7953 = ADVANCED_FACE('',(#7954),#7970,.T.);
#7954 = FACE_BOUND('',#7955,.T.);
#7955 = EDGE_LOOP('',(#7956,#7957,#7963,#7964));
#7956 = ORIENTED_EDGE('',*,*,#2453,.T.);
#7957 = ORIENTED_EDGE('',*,*,#7958,.T.);
#7958 = EDGE_CURVE('',#2445,#2748,#7959,.T.);
#7959 = LINE('',#7960,#7961);
#7960 = CARTESIAN_POINT('',(15.670212055648,21.62,-51.1));
#7961 = VECTOR('',#7962,1.);
#7962 = DIRECTION('',(0.,0.,-1.));
#7963 = ORIENTED_EDGE('',*,*,#2747,.T.);
#7964 = ORIENTED_EDGE('',*,*,#7965,.T.);
#7965 = EDGE_CURVE('',#2750,#2454,#7966,.T.);
#7966 = LINE('',#7967,#7968);
#7967 = CARTESIAN_POINT('',(-15.67021205564,21.62,-48.84));
#7968 = VECTOR('',#7969,1.);
#7969 = DIRECTION('',(-0.,-0.,1.));
#7970 = PLANE('',#7971);
#7971 = AXIS2_PLACEMENT_3D('',#7972,#7973,#7974);
#7972 = CARTESIAN_POINT('',(-19.,21.62,-48.84));
#7973 = DIRECTION('',(0.,1.,0.));
#7974 = DIRECTION('',(0.,-0.,1.));
#7975 = ADVANCED_FACE('',(#7976),#7992,.F.);
#7976 = FACE_BOUND('',#7977,.T.);
#7977 = EDGE_LOOP('',(#7978,#7979,#7985,#7986));
#7978 = ORIENTED_EDGE('',*,*,#1753,.T.);
#7979 = ORIENTED_EDGE('',*,*,#7980,.T.);
#7980 = EDGE_CURVE('',#1746,#2247,#7981,.T.);
#7981 = LINE('',#7982,#7983);
#7982 = CARTESIAN_POINT('',(19.,11.82,51.1));
#7983 = VECTOR('',#7984,1.);
#7984 = DIRECTION('',(0.,0.,-1.));
#7985 = ORIENTED_EDGE('',*,*,#2246,.F.);
#7986 = ORIENTED_EDGE('',*,*,#7987,.F.);
#7987 = EDGE_CURVE('',#1754,#2239,#7988,.T.);
#7988 = LINE('',#7989,#7990);
#7989 = CARTESIAN_POINT('',(19.,15.32,105.5));
#7990 = VECTOR('',#7991,1.);
#7991 = DIRECTION('',(-0.,-0.,-1.));
#7992 = PLANE('',#7993);
#7993 = AXIS2_PLACEMENT_3D('',#7994,#7995,#7996);
#7994 = CARTESIAN_POINT('',(19.,21.62,51.1));
#7995 = DIRECTION('',(-1.,0.,0.));
#7996 = DIRECTION('',(0.,0.,1.));
#7997 = ADVANCED_FACE('',(#7998),#8014,.T.);
#7998 = FACE_BOUND('',#7999,.T.);
#7999 = EDGE_LOOP('',(#8000,#8001,#8007,#8008));
#8000 = ORIENTED_EDGE('',*,*,#2221,.T.);
#8001 = ORIENTED_EDGE('',*,*,#8002,.T.);
#8002 = EDGE_CURVE('',#2213,#7504,#8003,.T.);
#8003 = LINE('',#8004,#8005);
#8004 = CARTESIAN_POINT('',(-15.67021205564,21.62,51.1));
#8005 = VECTOR('',#8006,1.);
#8006 = DIRECTION('',(-0.,-0.,1.));
#8007 = ORIENTED_EDGE('',*,*,#7503,.T.);
#8008 = ORIENTED_EDGE('',*,*,#8009,.T.);
#8009 = EDGE_CURVE('',#7506,#2222,#8010,.T.);
#8010 = LINE('',#8011,#8012);
#8011 = CARTESIAN_POINT('',(15.670212055648,21.62,48.84));
#8012 = VECTOR('',#8013,1.);
#8013 = DIRECTION('',(-0.,0.,-1.));
#8014 = PLANE('',#8015);
#8015 = AXIS2_PLACEMENT_3D('',#8016,#8017,#8018);
#8016 = CARTESIAN_POINT('',(19.,21.62,51.1));
#8017 = DIRECTION('',(-0.,1.,0.));
#8018 = DIRECTION('',(0.,0.,1.));
#8019 = ADVANCED_FACE('',(#8020),#8045,.F.);
#8020 = FACE_BOUND('',#8021,.T.);
#8021 = EDGE_LOOP('',(#8022,#8032,#8038,#8039));
#8022 = ORIENTED_EDGE('',*,*,#8023,.F.);
#8023 = EDGE_CURVE('',#8024,#8026,#8028,.T.);
#8024 = VERTEX_POINT('',#8025);
#8025 = CARTESIAN_POINT('',(15.8,16.85,-52.7));
#8026 = VERTEX_POINT('',#8027);
#8027 = CARTESIAN_POINT('',(15.8,15.65,-52.7));
#8028 = LINE('',#8029,#8030);
#8029 = CARTESIAN_POINT('',(15.8,18.55,-52.7));
#8030 = VECTOR('',#8031,1.);
#8031 = DIRECTION('',(0.,-1.,0.));
#8032 = ORIENTED_EDGE('',*,*,#8033,.T.);
#8033 = EDGE_CURVE('',#8024,#2714,#8034,.T.);
#8034 = LINE('',#8035,#8036);
#8035 = CARTESIAN_POINT('',(15.8,16.85,-52.7));
#8036 = VECTOR('',#8037,1.);
#8037 = DIRECTION('',(0.,0.707106781187,0.707106781187));
#8038 = ORIENTED_EDGE('',*,*,#2713,.T.);
#8039 = ORIENTED_EDGE('',*,*,#8040,.F.);
#8040 = EDGE_CURVE('',#8026,#2716,#8041,.T.);
#8041 = LINE('',#8042,#8043);
#8042 = CARTESIAN_POINT('',(15.8,15.65,-52.7));
#8043 = VECTOR('',#8044,1.);
#8044 = DIRECTION('',(-0.,-0.,1.));
#8045 = PLANE('',#8046);
#8046 = AXIS2_PLACEMENT_3D('',#8047,#8048,#8049);
#8047 = CARTESIAN_POINT('',(15.8,18.55,-52.7));
#8048 = DIRECTION('',(-1.,0.,-0.));
#8049 = DIRECTION('',(0.,0.,1.));
#8050 = ADVANCED_FACE('',(#8051),#8069,.F.);
#8051 = FACE_BOUND('',#8052,.T.);
#8052 = EDGE_LOOP('',(#8053,#8054,#8062,#8068));
#8053 = ORIENTED_EDGE('',*,*,#2739,.T.);
#8054 = ORIENTED_EDGE('',*,*,#8055,.F.);
#8055 = EDGE_CURVE('',#8056,#2732,#8058,.T.);
#8056 = VERTEX_POINT('',#8057);
#8057 = CARTESIAN_POINT('',(8.1,15.65,-52.7));
#8058 = LINE('',#8059,#8060);
#8059 = CARTESIAN_POINT('',(8.1,15.65,-52.7));
#8060 = VECTOR('',#8061,1.);
#8061 = DIRECTION('',(-0.,-0.,1.));
#8062 = ORIENTED_EDGE('',*,*,#8063,.F.);
#8063 = EDGE_CURVE('',#8026,#8056,#8064,.T.);
#8064 = LINE('',#8065,#8066);
#8065 = CARTESIAN_POINT('',(15.8,15.65,-52.7));
#8066 = VECTOR('',#8067,1.);
#8067 = DIRECTION('',(-1.,-4.505775262277E-16,0.));
#8068 = ORIENTED_EDGE('',*,*,#8040,.T.);
#8069 = PLANE('',#8070);
#8070 = AXIS2_PLACEMENT_3D('',#8071,#8072,#8073);
#8071 = CARTESIAN_POINT('',(15.8,15.65,-52.7));
#8072 = DIRECTION('',(-4.505775262277E-16,1.,0.));
#8073 = DIRECTION('',(-1.,-4.505775262277E-16,0.));
#8074 = ADVANCED_FACE('',(#8075),#8093,.F.);
#8075 = FACE_BOUND('',#8076,.T.);
#8076 = EDGE_LOOP('',(#8077,#8078,#8086,#8092));
#8077 = ORIENTED_EDGE('',*,*,#2731,.T.);
#8078 = ORIENTED_EDGE('',*,*,#8079,.T.);
#8079 = EDGE_CURVE('',#2724,#8080,#8082,.T.);
#8080 = VERTEX_POINT('',#8081);
#8081 = CARTESIAN_POINT('',(8.1,16.85,-52.7));
#8082 = LINE('',#8083,#8084);
#8083 = CARTESIAN_POINT('',(8.1,16.85,-52.7));
#8084 = VECTOR('',#8085,1.);
#8085 = DIRECTION('',(0.,-0.707106781187,-0.707106781187));
#8086 = ORIENTED_EDGE('',*,*,#8087,.F.);
#8087 = EDGE_CURVE('',#8056,#8080,#8088,.T.);
#8088 = LINE('',#8089,#8090);
#8089 = CARTESIAN_POINT('',(8.1,18.55,-52.7));
#8090 = VECTOR('',#8091,1.);
#8091 = DIRECTION('',(-0.,1.,-0.));
#8092 = ORIENTED_EDGE('',*,*,#8055,.T.);
#8093 = PLANE('',#8094);
#8094 = AXIS2_PLACEMENT_3D('',#8095,#8096,#8097);
#8095 = CARTESIAN_POINT('',(8.1,18.55,-52.7));
#8096 = DIRECTION('',(1.,0.,0.));
#8097 = DIRECTION('',(0.,0.,-1.));
#8098 = ADVANCED_FACE('',(#8099),#8110,.T.);
#8099 = FACE_BOUND('',#8100,.T.);
#8100 = EDGE_LOOP('',(#8101,#8102,#8108,#8109));
#8101 = ORIENTED_EDGE('',*,*,#8087,.T.);
#8102 = ORIENTED_EDGE('',*,*,#8103,.T.);
#8103 = EDGE_CURVE('',#8080,#8024,#8104,.T.);
#8104 = LINE('',#8105,#8106);
#8105 = CARTESIAN_POINT('',(15.8,16.85,-52.7));
#8106 = VECTOR('',#8107,1.);
#8107 = DIRECTION('',(1.,0.,0.));
#8108 = ORIENTED_EDGE('',*,*,#8023,.T.);
#8109 = ORIENTED_EDGE('',*,*,#8063,.T.);
#8110 = PLANE('',#8111);
#8111 = AXIS2_PLACEMENT_3D('',#8112,#8113,#8114);
#8112 = CARTESIAN_POINT('',(15.8,15.65,-52.7));
#8113 = DIRECTION('',(0.,0.,-1.));
#8114 = DIRECTION('',(-1.,0.,-0.));
#8115 = ADVANCED_FACE('',(#8116),#8141,.F.);
#8116 = FACE_BOUND('',#8117,.T.);
#8117 = EDGE_LOOP('',(#8118,#8128,#8134,#8135));
#8118 = ORIENTED_EDGE('',*,*,#8119,.F.);
#8119 = EDGE_CURVE('',#8120,#8122,#8124,.T.);
#8120 = VERTEX_POINT('',#8121);
#8121 = CARTESIAN_POINT('',(-8.1,16.85,-52.7));
#8122 = VERTEX_POINT('',#8123);
#8123 = CARTESIAN_POINT('',(-8.1,15.65,-52.7));
#8124 = LINE('',#8125,#8126);
#8125 = CARTESIAN_POINT('',(-8.1,18.55,-52.7));
#8126 = VECTOR('',#8127,1.);
#8127 = DIRECTION('',(0.,-1.,0.));
#8128 = ORIENTED_EDGE('',*,*,#8129,.T.);
#8129 = EDGE_CURVE('',#8120,#2839,#8130,.T.);
#8130 = LINE('',#8131,#8132);
#8131 = CARTESIAN_POINT('',(-8.1,16.85,-52.7));
#8132 = VECTOR('',#8133,1.);
#8133 = DIRECTION('',(0.,0.707106781187,0.707106781187));
#8134 = ORIENTED_EDGE('',*,*,#2838,.T.);
#8135 = ORIENTED_EDGE('',*,*,#8136,.F.);
#8136 = EDGE_CURVE('',#8122,#2841,#8137,.T.);
#8137 = LINE('',#8138,#8139);
#8138 = CARTESIAN_POINT('',(-8.1,15.65,-52.7));
#8139 = VECTOR('',#8140,1.);
#8140 = DIRECTION('',(-0.,-0.,1.));
#8141 = PLANE('',#8142);
#8142 = AXIS2_PLACEMENT_3D('',#8143,#8144,#8145);
#8143 = CARTESIAN_POINT('',(-8.1,18.55,-52.7));
#8144 = DIRECTION('',(-1.,0.,-0.));
#8145 = DIRECTION('',(0.,0.,1.));
#8146 = ADVANCED_FACE('',(#8147),#8165,.F.);
#8147 = FACE_BOUND('',#8148,.T.);
#8148 = EDGE_LOOP('',(#8149,#8150,#8158,#8164));
#8149 = ORIENTED_EDGE('',*,*,#2864,.T.);
#8150 = ORIENTED_EDGE('',*,*,#8151,.F.);
#8151 = EDGE_CURVE('',#8152,#2857,#8154,.T.);
#8152 = VERTEX_POINT('',#8153);
#8153 = CARTESIAN_POINT('',(-15.8,15.65,-52.7));
#8154 = LINE('',#8155,#8156);
#8155 = CARTESIAN_POINT('',(-15.8,15.65,-52.7));
#8156 = VECTOR('',#8157,1.);
#8157 = DIRECTION('',(-0.,-0.,1.));
#8158 = ORIENTED_EDGE('',*,*,#8159,.F.);
#8159 = EDGE_CURVE('',#8122,#8152,#8160,.T.);
#8160 = LINE('',#8161,#8162);
#8161 = CARTESIAN_POINT('',(-15.8,15.65,-52.7));
#8162 = VECTOR('',#8163,1.);
#8163 = DIRECTION('',(-1.,9.011550524555E-16,-0.));
#8164 = ORIENTED_EDGE('',*,*,#8136,.T.);
#8165 = PLANE('',#8166);
#8166 = AXIS2_PLACEMENT_3D('',#8167,#8168,#8169);
#8167 = CARTESIAN_POINT('',(-15.8,15.65,-52.7));
#8168 = DIRECTION('',(9.011550524555E-16,1.,0.));
#8169 = DIRECTION('',(-1.,9.011550524555E-16,0.));
#8170 = ADVANCED_FACE('',(#8171),#8189,.F.);
#8171 = FACE_BOUND('',#8172,.T.);
#8172 = EDGE_LOOP('',(#8173,#8174,#8182,#8188));
#8173 = ORIENTED_EDGE('',*,*,#2856,.T.);
#8174 = ORIENTED_EDGE('',*,*,#8175,.T.);
#8175 = EDGE_CURVE('',#2849,#8176,#8178,.T.);
#8176 = VERTEX_POINT('',#8177);
#8177 = CARTESIAN_POINT('',(-15.8,16.85,-52.7));
#8178 = LINE('',#8179,#8180);
#8179 = CARTESIAN_POINT('',(-15.8,16.85,-52.7));
#8180 = VECTOR('',#8181,1.);
#8181 = DIRECTION('',(0.,-0.707106781187,-0.707106781187));
#8182 = ORIENTED_EDGE('',*,*,#8183,.F.);
#8183 = EDGE_CURVE('',#8152,#8176,#8184,.T.);
#8184 = LINE('',#8185,#8186);
#8185 = CARTESIAN_POINT('',(-15.8,18.55,-52.7));
#8186 = VECTOR('',#8187,1.);
#8187 = DIRECTION('',(-0.,1.,-0.));
#8188 = ORIENTED_EDGE('',*,*,#8151,.T.);
#8189 = PLANE('',#8190);
#8190 = AXIS2_PLACEMENT_3D('',#8191,#8192,#8193);
#8191 = CARTESIAN_POINT('',(-15.8,18.55,-52.7));
#8192 = DIRECTION('',(1.,0.,0.));
#8193 = DIRECTION('',(0.,0.,-1.));
#8194 = ADVANCED_FACE('',(#8195),#8206,.T.);
#8195 = FACE_BOUND('',#8196,.T.);
#8196 = EDGE_LOOP('',(#8197,#8198,#8204,#8205));
#8197 = ORIENTED_EDGE('',*,*,#8183,.T.);
#8198 = ORIENTED_EDGE('',*,*,#8199,.T.);
#8199 = EDGE_CURVE('',#8176,#8120,#8200,.T.);
#8200 = LINE('',#8201,#8202);
#8201 = CARTESIAN_POINT('',(-8.1,16.85,-52.7));
#8202 = VECTOR('',#8203,1.);
#8203 = DIRECTION('',(1.,-4.505775262277E-16,0.));
#8204 = ORIENTED_EDGE('',*,*,#8119,.T.);
#8205 = ORIENTED_EDGE('',*,*,#8159,.T.);
#8206 = PLANE('',#8207);
#8207 = AXIS2_PLACEMENT_3D('',#8208,#8209,#8210);
#8208 = CARTESIAN_POINT('',(-8.1,18.55,-52.7));
#8209 = DIRECTION('',(0.,0.,-1.));
#8210 = DIRECTION('',(-1.,0.,-0.));
#8211 = ADVANCED_FACE('',(#8212),#8218,.T.);
#8212 = FACE_BOUND('',#8213,.T.);
#8213 = EDGE_LOOP('',(#8214,#8215,#8216,#8217));
#8214 = ORIENTED_EDGE('',*,*,#8079,.F.);
#8215 = ORIENTED_EDGE('',*,*,#2723,.F.);
#8216 = ORIENTED_EDGE('',*,*,#8033,.F.);
#8217 = ORIENTED_EDGE('',*,*,#8103,.F.);
#8218 = PLANE('',#8219);
#8219 = AXIS2_PLACEMENT_3D('',#8220,#8221,#8222);
#8220 = CARTESIAN_POINT('',(15.8,16.85,-52.7));
#8221 = DIRECTION('',(0.,0.707106781187,-0.707106781187));
#8222 = DIRECTION('',(0.,0.707106781187,0.707106781187));
#8223 = ADVANCED_FACE('',(#8224),#8230,.T.);
#8224 = FACE_BOUND('',#8225,.T.);
#8225 = EDGE_LOOP('',(#8226,#8227,#8228,#8229));
#8226 = ORIENTED_EDGE('',*,*,#8175,.F.);
#8227 = ORIENTED_EDGE('',*,*,#2848,.F.);
#8228 = ORIENTED_EDGE('',*,*,#8129,.F.);
#8229 = ORIENTED_EDGE('',*,*,#8199,.F.);
#8230 = PLANE('',#8231);
#8231 = AXIS2_PLACEMENT_3D('',#8232,#8233,#8234);
#8232 = CARTESIAN_POINT('',(-8.1,16.85,-52.7));
#8233 = DIRECTION('',(3.186064242459E-16,0.707106781187,-0.707106781187)
  );
#8234 = DIRECTION('',(-2.465190328816E-32,0.707106781187,0.707106781187)
  );
#8235 = ADVANCED_FACE('',(#8236),#8253,.F.);
#8236 = FACE_BOUND('',#8237,.T.);
#8237 = EDGE_LOOP('',(#8238,#8239,#8245,#8246,#8252));
#8238 = ORIENTED_EDGE('',*,*,#2238,.F.);
#8239 = ORIENTED_EDGE('',*,*,#8240,.T.);
#8240 = EDGE_CURVE('',#2230,#7560,#8241,.T.);
#8241 = LINE('',#8242,#8243);
#8242 = CARTESIAN_POINT('',(17.591029548341,20.177189518714,51.1));
#8243 = VECTOR('',#8244,1.);
#8244 = DIRECTION('',(0.,0.,1.));
#8245 = ORIENTED_EDGE('',*,*,#7559,.F.);
#8246 = ORIENTED_EDGE('',*,*,#8247,.T.);
#8247 = EDGE_CURVE('',#7551,#1754,#8248,.T.);
#8248 = LINE('',#8249,#8250);
#8249 = CARTESIAN_POINT('',(19.,15.32,105.5));
#8250 = VECTOR('',#8251,1.);
#8251 = DIRECTION('',(-0.,-0.,-1.));
#8252 = ORIENTED_EDGE('',*,*,#7987,.T.);
#8253 = PLANE('',#8254);
#8254 = AXIS2_PLACEMENT_3D('',#8255,#8256,#8257);
#8255 = CARTESIAN_POINT('',(19.,15.32,105.5));
#8256 = DIRECTION('',(-0.960408746347,-0.278594759357,0.));
#8257 = DIRECTION('',(0.278594759357,-0.960408746347,0.));
#8258 = ADVANCED_FACE('',(#8259),#8265,.F.);
#8259 = FACE_BOUND('',#8260,.F.);
#8260 = EDGE_LOOP('',(#8261,#8262,#8263,#8264));
#8261 = ORIENTED_EDGE('',*,*,#1761,.T.);
#8262 = ORIENTED_EDGE('',*,*,#2878,.F.);
#8263 = ORIENTED_EDGE('',*,*,#7550,.T.);
#8264 = ORIENTED_EDGE('',*,*,#8247,.T.);
#8265 = CYLINDRICAL_SURFACE('',#8266,3.840616165458);
#8266 = AXIS2_PLACEMENT_3D('',#8267,#8268,#8269);
#8267 = CARTESIAN_POINT('',(19.519899786669,19.125264345902,105.5));
#8268 = DIRECTION('',(-0.,-0.,-1.));
#8269 = DIRECTION('',(-1.,0.,0.));
#8270 = ADVANCED_FACE('',(#8271),#8283,.F.);
#8271 = FACE_BOUND('',#8272,.T.);
#8272 = EDGE_LOOP('',(#8273,#8274,#8280,#8281,#8282));
#8273 = ORIENTED_EDGE('',*,*,#7522,.F.);
#8274 = ORIENTED_EDGE('',*,*,#8275,.T.);
#8275 = EDGE_CURVE('',#7514,#2205,#8276,.T.);
#8276 = LINE('',#8277,#8278);
#8277 = CARTESIAN_POINT('',(-17.59102954834,20.177189518714,48.84));
#8278 = VECTOR('',#8279,1.);
#8279 = DIRECTION('',(0.,0.,-1.));
#8280 = ORIENTED_EDGE('',*,*,#2204,.F.);
#8281 = ORIENTED_EDGE('',*,*,#2363,.F.);
#8282 = ORIENTED_EDGE('',*,*,#2958,.F.);
#8283 = PLANE('',#8284);
#8284 = AXIS2_PLACEMENT_3D('',#8285,#8286,#8287);
#8285 = CARTESIAN_POINT('',(-17.1725,21.62,105.5));
#8286 = DIRECTION('',(0.960408746347,-0.278594759357,0.));
#8287 = DIRECTION('',(0.278594759357,0.960408746347,0.));
#8288 = ADVANCED_FACE('',(#8289),#8306,.F.);
#8289 = FACE_BOUND('',#8290,.T.);
#8290 = EDGE_LOOP('',(#8291,#8292,#8298,#8299,#8300));
#8291 = ORIENTED_EDGE('',*,*,#2766,.T.);
#8292 = ORIENTED_EDGE('',*,*,#8293,.T.);
#8293 = EDGE_CURVE('',#2758,#2437,#8294,.T.);
#8294 = LINE('',#8295,#8296);
#8295 = CARTESIAN_POINT('',(17.591029548341,20.177189518714,-48.84));
#8296 = VECTOR('',#8297,1.);
#8297 = DIRECTION('',(-0.,-0.,1.));
#8298 = ORIENTED_EDGE('',*,*,#2436,.F.);
#8299 = ORIENTED_EDGE('',*,*,#2604,.T.);
#8300 = ORIENTED_EDGE('',*,*,#8301,.T.);
#8301 = EDGE_CURVE('',#2567,#2767,#8302,.T.);
#8302 = LINE('',#8303,#8304);
#8303 = CARTESIAN_POINT('',(19.,15.32,105.5));
#8304 = VECTOR('',#8305,1.);
#8305 = DIRECTION('',(-0.,-0.,-1.));
#8306 = PLANE('',#8307);
#8307 = AXIS2_PLACEMENT_3D('',#8308,#8309,#8310);
#8308 = CARTESIAN_POINT('',(19.,15.32,105.5));
#8309 = DIRECTION('',(-0.960408746347,-0.278594759357,0.));
#8310 = DIRECTION('',(0.278594759357,-0.960408746347,0.));
#8311 = ADVANCED_FACE('',(#8312),#8318,.F.);
#8312 = FACE_BOUND('',#8313,.F.);
#8313 = EDGE_LOOP('',(#8314,#8315,#8316,#8317));
#8314 = ORIENTED_EDGE('',*,*,#2566,.T.);
#8315 = ORIENTED_EDGE('',*,*,#8301,.T.);
#8316 = ORIENTED_EDGE('',*,*,#2774,.F.);
#8317 = ORIENTED_EDGE('',*,*,#3034,.F.);
#8318 = CYLINDRICAL_SURFACE('',#8319,3.840616165458);
#8319 = AXIS2_PLACEMENT_3D('',#8320,#8321,#8322);
#8320 = CARTESIAN_POINT('',(19.519899786669,19.125264345902,105.5));
#8321 = DIRECTION('',(-0.,-0.,-1.));
#8322 = DIRECTION('',(-1.,0.,0.));
#8323 = ADVANCED_FACE('',(#8324),#8336,.F.);
#8324 = FACE_BOUND('',#8325,.T.);
#8325 = EDGE_LOOP('',(#8326,#8327,#8333,#8334,#8335));
#8326 = ORIENTED_EDGE('',*,*,#2470,.F.);
#8327 = ORIENTED_EDGE('',*,*,#8328,.T.);
#8328 = EDGE_CURVE('',#2462,#2822,#8329,.T.);
#8329 = LINE('',#8330,#8331);
#8330 = CARTESIAN_POINT('',(-17.59102954834,20.177189518714,-51.1));
#8331 = VECTOR('',#8332,1.);
#8332 = DIRECTION('',(0.,0.,-1.));
#8333 = ORIENTED_EDGE('',*,*,#2821,.T.);
#8334 = ORIENTED_EDGE('',*,*,#2973,.F.);
#8335 = ORIENTED_EDGE('',*,*,#7943,.F.);
#8336 = PLANE('',#8337);
#8337 = AXIS2_PLACEMENT_3D('',#8338,#8339,#8340);
#8338 = CARTESIAN_POINT('',(-17.1725,21.62,105.5));
#8339 = DIRECTION('',(0.960408746347,-0.278594759357,0.));
#8340 = DIRECTION('',(0.278594759357,0.960408746347,0.));
#8341 = ADVANCED_FACE('',(#8342),#8367,.F.);
#8342 = FACE_BOUND('',#8343,.T.);
#8343 = EDGE_LOOP('',(#8344,#8352,#8360,#8366));
#8344 = ORIENTED_EDGE('',*,*,#8345,.F.);
#8345 = EDGE_CURVE('',#8346,#1938,#8348,.T.);
#8346 = VERTEX_POINT('',#8347);
#8347 = CARTESIAN_POINT('',(6.,12.92,-50.86));
#8348 = LINE('',#8349,#8350);
#8349 = CARTESIAN_POINT('',(6.,12.92,-52.5));
#8350 = VECTOR('',#8351,1.);
#8351 = DIRECTION('',(-2.115516434118E-15,-0.,-1.));
#8352 = ORIENTED_EDGE('',*,*,#8353,.F.);
#8353 = EDGE_CURVE('',#8354,#8346,#8356,.T.);
#8354 = VERTEX_POINT('',#8355);
#8355 = CARTESIAN_POINT('',(-6.,12.92,-50.86));
#8356 = LINE('',#8357,#8358);
#8357 = CARTESIAN_POINT('',(-6.,12.92,-50.86));
#8358 = VECTOR('',#8359,1.);
#8359 = DIRECTION('',(1.,0.,0.));
#8360 = ORIENTED_EDGE('',*,*,#8361,.F.);
#8361 = EDGE_CURVE('',#1462,#8354,#8362,.T.);
#8362 = LINE('',#8363,#8364);
#8363 = CARTESIAN_POINT('',(-6.,12.92,-52.5));
#8364 = VECTOR('',#8365,1.);
#8365 = DIRECTION('',(-2.115516434118E-15,0.,1.));
#8366 = ORIENTED_EDGE('',*,*,#2798,.F.);
#8367 = PLANE('',#8368);
#8368 = AXIS2_PLACEMENT_3D('',#8369,#8370,#8371);
#8369 = CARTESIAN_POINT('',(-6.,12.92,-50.86));
#8370 = DIRECTION('',(0.,1.,-0.));
#8371 = DIRECTION('',(0.,0.,1.));
#8372 = ADVANCED_FACE('',(#8373),#8385,.F.);
#8373 = FACE_BOUND('',#8374,.T.);
#8374 = EDGE_LOOP('',(#8375,#8376,#8377,#8378,#8379));
#8375 = ORIENTED_EDGE('',*,*,#5268,.T.);
#8376 = ORIENTED_EDGE('',*,*,#2667,.F.);
#8377 = ORIENTED_EDGE('',*,*,#1469,.T.);
#8378 = ORIENTED_EDGE('',*,*,#8361,.T.);
#8379 = ORIENTED_EDGE('',*,*,#8380,.F.);
#8380 = EDGE_CURVE('',#5269,#8354,#8381,.T.);
#8381 = LINE('',#8382,#8383);
#8382 = CARTESIAN_POINT('',(-6.,-143.68,-50.86));
#8383 = VECTOR('',#8384,1.);
#8384 = DIRECTION('',(-0.,1.,-0.));
#8385 = PLANE('',#8386);
#8386 = AXIS2_PLACEMENT_3D('',#8387,#8388,#8389);
#8387 = CARTESIAN_POINT('',(-6.,-143.68,-52.5));
#8388 = DIRECTION('',(-1.,0.,-2.115516434118E-15));
#8389 = DIRECTION('',(-2.115516434118E-15,0.,1.));
#8390 = ADVANCED_FACE('',(#8391),#8403,.F.);
#8391 = FACE_BOUND('',#8392,.T.);
#8392 = EDGE_LOOP('',(#8393,#8394,#8400,#8401,#8402));
#8393 = ORIENTED_EDGE('',*,*,#5284,.T.);
#8394 = ORIENTED_EDGE('',*,*,#8395,.T.);
#8395 = EDGE_CURVE('',#5277,#8346,#8396,.T.);
#8396 = LINE('',#8397,#8398);
#8397 = CARTESIAN_POINT('',(6.,-143.68,-50.86));
#8398 = VECTOR('',#8399,1.);
#8399 = DIRECTION('',(-0.,1.,-0.));
#8400 = ORIENTED_EDGE('',*,*,#8345,.T.);
#8401 = ORIENTED_EDGE('',*,*,#1937,.T.);
#8402 = ORIENTED_EDGE('',*,*,#5894,.F.);
#8403 = PLANE('',#8404);
#8404 = AXIS2_PLACEMENT_3D('',#8405,#8406,#8407);
#8405 = CARTESIAN_POINT('',(6.,-143.68,-52.5));
#8406 = DIRECTION('',(1.,0.,-2.115516434118E-15));
#8407 = DIRECTION('',(-2.115516434118E-15,0.,-1.));
#8408 = ADVANCED_FACE('',(#8409),#8415,.F.);
#8409 = FACE_BOUND('',#8410,.T.);
#8410 = EDGE_LOOP('',(#8411,#8412,#8413,#8414));
#8411 = ORIENTED_EDGE('',*,*,#5276,.T.);
#8412 = ORIENTED_EDGE('',*,*,#8380,.T.);
#8413 = ORIENTED_EDGE('',*,*,#8353,.T.);
#8414 = ORIENTED_EDGE('',*,*,#8395,.F.);
#8415 = PLANE('',#8416);
#8416 = AXIS2_PLACEMENT_3D('',#8417,#8418,#8419);
#8417 = CARTESIAN_POINT('',(-6.,-143.68,-50.86));
#8418 = DIRECTION('',(-0.,0.,1.));
#8419 = DIRECTION('',(1.,0.,0.));
#8420 = ADVANCED_FACE('',(#8421),#8446,.F.);
#8421 = FACE_BOUND('',#8422,.T.);
#8422 = EDGE_LOOP('',(#8423,#8431,#8439,#8445));
#8423 = ORIENTED_EDGE('',*,*,#8424,.F.);
#8424 = EDGE_CURVE('',#8425,#1520,#8427,.T.);
#8425 = VERTEX_POINT('',#8426);
#8426 = CARTESIAN_POINT('',(-6.,12.92,50.86));
#8427 = LINE('',#8428,#8429);
#8428 = CARTESIAN_POINT('',(-6.,12.92,52.5));
#8429 = VECTOR('',#8430,1.);
#8430 = DIRECTION('',(2.115516434118E-15,-0.,1.));
#8431 = ORIENTED_EDGE('',*,*,#8432,.F.);
#8432 = EDGE_CURVE('',#8433,#8425,#8435,.T.);
#8433 = VERTEX_POINT('',#8434);
#8434 = CARTESIAN_POINT('',(6.,12.92,50.86));
#8435 = LINE('',#8436,#8437);
#8436 = CARTESIAN_POINT('',(-6.,12.92,50.86));
#8437 = VECTOR('',#8438,1.);
#8438 = DIRECTION('',(-1.,-0.,-0.));
#8439 = ORIENTED_EDGE('',*,*,#8440,.F.);
#8440 = EDGE_CURVE('',#1880,#8433,#8441,.T.);
#8441 = LINE('',#8442,#8443);
#8442 = CARTESIAN_POINT('',(6.,12.92,52.5));
#8443 = VECTOR('',#8444,1.);
#8444 = DIRECTION('',(2.115516434118E-15,0.,-1.));
#8445 = ORIENTED_EDGE('',*,*,#7536,.F.);
#8446 = PLANE('',#8447);
#8447 = AXIS2_PLACEMENT_3D('',#8448,#8449,#8450);
#8448 = CARTESIAN_POINT('',(6.,12.92,52.5));
#8449 = DIRECTION('',(-0.,1.,0.));
#8450 = DIRECTION('',(0.,0.,1.));
#8451 = ADVANCED_FACE('',(#8452),#8464,.F.);
#8452 = FACE_BOUND('',#8453,.T.);
#8453 = EDGE_LOOP('',(#8454,#8455,#8461,#8462,#8463));
#8454 = ORIENTED_EDGE('',*,*,#5127,.T.);
#8455 = ORIENTED_EDGE('',*,*,#8456,.T.);
#8456 = EDGE_CURVE('',#5128,#8425,#8457,.T.);
#8457 = LINE('',#8458,#8459);
#8458 = CARTESIAN_POINT('',(-6.,-143.68,50.86));
#8459 = VECTOR('',#8460,1.);
#8460 = DIRECTION('',(-0.,1.,-0.));
#8461 = ORIENTED_EDGE('',*,*,#8424,.T.);
#8462 = ORIENTED_EDGE('',*,*,#1519,.T.);
#8463 = ORIENTED_EDGE('',*,*,#2629,.F.);
#8464 = PLANE('',#8465);
#8465 = AXIS2_PLACEMENT_3D('',#8466,#8467,#8468);
#8466 = CARTESIAN_POINT('',(-6.,-143.68,52.5));
#8467 = DIRECTION('',(-1.,0.,2.115516434118E-15));
#8468 = DIRECTION('',(2.115516434118E-15,0.,1.));
#8469 = ADVANCED_FACE('',(#8470),#8481,.F.);
#8470 = FACE_BOUND('',#8471,.T.);
#8471 = EDGE_LOOP('',(#8472,#8473,#8479,#8480));
#8472 = ORIENTED_EDGE('',*,*,#5395,.T.);
#8473 = ORIENTED_EDGE('',*,*,#8474,.T.);
#8474 = EDGE_CURVE('',#5388,#8433,#8475,.T.);
#8475 = LINE('',#8476,#8477);
#8476 = CARTESIAN_POINT('',(6.,-143.68,50.86));
#8477 = VECTOR('',#8478,1.);
#8478 = DIRECTION('',(-0.,1.,-0.));
#8479 = ORIENTED_EDGE('',*,*,#8432,.T.);
#8480 = ORIENTED_EDGE('',*,*,#8456,.F.);
#8481 = PLANE('',#8482);
#8482 = AXIS2_PLACEMENT_3D('',#8483,#8484,#8485);
#8483 = CARTESIAN_POINT('',(-6.,-143.68,50.86));
#8484 = DIRECTION('',(0.,0.,-1.));
#8485 = DIRECTION('',(-1.,0.,-0.));
#8486 = ADVANCED_FACE('',(#8487),#8494,.F.);
#8487 = FACE_BOUND('',#8488,.T.);
#8488 = EDGE_LOOP('',(#8489,#8490,#8491,#8492,#8493));
#8489 = ORIENTED_EDGE('',*,*,#5387,.T.);
#8490 = ORIENTED_EDGE('',*,*,#5607,.F.);
#8491 = ORIENTED_EDGE('',*,*,#1887,.T.);
#8492 = ORIENTED_EDGE('',*,*,#8440,.T.);
#8493 = ORIENTED_EDGE('',*,*,#8474,.F.);
#8494 = PLANE('',#8495);
#8495 = AXIS2_PLACEMENT_3D('',#8496,#8497,#8498);
#8496 = CARTESIAN_POINT('',(6.,-143.68,52.5));
#8497 = DIRECTION('',(1.,0.,2.115516434118E-15));
#8498 = DIRECTION('',(2.115516434118E-15,0.,-1.));
#8499 = ADVANCED_FACE('',(#8500),#8525,.F.);
#8500 = FACE_BOUND('',#8501,.T.);
#8501 = EDGE_LOOP('',(#8502,#8512,#8518,#8519));
#8502 = ORIENTED_EDGE('',*,*,#8503,.F.);
#8503 = EDGE_CURVE('',#8504,#8506,#8508,.T.);
#8504 = VERTEX_POINT('',#8505);
#8505 = CARTESIAN_POINT('',(-3.688660858193,14.42,-47.44));
#8506 = VERTEX_POINT('',#8507);
#8507 = CARTESIAN_POINT('',(-3.688660858193,13.55,-47.44));
#8508 = LINE('',#8509,#8510);
#8509 = CARTESIAN_POINT('',(-3.688660858193,16.12,-47.44));
#8510 = VECTOR('',#8511,1.);
#8511 = DIRECTION('',(0.,-1.,0.));
#8512 = ORIENTED_EDGE('',*,*,#8513,.T.);
#8513 = EDGE_CURVE('',#8504,#2379,#8514,.T.);
#8514 = LINE('',#8515,#8516);
#8515 = CARTESIAN_POINT('',(-3.688660858193,14.42,-47.44));
#8516 = VECTOR('',#8517,1.);
#8517 = DIRECTION('',(0.,0.707106781187,-0.707106781187));
#8518 = ORIENTED_EDGE('',*,*,#2378,.T.);
#8519 = ORIENTED_EDGE('',*,*,#8520,.F.);
#8520 = EDGE_CURVE('',#8506,#2381,#8521,.T.);
#8521 = LINE('',#8522,#8523);
#8522 = CARTESIAN_POINT('',(-3.688660858193,13.55,-47.44));
#8523 = VECTOR('',#8524,1.);
#8524 = DIRECTION('',(-0.,-0.,-1.));
#8525 = PLANE('',#8526);
#8526 = AXIS2_PLACEMENT_3D('',#8527,#8528,#8529);
#8527 = CARTESIAN_POINT('',(-3.688660858193,16.12,-47.44));
#8528 = DIRECTION('',(1.,0.,-0.));
#8529 = DIRECTION('',(-0.,0.,-1.));
#8530 = ADVANCED_FACE('',(#8531),#8549,.F.);
#8531 = FACE_BOUND('',#8532,.T.);
#8532 = EDGE_LOOP('',(#8533,#8534,#8542,#8548));
#8533 = ORIENTED_EDGE('',*,*,#2404,.T.);
#8534 = ORIENTED_EDGE('',*,*,#8535,.F.);
#8535 = EDGE_CURVE('',#8536,#2397,#8538,.T.);
#8536 = VERTEX_POINT('',#8537);
#8537 = CARTESIAN_POINT('',(3.688660858193,13.55,-47.44));
#8538 = LINE('',#8539,#8540);
#8539 = CARTESIAN_POINT('',(3.688660858193,13.55,-47.44));
#8540 = VECTOR('',#8541,1.);
#8541 = DIRECTION('',(-0.,-0.,-1.));
#8542 = ORIENTED_EDGE('',*,*,#8543,.F.);
#8543 = EDGE_CURVE('',#8506,#8536,#8544,.T.);
#8544 = LINE('',#8545,#8546);
#8545 = CARTESIAN_POINT('',(-3.688660858193,13.55,-47.44));
#8546 = VECTOR('',#8547,1.);
#8547 = DIRECTION('',(1.,0.,0.));
#8548 = ORIENTED_EDGE('',*,*,#8520,.T.);
#8549 = PLANE('',#8550);
#8550 = AXIS2_PLACEMENT_3D('',#8551,#8552,#8553);
#8551 = CARTESIAN_POINT('',(-3.688660858193,13.55,-47.44));
#8552 = DIRECTION('',(0.,1.,0.));
#8553 = DIRECTION('',(0.,-0.,1.));
#8554 = ADVANCED_FACE('',(#8555),#8573,.F.);
#8555 = FACE_BOUND('',#8556,.T.);
#8556 = EDGE_LOOP('',(#8557,#8558,#8566,#8572));
#8557 = ORIENTED_EDGE('',*,*,#2396,.T.);
#8558 = ORIENTED_EDGE('',*,*,#8559,.T.);
#8559 = EDGE_CURVE('',#2389,#8560,#8562,.T.);
#8560 = VERTEX_POINT('',#8561);
#8561 = CARTESIAN_POINT('',(3.688660858193,14.42,-47.44));
#8562 = LINE('',#8563,#8564);
#8563 = CARTESIAN_POINT('',(3.688660858193,14.42,-47.44));
#8564 = VECTOR('',#8565,1.);
#8565 = DIRECTION('',(0.,-0.707106781187,0.707106781187));
#8566 = ORIENTED_EDGE('',*,*,#8567,.F.);
#8567 = EDGE_CURVE('',#8536,#8560,#8568,.T.);
#8568 = LINE('',#8569,#8570);
#8569 = CARTESIAN_POINT('',(3.688660858193,16.12,-47.44));
#8570 = VECTOR('',#8571,1.);
#8571 = DIRECTION('',(-0.,1.,-0.));
#8572 = ORIENTED_EDGE('',*,*,#8535,.T.);
#8573 = PLANE('',#8574);
#8574 = AXIS2_PLACEMENT_3D('',#8575,#8576,#8577);
#8575 = CARTESIAN_POINT('',(3.688660858193,16.12,-47.44));
#8576 = DIRECTION('',(-1.,0.,0.));
#8577 = DIRECTION('',(0.,0.,1.));
#8578 = ADVANCED_FACE('',(#8579),#8590,.T.);
#8579 = FACE_BOUND('',#8580,.T.);
#8580 = EDGE_LOOP('',(#8581,#8582,#8588,#8589));
#8581 = ORIENTED_EDGE('',*,*,#8567,.T.);
#8582 = ORIENTED_EDGE('',*,*,#8583,.T.);
#8583 = EDGE_CURVE('',#8560,#8504,#8584,.T.);
#8584 = LINE('',#8585,#8586);
#8585 = CARTESIAN_POINT('',(-3.688660858193,14.42,-47.44));
#8586 = VECTOR('',#8587,1.);
#8587 = DIRECTION('',(-1.,0.,-0.));
#8588 = ORIENTED_EDGE('',*,*,#8503,.T.);
#8589 = ORIENTED_EDGE('',*,*,#8543,.T.);
#8590 = PLANE('',#8591);
#8591 = AXIS2_PLACEMENT_3D('',#8592,#8593,#8594);
#8592 = CARTESIAN_POINT('',(-3.688660858193,13.55,-47.44));
#8593 = DIRECTION('',(-0.,0.,1.));
#8594 = DIRECTION('',(1.,0.,0.));
#8595 = ADVANCED_FACE('',(#8596),#8602,.T.);
#8596 = FACE_BOUND('',#8597,.T.);
#8597 = EDGE_LOOP('',(#8598,#8599,#8600,#8601));
#8598 = ORIENTED_EDGE('',*,*,#7513,.F.);
#8599 = ORIENTED_EDGE('',*,*,#8002,.F.);
#8600 = ORIENTED_EDGE('',*,*,#2212,.F.);
#8601 = ORIENTED_EDGE('',*,*,#8275,.F.);
#8602 = CYLINDRICAL_SURFACE('',#8603,2.);
#8603 = AXIS2_PLACEMENT_3D('',#8604,#8605,#8606);
#8604 = CARTESIAN_POINT('',(-15.67021205564,19.62,105.5));
#8605 = DIRECTION('',(0.,0.,1.));
#8606 = DIRECTION('',(1.,0.,-0.));
#8607 = ADVANCED_FACE('',(#8608),#8614,.T.);
#8608 = FACE_BOUND('',#8609,.T.);
#8609 = EDGE_LOOP('',(#8610,#8611,#8612,#8613));
#8610 = ORIENTED_EDGE('',*,*,#2229,.F.);
#8611 = ORIENTED_EDGE('',*,*,#8009,.F.);
#8612 = ORIENTED_EDGE('',*,*,#7567,.F.);
#8613 = ORIENTED_EDGE('',*,*,#8240,.F.);
#8614 = CYLINDRICAL_SURFACE('',#8615,2.);
#8615 = AXIS2_PLACEMENT_3D('',#8616,#8617,#8618);
#8616 = CARTESIAN_POINT('',(15.670212055648,19.62,105.5));
#8617 = DIRECTION('',(0.,0.,-1.));
#8618 = DIRECTION('',(-1.,0.,0.));
#8619 = ADVANCED_FACE('',(#8620),#8626,.T.);
#8620 = FACE_BOUND('',#8621,.T.);
#8621 = EDGE_LOOP('',(#8622,#8623,#8624,#8625));
#8622 = ORIENTED_EDGE('',*,*,#2444,.F.);
#8623 = ORIENTED_EDGE('',*,*,#8293,.F.);
#8624 = ORIENTED_EDGE('',*,*,#2757,.F.);
#8625 = ORIENTED_EDGE('',*,*,#7958,.F.);
#8626 = CYLINDRICAL_SURFACE('',#8627,2.);
#8627 = AXIS2_PLACEMENT_3D('',#8628,#8629,#8630);
#8628 = CARTESIAN_POINT('',(15.670212055648,19.62,-48.84));
#8629 = DIRECTION('',(0.,0.,1.));
#8630 = DIRECTION('',(1.,0.,-0.));
#8631 = ADVANCED_FACE('',(#8632),#8638,.T.);
#8632 = FACE_BOUND('',#8633,.T.);
#8633 = EDGE_LOOP('',(#8634,#8635,#8636,#8637));
#8634 = ORIENTED_EDGE('',*,*,#2461,.F.);
#8635 = ORIENTED_EDGE('',*,*,#7965,.F.);
#8636 = ORIENTED_EDGE('',*,*,#2829,.F.);
#8637 = ORIENTED_EDGE('',*,*,#8328,.F.);
#8638 = CYLINDRICAL_SURFACE('',#8639,2.);
#8639 = AXIS2_PLACEMENT_3D('',#8640,#8641,#8642);
#8640 = CARTESIAN_POINT('',(-15.67021205564,19.62,105.5));
#8641 = DIRECTION('',(-0.,0.,1.));
#8642 = DIRECTION('',(1.,0.,0.));
#8643 = ADVANCED_FACE('',(#8644),#8650,.T.);
#8644 = FACE_BOUND('',#8645,.T.);
#8645 = EDGE_LOOP('',(#8646,#8647,#8648,#8649));
#8646 = ORIENTED_EDGE('',*,*,#8559,.F.);
#8647 = ORIENTED_EDGE('',*,*,#2388,.F.);
#8648 = ORIENTED_EDGE('',*,*,#8513,.F.);
#8649 = ORIENTED_EDGE('',*,*,#8583,.F.);
#8650 = PLANE('',#8651);
#8651 = AXIS2_PLACEMENT_3D('',#8652,#8653,#8654);
#8652 = CARTESIAN_POINT('',(-3.688660858193,14.42,-47.44));
#8653 = DIRECTION('',(-0.,0.707106781187,0.707106781187));
#8654 = DIRECTION('',(0.,-0.707106781187,0.707106781187));
#8655 = ADVANCED_FACE('',(#8656),#8681,.T.);
#8656 = FACE_BOUND('',#8657,.T.);
#8657 = EDGE_LOOP('',(#8658,#8659,#8667,#8675));
#8658 = ORIENTED_EDGE('',*,*,#7487,.F.);
#8659 = ORIENTED_EDGE('',*,*,#8660,.T.);
#8660 = EDGE_CURVE('',#7480,#8661,#8663,.T.);
#8661 = VERTEX_POINT('',#8662);
#8662 = CARTESIAN_POINT('',(15.8,16.85,52.7));
#8663 = LINE('',#8664,#8665);
#8664 = CARTESIAN_POINT('',(15.8,17.7,51.85));
#8665 = VECTOR('',#8666,1.);
#8666 = DIRECTION('',(0.,-0.707106781187,0.707106781187));
#8667 = ORIENTED_EDGE('',*,*,#8668,.T.);
#8668 = EDGE_CURVE('',#8661,#8669,#8671,.T.);
#8669 = VERTEX_POINT('',#8670);
#8670 = CARTESIAN_POINT('',(15.8,15.65,52.7));
#8671 = LINE('',#8672,#8673);
#8672 = CARTESIAN_POINT('',(15.8,18.55,52.7));
#8673 = VECTOR('',#8674,1.);
#8674 = DIRECTION('',(0.,-1.,0.));
#8675 = ORIENTED_EDGE('',*,*,#8676,.T.);
#8676 = EDGE_CURVE('',#8669,#7488,#8677,.T.);
#8677 = LINE('',#8678,#8679);
#8678 = CARTESIAN_POINT('',(15.8,15.65,52.7));
#8679 = VECTOR('',#8680,1.);
#8680 = DIRECTION('',(-0.,-0.,-1.));
#8681 = PLANE('',#8682);
#8682 = AXIS2_PLACEMENT_3D('',#8683,#8684,#8685);
#8683 = CARTESIAN_POINT('',(15.8,18.55,52.7));
#8684 = DIRECTION('',(1.,0.,-0.));
#8685 = DIRECTION('',(-0.,0.,-1.));
#8686 = ADVANCED_FACE('',(#8687),#8712,.T.);
#8687 = FACE_BOUND('',#8688,.T.);
#8688 = EDGE_LOOP('',(#8689,#8699,#8705,#8706));
#8689 = ORIENTED_EDGE('',*,*,#8690,.T.);
#8690 = EDGE_CURVE('',#8691,#8693,#8695,.T.);
#8691 = VERTEX_POINT('',#8692);
#8692 = CARTESIAN_POINT('',(8.1,15.65,52.7));
#8693 = VERTEX_POINT('',#8694);
#8694 = CARTESIAN_POINT('',(8.1,16.85,52.7));
#8695 = LINE('',#8696,#8697);
#8696 = CARTESIAN_POINT('',(8.1,18.55,52.7));
#8697 = VECTOR('',#8698,1.);
#8698 = DIRECTION('',(0.,1.,0.));
#8699 = ORIENTED_EDGE('',*,*,#8700,.T.);
#8700 = EDGE_CURVE('',#8693,#7472,#8701,.T.);
#8701 = LINE('',#8702,#8703);
#8702 = CARTESIAN_POINT('',(8.1,17.7,51.85));
#8703 = VECTOR('',#8704,1.);
#8704 = DIRECTION('',(-0.,0.707106781187,-0.707106781187));
#8705 = ORIENTED_EDGE('',*,*,#7469,.F.);
#8706 = ORIENTED_EDGE('',*,*,#8707,.F.);
#8707 = EDGE_CURVE('',#8691,#7470,#8708,.T.);
#8708 = LINE('',#8709,#8710);
#8709 = CARTESIAN_POINT('',(8.1,15.65,52.7));
#8710 = VECTOR('',#8711,1.);
#8711 = DIRECTION('',(-0.,-0.,-1.));
#8712 = PLANE('',#8713);
#8713 = AXIS2_PLACEMENT_3D('',#8714,#8715,#8716);
#8714 = CARTESIAN_POINT('',(8.1,18.55,52.7));
#8715 = DIRECTION('',(-1.,0.,0.));
#8716 = DIRECTION('',(0.,0.,1.));
#8717 = ADVANCED_FACE('',(#8718),#8729,.T.);
#8718 = FACE_BOUND('',#8719,.T.);
#8719 = EDGE_LOOP('',(#8720,#8721,#8722,#8728));
#8720 = ORIENTED_EDGE('',*,*,#7495,.F.);
#8721 = ORIENTED_EDGE('',*,*,#8676,.F.);
#8722 = ORIENTED_EDGE('',*,*,#8723,.T.);
#8723 = EDGE_CURVE('',#8669,#8691,#8724,.T.);
#8724 = LINE('',#8725,#8726);
#8725 = CARTESIAN_POINT('',(15.8,15.65,52.7));
#8726 = VECTOR('',#8727,1.);
#8727 = DIRECTION('',(-1.,-4.505775262277E-16,-0.));
#8728 = ORIENTED_EDGE('',*,*,#8707,.T.);
#8729 = PLANE('',#8730);
#8730 = AXIS2_PLACEMENT_3D('',#8731,#8732,#8733);
#8731 = CARTESIAN_POINT('',(15.8,15.65,52.7));
#8732 = DIRECTION('',(4.505775262277E-16,-1.,0.));
#8733 = DIRECTION('',(1.,4.505775262277E-16,0.));
#8734 = ADVANCED_FACE('',(#8735),#8746,.T.);
#8735 = FACE_BOUND('',#8736,.T.);
#8736 = EDGE_LOOP('',(#8737,#8738,#8744,#8745));
#8737 = ORIENTED_EDGE('',*,*,#8668,.F.);
#8738 = ORIENTED_EDGE('',*,*,#8739,.T.);
#8739 = EDGE_CURVE('',#8661,#8693,#8740,.T.);
#8740 = LINE('',#8741,#8742);
#8741 = CARTESIAN_POINT('',(15.8,16.85,52.7));
#8742 = VECTOR('',#8743,1.);
#8743 = DIRECTION('',(-1.,0.,0.));
#8744 = ORIENTED_EDGE('',*,*,#8690,.F.);
#8745 = ORIENTED_EDGE('',*,*,#8723,.F.);
#8746 = PLANE('',#8747);
#8747 = AXIS2_PLACEMENT_3D('',#8748,#8749,#8750);
#8748 = CARTESIAN_POINT('',(15.8,15.65,52.7));
#8749 = DIRECTION('',(0.,0.,1.));
#8750 = DIRECTION('',(-1.,0.,0.));
#8751 = ADVANCED_FACE('',(#8752),#8777,.T.);
#8752 = FACE_BOUND('',#8753,.T.);
#8753 = EDGE_LOOP('',(#8754,#8764,#8770,#8771));
#8754 = ORIENTED_EDGE('',*,*,#8755,.T.);
#8755 = EDGE_CURVE('',#8756,#8758,#8760,.T.);
#8756 = VERTEX_POINT('',#8757);
#8757 = CARTESIAN_POINT('',(-15.8,15.65,52.7));
#8758 = VERTEX_POINT('',#8759);
#8759 = CARTESIAN_POINT('',(-15.8,16.85,52.7));
#8760 = LINE('',#8761,#8762);
#8761 = CARTESIAN_POINT('',(-15.8,18.55,52.7));
#8762 = VECTOR('',#8763,1.);
#8763 = DIRECTION('',(0.,1.,0.));
#8764 = ORIENTED_EDGE('',*,*,#8765,.T.);
#8765 = EDGE_CURVE('',#8758,#7438,#8766,.T.);
#8766 = LINE('',#8767,#8768);
#8767 = CARTESIAN_POINT('',(-15.8,17.7,51.85));
#8768 = VECTOR('',#8769,1.);
#8769 = DIRECTION('',(-0.,0.707106781187,-0.707106781187));
#8770 = ORIENTED_EDGE('',*,*,#7435,.F.);
#8771 = ORIENTED_EDGE('',*,*,#8772,.F.);
#8772 = EDGE_CURVE('',#8756,#7436,#8773,.T.);
#8773 = LINE('',#8774,#8775);
#8774 = CARTESIAN_POINT('',(-15.8,15.65,52.7));
#8775 = VECTOR('',#8776,1.);
#8776 = DIRECTION('',(-0.,-0.,-1.));
#8777 = PLANE('',#8778);
#8778 = AXIS2_PLACEMENT_3D('',#8779,#8780,#8781);
#8779 = CARTESIAN_POINT('',(-15.8,18.55,52.7));
#8780 = DIRECTION('',(-1.,0.,0.));
#8781 = DIRECTION('',(0.,0.,1.));
#8782 = ADVANCED_FACE('',(#8783),#8801,.T.);
#8783 = FACE_BOUND('',#8784,.T.);
#8784 = EDGE_LOOP('',(#8785,#8786,#8794,#8800));
#8785 = ORIENTED_EDGE('',*,*,#7461,.F.);
#8786 = ORIENTED_EDGE('',*,*,#8787,.F.);
#8787 = EDGE_CURVE('',#8788,#7454,#8790,.T.);
#8788 = VERTEX_POINT('',#8789);
#8789 = CARTESIAN_POINT('',(-8.1,15.65,52.7));
#8790 = LINE('',#8791,#8792);
#8791 = CARTESIAN_POINT('',(-8.1,15.65,52.7));
#8792 = VECTOR('',#8793,1.);
#8793 = DIRECTION('',(-0.,-0.,-1.));
#8794 = ORIENTED_EDGE('',*,*,#8795,.T.);
#8795 = EDGE_CURVE('',#8788,#8756,#8796,.T.);
#8796 = LINE('',#8797,#8798);
#8797 = CARTESIAN_POINT('',(-15.8,15.65,52.7));
#8798 = VECTOR('',#8799,1.);
#8799 = DIRECTION('',(-1.,9.011550524555E-16,0.));
#8800 = ORIENTED_EDGE('',*,*,#8772,.T.);
#8801 = PLANE('',#8802);
#8802 = AXIS2_PLACEMENT_3D('',#8803,#8804,#8805);
#8803 = CARTESIAN_POINT('',(-15.8,15.65,52.7));
#8804 = DIRECTION('',(-9.011550524555E-16,-1.,0.));
#8805 = DIRECTION('',(1.,-9.011550524555E-16,0.));
#8806 = ADVANCED_FACE('',(#8807),#8825,.T.);
#8807 = FACE_BOUND('',#8808,.T.);
#8808 = EDGE_LOOP('',(#8809,#8810,#8818,#8824));
#8809 = ORIENTED_EDGE('',*,*,#7453,.F.);
#8810 = ORIENTED_EDGE('',*,*,#8811,.T.);
#8811 = EDGE_CURVE('',#7446,#8812,#8814,.T.);
#8812 = VERTEX_POINT('',#8813);
#8813 = CARTESIAN_POINT('',(-8.1,16.85,52.7));
#8814 = LINE('',#8815,#8816);
#8815 = CARTESIAN_POINT('',(-8.1,17.7,51.85));
#8816 = VECTOR('',#8817,1.);
#8817 = DIRECTION('',(-0.,-0.707106781187,0.707106781187));
#8818 = ORIENTED_EDGE('',*,*,#8819,.T.);
#8819 = EDGE_CURVE('',#8812,#8788,#8820,.T.);
#8820 = LINE('',#8821,#8822);
#8821 = CARTESIAN_POINT('',(-8.1,18.55,52.7));
#8822 = VECTOR('',#8823,1.);
#8823 = DIRECTION('',(0.,-1.,0.));
#8824 = ORIENTED_EDGE('',*,*,#8787,.T.);
#8825 = PLANE('',#8826);
#8826 = AXIS2_PLACEMENT_3D('',#8827,#8828,#8829);
#8827 = CARTESIAN_POINT('',(-8.1,18.55,52.7));
#8828 = DIRECTION('',(1.,0.,-0.));
#8829 = DIRECTION('',(-0.,0.,-1.));
#8830 = ADVANCED_FACE('',(#8831),#8842,.T.);
#8831 = FACE_BOUND('',#8832,.T.);
#8832 = EDGE_LOOP('',(#8833,#8834,#8840,#8841));
#8833 = ORIENTED_EDGE('',*,*,#8819,.F.);
#8834 = ORIENTED_EDGE('',*,*,#8835,.T.);
#8835 = EDGE_CURVE('',#8812,#8758,#8836,.T.);
#8836 = LINE('',#8837,#8838);
#8837 = CARTESIAN_POINT('',(-8.1,16.85,52.7));
#8838 = VECTOR('',#8839,1.);
#8839 = DIRECTION('',(-1.,4.505775262277E-16,0.));
#8840 = ORIENTED_EDGE('',*,*,#8755,.F.);
#8841 = ORIENTED_EDGE('',*,*,#8795,.F.);
#8842 = PLANE('',#8843);
#8843 = AXIS2_PLACEMENT_3D('',#8844,#8845,#8846);
#8844 = CARTESIAN_POINT('',(-8.1,18.55,52.7));
#8845 = DIRECTION('',(0.,0.,1.));
#8846 = DIRECTION('',(-1.,0.,0.));
#8847 = ADVANCED_FACE('',(#8848),#8854,.F.);
#8848 = FACE_BOUND('',#8849,.T.);
#8849 = EDGE_LOOP('',(#8850,#8851,#8852,#8853));
#8850 = ORIENTED_EDGE('',*,*,#8700,.F.);
#8851 = ORIENTED_EDGE('',*,*,#8739,.F.);
#8852 = ORIENTED_EDGE('',*,*,#8660,.F.);
#8853 = ORIENTED_EDGE('',*,*,#7479,.F.);
#8854 = PLANE('',#8855);
#8855 = AXIS2_PLACEMENT_3D('',#8856,#8857,#8858);
#8856 = CARTESIAN_POINT('',(15.8,18.55,51.));
#8857 = DIRECTION('',(0.,-0.707106781187,-0.707106781187));
#8858 = DIRECTION('',(0.,0.707106781187,-0.707106781187));
#8859 = ADVANCED_FACE('',(#8860),#8866,.F.);
#8860 = FACE_BOUND('',#8861,.T.);
#8861 = EDGE_LOOP('',(#8862,#8863,#8864,#8865));
#8862 = ORIENTED_EDGE('',*,*,#8765,.F.);
#8863 = ORIENTED_EDGE('',*,*,#8835,.F.);
#8864 = ORIENTED_EDGE('',*,*,#8811,.F.);
#8865 = ORIENTED_EDGE('',*,*,#7445,.F.);
#8866 = PLANE('',#8867);
#8867 = AXIS2_PLACEMENT_3D('',#8868,#8869,#8870);
#8868 = CARTESIAN_POINT('',(-15.8,18.55,51.));
#8869 = DIRECTION('',(-3.186064242459E-16,-0.707106781187,
    -0.707106781187));
#8870 = DIRECTION('',(-2.465190328816E-32,0.707106781187,-0.707106781187
    ));
#8871 = ADVANCED_FACE('',(#8872),#8897,.T.);
#8872 = FACE_BOUND('',#8873,.T.);
#8873 = EDGE_LOOP('',(#8874,#8875,#8883,#8891));
#8874 = ORIENTED_EDGE('',*,*,#2164,.F.);
#8875 = ORIENTED_EDGE('',*,*,#8876,.T.);
#8876 = EDGE_CURVE('',#2157,#8877,#8879,.T.);
#8877 = VERTEX_POINT('',#8878);
#8878 = CARTESIAN_POINT('',(-3.688660858193,14.42,47.44));
#8879 = LINE('',#8880,#8881);
#8880 = CARTESIAN_POINT('',(-3.688660858193,15.27,48.29));
#8881 = VECTOR('',#8882,1.);
#8882 = DIRECTION('',(-0.,-0.707106781187,-0.707106781187));
#8883 = ORIENTED_EDGE('',*,*,#8884,.T.);
#8884 = EDGE_CURVE('',#8877,#8885,#8887,.T.);
#8885 = VERTEX_POINT('',#8886);
#8886 = CARTESIAN_POINT('',(-3.688660858193,13.55,47.44));
#8887 = LINE('',#8888,#8889);
#8888 = CARTESIAN_POINT('',(-3.688660858193,16.12,47.44));
#8889 = VECTOR('',#8890,1.);
#8890 = DIRECTION('',(0.,-1.,0.));
#8891 = ORIENTED_EDGE('',*,*,#8892,.T.);
#8892 = EDGE_CURVE('',#8885,#2165,#8893,.T.);
#8893 = LINE('',#8894,#8895);
#8894 = CARTESIAN_POINT('',(-3.688660858193,13.55,47.44));
#8895 = VECTOR('',#8896,1.);
#8896 = DIRECTION('',(-0.,-0.,1.));
#8897 = PLANE('',#8898);
#8898 = AXIS2_PLACEMENT_3D('',#8899,#8900,#8901);
#8899 = CARTESIAN_POINT('',(-3.688660858193,16.12,47.44));
#8900 = DIRECTION('',(-1.,0.,-0.));
#8901 = DIRECTION('',(0.,0.,1.));
#8902 = ADVANCED_FACE('',(#8903),#8928,.T.);
#8903 = FACE_BOUND('',#8904,.T.);
#8904 = EDGE_LOOP('',(#8905,#8915,#8921,#8922));
#8905 = ORIENTED_EDGE('',*,*,#8906,.T.);
#8906 = EDGE_CURVE('',#8907,#8909,#8911,.T.);
#8907 = VERTEX_POINT('',#8908);
#8908 = CARTESIAN_POINT('',(3.688660858193,13.55,47.44));
#8909 = VERTEX_POINT('',#8910);
#8910 = CARTESIAN_POINT('',(3.688660858193,14.42,47.44));
#8911 = LINE('',#8912,#8913);
#8912 = CARTESIAN_POINT('',(3.688660858193,16.12,47.44));
#8913 = VECTOR('',#8914,1.);
#8914 = DIRECTION('',(0.,1.,0.));
#8915 = ORIENTED_EDGE('',*,*,#8916,.T.);
#8916 = EDGE_CURVE('',#8909,#2149,#8917,.T.);
#8917 = LINE('',#8918,#8919);
#8918 = CARTESIAN_POINT('',(3.688660858193,15.27,48.29));
#8919 = VECTOR('',#8920,1.);
#8920 = DIRECTION('',(-0.,0.707106781187,0.707106781187));
#8921 = ORIENTED_EDGE('',*,*,#2146,.F.);
#8922 = ORIENTED_EDGE('',*,*,#8923,.F.);
#8923 = EDGE_CURVE('',#8907,#2147,#8924,.T.);
#8924 = LINE('',#8925,#8926);
#8925 = CARTESIAN_POINT('',(3.688660858193,13.55,47.44));
#8926 = VECTOR('',#8927,1.);
#8927 = DIRECTION('',(-0.,-0.,1.));
#8928 = PLANE('',#8929);
#8929 = AXIS2_PLACEMENT_3D('',#8930,#8931,#8932);
#8930 = CARTESIAN_POINT('',(3.688660858193,16.12,47.44));
#8931 = DIRECTION('',(1.,-0.,0.));
#8932 = DIRECTION('',(0.,0.,-1.));
#8933 = ADVANCED_FACE('',(#8934),#8945,.T.);
#8934 = FACE_BOUND('',#8935,.T.);
#8935 = EDGE_LOOP('',(#8936,#8937,#8938,#8944));
#8936 = ORIENTED_EDGE('',*,*,#2172,.F.);
#8937 = ORIENTED_EDGE('',*,*,#8892,.F.);
#8938 = ORIENTED_EDGE('',*,*,#8939,.T.);
#8939 = EDGE_CURVE('',#8885,#8907,#8940,.T.);
#8940 = LINE('',#8941,#8942);
#8941 = CARTESIAN_POINT('',(-3.688660858193,13.55,47.44));
#8942 = VECTOR('',#8943,1.);
#8943 = DIRECTION('',(1.,0.,0.));
#8944 = ORIENTED_EDGE('',*,*,#8923,.T.);
#8945 = PLANE('',#8946);
#8946 = AXIS2_PLACEMENT_3D('',#8947,#8948,#8949);
#8947 = CARTESIAN_POINT('',(-3.688660858193,13.55,47.44));
#8948 = DIRECTION('',(0.,-1.,0.));
#8949 = DIRECTION('',(0.,-0.,-1.));
#8950 = ADVANCED_FACE('',(#8951),#8962,.T.);
#8951 = FACE_BOUND('',#8952,.T.);
#8952 = EDGE_LOOP('',(#8953,#8954,#8960,#8961));
#8953 = ORIENTED_EDGE('',*,*,#8884,.F.);
#8954 = ORIENTED_EDGE('',*,*,#8955,.T.);
#8955 = EDGE_CURVE('',#8877,#8909,#8956,.T.);
#8956 = LINE('',#8957,#8958);
#8957 = CARTESIAN_POINT('',(-3.688660858193,14.42,47.44));
#8958 = VECTOR('',#8959,1.);
#8959 = DIRECTION('',(1.,0.,0.));
#8960 = ORIENTED_EDGE('',*,*,#8906,.F.);
#8961 = ORIENTED_EDGE('',*,*,#8939,.F.);
#8962 = PLANE('',#8963);
#8963 = AXIS2_PLACEMENT_3D('',#8964,#8965,#8966);
#8964 = CARTESIAN_POINT('',(-3.688660858193,13.55,47.44));
#8965 = DIRECTION('',(0.,0.,-1.));
#8966 = DIRECTION('',(1.,0.,0.));
#8967 = ADVANCED_FACE('',(#8968),#8974,.F.);
#8968 = FACE_BOUND('',#8969,.T.);
#8969 = EDGE_LOOP('',(#8970,#8971,#8972,#8973));
#8970 = ORIENTED_EDGE('',*,*,#8916,.F.);
#8971 = ORIENTED_EDGE('',*,*,#8955,.F.);
#8972 = ORIENTED_EDGE('',*,*,#8876,.F.);
#8973 = ORIENTED_EDGE('',*,*,#2156,.F.);
#8974 = PLANE('',#8975);
#8975 = AXIS2_PLACEMENT_3D('',#8976,#8977,#8978);
#8976 = CARTESIAN_POINT('',(-3.688660858193,16.12,49.14));
#8977 = DIRECTION('',(0.,-0.707106781187,0.707106781187));
#8978 = DIRECTION('',(0.,-0.707106781187,-0.707106781187));
#8979 = ADVANCED_FACE('',(#8980),#8986,.T.);
#8980 = FACE_BOUND('',#8981,.T.);
#8981 = EDGE_LOOP('',(#8982,#8983,#8984,#8985));
#8982 = ORIENTED_EDGE('',*,*,#731,.T.);
#8983 = ORIENTED_EDGE('',*,*,#1605,.F.);
#8984 = ORIENTED_EDGE('',*,*,#1627,.F.);
#8985 = ORIENTED_EDGE('',*,*,#1567,.T.);
#8986 = CYLINDRICAL_SURFACE('',#8987,0.735700654919);
#8987 = AXIS2_PLACEMENT_3D('',#8988,#8989,#8990);
#8988 = CARTESIAN_POINT('',(-41.03570065491,11.82,-28.21472497489));
#8989 = DIRECTION('',(-0.,-1.,-0.));
#8990 = DIRECTION('',(0.,0.,-1.));
#8991 = ADVANCED_FACE('',(#8992),#8998,.T.);
#8992 = FACE_BOUND('',#8993,.T.);
#8993 = EDGE_LOOP('',(#8994,#8995,#8996,#8997));
#8994 = ORIENTED_EDGE('',*,*,#1070,.T.);
#8995 = ORIENTED_EDGE('',*,*,#1992,.F.);
#8996 = ORIENTED_EDGE('',*,*,#2046,.F.);
#8997 = ORIENTED_EDGE('',*,*,#2016,.T.);
#8998 = CYLINDRICAL_SURFACE('',#8999,0.735700654919);
#8999 = AXIS2_PLACEMENT_3D('',#9000,#9001,#9002);
#9000 = CARTESIAN_POINT('',(41.035700654919,11.82,-28.21472497489));
#9001 = DIRECTION('',(-0.,-1.,-0.));
#9002 = DIRECTION('',(0.,0.,-1.));
#9003 = ADVANCED_FACE('',(#9004),#9010,.T.);
#9004 = FACE_BOUND('',#9005,.T.);
#9005 = EDGE_LOOP('',(#9006,#9007,#9008,#9009));
#9006 = ORIENTED_EDGE('',*,*,#1037,.T.);
#9007 = ORIENTED_EDGE('',*,*,#2077,.F.);
#9008 = ORIENTED_EDGE('',*,*,#2130,.F.);
#9009 = ORIENTED_EDGE('',*,*,#2101,.T.);
#9010 = CYLINDRICAL_SURFACE('',#9011,0.735700654919);
#9011 = AXIS2_PLACEMENT_3D('',#9012,#9013,#9014);
#9012 = CARTESIAN_POINT('',(41.035700654919,11.82,28.214724974899));
#9013 = DIRECTION('',(-0.,-1.,-0.));
#9014 = DIRECTION('',(0.,0.,-1.));
#9015 = ADVANCED_FACE('',(#9016),#9022,.T.);
#9016 = FACE_BOUND('',#9017,.T.);
#9017 = EDGE_LOOP('',(#9018,#9019,#9020,#9021));
#9018 = ORIENTED_EDGE('',*,*,#764,.T.);
#9019 = ORIENTED_EDGE('',*,*,#1659,.F.);
#9020 = ORIENTED_EDGE('',*,*,#1713,.F.);
#9021 = ORIENTED_EDGE('',*,*,#1683,.T.);
#9022 = CYLINDRICAL_SURFACE('',#9023,0.735700654919);
#9023 = AXIS2_PLACEMENT_3D('',#9024,#9025,#9026);
#9024 = CARTESIAN_POINT('',(-41.03570065491,11.82,28.214724974899));
#9025 = DIRECTION('',(-0.,-1.,-0.));
#9026 = DIRECTION('',(0.,0.,-1.));
#9027 = ADVANCED_FACE('',(#9028),#9046,.F.);
#9028 = FACE_BOUND('',#9029,.T.);
#9029 = EDGE_LOOP('',(#9030,#9031,#9032,#9040));
#9030 = ORIENTED_EDGE('',*,*,#1288,.T.);
#9031 = ORIENTED_EDGE('',*,*,#2494,.T.);
#9032 = ORIENTED_EDGE('',*,*,#9033,.F.);
#9033 = EDGE_CURVE('',#9034,#2487,#9036,.T.);
#9034 = VERTEX_POINT('',#9035);
#9035 = CARTESIAN_POINT('',(-18.2,11.82,-48.4305102655));
#9036 = LINE('',#9037,#9038);
#9037 = CARTESIAN_POINT('',(-18.2,11.82,-50.1));
#9038 = VECTOR('',#9039,1.);
#9039 = DIRECTION('',(2.078148119311E-15,-0.,-1.));
#9040 = ORIENTED_EDGE('',*,*,#9041,.T.);
#9041 = EDGE_CURVE('',#9034,#1289,#9042,.T.);
#9042 = LINE('',#9043,#9044);
#9043 = CARTESIAN_POINT('',(-18.2,11.82,-48.4305102655));
#9044 = VECTOR('',#9045,1.);
#9045 = DIRECTION('',(-0.,-1.,-0.));
#9046 = PLANE('',#9047);
#9047 = AXIS2_PLACEMENT_3D('',#9048,#9049,#9050);
#9048 = CARTESIAN_POINT('',(-18.2,11.82,-50.1));
#9049 = DIRECTION('',(-1.,0.,-2.078148119311E-15));
#9050 = DIRECTION('',(-2.078148119311E-15,0.,1.));
#9051 = ADVANCED_FACE('',(#9052),#9073,.T.);
#9052 = FACE_BOUND('',#9053,.T.);
#9053 = EDGE_LOOP('',(#9054,#9055,#9056,#9057,#9065,#9072));
#9054 = ORIENTED_EDGE('',*,*,#2486,.F.);
#9055 = ORIENTED_EDGE('',*,*,#7936,.F.);
#9056 = ORIENTED_EDGE('',*,*,#1336,.T.);
#9057 = ORIENTED_EDGE('',*,*,#9058,.T.);
#9058 = EDGE_CURVE('',#1329,#9059,#9061,.T.);
#9059 = VERTEX_POINT('',#9060);
#9060 = CARTESIAN_POINT('',(-19.7,11.82,-48.44656012908));
#9061 = LINE('',#9062,#9063);
#9062 = CARTESIAN_POINT('',(-19.7,11.82,-50.1));
#9063 = VECTOR('',#9064,1.);
#9064 = DIRECTION('',(2.098320606018E-15,0.,1.));
#9065 = ORIENTED_EDGE('',*,*,#9066,.T.);
#9066 = EDGE_CURVE('',#9059,#9034,#9067,.T.);
#9067 = CIRCLE('',#9068,0.750141735437);
#9068 = AXIS2_PLACEMENT_3D('',#9069,#9070,#9071);
#9069 = CARTESIAN_POINT('',(-18.95013026089,11.82,-48.426361178));
#9070 = DIRECTION('',(0.,1.,0.));
#9071 = DIRECTION('',(0.,-0.,1.));
#9072 = ORIENTED_EDGE('',*,*,#9033,.T.);
#9073 = PLANE('',#9074);
#9074 = AXIS2_PLACEMENT_3D('',#9075,#9076,#9077);
#9075 = CARTESIAN_POINT('',(-18.95013026089,11.82,-48.426361178));
#9076 = DIRECTION('',(0.,1.,0.));
#9077 = DIRECTION('',(0.,-0.,1.));
#9078 = ADVANCED_FACE('',(#9079),#9090,.F.);
#9079 = FACE_BOUND('',#9080,.T.);
#9080 = EDGE_LOOP('',(#9081,#9082,#9088,#9089));
#9081 = ORIENTED_EDGE('',*,*,#1305,.T.);
#9082 = ORIENTED_EDGE('',*,*,#9083,.F.);
#9083 = EDGE_CURVE('',#9059,#1297,#9084,.T.);
#9084 = LINE('',#9085,#9086);
#9085 = CARTESIAN_POINT('',(-19.7,11.82,-48.44656012908));
#9086 = VECTOR('',#9087,1.);
#9087 = DIRECTION('',(-0.,-1.,-0.));
#9088 = ORIENTED_EDGE('',*,*,#9058,.F.);
#9089 = ORIENTED_EDGE('',*,*,#1328,.T.);
#9090 = PLANE('',#9091);
#9091 = AXIS2_PLACEMENT_3D('',#9092,#9093,#9094);
#9092 = CARTESIAN_POINT('',(-19.7,11.82,-50.1));
#9093 = DIRECTION('',(1.,0.,-2.098320606018E-15));
#9094 = DIRECTION('',(-2.098320606018E-15,0.,-1.));
#9095 = ADVANCED_FACE('',(#9096),#9102,.T.);
#9096 = FACE_BOUND('',#9097,.T.);
#9097 = EDGE_LOOP('',(#9098,#9099,#9100,#9101));
#9098 = ORIENTED_EDGE('',*,*,#1296,.T.);
#9099 = ORIENTED_EDGE('',*,*,#9041,.F.);
#9100 = ORIENTED_EDGE('',*,*,#9066,.F.);
#9101 = ORIENTED_EDGE('',*,*,#9083,.T.);
#9102 = CYLINDRICAL_SURFACE('',#9103,0.750141735437);
#9103 = AXIS2_PLACEMENT_3D('',#9104,#9105,#9106);
#9104 = CARTESIAN_POINT('',(-18.95013026089,11.82,-48.426361178));
#9105 = DIRECTION('',(-0.,-1.,-0.));
#9106 = DIRECTION('',(0.,0.,-1.));
#9107 = ADVANCED_FACE('',(#9108),#9126,.F.);
#9108 = FACE_BOUND('',#9109,.T.);
#9109 = EDGE_LOOP('',(#9110,#9118,#9119,#9120));
#9110 = ORIENTED_EDGE('',*,*,#9111,.F.);
#9111 = EDGE_CURVE('',#2413,#9112,#9114,.T.);
#9112 = VERTEX_POINT('',#9113);
#9113 = CARTESIAN_POINT('',(18.2,11.82,-48.4305102655));
#9114 = LINE('',#9115,#9116);
#9115 = CARTESIAN_POINT('',(18.2,11.82,-50.1));
#9116 = VECTOR('',#9117,1.);
#9117 = DIRECTION('',(2.078148119311E-15,0.,1.));
#9118 = ORIENTED_EDGE('',*,*,#2412,.T.);
#9119 = ORIENTED_EDGE('',*,*,#1240,.T.);
#9120 = ORIENTED_EDGE('',*,*,#9121,.F.);
#9121 = EDGE_CURVE('',#9112,#1232,#9122,.T.);
#9122 = LINE('',#9123,#9124);
#9123 = CARTESIAN_POINT('',(18.2,11.82,-48.4305102655));
#9124 = VECTOR('',#9125,1.);
#9125 = DIRECTION('',(-0.,-1.,-0.));
#9126 = PLANE('',#9127);
#9127 = AXIS2_PLACEMENT_3D('',#9128,#9129,#9130);
#9128 = CARTESIAN_POINT('',(18.2,11.82,-50.1));
#9129 = DIRECTION('',(1.,0.,-2.078148119311E-15));
#9130 = DIRECTION('',(-2.078148119311E-15,0.,-1.));
#9131 = ADVANCED_FACE('',(#9132),#9153,.F.);
#9132 = FACE_BOUND('',#9133,.T.);
#9133 = EDGE_LOOP('',(#9134,#9135,#9136,#9137,#9146,#9152));
#9134 = ORIENTED_EDGE('',*,*,#2597,.T.);
#9135 = ORIENTED_EDGE('',*,*,#2420,.T.);
#9136 = ORIENTED_EDGE('',*,*,#9111,.T.);
#9137 = ORIENTED_EDGE('',*,*,#9138,.T.);
#9138 = EDGE_CURVE('',#9112,#9139,#9141,.T.);
#9139 = VERTEX_POINT('',#9140);
#9140 = CARTESIAN_POINT('',(19.7,11.82,-48.44656012908));
#9141 = CIRCLE('',#9142,0.750141735437);
#9142 = AXIS2_PLACEMENT_3D('',#9143,#9144,#9145);
#9143 = CARTESIAN_POINT('',(18.950130260899,11.82,-48.426361178));
#9144 = DIRECTION('',(0.,1.,0.));
#9145 = DIRECTION('',(0.,-0.,-1.));
#9146 = ORIENTED_EDGE('',*,*,#9147,.T.);
#9147 = EDGE_CURVE('',#9139,#2533,#9148,.T.);
#9148 = LINE('',#9149,#9150);
#9149 = CARTESIAN_POINT('',(19.7,11.82,-50.1));
#9150 = VECTOR('',#9151,1.);
#9151 = DIRECTION('',(2.098320606018E-15,-0.,-1.));
#9152 = ORIENTED_EDGE('',*,*,#2583,.T.);
#9153 = PLANE('',#9154);
#9154 = AXIS2_PLACEMENT_3D('',#9155,#9156,#9157);
#9155 = CARTESIAN_POINT('',(18.950130260899,11.82,-48.426361178));
#9156 = DIRECTION('',(0.,-1.,0.));
#9157 = DIRECTION('',(0.,-0.,-1.));
#9158 = ADVANCED_FACE('',(#9159),#9170,.T.);
#9159 = FACE_BOUND('',#9160,.T.);
#9160 = EDGE_LOOP('',(#9161,#9162,#9168,#9169));
#9161 = ORIENTED_EDGE('',*,*,#1231,.T.);
#9162 = ORIENTED_EDGE('',*,*,#9163,.F.);
#9163 = EDGE_CURVE('',#9139,#1224,#9164,.T.);
#9164 = LINE('',#9165,#9166);
#9165 = CARTESIAN_POINT('',(19.7,11.82,-48.44656012908));
#9166 = VECTOR('',#9167,1.);
#9167 = DIRECTION('',(-0.,-1.,-0.));
#9168 = ORIENTED_EDGE('',*,*,#9138,.F.);
#9169 = ORIENTED_EDGE('',*,*,#9121,.T.);
#9170 = CYLINDRICAL_SURFACE('',#9171,0.750141735437);
#9171 = AXIS2_PLACEMENT_3D('',#9172,#9173,#9174);
#9172 = CARTESIAN_POINT('',(18.950130260899,11.82,-48.426361178));
#9173 = DIRECTION('',(-0.,-1.,-0.));
#9174 = DIRECTION('',(0.,0.,-1.));
#9175 = ADVANCED_FACE('',(#9176),#9182,.F.);
#9176 = FACE_BOUND('',#9177,.T.);
#9177 = EDGE_LOOP('',(#9178,#9179,#9180,#9181));
#9178 = ORIENTED_EDGE('',*,*,#1223,.T.);
#9179 = ORIENTED_EDGE('',*,*,#2532,.F.);
#9180 = ORIENTED_EDGE('',*,*,#9147,.F.);
#9181 = ORIENTED_EDGE('',*,*,#9163,.T.);
#9182 = PLANE('',#9183);
#9183 = AXIS2_PLACEMENT_3D('',#9184,#9185,#9186);
#9184 = CARTESIAN_POINT('',(19.7,11.82,-50.1));
#9185 = DIRECTION('',(-1.,0.,-2.098320606018E-15));
#9186 = DIRECTION('',(-2.098320606018E-15,0.,1.));
#9187 = ADVANCED_FACE('',(#9188),#9199,.F.);
#9188 = FACE_BOUND('',#9189,.T.);
#9189 = EDGE_LOOP('',(#9190,#9191,#9192,#9198));
#9190 = ORIENTED_EDGE('',*,*,#989,.T.);
#9191 = ORIENTED_EDGE('',*,*,#2262,.T.);
#9192 = ORIENTED_EDGE('',*,*,#9193,.F.);
#9193 = EDGE_CURVE('',#66,#2255,#9194,.T.);
#9194 = LINE('',#9195,#9196);
#9195 = CARTESIAN_POINT('',(18.2,11.82,50.1));
#9196 = VECTOR('',#9197,1.);
#9197 = DIRECTION('',(-2.078148119311E-15,-0.,1.));
#9198 = ORIENTED_EDGE('',*,*,#91,.T.);
#9199 = PLANE('',#9200);
#9200 = AXIS2_PLACEMENT_3D('',#9201,#9202,#9203);
#9201 = CARTESIAN_POINT('',(18.2,11.82,50.1));
#9202 = DIRECTION('',(1.,-0.,2.078148119311E-15));
#9203 = DIRECTION('',(2.078148119311E-15,0.,-1.));
#9204 = ADVANCED_FACE('',(#9205),#9227,.T.);
#9205 = FACE_BOUND('',#9206,.T.);
#9206 = EDGE_LOOP('',(#9207,#9208,#9209,#9210,#9218,#9225,#9226));
#9207 = ORIENTED_EDGE('',*,*,#2254,.F.);
#9208 = ORIENTED_EDGE('',*,*,#7980,.F.);
#9209 = ORIENTED_EDGE('',*,*,#1745,.T.);
#9210 = ORIENTED_EDGE('',*,*,#9211,.T.);
#9211 = EDGE_CURVE('',#1738,#9212,#9214,.T.);
#9212 = VERTEX_POINT('',#9213);
#9213 = CARTESIAN_POINT('',(19.7,11.82,48.446560129085));
#9214 = LINE('',#9215,#9216);
#9215 = CARTESIAN_POINT('',(19.7,11.82,50.1));
#9216 = VECTOR('',#9217,1.);
#9217 = DIRECTION('',(-2.098320606018E-15,0.,-1.));
#9218 = ORIENTED_EDGE('',*,*,#9219,.T.);
#9219 = EDGE_CURVE('',#9212,#64,#9220,.T.);
#9220 = CIRCLE('',#9221,0.750141735437);
#9221 = AXIS2_PLACEMENT_3D('',#9222,#9223,#9224);
#9222 = CARTESIAN_POINT('',(18.950130260899,11.82,48.426361178004));
#9223 = DIRECTION('',(0.,1.,0.));
#9224 = DIRECTION('',(0.,-0.,1.));
#9225 = ORIENTED_EDGE('',*,*,#63,.T.);
#9226 = ORIENTED_EDGE('',*,*,#9193,.T.);
#9227 = PLANE('',#9228);
#9228 = AXIS2_PLACEMENT_3D('',#9229,#9230,#9231);
#9229 = CARTESIAN_POINT('',(18.950130260899,11.82,48.426361178004));
#9230 = DIRECTION('',(0.,1.,0.));
#9231 = DIRECTION('',(0.,-0.,1.));
#9232 = ADVANCED_FACE('',(#9233),#9244,.T.);
#9233 = FACE_BOUND('',#9234,.T.);
#9234 = EDGE_LOOP('',(#9235,#9236,#9237,#9243));
#9235 = ORIENTED_EDGE('',*,*,#74,.F.);
#9236 = ORIENTED_EDGE('',*,*,#9219,.F.);
#9237 = ORIENTED_EDGE('',*,*,#9238,.T.);
#9238 = EDGE_CURVE('',#9212,#997,#9239,.T.);
#9239 = LINE('',#9240,#9241);
#9240 = CARTESIAN_POINT('',(19.7,11.82,48.446560129085));
#9241 = VECTOR('',#9242,1.);
#9242 = DIRECTION('',(-0.,-1.,-0.));
#9243 = ORIENTED_EDGE('',*,*,#996,.T.);
#9244 = CYLINDRICAL_SURFACE('',#9245,0.750141735437);
#9245 = AXIS2_PLACEMENT_3D('',#9246,#9247,#9248);
#9246 = CARTESIAN_POINT('',(18.950130260899,11.82,48.426361178004));
#9247 = DIRECTION('',(-0.,-1.,-0.));
#9248 = DIRECTION('',(0.,0.,-1.));
#9249 = ADVANCED_FACE('',(#9250),#9256,.F.);
#9250 = FACE_BOUND('',#9251,.T.);
#9251 = EDGE_LOOP('',(#9252,#9253,#9254,#9255));
#9252 = ORIENTED_EDGE('',*,*,#1005,.T.);
#9253 = ORIENTED_EDGE('',*,*,#9238,.F.);
#9254 = ORIENTED_EDGE('',*,*,#9211,.F.);
#9255 = ORIENTED_EDGE('',*,*,#1737,.T.);
#9256 = PLANE('',#9257);
#9257 = AXIS2_PLACEMENT_3D('',#9258,#9259,#9260);
#9258 = CARTESIAN_POINT('',(19.7,11.82,50.1));
#9259 = DIRECTION('',(-1.,0.,2.098320606018E-15));
#9260 = DIRECTION('',(2.098320606018E-15,0.,1.));
#9261 = ADVANCED_FACE('',(#9262),#9280,.F.);
#9262 = FACE_BOUND('',#9263,.T.);
#9263 = EDGE_LOOP('',(#9264,#9272,#9273,#9274));
#9264 = ORIENTED_EDGE('',*,*,#9265,.F.);
#9265 = EDGE_CURVE('',#2181,#9266,#9268,.T.);
#9266 = VERTEX_POINT('',#9267);
#9267 = CARTESIAN_POINT('',(-18.2,11.82,48.430510265503));
#9268 = LINE('',#9269,#9270);
#9269 = CARTESIAN_POINT('',(-18.2,11.82,50.1));
#9270 = VECTOR('',#9271,1.);
#9271 = DIRECTION('',(-2.078148119311E-15,0.,-1.));
#9272 = ORIENTED_EDGE('',*,*,#2180,.T.);
#9273 = ORIENTED_EDGE('',*,*,#941,.T.);
#9274 = ORIENTED_EDGE('',*,*,#9275,.F.);
#9275 = EDGE_CURVE('',#9266,#933,#9276,.T.);
#9276 = LINE('',#9277,#9278);
#9277 = CARTESIAN_POINT('',(-18.2,11.82,48.430510265503));
#9278 = VECTOR('',#9279,1.);
#9279 = DIRECTION('',(-0.,-1.,-0.));
#9280 = PLANE('',#9281);
#9281 = AXIS2_PLACEMENT_3D('',#9282,#9283,#9284);
#9282 = CARTESIAN_POINT('',(-18.2,11.82,50.1));
#9283 = DIRECTION('',(-1.,0.,2.078148119311E-15));
#9284 = DIRECTION('',(2.078148119311E-15,0.,1.));
#9285 = ADVANCED_FACE('',(#9286),#9306,.F.);
#9286 = FACE_BOUND('',#9287,.T.);
#9287 = EDGE_LOOP('',(#9288,#9289,#9290,#9291,#9298,#9299,#9305));
#9288 = ORIENTED_EDGE('',*,*,#2356,.T.);
#9289 = ORIENTED_EDGE('',*,*,#2188,.T.);
#9290 = ORIENTED_EDGE('',*,*,#9265,.T.);
#9291 = ORIENTED_EDGE('',*,*,#9292,.T.);
#9292 = EDGE_CURVE('',#9266,#22,#9293,.T.);
#9293 = CIRCLE('',#9294,0.750141735437);
#9294 = AXIS2_PLACEMENT_3D('',#9295,#9296,#9297);
#9295 = CARTESIAN_POINT('',(-18.95013026089,11.82,48.426361178004));
#9296 = DIRECTION('',(0.,1.,0.));
#9297 = DIRECTION('',(0.,-0.,-1.));
#9298 = ORIENTED_EDGE('',*,*,#21,.T.);
#9299 = ORIENTED_EDGE('',*,*,#9300,.T.);
#9300 = EDGE_CURVE('',#24,#2301,#9301,.T.);
#9301 = LINE('',#9302,#9303);
#9302 = CARTESIAN_POINT('',(-19.7,11.82,50.1));
#9303 = VECTOR('',#9304,1.);
#9304 = DIRECTION('',(-2.098320606018E-15,-0.,1.));
#9305 = ORIENTED_EDGE('',*,*,#2342,.T.);
#9306 = PLANE('',#9307);
#9307 = AXIS2_PLACEMENT_3D('',#9308,#9309,#9310);
#9308 = CARTESIAN_POINT('',(-18.95013026089,11.82,48.426361178004));
#9309 = DIRECTION('',(0.,-1.,0.));
#9310 = DIRECTION('',(0.,-0.,-1.));
#9311 = ADVANCED_FACE('',(#9312),#9318,.T.);
#9312 = FACE_BOUND('',#9313,.T.);
#9313 = EDGE_LOOP('',(#9314,#9315,#9316,#9317));
#9314 = ORIENTED_EDGE('',*,*,#32,.F.);
#9315 = ORIENTED_EDGE('',*,*,#9292,.F.);
#9316 = ORIENTED_EDGE('',*,*,#9275,.T.);
#9317 = ORIENTED_EDGE('',*,*,#932,.T.);
#9318 = CYLINDRICAL_SURFACE('',#9319,0.750141735437);
#9319 = AXIS2_PLACEMENT_3D('',#9320,#9321,#9322);
#9320 = CARTESIAN_POINT('',(-18.95013026089,11.82,48.426361178004));
#9321 = DIRECTION('',(-0.,-1.,-0.));
#9322 = DIRECTION('',(0.,0.,-1.));
#9323 = ADVANCED_FACE('',(#9324),#9330,.F.);
#9324 = FACE_BOUND('',#9325,.T.);
#9325 = EDGE_LOOP('',(#9326,#9327,#9328,#9329));
#9326 = ORIENTED_EDGE('',*,*,#925,.T.);
#9327 = ORIENTED_EDGE('',*,*,#2300,.F.);
#9328 = ORIENTED_EDGE('',*,*,#9300,.F.);
#9329 = ORIENTED_EDGE('',*,*,#49,.T.);
#9330 = PLANE('',#9331);
#9331 = AXIS2_PLACEMENT_3D('',#9332,#9333,#9334);
#9332 = CARTESIAN_POINT('',(-19.7,11.82,50.1));
#9333 = DIRECTION('',(1.,-0.,2.098320606018E-15));
#9334 = DIRECTION('',(2.098320606018E-15,0.,-1.));
#9335 = ADVANCED_FACE('',(#9336),#9342,.T.);
#9336 = FACE_BOUND('',#9337,.T.);
#9337 = EDGE_LOOP('',(#9338,#9339,#9340,#9341));
#9338 = ORIENTED_EDGE('',*,*,#4679,.F.);
#9339 = ORIENTED_EDGE('',*,*,#4648,.F.);
#9340 = ORIENTED_EDGE('',*,*,#4600,.F.);
#9341 = ORIENTED_EDGE('',*,*,#1183,.F.);
#9342 = PLANE('',#9343);
#9343 = AXIS2_PLACEMENT_3D('',#9344,#9345,#9346);
#9344 = CARTESIAN_POINT('',(27.86,7.82,-50.7));
#9345 = DIRECTION('',(0.196116135138,0.980580675691,5.233957902185E-16)
  );
#9346 = DIRECTION('',(-0.980580675691,0.196116135138,0.));
#9347 = ADVANCED_FACE('',(#9348),#9354,.T.);
#9348 = FACE_BOUND('',#9349,.T.);
#9349 = EDGE_LOOP('',(#9350,#9351,#9352,#9353));
#9350 = ORIENTED_EDGE('',*,*,#4314,.F.);
#9351 = ORIENTED_EDGE('',*,*,#4283,.F.);
#9352 = ORIENTED_EDGE('',*,*,#4235,.F.);
#9353 = ORIENTED_EDGE('',*,*,#885,.F.);
#9354 = PLANE('',#9355);
#9355 = AXIS2_PLACEMENT_3D('',#9356,#9357,#9358);
#9356 = CARTESIAN_POINT('',(-27.86,7.82,-50.7));
#9357 = DIRECTION('',(-0.196116135138,0.980580675691,0.));
#9358 = DIRECTION('',(-0.980580675691,-0.196116135138,0.));
#9359 = ADVANCED_FACE('',(#9360),#9371,.F.);
#9360 = FACE_BOUND('',#9361,.T.);
#9361 = EDGE_LOOP('',(#9362,#9368,#9369,#9370));
#9362 = ORIENTED_EDGE('',*,*,#9363,.T.);
#9363 = EDGE_CURVE('',#3389,#1729,#9364,.T.);
#9364 = LINE('',#9365,#9366);
#9365 = CARTESIAN_POINT('',(42.85,13.42,50.7));
#9366 = VECTOR('',#9367,1.);
#9367 = DIRECTION('',(7.54473622258E-17,-0.,1.));
#9368 = ORIENTED_EDGE('',*,*,#1786,.T.);
#9369 = ORIENTED_EDGE('',*,*,#7584,.T.);
#9370 = ORIENTED_EDGE('',*,*,#3396,.T.);
#9371 = PLANE('',#9372);
#9372 = AXIS2_PLACEMENT_3D('',#9373,#9374,#9375);
#9373 = CARTESIAN_POINT('',(42.85,13.42,-41.27));
#9374 = DIRECTION('',(0.,-1.,0.));
#9375 = DIRECTION('',(0.,0.,-1.));
#9376 = ADVANCED_FACE('',(#9377),#9391,.F.);
#9377 = FACE_BOUND('',#9378,.T.);
#9378 = EDGE_LOOP('',(#9379,#9380,#9381,#9382,#9383,#9384,#9385,#9386,
    #9387,#9388,#9389,#9390));
#9379 = ORIENTED_EDGE('',*,*,#1021,.T.);
#9380 = ORIENTED_EDGE('',*,*,#1728,.T.);
#9381 = ORIENTED_EDGE('',*,*,#9363,.F.);
#9382 = ORIENTED_EDGE('',*,*,#3388,.T.);
#9383 = ORIENTED_EDGE('',*,*,#1087,.T.);
#9384 = ORIENTED_EDGE('',*,*,#2007,.T.);
#9385 = ORIENTED_EDGE('',*,*,#2039,.F.);
#9386 = ORIENTED_EDGE('',*,*,#1976,.T.);
#9387 = ORIENTED_EDGE('',*,*,#1054,.T.);
#9388 = ORIENTED_EDGE('',*,*,#2092,.T.);
#9389 = ORIENTED_EDGE('',*,*,#2123,.T.);
#9390 = ORIENTED_EDGE('',*,*,#2061,.T.);
#9391 = PLANE('',#9392);
#9392 = AXIS2_PLACEMENT_3D('',#9393,#9394,#9395);
#9393 = CARTESIAN_POINT('',(42.85,13.42,50.7));
#9394 = DIRECTION('',(1.,0.,-7.54473622258E-17));
#9395 = DIRECTION('',(-7.54473622258E-17,0.,-1.));
#9396 = ADVANCED_FACE('',(#9397),#9416,.F.);
#9397 = FACE_BOUND('',#9398,.T.);
#9398 = EDGE_LOOP('',(#9399,#9400,#9401,#9402,#9403,#9404,#9405,#9411,
    #9412,#9413,#9414,#9415));
#9399 = ORIENTED_EDGE('',*,*,#748,.T.);
#9400 = ORIENTED_EDGE('',*,*,#1558,.T.);
#9401 = ORIENTED_EDGE('',*,*,#1620,.T.);
#9402 = ORIENTED_EDGE('',*,*,#1589,.T.);
#9403 = ORIENTED_EDGE('',*,*,#715,.T.);
#9404 = ORIENTED_EDGE('',*,*,#1319,.F.);
#9405 = ORIENTED_EDGE('',*,*,#9406,.F.);
#9406 = EDGE_CURVE('',#3502,#1320,#9407,.T.);
#9407 = LINE('',#9408,#9409);
#9408 = CARTESIAN_POINT('',(-42.85,13.42,41.27));
#9409 = VECTOR('',#9410,1.);
#9410 = DIRECTION('',(-2.278284087963E-16,0.,-1.));
#9411 = ORIENTED_EDGE('',*,*,#3501,.T.);
#9412 = ORIENTED_EDGE('',*,*,#781,.T.);
#9413 = ORIENTED_EDGE('',*,*,#1674,.T.);
#9414 = ORIENTED_EDGE('',*,*,#1706,.F.);
#9415 = ORIENTED_EDGE('',*,*,#1643,.T.);
#9416 = PLANE('',#9417);
#9417 = AXIS2_PLACEMENT_3D('',#9418,#9419,#9420);
#9418 = CARTESIAN_POINT('',(-42.85,13.42,41.27));
#9419 = DIRECTION('',(-1.,0.,2.278284087963E-16));
#9420 = DIRECTION('',(2.278284087963E-16,0.,1.));
#9421 = ADVANCED_FACE('',(#9422),#9428,.F.);
#9422 = FACE_BOUND('',#9423,.T.);
#9423 = EDGE_LOOP('',(#9424,#9425,#9426,#9427));
#9424 = ORIENTED_EDGE('',*,*,#7390,.T.);
#9425 = ORIENTED_EDGE('',*,*,#3509,.T.);
#9426 = ORIENTED_EDGE('',*,*,#9406,.T.);
#9427 = ORIENTED_EDGE('',*,*,#1368,.T.);
#9428 = PLANE('',#9429);
#9429 = AXIS2_PLACEMENT_3D('',#9430,#9431,#9432);
#9430 = CARTESIAN_POINT('',(-43.75,13.42,-50.1));
#9431 = DIRECTION('',(0.,-1.,0.));
#9432 = DIRECTION('',(0.,-0.,-1.));
#9433 = ADVANCED_FACE('',(#9434),#9440,.T.);
#9434 = FACE_BOUND('',#9435,.T.);
#9435 = EDGE_LOOP('',(#9436,#9437,#9438,#9439));
#9436 = ORIENTED_EDGE('',*,*,#2317,.F.);
#9437 = ORIENTED_EDGE('',*,*,#7614,.F.);
#9438 = ORIENTED_EDGE('',*,*,#4157,.F.);
#9439 = ORIENTED_EDGE('',*,*,#2910,.F.);
#9440 = CYLINDRICAL_SURFACE('',#9441,0.4);
#9441 = AXIS2_PLACEMENT_3D('',#9442,#9443,#9444);
#9442 = CARTESIAN_POINT('',(-24.21,14.92,51.1));
#9443 = DIRECTION('',(0.,-0.,1.));
#9444 = DIRECTION('',(1.,0.,0.));
#9445 = ADVANCED_FACE('',(#9446),#9452,.T.);
#9446 = FACE_BOUND('',#9447,.T.);
#9447 = EDGE_LOOP('',(#9448,#9449,#9450,#9451));
#9448 = ORIENTED_EDGE('',*,*,#4195,.F.);
#9449 = ORIENTED_EDGE('',*,*,#7631,.F.);
#9450 = ORIENTED_EDGE('',*,*,#3056,.F.);
#9451 = ORIENTED_EDGE('',*,*,#2926,.F.);
#9452 = CYLINDRICAL_SURFACE('',#9453,0.4);
#9453 = AXIS2_PLACEMENT_3D('',#9454,#9455,#9456);
#9454 = CARTESIAN_POINT('',(-34.46,14.92,51.1));
#9455 = DIRECTION('',(0.,0.,-1.));
#9456 = DIRECTION('',(-1.,0.,0.));
#9457 = ADVANCED_FACE('',(#9458),#9464,.T.);
#9458 = FACE_BOUND('',#9459,.T.);
#9459 = EDGE_LOOP('',(#9460,#9461,#9462,#9463));
#9460 = ORIENTED_EDGE('',*,*,#2549,.F.);
#9461 = ORIENTED_EDGE('',*,*,#7419,.F.);
#9462 = ORIENTED_EDGE('',*,*,#4528,.F.);
#9463 = ORIENTED_EDGE('',*,*,#2995,.F.);
#9464 = CYLINDRICAL_SURFACE('',#9465,0.4);
#9465 = AXIS2_PLACEMENT_3D('',#9466,#9467,#9468);
#9466 = CARTESIAN_POINT('',(24.21,14.92,-50.1));
#9467 = DIRECTION('',(0.,0.,-1.));
#9468 = DIRECTION('',(-1.,0.,0.));
#9469 = ADVANCED_FACE('',(#9470),#9476,.T.);
#9470 = FACE_BOUND('',#9471,.T.);
#9471 = EDGE_LOOP('',(#9472,#9473,#9474,#9475));
#9472 = ORIENTED_EDGE('',*,*,#4560,.F.);
#9473 = ORIENTED_EDGE('',*,*,#4442,.F.);
#9474 = ORIENTED_EDGE('',*,*,#3185,.F.);
#9475 = ORIENTED_EDGE('',*,*,#3011,.F.);
#9476 = CYLINDRICAL_SURFACE('',#9477,0.4);
#9477 = AXIS2_PLACEMENT_3D('',#9478,#9479,#9480);
#9478 = CARTESIAN_POINT('',(35.9,14.92,-50.1));
#9479 = DIRECTION('',(0.,-0.,1.));
#9480 = DIRECTION('',(1.,0.,0.));
#9481 = ADVANCED_FACE('',(#9482),#9507,.F.);
#9482 = FACE_BOUND('',#9483,.T.);
#9483 = EDGE_LOOP('',(#9484,#9494,#9500,#9501));
#9484 = ORIENTED_EDGE('',*,*,#9485,.T.);
#9485 = EDGE_CURVE('',#9486,#9488,#9490,.T.);
#9486 = VERTEX_POINT('',#9487);
#9487 = CARTESIAN_POINT('',(-25.,7.82,-33.5));
#9488 = VERTEX_POINT('',#9489);
#9489 = CARTESIAN_POINT('',(-26.29903810567,7.82,-35.75));
#9490 = LINE('',#9491,#9492);
#9491 = CARTESIAN_POINT('',(-26.29903810567,7.82,-35.75));
#9492 = VECTOR('',#9493,1.);
#9493 = DIRECTION('',(-0.5,0.,-0.866025403784));
#9494 = ORIENTED_EDGE('',*,*,#9495,.T.);
#9495 = EDGE_CURVE('',#9488,#7666,#9496,.T.);
#9496 = LINE('',#9497,#9498);
#9497 = CARTESIAN_POINT('',(-26.29903810567,4.383068228783,-35.75));
#9498 = VECTOR('',#9499,1.);
#9499 = DIRECTION('',(-0.,1.,-0.));
#9500 = ORIENTED_EDGE('',*,*,#7665,.T.);
#9501 = ORIENTED_EDGE('',*,*,#9502,.F.);
#9502 = EDGE_CURVE('',#9486,#7668,#9503,.T.);
#9503 = LINE('',#9504,#9505);
#9504 = CARTESIAN_POINT('',(-25.,4.383068228783,-33.5));
#9505 = VECTOR('',#9506,1.);
#9506 = DIRECTION('',(-0.,1.,-0.));
#9507 = PLANE('',#9508);
#9508 = AXIS2_PLACEMENT_3D('',#9509,#9510,#9511);
#9509 = CARTESIAN_POINT('',(-26.29903810567,4.383068228783,-35.75));
#9510 = DIRECTION('',(-0.866025403784,0.,0.5));
#9511 = DIRECTION('',(0.5,0.,0.866025403784));
#9512 = ADVANCED_FACE('',(#9513),#9531,.F.);
#9513 = FACE_BOUND('',#9514,.T.);
#9514 = EDGE_LOOP('',(#9515,#9523,#9529,#9530));
#9515 = ORIENTED_EDGE('',*,*,#9516,.T.);
#9516 = EDGE_CURVE('',#9488,#9517,#9519,.T.);
#9517 = VERTEX_POINT('',#9518);
#9518 = CARTESIAN_POINT('',(-23.70096189432,7.82,-35.75));
#9519 = LINE('',#9520,#9521);
#9520 = CARTESIAN_POINT('',(-23.70096189432,7.82,-35.75));
#9521 = VECTOR('',#9522,1.);
#9522 = DIRECTION('',(1.,0.,0.));
#9523 = ORIENTED_EDGE('',*,*,#9524,.T.);
#9524 = EDGE_CURVE('',#9517,#7676,#9525,.T.);
#9525 = LINE('',#9526,#9527);
#9526 = CARTESIAN_POINT('',(-23.70096189432,4.383068228783,-35.75));
#9527 = VECTOR('',#9528,1.);
#9528 = DIRECTION('',(-0.,1.,-0.));
#9529 = ORIENTED_EDGE('',*,*,#7675,.T.);
#9530 = ORIENTED_EDGE('',*,*,#9495,.F.);
#9531 = PLANE('',#9532);
#9532 = AXIS2_PLACEMENT_3D('',#9533,#9534,#9535);
#9533 = CARTESIAN_POINT('',(-23.70096189432,4.383068228783,-35.75));
#9534 = DIRECTION('',(-0.,0.,-1.));
#9535 = DIRECTION('',(-1.,0.,0.));
#9536 = ADVANCED_FACE('',(#9537),#9548,.F.);
#9537 = FACE_BOUND('',#9538,.T.);
#9538 = EDGE_LOOP('',(#9539,#9545,#9546,#9547));
#9539 = ORIENTED_EDGE('',*,*,#9540,.T.);
#9540 = EDGE_CURVE('',#9517,#9486,#9541,.T.);
#9541 = LINE('',#9542,#9543);
#9542 = CARTESIAN_POINT('',(-25.,7.82,-33.5));
#9543 = VECTOR('',#9544,1.);
#9544 = DIRECTION('',(-0.5,0.,0.866025403784));
#9545 = ORIENTED_EDGE('',*,*,#9502,.T.);
#9546 = ORIENTED_EDGE('',*,*,#7683,.T.);
#9547 = ORIENTED_EDGE('',*,*,#9524,.F.);
#9548 = PLANE('',#9549);
#9549 = AXIS2_PLACEMENT_3D('',#9550,#9551,#9552);
#9550 = CARTESIAN_POINT('',(-25.,4.383068228783,-33.5));
#9551 = DIRECTION('',(0.866025403784,0.,0.5));
#9552 = DIRECTION('',(0.5,0.,-0.866025403784));
#9553 = ADVANCED_FACE('',(#9554),#9559,.T.);
#9554 = FACE_BOUND('',#9555,.T.);
#9555 = EDGE_LOOP('',(#9556,#9557,#9558));
#9556 = ORIENTED_EDGE('',*,*,#9485,.F.);
#9557 = ORIENTED_EDGE('',*,*,#9540,.F.);
#9558 = ORIENTED_EDGE('',*,*,#9516,.F.);
#9559 = PLANE('',#9560);
#9560 = AXIS2_PLACEMENT_3D('',#9561,#9562,#9563);
#9561 = CARTESIAN_POINT('',(43.4,7.82,-50.7));
#9562 = DIRECTION('',(0.,1.,0.));
#9563 = DIRECTION('',(0.,-0.,1.));
#9564 = ADVANCED_FACE('',(#9565),#9590,.F.);
#9565 = FACE_BOUND('',#9566,.T.);
#9566 = EDGE_LOOP('',(#9567,#9577,#9583,#9584));
#9567 = ORIENTED_EDGE('',*,*,#9568,.T.);
#9568 = EDGE_CURVE('',#9569,#9571,#9573,.T.);
#9569 = VERTEX_POINT('',#9570);
#9570 = CARTESIAN_POINT('',(23.700961894323,7.82,-35.75));
#9571 = VERTEX_POINT('',#9572);
#9572 = CARTESIAN_POINT('',(26.299038105677,7.82,-35.75));
#9573 = LINE('',#9574,#9575);
#9574 = CARTESIAN_POINT('',(23.700961894323,7.82,-35.75));
#9575 = VECTOR('',#9576,1.);
#9576 = DIRECTION('',(1.,-0.,0.));
#9577 = ORIENTED_EDGE('',*,*,#9578,.T.);
#9578 = EDGE_CURVE('',#9571,#7736,#9579,.T.);
#9579 = LINE('',#9580,#9581);
#9580 = CARTESIAN_POINT('',(26.299038105677,4.383068228783,-35.75));
#9581 = VECTOR('',#9582,1.);
#9582 = DIRECTION('',(-0.,1.,-0.));
#9583 = ORIENTED_EDGE('',*,*,#7735,.T.);
#9584 = ORIENTED_EDGE('',*,*,#9585,.F.);
#9585 = EDGE_CURVE('',#9569,#7726,#9586,.T.);
#9586 = LINE('',#9587,#9588);
#9587 = CARTESIAN_POINT('',(23.700961894323,4.383068228783,-35.75));
#9588 = VECTOR('',#9589,1.);
#9589 = DIRECTION('',(-0.,1.,-0.));
#9590 = PLANE('',#9591);
#9591 = AXIS2_PLACEMENT_3D('',#9592,#9593,#9594);
#9592 = CARTESIAN_POINT('',(23.700961894323,4.383068228783,-35.75));
#9593 = DIRECTION('',(0.,0.,-1.));
#9594 = DIRECTION('',(-1.,0.,-0.));
#9595 = ADVANCED_FACE('',(#9596),#9614,.F.);
#9596 = FACE_BOUND('',#9597,.T.);
#9597 = EDGE_LOOP('',(#9598,#9606,#9612,#9613));
#9598 = ORIENTED_EDGE('',*,*,#9599,.T.);
#9599 = EDGE_CURVE('',#9571,#9600,#9602,.T.);
#9600 = VERTEX_POINT('',#9601);
#9601 = CARTESIAN_POINT('',(25.,7.82,-33.5));
#9602 = LINE('',#9603,#9604);
#9603 = CARTESIAN_POINT('',(26.299038105677,7.82,-35.75));
#9604 = VECTOR('',#9605,1.);
#9605 = DIRECTION('',(-0.5,0.,0.866025403784));
#9606 = ORIENTED_EDGE('',*,*,#9607,.T.);
#9607 = EDGE_CURVE('',#9600,#7728,#9608,.T.);
#9608 = LINE('',#9609,#9610);
#9609 = CARTESIAN_POINT('',(25.,4.383068228783,-33.5));
#9610 = VECTOR('',#9611,1.);
#9611 = DIRECTION('',(-0.,1.,-0.));
#9612 = ORIENTED_EDGE('',*,*,#7743,.T.);
#9613 = ORIENTED_EDGE('',*,*,#9578,.F.);
#9614 = PLANE('',#9615);
#9615 = AXIS2_PLACEMENT_3D('',#9616,#9617,#9618);
#9616 = CARTESIAN_POINT('',(26.299038105677,4.383068228783,-35.75));
#9617 = DIRECTION('',(0.866025403784,0.,0.5));
#9618 = DIRECTION('',(0.5,0.,-0.866025403784));
#9619 = ADVANCED_FACE('',(#9620),#9631,.F.);
#9620 = FACE_BOUND('',#9621,.T.);
#9621 = EDGE_LOOP('',(#9622,#9628,#9629,#9630));
#9622 = ORIENTED_EDGE('',*,*,#9623,.T.);
#9623 = EDGE_CURVE('',#9600,#9569,#9624,.T.);
#9624 = LINE('',#9625,#9626);
#9625 = CARTESIAN_POINT('',(25.,7.82,-33.5));
#9626 = VECTOR('',#9627,1.);
#9627 = DIRECTION('',(-0.5,0.,-0.866025403784));
#9628 = ORIENTED_EDGE('',*,*,#9585,.T.);
#9629 = ORIENTED_EDGE('',*,*,#7725,.T.);
#9630 = ORIENTED_EDGE('',*,*,#9607,.F.);
#9631 = PLANE('',#9632);
#9632 = AXIS2_PLACEMENT_3D('',#9633,#9634,#9635);
#9633 = CARTESIAN_POINT('',(25.,4.383068228783,-33.5));
#9634 = DIRECTION('',(-0.866025403784,0.,0.5));
#9635 = DIRECTION('',(0.5,0.,0.866025403784));
#9636 = ADVANCED_FACE('',(#9637),#9642,.T.);
#9637 = FACE_BOUND('',#9638,.T.);
#9638 = EDGE_LOOP('',(#9639,#9640,#9641));
#9639 = ORIENTED_EDGE('',*,*,#9568,.F.);
#9640 = ORIENTED_EDGE('',*,*,#9623,.F.);
#9641 = ORIENTED_EDGE('',*,*,#9599,.F.);
#9642 = PLANE('',#9643);
#9643 = AXIS2_PLACEMENT_3D('',#9644,#9645,#9646);
#9644 = CARTESIAN_POINT('',(43.4,7.82,-50.7));
#9645 = DIRECTION('',(0.,1.,0.));
#9646 = DIRECTION('',(0.,-0.,1.));
#9647 = ADVANCED_FACE('',(#9648),#9673,.F.);
#9648 = FACE_BOUND('',#9649,.T.);
#9649 = EDGE_LOOP('',(#9650,#9660,#9666,#9667));
#9650 = ORIENTED_EDGE('',*,*,#9651,.T.);
#9651 = EDGE_CURVE('',#9652,#9654,#9656,.T.);
#9652 = VERTEX_POINT('',#9653);
#9653 = CARTESIAN_POINT('',(25.,7.82,33.5));
#9654 = VERTEX_POINT('',#9655);
#9655 = CARTESIAN_POINT('',(26.299038105677,7.82,35.75));
#9656 = LINE('',#9657,#9658);
#9657 = CARTESIAN_POINT('',(26.299038105677,7.82,35.75));
#9658 = VECTOR('',#9659,1.);
#9659 = DIRECTION('',(0.5,-0.,0.866025403784));
#9660 = ORIENTED_EDGE('',*,*,#9661,.T.);
#9661 = EDGE_CURVE('',#9654,#7786,#9662,.T.);
#9662 = LINE('',#9663,#9664);
#9663 = CARTESIAN_POINT('',(26.299038105677,4.383068228783,35.75));
#9664 = VECTOR('',#9665,1.);
#9665 = DIRECTION('',(-0.,1.,-0.));
#9666 = ORIENTED_EDGE('',*,*,#7785,.T.);
#9667 = ORIENTED_EDGE('',*,*,#9668,.F.);
#9668 = EDGE_CURVE('',#9652,#7788,#9669,.T.);
#9669 = LINE('',#9670,#9671);
#9670 = CARTESIAN_POINT('',(25.,4.383068228783,33.5));
#9671 = VECTOR('',#9672,1.);
#9672 = DIRECTION('',(-0.,1.,-0.));
#9673 = PLANE('',#9674);
#9674 = AXIS2_PLACEMENT_3D('',#9675,#9676,#9677);
#9675 = CARTESIAN_POINT('',(26.299038105677,4.383068228783,35.75));
#9676 = DIRECTION('',(0.866025403784,0.,-0.5));
#9677 = DIRECTION('',(-0.5,0.,-0.866025403784));
#9678 = ADVANCED_FACE('',(#9679),#9697,.F.);
#9679 = FACE_BOUND('',#9680,.T.);
#9680 = EDGE_LOOP('',(#9681,#9689,#9695,#9696));
#9681 = ORIENTED_EDGE('',*,*,#9682,.T.);
#9682 = EDGE_CURVE('',#9654,#9683,#9685,.T.);
#9683 = VERTEX_POINT('',#9684);
#9684 = CARTESIAN_POINT('',(23.700961894323,7.82,35.75));
#9685 = LINE('',#9686,#9687);
#9686 = CARTESIAN_POINT('',(23.700961894323,7.82,35.75));
#9687 = VECTOR('',#9688,1.);
#9688 = DIRECTION('',(-1.,0.,-0.));
#9689 = ORIENTED_EDGE('',*,*,#9690,.T.);
#9690 = EDGE_CURVE('',#9683,#7796,#9691,.T.);
#9691 = LINE('',#9692,#9693);
#9692 = CARTESIAN_POINT('',(23.700961894323,4.383068228783,35.75));
#9693 = VECTOR('',#9694,1.);
#9694 = DIRECTION('',(-0.,1.,-0.));
#9695 = ORIENTED_EDGE('',*,*,#7795,.T.);
#9696 = ORIENTED_EDGE('',*,*,#9661,.F.);
#9697 = PLANE('',#9698);
#9698 = AXIS2_PLACEMENT_3D('',#9699,#9700,#9701);
#9699 = CARTESIAN_POINT('',(23.700961894323,4.383068228783,35.75));
#9700 = DIRECTION('',(-0.,0.,1.));
#9701 = DIRECTION('',(1.,0.,0.));
#9702 = ADVANCED_FACE('',(#9703),#9714,.F.);
#9703 = FACE_BOUND('',#9704,.T.);
#9704 = EDGE_LOOP('',(#9705,#9711,#9712,#9713));
#9705 = ORIENTED_EDGE('',*,*,#9706,.T.);
#9706 = EDGE_CURVE('',#9683,#9652,#9707,.T.);
#9707 = LINE('',#9708,#9709);
#9708 = CARTESIAN_POINT('',(25.,7.82,33.5));
#9709 = VECTOR('',#9710,1.);
#9710 = DIRECTION('',(0.5,0.,-0.866025403784));
#9711 = ORIENTED_EDGE('',*,*,#9668,.T.);
#9712 = ORIENTED_EDGE('',*,*,#7803,.T.);
#9713 = ORIENTED_EDGE('',*,*,#9690,.F.);
#9714 = PLANE('',#9715);
#9715 = AXIS2_PLACEMENT_3D('',#9716,#9717,#9718);
#9716 = CARTESIAN_POINT('',(25.,4.383068228783,33.5));
#9717 = DIRECTION('',(-0.866025403784,0.,-0.5));
#9718 = DIRECTION('',(-0.5,0.,0.866025403784));
#9719 = ADVANCED_FACE('',(#9720),#9725,.T.);
#9720 = FACE_BOUND('',#9721,.T.);
#9721 = EDGE_LOOP('',(#9722,#9723,#9724));
#9722 = ORIENTED_EDGE('',*,*,#9651,.F.);
#9723 = ORIENTED_EDGE('',*,*,#9706,.F.);
#9724 = ORIENTED_EDGE('',*,*,#9682,.F.);
#9725 = PLANE('',#9726);
#9726 = AXIS2_PLACEMENT_3D('',#9727,#9728,#9729);
#9727 = CARTESIAN_POINT('',(43.4,7.82,-50.7));
#9728 = DIRECTION('',(0.,1.,0.));
#9729 = DIRECTION('',(0.,-0.,1.));
#9730 = ADVANCED_FACE('',(#9731),#9756,.F.);
#9731 = FACE_BOUND('',#9732,.T.);
#9732 = EDGE_LOOP('',(#9733,#9743,#9749,#9750));
#9733 = ORIENTED_EDGE('',*,*,#9734,.T.);
#9734 = EDGE_CURVE('',#9735,#9737,#9739,.T.);
#9735 = VERTEX_POINT('',#9736);
#9736 = CARTESIAN_POINT('',(-23.70096189432,7.82,35.75));
#9737 = VERTEX_POINT('',#9738);
#9738 = CARTESIAN_POINT('',(-26.29903810567,7.82,35.75));
#9739 = LINE('',#9740,#9741);
#9740 = CARTESIAN_POINT('',(-23.70096189432,7.82,35.75));
#9741 = VECTOR('',#9742,1.);
#9742 = DIRECTION('',(-1.,0.,0.));
#9743 = ORIENTED_EDGE('',*,*,#9744,.T.);
#9744 = EDGE_CURVE('',#9737,#7856,#9745,.T.);
#9745 = LINE('',#9746,#9747);
#9746 = CARTESIAN_POINT('',(-26.29903810567,4.383068228783,35.75));
#9747 = VECTOR('',#9748,1.);
#9748 = DIRECTION('',(-0.,1.,-0.));
#9749 = ORIENTED_EDGE('',*,*,#7855,.T.);
#9750 = ORIENTED_EDGE('',*,*,#9751,.F.);
#9751 = EDGE_CURVE('',#9735,#7846,#9752,.T.);
#9752 = LINE('',#9753,#9754);
#9753 = CARTESIAN_POINT('',(-23.70096189432,4.383068228783,35.75));
#9754 = VECTOR('',#9755,1.);
#9755 = DIRECTION('',(-0.,1.,-0.));
#9756 = PLANE('',#9757);
#9757 = AXIS2_PLACEMENT_3D('',#9758,#9759,#9760);
#9758 = CARTESIAN_POINT('',(-23.70096189432,4.383068228783,35.75));
#9759 = DIRECTION('',(0.,0.,1.));
#9760 = DIRECTION('',(1.,0.,-0.));
#9761 = ADVANCED_FACE('',(#9762),#9780,.F.);
#9762 = FACE_BOUND('',#9763,.T.);
#9763 = EDGE_LOOP('',(#9764,#9772,#9778,#9779));
#9764 = ORIENTED_EDGE('',*,*,#9765,.T.);
#9765 = EDGE_CURVE('',#9737,#9766,#9768,.T.);
#9766 = VERTEX_POINT('',#9767);
#9767 = CARTESIAN_POINT('',(-25.,7.82,33.5));
#9768 = LINE('',#9769,#9770);
#9769 = CARTESIAN_POINT('',(-26.29903810567,7.82,35.75));
#9770 = VECTOR('',#9771,1.);
#9771 = DIRECTION('',(0.5,0.,-0.866025403784));
#9772 = ORIENTED_EDGE('',*,*,#9773,.T.);
#9773 = EDGE_CURVE('',#9766,#7848,#9774,.T.);
#9774 = LINE('',#9775,#9776);
#9775 = CARTESIAN_POINT('',(-25.,4.383068228783,33.5));
#9776 = VECTOR('',#9777,1.);
#9777 = DIRECTION('',(-0.,1.,-0.));
#9778 = ORIENTED_EDGE('',*,*,#7863,.T.);
#9779 = ORIENTED_EDGE('',*,*,#9744,.F.);
#9780 = PLANE('',#9781);
#9781 = AXIS2_PLACEMENT_3D('',#9782,#9783,#9784);
#9782 = CARTESIAN_POINT('',(-26.29903810567,4.383068228783,35.75));
#9783 = DIRECTION('',(-0.866025403784,0.,-0.5));
#9784 = DIRECTION('',(-0.5,0.,0.866025403784));
#9785 = ADVANCED_FACE('',(#9786),#9797,.F.);
#9786 = FACE_BOUND('',#9787,.T.);
#9787 = EDGE_LOOP('',(#9788,#9794,#9795,#9796));
#9788 = ORIENTED_EDGE('',*,*,#9789,.T.);
#9789 = EDGE_CURVE('',#9766,#9735,#9790,.T.);
#9790 = LINE('',#9791,#9792);
#9791 = CARTESIAN_POINT('',(-25.,7.82,33.5));
#9792 = VECTOR('',#9793,1.);
#9793 = DIRECTION('',(0.5,-0.,0.866025403784));
#9794 = ORIENTED_EDGE('',*,*,#9751,.T.);
#9795 = ORIENTED_EDGE('',*,*,#7845,.T.);
#9796 = ORIENTED_EDGE('',*,*,#9773,.F.);
#9797 = PLANE('',#9798);
#9798 = AXIS2_PLACEMENT_3D('',#9799,#9800,#9801);
#9799 = CARTESIAN_POINT('',(-25.,4.383068228783,33.5));
#9800 = DIRECTION('',(0.866025403784,0.,-0.5));
#9801 = DIRECTION('',(-0.5,0.,-0.866025403784));
#9802 = ADVANCED_FACE('',(#9803),#9808,.T.);
#9803 = FACE_BOUND('',#9804,.T.);
#9804 = EDGE_LOOP('',(#9805,#9806,#9807));
#9805 = ORIENTED_EDGE('',*,*,#9734,.F.);
#9806 = ORIENTED_EDGE('',*,*,#9789,.F.);
#9807 = ORIENTED_EDGE('',*,*,#9765,.F.);
#9808 = PLANE('',#9809);
#9809 = AXIS2_PLACEMENT_3D('',#9810,#9811,#9812);
#9810 = CARTESIAN_POINT('',(43.4,7.82,-50.7));
#9811 = DIRECTION('',(0.,1.,0.));
#9812 = DIRECTION('',(0.,-0.,1.));
#9813 = ( GEOMETRIC_REPRESENTATION_CONTEXT(3) 
GLOBAL_UNCERTAINTY_ASSIGNED_CONTEXT((#9817)) 
GLOBAL_UNIT_ASSIGNED_CONTEXT((#9814,#9815,#9816)) REPRESENTATION_CONTEXT
('Context #1','3D Context with UNIT and UNCERTAINTY') );
#9814 = ( LENGTH_UNIT() NAMED_UNIT(*) SI_UNIT(.MILLI.,.METRE.) );
#9815 = ( NAMED_UNIT(*) PLANE_ANGLE_UNIT() SI_UNIT($,.RADIAN.) );
#9816 = ( NAMED_UNIT(*) SI_UNIT($,.STERADIAN.) SOLID_ANGLE_UNIT() );
#9817 = UNCERTAINTY_MEASURE_WITH_UNIT(LENGTH_MEASURE(1.E-07),#9814,
  'distance_accuracy_value','confusion accuracy');
#9818 = PRODUCT_RELATED_PRODUCT_CATEGORY('part',$,(#7));
#9819 = MECHANICAL_DESIGN_GEOMETRIC_PRESENTATION_REPRESENTATION('',(
    #9820),#9813);
#9820 = STYLED_ITEM('color',(#9821),#15);
#9821 = PRESENTATION_STYLE_ASSIGNMENT((#9822,#9828));
#9822 = SURFACE_STYLE_USAGE(.BOTH.,#9823);
#9823 = SURFACE_SIDE_STYLE('',(#9824));
#9824 = SURFACE_STYLE_FILL_AREA(#9825);
#9825 = FILL_AREA_STYLE('',(#9826));
#9826 = FILL_AREA_STYLE_COLOUR('',#9827);
#9827 = COLOUR_RGB('',0.800000010877,0.800000010877,0.800000010877);
#9828 = CURVE_STYLE('',#9829,POSITIVE_LENGTH_MEASURE(0.1),#9830);
#9829 = DRAUGHTING_PRE_DEFINED_CURVE_FONT('continuous');
#9830 = COLOUR_RGB('',9.803921802644E-02,9.803921802644E-02,
  9.803921802644E-02);
ENDSEC;
END-ISO-10303-21;
