Change Component Comment : Designator=R86 Old Comment=Comment New Comment=0R
Change Component Comment : Designator=R33 Old Comment=Comment New Comment=1K
Change Component Comment : Designator=R34 Old Comment=Comment New Comment=1K
Change Component Comment : Designator=R56 Old Comment=Comment New Comment=1K
Change Component Comment : Designator=R57 Old Comment=Comment New Comment=1K
Change Component Comment : Designator=R60 Old Comment=Comment New Comment=1K
Change Component Comment : Designator=R61 Old Comment=Comment New Comment=1K
Change Component Comment : Designator=R64 Old Comment=Comment New Comment=1K
Change Component Comment : Designator=R65 Old Comment=Comment New Comment=1K
Change Component Comment : Designator=R68 Old Comment=Comment New Comment=1K
Change Component Comment : Designator=R69 Old Comment=Comment New Comment=1K
Change Component Comment : Designator=R72 Old Comment=Comment New Comment=1K
Change Component Comment : Designator=R73 Old Comment=Comment New Comment=1K
Change Component Comment : Designator=R76 Old Comment=Comment New Comment=1K
Change Component Comment : Designator=R77 Old Comment=Comment New Comment=1K
Change Component Comment : Designator=R80 Old Comment=Comment New Comment=1K
Change Component Comment : Designator=R81 Old Comment=Comment New Comment=1K
Change Component Comment : Designator=R91 Old Comment=Comment New Comment=1K
Change Component Comment : Designator=R92 Old Comment=Comment New Comment=1K
Change Component Comment : Designator=R93 Old Comment=Comment New Comment=1K
Change Component Comment : Designator=R94 Old Comment=Comment New Comment=1K
Change Component Comment : Designator=R99 Old Comment=Comment New Comment=1K
Change Component Comment : Designator=R100 Old Comment=Comment New Comment=1K
Change Component Comment : Designator=R103 Old Comment=Comment New Comment=1K
Change Component Comment : Designator=R104 Old Comment=Comment New Comment=1K
Change Component Comment : Designator=R107 Old Comment=Comment New Comment=1K
Change Component Comment : Designator=R108 Old Comment=Comment New Comment=1K
Change Component Comment : Designator=R111 Old Comment=Comment New Comment=1K
Change Component Comment : Designator=R112 Old Comment=Comment New Comment=1K
Change Component Comment : Designator=R115 Old Comment=Comment New Comment=1K
Change Component Comment : Designator=R116 Old Comment=Comment New Comment=1K
Change Component Comment : Designator=R119 Old Comment=Comment New Comment=1K
Change Component Comment : Designator=R120 Old Comment=Comment New Comment=1K
Change Component Comment : Designator=R123 Old Comment=Comment New Comment=1K
Change Component Comment : Designator=R124 Old Comment=Comment New Comment=1K
Change Component Comment : Designator=R127 Old Comment=Comment New Comment=1K
Change Component Comment : Designator=R128 Old Comment=Comment New Comment=1K
Change Component Comment : Designator=R131 Old Comment=Comment New Comment=1K
Change Component Comment : Designator=R132 Old Comment=Comment New Comment=1K
Change Component Comment : Designator=R135 Old Comment=Comment New Comment=1K
Change Component Comment : Designator=R136 Old Comment=Comment New Comment=1K
Change Component Comment : Designator=R139 Old Comment=Comment New Comment=1K
Change Component Comment : Designator=R140 Old Comment=Comment New Comment=1K
Change Component Comment : Designator=R143 Old Comment=Comment New Comment=1K
Change Component Comment : Designator=R144 Old Comment=Comment New Comment=1K
Change Component Comment : Designator=R147 Old Comment=Comment New Comment=1K
Change Component Comment : Designator=R148 Old Comment=Comment New Comment=1K
Change Component Comment : Designator=R151 Old Comment=Comment New Comment=1K
Change Component Comment : Designator=R152 Old Comment=Comment New Comment=1K
Change Component Comment : Designator=Q3 Old Comment=Comment New Comment=2N7002ET1G
Change Component Comment : Designator=Q4 Old Comment=Comment New Comment=2N7002ET1G
Change Component Comment : Designator=Q18 Old Comment=Comment New Comment=2N7002ET1G
Change Component Comment : Designator=Q19 Old Comment=Comment New Comment=2N7002ET1G
Change Component Comment : Designator=Q20 Old Comment=Comment New Comment=2N7002ET1G
Change Component Comment : Designator=Q21 Old Comment=Comment New Comment=2N7002ET1G
Change Component Comment : Designator=Q22 Old Comment=Comment New Comment=2N7002ET1G
Change Component Comment : Designator=Q23 Old Comment=Comment New Comment=2N7002ET1G
Change Component Comment : Designator=Q24 Old Comment=Comment New Comment=2N7002ET1G
Change Component Comment : Designator=Q25 Old Comment=Comment New Comment=2N7002ET1G
Change Component Comment : Designator=Q26 Old Comment=Comment New Comment=2N7002ET1G
Change Component Comment : Designator=Q27 Old Comment=Comment New Comment=2N7002ET1G
Change Component Comment : Designator=Q28 Old Comment=Comment New Comment=2N7002ET1G
Change Component Comment : Designator=Q29 Old Comment=Comment New Comment=2N7002ET1G
Change Component Comment : Designator=Q30 Old Comment=Comment New Comment=2N7002ET1G
Change Component Comment : Designator=Q31 Old Comment=Comment New Comment=2N7002ET1G
Change Component Comment : Designator=Q32 Old Comment=Comment New Comment=2N7002ET1G
Change Component Comment : Designator=Q33 Old Comment=Comment New Comment=2N7002ET1G
Change Component Comment : Designator=Q34 Old Comment=Comment New Comment=2N7002ET1G
Change Component Comment : Designator=Q35 Old Comment=Comment New Comment=2N7002ET1G
Change Component Comment : Designator=Q36 Old Comment=Comment New Comment=2N7002ET1G
Change Component Comment : Designator=Q37 Old Comment=Comment New Comment=2N7002ET1G
Change Component Comment : Designator=Q38 Old Comment=Comment New Comment=2N7002ET1G
Change Component Comment : Designator=Q39 Old Comment=Comment New Comment=2N7002ET1G
Change Component Comment : Designator=Q40 Old Comment=Comment New Comment=2N7002ET1G
Change Component Comment : Designator=Q41 Old Comment=Comment New Comment=2N7002ET1G
Change Component Comment : Designator=Q42 Old Comment=Comment New Comment=2N7002ET1G
Change Component Comment : Designator=Q43 Old Comment=Comment New Comment=2N7002ET1G
Change Component Comment : Designator=Q44 Old Comment=Comment New Comment=2N7002ET1G
Change Component Comment : Designator=Q45 Old Comment=Comment New Comment=2N7002ET1G
Change Component Comment : Designator=Q46 Old Comment=Comment New Comment=2N7002ET1G
Change Component Comment : Designator=Q47 Old Comment=Comment New Comment=2N7002ET1G
Change Component Comment : Designator=Q48 Old Comment=Comment New Comment=2N7002ET1G
Change Component Comment : Designator=Q49 Old Comment=Comment New Comment=2N7002ET1G
Change Component Comment : Designator=Q50 Old Comment=Comment New Comment=2N7002ET1G
Change Component Comment : Designator=Q51 Old Comment=Comment New Comment=2N7002ET1G
Change Component Comment : Designator=Q52 Old Comment=Comment New Comment=2N7002ET1G
Change Component Comment : Designator=Q53 Old Comment=Comment New Comment=2N7002ET1G
Change Component Comment : Designator=Q54 Old Comment=Comment New Comment=2N7002ET1G
Change Component Comment : Designator=Q55 Old Comment=Comment New Comment=2N7002ET1G
Change Component Comment : Designator=Q56 Old Comment=Comment New Comment=2N7002ET1G
Change Component Comment : Designator=Q57 Old Comment=Comment New Comment=2N7002ET1G
Change Component Comment : Designator=Q58 Old Comment=Comment New Comment=2N7002ET1G
Change Component Comment : Designator=Q59 Old Comment=Comment New Comment=2N7002ET1G
Change Component Comment : Designator=Q60 Old Comment=Comment New Comment=2N7002ET1G
Change Component Comment : Designator=Q61 Old Comment=Comment New Comment=2N7002ET1G
Change Component Comment : Designator=Q62 Old Comment=Comment New Comment=2N7002ET1G
Change Component Comment : Designator=Q63 Old Comment=Comment New Comment=2N7002ET1G
Change Component Comment : Designator=Q64 Old Comment=Comment New Comment=2N7002ET1G
Change Component Comment : Designator=Z2 Old Comment=Comment New Comment=6.8V
Change Component Comment : Designator=R32 Old Comment=Comment New Comment=10K
Change Component Comment : Designator=R35 Old Comment=Comment New Comment=10K
Change Component Comment : Designator=R58 Old Comment=Comment New Comment=10K
Change Component Comment : Designator=R59 Old Comment=Comment New Comment=10K
Change Component Comment : Designator=R62 Old Comment=Comment New Comment=10K
Change Component Comment : Designator=R63 Old Comment=Comment New Comment=10K
Change Component Comment : Designator=R66 Old Comment=Comment New Comment=10K
Change Component Comment : Designator=R67 Old Comment=Comment New Comment=10K
Change Component Comment : Designator=R70 Old Comment=Comment New Comment=10K
Change Component Comment : Designator=R71 Old Comment=Comment New Comment=10K
Change Component Comment : Designator=R74 Old Comment=Comment New Comment=10K
Change Component Comment : Designator=R75 Old Comment=Comment New Comment=10K
Change Component Comment : Designator=R78 Old Comment=Comment New Comment=10K
Change Component Comment : Designator=R79 Old Comment=Comment New Comment=10K
Change Component Comment : Designator=R82 Old Comment=Comment New Comment=10K
Change Component Comment : Designator=R83 Old Comment=Comment New Comment=10K
Change Component Comment : Designator=R84 Old Comment=Comment New Comment=10K
Change Component Comment : Designator=R85 Old Comment=Comment New Comment=10K
Change Component Comment : Designator=R95 Old Comment=Comment New Comment=10K
Change Component Comment : Designator=R96 Old Comment=Comment New Comment=10K
Change Component Comment : Designator=R97 Old Comment=Comment New Comment=10K
Change Component Comment : Designator=R98 Old Comment=Comment New Comment=10K
Change Component Comment : Designator=R101 Old Comment=Comment New Comment=10K
Change Component Comment : Designator=R102 Old Comment=Comment New Comment=10K
Change Component Comment : Designator=R105 Old Comment=Comment New Comment=10K
Change Component Comment : Designator=R106 Old Comment=Comment New Comment=10K
Change Component Comment : Designator=R109 Old Comment=Comment New Comment=10K
Change Component Comment : Designator=R110 Old Comment=Comment New Comment=10K
Change Component Comment : Designator=R113 Old Comment=Comment New Comment=10K
Change Component Comment : Designator=R114 Old Comment=Comment New Comment=10K
Change Component Comment : Designator=R117 Old Comment=Comment New Comment=10K
Change Component Comment : Designator=R118 Old Comment=Comment New Comment=10K
Change Component Comment : Designator=R121 Old Comment=Comment New Comment=10K
Change Component Comment : Designator=R122 Old Comment=Comment New Comment=10K
Change Component Comment : Designator=R125 Old Comment=Comment New Comment=10K
Change Component Comment : Designator=R126 Old Comment=Comment New Comment=10K
Change Component Comment : Designator=R129 Old Comment=Comment New Comment=10K
Change Component Comment : Designator=R130 Old Comment=Comment New Comment=10K
Change Component Comment : Designator=R133 Old Comment=Comment New Comment=10K
Change Component Comment : Designator=R134 Old Comment=Comment New Comment=10K
Change Component Comment : Designator=R137 Old Comment=Comment New Comment=10K
Change Component Comment : Designator=R138 Old Comment=Comment New Comment=10K
Change Component Comment : Designator=R141 Old Comment=Comment New Comment=10K
Change Component Comment : Designator=R142 Old Comment=Comment New Comment=10K
Change Component Comment : Designator=R145 Old Comment=Comment New Comment=10K
Change Component Comment : Designator=R146 Old Comment=Comment New Comment=10K
Change Component Comment : Designator=R149 Old Comment=Comment New Comment=10K
Change Component Comment : Designator=R150 Old Comment=Comment New Comment=10K
Change Component Comment : Designator=R153 Old Comment=Comment New Comment=10K
Change Component Comment : Designator=R154 Old Comment=Comment New Comment=10K
Change Component Comment : Designator=R87 Old Comment=Comment New Comment=33R
Change Component Comment : Designator=R88 Old Comment=Comment New Comment=33R
Change Component Comment : Designator=R89 Old Comment=Comment New Comment=33R
Change Component Comment : Designator=R90 Old Comment=Comment New Comment=33R
Change Component Comment : Designator=U15 Old Comment=Comment New Comment=74HC595PW,118
Change Component Comment : Designator=U16 Old Comment=Comment New Comment=74HC595PW,118
Change Component Comment : Designator=U17 Old Comment=Comment New Comment=74HC595PW,118
Change Component Comment : Designator=U18 Old Comment=Comment New Comment=74HC595PW,118
Change Component Comment : Designator=U19 Old Comment=Comment New Comment=74HC595PW,118
Change Component Comment : Designator=U20 Old Comment=Comment New Comment=74HC595PW,118
Change Component Comment : Designator=C6 Old Comment=Comment New Comment=100nF
Change Component Comment : Designator=C7 Old Comment=Comment New Comment=100nF
Change Component Comment : Designator=C12 Old Comment=Comment New Comment=100nF
Change Component Comment : Designator=C13 Old Comment=Comment New Comment=100nF
Change Component Comment : Designator=C14 Old Comment=Comment New Comment=100nF
Change Component Comment : Designator=C15 Old Comment=Comment New Comment=100nF
Change Component Comment : Designator=C16 Old Comment=Comment New Comment=100nF
Change Component Comment : Designator=C17 Old Comment=Comment New Comment=100nF
Change Component Comment : Designator=C18 Old Comment=Comment New Comment=100nF
Change Component Comment : Designator=C19 Old Comment=Comment New Comment=100nF
Change Component Comment : Designator=C20 Old Comment=Comment New Comment=100nF
Change Component Comment : Designator=C21 Old Comment=Comment New Comment=100nF
Change Component Comment : Designator=C22 Old Comment=Comment New Comment=100nF
Change Component Comment : Designator=C23 Old Comment=Comment New Comment=100nF
Change Component Comment : Designator=C24 Old Comment=Comment New Comment=100nF
Change Component Comment : Designator=C25 Old Comment=Comment New Comment=100nF
Change Component Comment : Designator=C26 Old Comment=Comment New Comment=100nF
Change Component Comment : Designator=C27 Old Comment=Comment New Comment=100nF
Change Component Comment : Designator=C28 Old Comment=Comment New Comment=100nF
Change Component Comment : Designator=C29 Old Comment=Comment New Comment=100nF
Change Component Comment : Designator=C30 Old Comment=Comment New Comment=100nF
Change Component Comment : Designator=C31 Old Comment=Comment New Comment=100nF
Change Component Comment : Designator=C32 Old Comment=Comment New Comment=100nF
Change Component Comment : Designator=C33 Old Comment=Comment New Comment=100nF
Change Component Comment : Designator=C34 Old Comment=Comment New Comment=100nF
Change Component Comment : Designator=C35 Old Comment=Comment New Comment=100nF
Change Component Comment : Designator=C36 Old Comment=Comment New Comment=100nF
Change Component Comment : Designator=C37 Old Comment=Comment New Comment=100nF
Change Component Comment : Designator=C38 Old Comment=Comment New Comment=100nF
Change Component Comment : Designator=C39 Old Comment=Comment New Comment=100nF
Change Component Comment : Designator=C40 Old Comment=Comment New Comment=100nF
Change Component Comment : Designator=C41 Old Comment=Comment New Comment=100nF
Change Component Comment : Designator=C42 Old Comment=Comment New Comment=100nF
Change Component Comment : Designator=C43 Old Comment=Comment New Comment=100nF
Change Component Comment : Designator=C44 Old Comment=Comment New Comment=100nF
Change Component Comment : Designator=C45 Old Comment=Comment New Comment=100nF
Change Component Comment : Designator=C46 Old Comment=Comment New Comment=100nF
Change Component Comment : Designator=C47 Old Comment=Comment New Comment=100nF
Change Component Comment : Designator=C48 Old Comment=Comment New Comment=100nF
Change Component Comment : Designator=C49 Old Comment=Comment New Comment=100nF
Change Component Comment : Designator=C50 Old Comment=Comment New Comment=100nF
Change Component Comment : Designator=C51 Old Comment=Comment New Comment=100nF
Change Component Comment : Designator=C52 Old Comment=Comment New Comment=100nF
Change Component Comment : Designator=C53 Old Comment=Comment New Comment=100nF
Change Component Comment : Designator=C54 Old Comment=Comment New Comment=100nF
Change Component Comment : Designator=C55 Old Comment=Comment New Comment=100nF
Change Component Comment : Designator=C56 Old Comment=Comment New Comment=100nF
Change Component Comment : Designator=C57 Old Comment=Comment New Comment=100nF
Change Component Comment : Designator=C58 Old Comment=Comment New Comment=100nF
Change Component Comment : Designator=C59 Old Comment=Comment New Comment=100nF
Change Component Comment : Designator=C60 Old Comment=Comment New Comment=100nF
Change Component Comment : Designator=C61 Old Comment=Comment New Comment=100nF
Change Component Comment : Designator=C62 Old Comment=Comment New Comment=100nF
Change Component Comment : Designator=C63 Old Comment=Comment New Comment=100nF
Change Component Comment : Designator=C4 Old Comment=Comment New Comment=3300uF/16V
Change Component Comment : Designator=C5 Old Comment=Comment New Comment=3300uF/16V
Change Component Comment : Designator=J9 Old Comment=Comment New Comment=Conn_01x04
Change Component Comment : Designator=J10 Old Comment=Comment New Comment=Conn_01x04
Change Component Comment : Designator=J1 Old Comment=Comment New Comment=DG129-5.08-02P-14-00AH
Change Component Comment : Designator=J2 Old Comment=Comment New Comment=DG129-5.08-02P-14-00AH
Change Component Comment : Designator=J3 Old Comment=Comment New Comment=DG129-5.08-02P-14-00AH
Change Component Comment : Designator=J4 Old Comment=Comment New Comment=DG129-5.08-02P-14-00AH
Change Component Comment : Designator=J5 Old Comment=Comment New Comment=DG129-5.08-02P-14-00AH
Change Component Comment : Designator=J6 Old Comment=Comment New Comment=DG129-5.08-02P-14-00AH
Change Component Comment : Designator=J7 Old Comment=Comment New Comment=DG129-5.08-02P-14-00AH
Change Component Comment : Designator=J8 Old Comment=Comment New Comment=DG129-5.08-02P-14-00AH
Change Component Comment : Designator=J11 Old Comment=Comment New Comment=DG129-5.08-02P-14-00AH
Change Component Comment : Designator=J12 Old Comment=Comment New Comment=DG129-5.08-02P-14-00AH
Change Component Comment : Designator=J13 Old Comment=Comment New Comment=DG129-5.08-02P-14-00AH
Change Component Comment : Designator=J14 Old Comment=Comment New Comment=DG129-5.08-02P-14-00AH
Change Component Comment : Designator=J15 Old Comment=Comment New Comment=DG129-5.08-02P-14-00AH
Change Component Comment : Designator=J16 Old Comment=Comment New Comment=DG129-5.08-02P-14-00AH
Change Component Comment : Designator=J17 Old Comment=Comment New Comment=DG129-5.08-02P-14-00AH
Change Component Comment : Designator=J18 Old Comment=Comment New Comment=DG129-5.08-02P-14-00AH
Change Component Comment : Designator=J19 Old Comment=Comment New Comment=DG129-5.08-02P-14-00AH
Change Component Comment : Designator=J20 Old Comment=Comment New Comment=DG129-5.08-02P-14-00AH
Change Component Comment : Designator=J21 Old Comment=Comment New Comment=DG129-5.08-02P-14-00AH
Change Component Comment : Designator=J22 Old Comment=Comment New Comment=DG129-5.08-02P-14-00AH
Change Component Comment : Designator=J23 Old Comment=Comment New Comment=DG129-5.08-02P-14-00AH
Change Component Comment : Designator=J24 Old Comment=Comment New Comment=DG129-5.08-02P-14-00AH
Change Component Comment : Designator=J25 Old Comment=Comment New Comment=DG129-5.08-02P-14-00AH
Change Component Comment : Designator=J26 Old Comment=Comment New Comment=DG129-5.08-02P-14-00AH
Change Component Comment : Designator=H5 Old Comment=Comment New Comment=MountingHole
Change Component Comment : Designator=H6 Old Comment=Comment New Comment=MountingHole
Change Component Comment : Designator=H7 Old Comment=Comment New Comment=MountingHole
Change Component Comment : Designator=H8 Old Comment=Comment New Comment=MountingHole
Change Component Comment : Designator=K1 Old Comment=Comment New Comment=RT314F12
Change Component Comment : Designator=K4 Old Comment=Comment New Comment=RT314F12
Change Component Comment : Designator=K5 Old Comment=Comment New Comment=RT314F12
Change Component Comment : Designator=K6 Old Comment=Comment New Comment=RT314F12
Change Component Comment : Designator=K7 Old Comment=Comment New Comment=RT314F12
Change Component Comment : Designator=K8 Old Comment=Comment New Comment=RT314F12
Change Component Comment : Designator=K9 Old Comment=Comment New Comment=RT314F12
Change Component Comment : Designator=K10 Old Comment=Comment New Comment=RT314F12
Change Component Comment : Designator=K11 Old Comment=Comment New Comment=RT314F12
Change Component Comment : Designator=K12 Old Comment=Comment New Comment=RT314F12
Change Component Comment : Designator=K13 Old Comment=Comment New Comment=RT314F12
Change Component Comment : Designator=K14 Old Comment=Comment New Comment=RT314F12
Change Component Comment : Designator=K15 Old Comment=Comment New Comment=RT314F12
Change Component Comment : Designator=K16 Old Comment=Comment New Comment=RT314F12
Change Component Comment : Designator=K17 Old Comment=Comment New Comment=RT314F12
Change Component Comment : Designator=K18 Old Comment=Comment New Comment=RT314F12
Change Component Comment : Designator=K19 Old Comment=Comment New Comment=RT314F12
Change Component Comment : Designator=K20 Old Comment=Comment New Comment=RT314F12
Change Component Comment : Designator=K21 Old Comment=Comment New Comment=RT314F12
Change Component Comment : Designator=K22 Old Comment=Comment New Comment=RT314F12
Change Component Comment : Designator=K23 Old Comment=Comment New Comment=RT314F12
Change Component Comment : Designator=K24 Old Comment=Comment New Comment=RT314F12
Change Component Comment : Designator=K25 Old Comment=Comment New Comment=RT314F12
Change Component Comment : Designator=K26 Old Comment=Comment New Comment=RT314F12
Change component parameters: Designator = "Q3" ("Q3"); Footprint = "SOT-23"; UniqueID = "\KGNIYDUR\UKTGULDM" ("\KGNIYDUR\UKTGULDM")
Change component parameters (AddParameter): Name = "MF"; Value = "onsemi"; VariantName = "[No Variations]"
Change component parameters (AddParameter): Name = "MP"; Value = "2N7002ET1G"; VariantName = "[No Variations]"
Change component parameters (AddParameter): Name = "OZD"; Value = "2N7002ET1G"; VariantName = "[No Variations]"
Change component parameters (AddParameter): Name = "Package"; Value = "SOT-23"; VariantName = "[No Variations]"
Change component parameters (AddParameter): Name = "Value"; Value = "2N7002ET1G"; VariantName = "[No Variations]"
Change component parameters: Designator = "Q4" ("Q4"); Footprint = "SOT-23"; UniqueID = "\KGNIYDUR\ZGDSIUYH" ("\KGNIYDUR\ZGDSIUYH")
Change component parameters (AddParameter): Name = "MF"; Value = "onsemi"; VariantName = "[No Variations]"
Change component parameters (AddParameter): Name = "MP"; Value = "2N7002ET1G"; VariantName = "[No Variations]"
Change component parameters (AddParameter): Name = "OZD"; Value = "2N7002ET1G"; VariantName = "[No Variations]"
Change component parameters (AddParameter): Name = "Package"; Value = "SOT-23"; VariantName = "[No Variations]"
Change component parameters (AddParameter): Name = "Value"; Value = "2N7002ET1G"; VariantName = "[No Variations]"
Change component parameters: Designator = "Q18" ("Q18"); Footprint = "SOT-23"; UniqueID = "\KGNIYDUR\XHGWBDFJ" ("\KGNIYDUR\XHGWBDFJ")
Change component parameters (AddParameter): Name = "MF"; Value = "onsemi"; VariantName = "[No Variations]"
Change component parameters (AddParameter): Name = "MP"; Value = "2N7002ET1G"; VariantName = "[No Variations]"
Change component parameters (AddParameter): Name = "OZD"; Value = "2N7002ET1G"; VariantName = "[No Variations]"
Change component parameters (AddParameter): Name = "Package"; Value = "SOT-23"; VariantName = "[No Variations]"
Change component parameters (AddParameter): Name = "Value"; Value = "2N7002ET1G"; VariantName = "[No Variations]"
Change component parameters: Designator = "Q19" ("Q19"); Footprint = "SOT-23"; UniqueID = "\KGNIYDUR\FIFCOKPI" ("\KGNIYDUR\FIFCOKPI")
Change component parameters (AddParameter): Name = "MF"; Value = "onsemi"; VariantName = "[No Variations]"
Change component parameters (AddParameter): Name = "MP"; Value = "2N7002ET1G"; VariantName = "[No Variations]"
Change component parameters (AddParameter): Name = "OZD"; Value = "2N7002ET1G"; VariantName = "[No Variations]"
Change component parameters (AddParameter): Name = "Package"; Value = "SOT-23"; VariantName = "[No Variations]"
Change component parameters (AddParameter): Name = "Value"; Value = "2N7002ET1G"; VariantName = "[No Variations]"
Change component parameters: Designator = "Q20" ("Q20"); Footprint = "SOT-23"; UniqueID = "\KGNIYDUR\BVIXNBGI" ("\KGNIYDUR\BVIXNBGI")
Change component parameters (AddParameter): Name = "MF"; Value = "onsemi"; VariantName = "[No Variations]"
Change component parameters (AddParameter): Name = "MP"; Value = "2N7002ET1G"; VariantName = "[No Variations]"
Change component parameters (AddParameter): Name = "OZD"; Value = "2N7002ET1G"; VariantName = "[No Variations]"
Change component parameters (AddParameter): Name = "Package"; Value = "SOT-23"; VariantName = "[No Variations]"
Change component parameters (AddParameter): Name = "Value"; Value = "2N7002ET1G"; VariantName = "[No Variations]"
Change component parameters: Designator = "Q21" ("Q21"); Footprint = "SOT-23"; UniqueID = "\KGNIYDUR\AVKMBEJL" ("\KGNIYDUR\AVKMBEJL")
Change component parameters (AddParameter): Name = "MF"; Value = "onsemi"; VariantName = "[No Variations]"
Change component parameters (AddParameter): Name = "MP"; Value = "2N7002ET1G"; VariantName = "[No Variations]"
Change component parameters (AddParameter): Name = "OZD"; Value = "2N7002ET1G"; VariantName = "[No Variations]"
Change component parameters (AddParameter): Name = "Package"; Value = "SOT-23"; VariantName = "[No Variations]"
Change component parameters (AddParameter): Name = "Value"; Value = "2N7002ET1G"; VariantName = "[No Variations]"
Change component parameters: Designator = "Q22" ("Q22"); Footprint = "SOT-23"; UniqueID = "\KGNIYDUR\NWOUKMKC" ("\KGNIYDUR\NWOUKMKC")
Change component parameters (AddParameter): Name = "MF"; Value = "onsemi"; VariantName = "[No Variations]"
Change component parameters (AddParameter): Name = "MP"; Value = "2N7002ET1G"; VariantName = "[No Variations]"
Change component parameters (AddParameter): Name = "OZD"; Value = "2N7002ET1G"; VariantName = "[No Variations]"
Change component parameters (AddParameter): Name = "Package"; Value = "SOT-23"; VariantName = "[No Variations]"
Change component parameters (AddParameter): Name = "Value"; Value = "2N7002ET1G"; VariantName = "[No Variations]"
Change component parameters: Designator = "Q23" ("Q23"); Footprint = "SOT-23"; UniqueID = "\KGNIYDUR\OXCETHAV" ("\KGNIYDUR\OXCETHAV")
Change component parameters (AddParameter): Name = "MF"; Value = "onsemi"; VariantName = "[No Variations]"
Change component parameters (AddParameter): Name = "MP"; Value = "2N7002ET1G"; VariantName = "[No Variations]"
Change component parameters (AddParameter): Name = "OZD"; Value = "2N7002ET1G"; VariantName = "[No Variations]"
Change component parameters (AddParameter): Name = "Package"; Value = "SOT-23"; VariantName = "[No Variations]"
Change component parameters (AddParameter): Name = "Value"; Value = "2N7002ET1G"; VariantName = "[No Variations]"
Change component parameters: Designator = "Q24" ("Q24"); Footprint = "SOT-23"; UniqueID = "\KGNIYDUR\KDTVEXJO" ("\KGNIYDUR\KDTVEXJO")
Change component parameters (AddParameter): Name = "MF"; Value = "onsemi"; VariantName = "[No Variations]"
Change component parameters (AddParameter): Name = "MP"; Value = "2N7002ET1G"; VariantName = "[No Variations]"
Change component parameters (AddParameter): Name = "OZD"; Value = "2N7002ET1G"; VariantName = "[No Variations]"
Change component parameters (AddParameter): Name = "Package"; Value = "SOT-23"; VariantName = "[No Variations]"
Change component parameters (AddParameter): Name = "Value"; Value = "2N7002ET1G"; VariantName = "[No Variations]"
Change component parameters: Designator = "Q25" ("Q25"); Footprint = "SOT-23"; UniqueID = "\KGNIYDUR\XUTRYQQE" ("\KGNIYDUR\XUTRYQQE")
Change component parameters (AddParameter): Name = "MF"; Value = "onsemi"; VariantName = "[No Variations]"
Change component parameters (AddParameter): Name = "MP"; Value = "2N7002ET1G"; VariantName = "[No Variations]"
Change component parameters (AddParameter): Name = "OZD"; Value = "2N7002ET1G"; VariantName = "[No Variations]"
Change component parameters (AddParameter): Name = "Package"; Value = "SOT-23"; VariantName = "[No Variations]"
Change component parameters (AddParameter): Name = "Value"; Value = "2N7002ET1G"; VariantName = "[No Variations]"
Change component parameters: Designator = "Q26" ("Q26"); Footprint = "SOT-23"; UniqueID = "\KGNIYDUR\NVDCPCUI" ("\KGNIYDUR\NVDCPCUI")
Change component parameters (AddParameter): Name = "MF"; Value = "onsemi"; VariantName = "[No Variations]"
Change component parameters (AddParameter): Name = "MP"; Value = "2N7002ET1G"; VariantName = "[No Variations]"
Change component parameters (AddParameter): Name = "OZD"; Value = "2N7002ET1G"; VariantName = "[No Variations]"
Change component parameters (AddParameter): Name = "Package"; Value = "SOT-23"; VariantName = "[No Variations]"
Change component parameters (AddParameter): Name = "Value"; Value = "2N7002ET1G"; VariantName = "[No Variations]"
Change component parameters: Designator = "Q27" ("Q27"); Footprint = "SOT-23"; UniqueID = "\KGNIYDUR\HBNJYCAN" ("\KGNIYDUR\HBNJYCAN")
Change component parameters (AddParameter): Name = "MF"; Value = "onsemi"; VariantName = "[No Variations]"
Change component parameters (AddParameter): Name = "MP"; Value = "2N7002ET1G"; VariantName = "[No Variations]"
Change component parameters (AddParameter): Name = "OZD"; Value = "2N7002ET1G"; VariantName = "[No Variations]"
Change component parameters (AddParameter): Name = "Package"; Value = "SOT-23"; VariantName = "[No Variations]"
Change component parameters (AddParameter): Name = "Value"; Value = "2N7002ET1G"; VariantName = "[No Variations]"
Change component parameters: Designator = "Q28" ("Q28"); Footprint = "SOT-23"; UniqueID = "\KGNIYDUR\IONTAQJZ" ("\KGNIYDUR\IONTAQJZ")
Change component parameters (AddParameter): Name = "MF"; Value = "onsemi"; VariantName = "[No Variations]"
Change component parameters (AddParameter): Name = "MP"; Value = "2N7002ET1G"; VariantName = "[No Variations]"
Change component parameters (AddParameter): Name = "OZD"; Value = "2N7002ET1G"; VariantName = "[No Variations]"
Change component parameters (AddParameter): Name = "Package"; Value = "SOT-23"; VariantName = "[No Variations]"
Change component parameters (AddParameter): Name = "Value"; Value = "2N7002ET1G"; VariantName = "[No Variations]"
Change component parameters: Designator = "Q29" ("Q29"); Footprint = "SOT-23"; UniqueID = "\KGNIYDUR\UOJSYIMZ" ("\KGNIYDUR\UOJSYIMZ")
Change component parameters (AddParameter): Name = "MF"; Value = "onsemi"; VariantName = "[No Variations]"
Change component parameters (AddParameter): Name = "MP"; Value = "2N7002ET1G"; VariantName = "[No Variations]"
Change component parameters (AddParameter): Name = "OZD"; Value = "2N7002ET1G"; VariantName = "[No Variations]"
Change component parameters (AddParameter): Name = "Package"; Value = "SOT-23"; VariantName = "[No Variations]"
Change component parameters (AddParameter): Name = "Value"; Value = "2N7002ET1G"; VariantName = "[No Variations]"
Change component parameters: Designator = "Q30" ("Q30"); Footprint = "SOT-23"; UniqueID = "\KGNIYDUR\CQRFMXXF" ("\KGNIYDUR\CQRFMXXF")
Change component parameters (AddParameter): Name = "MF"; Value = "onsemi"; VariantName = "[No Variations]"
Change component parameters (AddParameter): Name = "MP"; Value = "2N7002ET1G"; VariantName = "[No Variations]"
Change component parameters (AddParameter): Name = "OZD"; Value = "2N7002ET1G"; VariantName = "[No Variations]"
Change component parameters (AddParameter): Name = "Package"; Value = "SOT-23"; VariantName = "[No Variations]"
Change component parameters (AddParameter): Name = "Value"; Value = "2N7002ET1G"; VariantName = "[No Variations]"
Change component parameters: Designator = "Q31" ("Q31"); Footprint = "SOT-23"; UniqueID = "\KGNIYDUR\VDARGHUH" ("\KGNIYDUR\VDARGHUH")
Change component parameters (AddParameter): Name = "MF"; Value = "onsemi"; VariantName = "[No Variations]"
Change component parameters (AddParameter): Name = "MP"; Value = "2N7002ET1G"; VariantName = "[No Variations]"
Change component parameters (AddParameter): Name = "OZD"; Value = "2N7002ET1G"; VariantName = "[No Variations]"
Change component parameters (AddParameter): Name = "Package"; Value = "SOT-23"; VariantName = "[No Variations]"
Change component parameters (AddParameter): Name = "Value"; Value = "2N7002ET1G"; VariantName = "[No Variations]"
Change component parameters: Designator = "R86" ("R86"); Footprint = "R_0603_1608Metric"; UniqueID = "\KDYIGEBC" ("\KDYIGEBC")
Change component parameters (AddParameter): Name = "MF"; Value = ""; VariantName = "[No Variations]"
Change component parameters (AddParameter): Name = "MP"; Value = ""; VariantName = "[No Variations]"
Change component parameters (AddParameter): Name = "Package"; Value = "R_0603"; VariantName = "[No Variations]"
Change component parameters (AddParameter): Name = "Value"; Value = "0R"; VariantName = "[No Variations]"
Change component parameters: Designator = "C6" ("C6"); Footprint = "C_0603_1608Metric"; UniqueID = "\KGNIYDUR\WRONLRQH" ("\KGNIYDUR\WRONLRQH")
Change component parameters (AddParameter): Name = "MF"; Value = "YAGEO"; VariantName = "[No Variations]"
Change component parameters (AddParameter): Name = "MP"; Value = "CC0603KRX7R9BB104"; VariantName = "[No Variations]"
Change component parameters (AddParameter): Name = "OZD"; Value = "CC0603KRX7R9BB104"; VariantName = "[No Variations]"
Change component parameters (AddParameter): Name = "Package"; Value = "C_0603"; VariantName = "[No Variations]"
Change component parameters (AddParameter): Name = "Value"; Value = "100nF"; VariantName = "[No Variations]"
Change component parameters: Designator = "C7" ("C7"); Footprint = "C_0603_1608Metric"; UniqueID = "\KGNIYDUR\FYPBYQKL" ("\KGNIYDUR\FYPBYQKL")
Change component parameters (AddParameter): Name = "MF"; Value = "YAGEO"; VariantName = "[No Variations]"
Change component parameters (AddParameter): Name = "MP"; Value = "CC0603KRX7R9BB104"; VariantName = "[No Variations]"
Change component parameters (AddParameter): Name = "OZD"; Value = "CC0603KRX7R9BB104"; VariantName = "[No Variations]"
Change component parameters (AddParameter): Name = "Package"; Value = "C_0603"; VariantName = "[No Variations]"
Change component parameters (AddParameter): Name = "Value"; Value = "100nF"; VariantName = "[No Variations]"
Change component parameters: Designator = "C12" ("C12"); Footprint = "C_0603_1608Metric"; UniqueID = "\KGNIYDUR\TKDXIECL" ("\KGNIYDUR\TKDXIECL")
Change component parameters (AddParameter): Name = "MF"; Value = "YAGEO"; VariantName = "[No Variations]"
Change component parameters (AddParameter): Name = "MP"; Value = "CC0603KRX7R9BB104"; VariantName = "[No Variations]"
Change component parameters (AddParameter): Name = "OZD"; Value = "CC0603KRX7R9BB104"; VariantName = "[No Variations]"
Change component parameters (AddParameter): Name = "Package"; Value = "C_0603"; VariantName = "[No Variations]"
Change component parameters (AddParameter): Name = "Value"; Value = "100nF"; VariantName = "[No Variations]"
Change component parameters: Designator = "C13" ("C13"); Footprint = "C_0603_1608Metric"; UniqueID = "\KGNIYDUR\PKNQEHQV" ("\KGNIYDUR\PKNQEHQV")
Change component parameters (AddParameter): Name = "MF"; Value = "YAGEO"; VariantName = "[No Variations]"
Change component parameters (AddParameter): Name = "MP"; Value = "CC0603KRX7R9BB104"; VariantName = "[No Variations]"
Change component parameters (AddParameter): Name = "OZD"; Value = "CC0603KRX7R9BB104"; VariantName = "[No Variations]"
Change component parameters (AddParameter): Name = "Package"; Value = "C_0603"; VariantName = "[No Variations]"
Change component parameters (AddParameter): Name = "Value"; Value = "100nF"; VariantName = "[No Variations]"
Change component parameters: Designator = "C14" ("C14"); Footprint = "C_0603_1608Metric"; UniqueID = "\KGNIYDUR\ZSZOSOCU" ("\KGNIYDUR\ZSZOSOCU")
Change component parameters (AddParameter): Name = "MF"; Value = "YAGEO"; VariantName = "[No Variations]"
Change component parameters (AddParameter): Name = "MP"; Value = "CC0603KRX7R9BB104"; VariantName = "[No Variations]"
Change component parameters (AddParameter): Name = "OZD"; Value = "CC0603KRX7R9BB104"; VariantName = "[No Variations]"
Change component parameters (AddParameter): Name = "Package"; Value = "C_0603"; VariantName = "[No Variations]"
Change component parameters (AddParameter): Name = "Value"; Value = "100nF"; VariantName = "[No Variations]"
Change component parameters: Designator = "C15" ("C15"); Footprint = "C_0603_1608Metric"; UniqueID = "\KGNIYDUR\RKEMOKXU" ("\KGNIYDUR\RKEMOKXU")
Change component parameters (AddParameter): Name = "MF"; Value = "YAGEO"; VariantName = "[No Variations]"
Change component parameters (AddParameter): Name = "MP"; Value = "CC0603KRX7R9BB104"; VariantName = "[No Variations]"
Change component parameters (AddParameter): Name = "OZD"; Value = "CC0603KRX7R9BB104"; VariantName = "[No Variations]"
Change component parameters (AddParameter): Name = "Package"; Value = "C_0603"; VariantName = "[No Variations]"
Change component parameters (AddParameter): Name = "Value"; Value = "100nF"; VariantName = "[No Variations]"
Change component parameters: Designator = "C16" ("C16"); Footprint = "C_0603_1608Metric"; UniqueID = "\KGNIYDUR\FANCTKPY" ("\KGNIYDUR\FANCTKPY")
Change component parameters (AddParameter): Name = "MF"; Value = "YAGEO"; VariantName = "[No Variations]"
Change component parameters (AddParameter): Name = "MP"; Value = "CC0603KRX7R9BB104"; VariantName = "[No Variations]"
Change component parameters (AddParameter): Name = "OZD"; Value = "CC0603KRX7R9BB104"; VariantName = "[No Variations]"
Change component parameters (AddParameter): Name = "Package"; Value = "C_0603"; VariantName = "[No Variations]"
Change component parameters (AddParameter): Name = "Value"; Value = "100nF"; VariantName = "[No Variations]"
Change component parameters: Designator = "C17" ("C17"); Footprint = "C_0603_1608Metric"; UniqueID = "\KGNIYDUR\TOAMELFP" ("\KGNIYDUR\TOAMELFP")
Change component parameters (AddParameter): Name = "MF"; Value = "YAGEO"; VariantName = "[No Variations]"
Change component parameters (AddParameter): Name = "MP"; Value = "CC0603KRX7R9BB104"; VariantName = "[No Variations]"
Change component parameters (AddParameter): Name = "OZD"; Value = "CC0603KRX7R9BB104"; VariantName = "[No Variations]"
Change component parameters (AddParameter): Name = "Package"; Value = "C_0603"; VariantName = "[No Variations]"
Change component parameters (AddParameter): Name = "Value"; Value = "100nF"; VariantName = "[No Variations]"
Change component parameters: Designator = "C18" ("C18"); Footprint = "C_0603_1608Metric"; UniqueID = "\KGNIYDUR\WKGYGZHP" ("\KGNIYDUR\WKGYGZHP")
Change component parameters (AddParameter): Name = "MF"; Value = "YAGEO"; VariantName = "[No Variations]"
Change component parameters (AddParameter): Name = "MP"; Value = "CC0603KRX7R9BB104"; VariantName = "[No Variations]"
Change component parameters (AddParameter): Name = "OZD"; Value = "CC0603KRX7R9BB104"; VariantName = "[No Variations]"
Change component parameters (AddParameter): Name = "Package"; Value = "C_0603"; VariantName = "[No Variations]"
Change component parameters (AddParameter): Name = "Value"; Value = "100nF"; VariantName = "[No Variations]"
Change component parameters: Designator = "C19" ("C19"); Footprint = "C_0603_1608Metric"; UniqueID = "\KGNIYDUR\ZHHAMJYV" ("\KGNIYDUR\ZHHAMJYV")
Change component parameters (AddParameter): Name = "MF"; Value = "YAGEO"; VariantName = "[No Variations]"
Change component parameters (AddParameter): Name = "MP"; Value = "CC0603KRX7R9BB104"; VariantName = "[No Variations]"
Change component parameters (AddParameter): Name = "OZD"; Value = "CC0603KRX7R9BB104"; VariantName = "[No Variations]"
Change component parameters (AddParameter): Name = "Package"; Value = "C_0603"; VariantName = "[No Variations]"
Change component parameters (AddParameter): Name = "Value"; Value = "100nF"; VariantName = "[No Variations]"
Change component parameters: Designator = "C20" ("C20"); Footprint = "C_0603_1608Metric"; UniqueID = "\KGNIYDUR\GSFBVDIS" ("\KGNIYDUR\GSFBVDIS")
Change component parameters (AddParameter): Name = "MF"; Value = "YAGEO"; VariantName = "[No Variations]"
Change component parameters (AddParameter): Name = "MP"; Value = "CC0603KRX7R9BB104"; VariantName = "[No Variations]"
Change component parameters (AddParameter): Name = "OZD"; Value = "CC0603KRX7R9BB104"; VariantName = "[No Variations]"
Change component parameters (AddParameter): Name = "Package"; Value = "C_0603"; VariantName = "[No Variations]"
Change component parameters (AddParameter): Name = "Value"; Value = "100nF"; VariantName = "[No Variations]"
Change component parameters: Designator = "C21" ("C21"); Footprint = "C_0603_1608Metric"; UniqueID = "\KGNIYDUR\GMQRZMLN" ("\KGNIYDUR\GMQRZMLN")
Change component parameters (AddParameter): Name = "MF"; Value = "YAGEO"; VariantName = "[No Variations]"
Change component parameters (AddParameter): Name = "MP"; Value = "CC0603KRX7R9BB104"; VariantName = "[No Variations]"
Change component parameters (AddParameter): Name = "OZD"; Value = "CC0603KRX7R9BB104"; VariantName = "[No Variations]"
Change component parameters (AddParameter): Name = "Package"; Value = "C_0603"; VariantName = "[No Variations]"
Change component parameters (AddParameter): Name = "Value"; Value = "100nF"; VariantName = "[No Variations]"
Change component parameters: Designator = "C22" ("C22"); Footprint = "C_0603_1608Metric"; UniqueID = "\KGNIYDUR\HKLHDDCZ" ("\KGNIYDUR\HKLHDDCZ")
Change component parameters (AddParameter): Name = "MF"; Value = "YAGEO"; VariantName = "[No Variations]"
Change component parameters (AddParameter): Name = "MP"; Value = "CC0603KRX7R9BB104"; VariantName = "[No Variations]"
Change component parameters (AddParameter): Name = "OZD"; Value = "CC0603KRX7R9BB104"; VariantName = "[No Variations]"
Change component parameters (AddParameter): Name = "Package"; Value = "C_0603"; VariantName = "[No Variations]"
Change component parameters (AddParameter): Name = "Value"; Value = "100nF"; VariantName = "[No Variations]"
Change component parameters: Designator = "C23" ("C23"); Footprint = "C_0603_1608Metric"; UniqueID = "\KGNIYDUR\VATFEEKL" ("\KGNIYDUR\VATFEEKL")
Change component parameters (AddParameter): Name = "MF"; Value = "YAGEO"; VariantName = "[No Variations]"
Change component parameters (AddParameter): Name = "MP"; Value = "CC0603KRX7R9BB104"; VariantName = "[No Variations]"
Change component parameters (AddParameter): Name = "OZD"; Value = "CC0603KRX7R9BB104"; VariantName = "[No Variations]"
Change component parameters (AddParameter): Name = "Package"; Value = "C_0603"; VariantName = "[No Variations]"
Change component parameters (AddParameter): Name = "Value"; Value = "100nF"; VariantName = "[No Variations]"
Change component parameters: Designator = "C24" ("C24"); Footprint = "C_0603_1608Metric"; UniqueID = "\KGNIYDUR\HLSTPABU" ("\KGNIYDUR\HLSTPABU")
Change component parameters (AddParameter): Name = "MF"; Value = "YAGEO"; VariantName = "[No Variations]"
Change component parameters (AddParameter): Name = "MP"; Value = "CC0603KRX7R9BB104"; VariantName = "[No Variations]"
Change component parameters (AddParameter): Name = "OZD"; Value = "CC0603KRX7R9BB104"; VariantName = "[No Variations]"
Change component parameters (AddParameter): Name = "Package"; Value = "C_0603"; VariantName = "[No Variations]"
Change component parameters (AddParameter): Name = "Value"; Value = "100nF"; VariantName = "[No Variations]"
Change component parameters: Designator = "C25" ("C25"); Footprint = "C_0603_1608Metric"; UniqueID = "\KGNIYDUR\JQYECEQT" ("\KGNIYDUR\JQYECEQT")
Change component parameters (AddParameter): Name = "MF"; Value = "YAGEO"; VariantName = "[No Variations]"
Change component parameters (AddParameter): Name = "MP"; Value = "CC0603KRX7R9BB104"; VariantName = "[No Variations]"
Change component parameters (AddParameter): Name = "OZD"; Value = "CC0603KRX7R9BB104"; VariantName = "[No Variations]"
Change component parameters (AddParameter): Name = "Package"; Value = "C_0603"; VariantName = "[No Variations]"
Change component parameters (AddParameter): Name = "Value"; Value = "100nF"; VariantName = "[No Variations]"
Change component parameters: Designator = "C33" ("C33"); Footprint = "C_0603_1608Metric"; UniqueID = "\UIZZJUNM\CRJZYWQY" ("\UIZZJUNM\CRJZYWQY")
Change component parameters (AddParameter): Name = "MF"; Value = "YAGEO"; VariantName = "[No Variations]"
Change component parameters (AddParameter): Name = "MP"; Value = "CC0603KRX7R9BB104"; VariantName = "[No Variations]"
Change component parameters (AddParameter): Name = "OZD"; Value = "CC0603KRX7R9BB104"; VariantName = "[No Variations]"
Change component parameters (AddParameter): Name = "Package"; Value = "C0603"; VariantName = "[No Variations]"
Change component parameters (AddParameter): Name = "Value"; Value = "100nF"; VariantName = "[No Variations]"
Change component parameters: Designator = "C34" ("C34"); Footprint = "C_0603_1608Metric"; UniqueID = "\UIZZJUNM\NWSPSUHI" ("\UIZZJUNM\NWSPSUHI")
Change component parameters (AddParameter): Name = "MF"; Value = "YAGEO"; VariantName = "[No Variations]"
Change component parameters (AddParameter): Name = "MP"; Value = "CC0603KRX7R9BB104"; VariantName = "[No Variations]"
Change component parameters (AddParameter): Name = "OZD"; Value = "CC0603KRX7R9BB104"; VariantName = "[No Variations]"
Change component parameters (AddParameter): Name = "Package"; Value = "C0603"; VariantName = "[No Variations]"
Change component parameters (AddParameter): Name = "Value"; Value = "100nF"; VariantName = "[No Variations]"
Change component parameters: Designator = "J1" ("J1"); Footprint = "DG129-5.08-02P"; UniqueID = "\BRBKYURN" ("\BRBKYURN")
Change component parameters (AddParameter): Name = "MF"; Value = "DEGSON"; VariantName = "[No Variations]"
Change component parameters (AddParameter): Name = "MP"; Value = "DG129-5.08-02P-14-00AH"; VariantName = "[No Variations]"
Change component parameters (AddParameter): Name = "OZD"; Value = "DG129-5.08-02P-14-00AH"; VariantName = "[No Variations]"
Change component parameters (AddParameter): Name = "Package"; Value = "THT V/T  5.08mm"; VariantName = "[No Variations]"
Change component parameters (AddParameter): Name = "Value"; Value = "DG129-5.08-02P-14-00AH"; VariantName = "[No Variations]"
Change component parameters: Designator = "J2" ("J2"); Footprint = "DG129-5.08-02P"; UniqueID = "\DERHQGDV" ("\DERHQGDV")
Change component parameters (AddParameter): Name = "MF"; Value = "DEGSON"; VariantName = "[No Variations]"
Change component parameters (AddParameter): Name = "MP"; Value = "DG129-5.08-02P-14-00AH"; VariantName = "[No Variations]"
Change component parameters (AddParameter): Name = "OZD"; Value = "DG129-5.08-02P-14-00AH"; VariantName = "[No Variations]"
Change component parameters (AddParameter): Name = "Package"; Value = "THT V/T  5.08mm"; VariantName = "[No Variations]"
Change component parameters (AddParameter): Name = "Value"; Value = "DG129-5.08-02P-14-00AH"; VariantName = "[No Variations]"
Change component parameters: Designator = "J3" ("J3"); Footprint = "DG129-5.08-02P"; UniqueID = "\JJRUQPZG" ("\JJRUQPZG")
Change component parameters (AddParameter): Name = "MF"; Value = "DEGSON"; VariantName = "[No Variations]"
Change component parameters (AddParameter): Name = "MP"; Value = "DG129-5.08-02P-14-00AH"; VariantName = "[No Variations]"
Change component parameters (AddParameter): Name = "OZD"; Value = "DG129-5.08-02P-14-00AH"; VariantName = "[No Variations]"
Change component parameters (AddParameter): Name = "Package"; Value = "THT V/T  5.08mm"; VariantName = "[No Variations]"
Change component parameters (AddParameter): Name = "Value"; Value = "DG129-5.08-02P-14-00AH"; VariantName = "[No Variations]"
Change component parameters: Designator = "J4" ("J4"); Footprint = "DG129-5.08-02P"; UniqueID = "\BZYRXQGV" ("\BZYRXQGV")
Change component parameters (AddParameter): Name = "MF"; Value = "DEGSON"; VariantName = "[No Variations]"
Change component parameters (AddParameter): Name = "MP"; Value = "DG129-5.08-02P-14-00AH"; VariantName = "[No Variations]"
Change component parameters (AddParameter): Name = "OZD"; Value = "DG129-5.08-02P-14-00AH"; VariantName = "[No Variations]"
Change component parameters (AddParameter): Name = "Package"; Value = "THT V/T  5.08mm"; VariantName = "[No Variations]"
Change component parameters (AddParameter): Name = "Value"; Value = "DG129-5.08-02P-14-00AH"; VariantName = "[No Variations]"
Change component parameters: Designator = "J5" ("J5"); Footprint = "DG129-5.08-02P"; UniqueID = "\VMNRVGGW" ("\VMNRVGGW")
Change component parameters (AddParameter): Name = "MF"; Value = "DEGSON"; VariantName = "[No Variations]"
Change component parameters (AddParameter): Name = "MP"; Value = "DG129-5.08-02P-14-00AH"; VariantName = "[No Variations]"
Change component parameters (AddParameter): Name = "OZD"; Value = "DG129-5.08-02P-14-00AH"; VariantName = "[No Variations]"
Change component parameters (AddParameter): Name = "Package"; Value = "THT V/T  5.08mm"; VariantName = "[No Variations]"
Change component parameters (AddParameter): Name = "Value"; Value = "DG129-5.08-02P-14-00AH"; VariantName = "[No Variations]"
Change component parameters: Designator = "J6" ("J6"); Footprint = "DG129-5.08-02P"; UniqueID = "\KSLOZPYU" ("\KSLOZPYU")
Change component parameters (AddParameter): Name = "MF"; Value = "DEGSON"; VariantName = "[No Variations]"
Change component parameters (AddParameter): Name = "MP"; Value = "DG129-5.08-02P-14-00AH"; VariantName = "[No Variations]"
Change component parameters (AddParameter): Name = "OZD"; Value = "DG129-5.08-02P-14-00AH"; VariantName = "[No Variations]"
Change component parameters (AddParameter): Name = "Package"; Value = "THT V/T  5.08mm"; VariantName = "[No Variations]"
Change component parameters (AddParameter): Name = "Value"; Value = "DG129-5.08-02P-14-00AH"; VariantName = "[No Variations]"
Change component parameters: Designator = "J7" ("J7"); Footprint = "DG129-5.08-02P"; UniqueID = "\CXSIOWMD" ("\CXSIOWMD")
Change component parameters (AddParameter): Name = "MF"; Value = "DEGSON"; VariantName = "[No Variations]"
Change component parameters (AddParameter): Name = "MP"; Value = "DG129-5.08-02P-14-00AH"; VariantName = "[No Variations]"
Change component parameters (AddParameter): Name = "OZD"; Value = "DG129-5.08-02P-14-00AH"; VariantName = "[No Variations]"
Change component parameters (AddParameter): Name = "Package"; Value = "THT V/T  5.08mm"; VariantName = "[No Variations]"
Change component parameters (AddParameter): Name = "Value"; Value = "DG129-5.08-02P-14-00AH"; VariantName = "[No Variations]"
Change component parameters: Designator = "J8" ("J8"); Footprint = "DG129-5.08-02P"; UniqueID = "\MMUHQFQL" ("\MMUHQFQL")
Change component parameters (AddParameter): Name = "MF"; Value = "DEGSON"; VariantName = "[No Variations]"
Change component parameters (AddParameter): Name = "MP"; Value = "DG129-5.08-02P-14-00AH"; VariantName = "[No Variations]"
Change component parameters (AddParameter): Name = "OZD"; Value = "DG129-5.08-02P-14-00AH"; VariantName = "[No Variations]"
Change component parameters (AddParameter): Name = "Package"; Value = "THT V/T  5.08mm"; VariantName = "[No Variations]"
Change component parameters (AddParameter): Name = "Value"; Value = "DG129-5.08-02P-14-00AH"; VariantName = "[No Variations]"
Change component parameters: Designator = "J9" ("J9"); Footprint = "PinHeader_1x04_P2.54mm_Vertical"; UniqueID = "\WEWHPJNY" ("\WEWHPJNY")
Change component parameters (AddParameter): Name = "Value"; Value = "Conn_01x04"; VariantName = "[No Variations]"
Change component parameters: Designator = "J11" ("J11"); Footprint = "DG129-5.08-02P"; UniqueID = "\VMYSWOFI" ("\VMYSWOFI")
Change component parameters (AddParameter): Name = "MF"; Value = "DEGSON"; VariantName = "[No Variations]"
Change component parameters (AddParameter): Name = "MP"; Value = "DG129-5.08-02P-14-00AH"; VariantName = "[No Variations]"
Change component parameters (AddParameter): Name = "OZD"; Value = "DG129-5.08-02P-14-00AH"; VariantName = "[No Variations]"
Change component parameters (AddParameter): Name = "Package"; Value = "THT V/T  5.08mm"; VariantName = "[No Variations]"
Change component parameters (AddParameter): Name = "Value"; Value = "DG129-5.08-02P-14-00AH"; VariantName = "[No Variations]"
Change component parameters: Designator = "J12" ("J12"); Footprint = "DG129-5.08-02P"; UniqueID = "\SSMIDRTS" ("\SSMIDRTS")
Change component parameters (AddParameter): Name = "MF"; Value = "DEGSON"; VariantName = "[No Variations]"
Change component parameters (AddParameter): Name = "MP"; Value = "DG129-5.08-02P-14-00AH"; VariantName = "[No Variations]"
Change component parameters (AddParameter): Name = "OZD"; Value = "DG129-5.08-02P-14-00AH"; VariantName = "[No Variations]"
Change component parameters (AddParameter): Name = "Package"; Value = "THT V/T  5.08mm"; VariantName = "[No Variations]"
Change component parameters (AddParameter): Name = "Value"; Value = "DG129-5.08-02P-14-00AH"; VariantName = "[No Variations]"
Change component parameters: Designator = "J13" ("J13"); Footprint = "DG129-5.08-02P"; UniqueID = "\VYHVHREO" ("\VYHVHREO")
Change component parameters (AddParameter): Name = "MF"; Value = "DEGSON"; VariantName = "[No Variations]"
Change component parameters (AddParameter): Name = "MP"; Value = "DG129-5.08-02P-14-00AH"; VariantName = "[No Variations]"
Change component parameters (AddParameter): Name = "OZD"; Value = "DG129-5.08-02P-14-00AH"; VariantName = "[No Variations]"
Change component parameters (AddParameter): Name = "Package"; Value = "THT V/T  5.08mm"; VariantName = "[No Variations]"
Change component parameters (AddParameter): Name = "Value"; Value = "DG129-5.08-02P-14-00AH"; VariantName = "[No Variations]"
Change component parameters: Designator = "J14" ("J14"); Footprint = "DG129-5.08-02P"; UniqueID = "\LQKWKIUX" ("\LQKWKIUX")
Change component parameters (AddParameter): Name = "MF"; Value = "DEGSON"; VariantName = "[No Variations]"
Change component parameters (AddParameter): Name = "MP"; Value = "DG129-5.08-02P-14-00AH"; VariantName = "[No Variations]"
Change component parameters (AddParameter): Name = "OZD"; Value = "DG129-5.08-02P-14-00AH"; VariantName = "[No Variations]"
Change component parameters (AddParameter): Name = "Package"; Value = "THT V/T  5.08mm"; VariantName = "[No Variations]"
Change component parameters (AddParameter): Name = "Value"; Value = "DG129-5.08-02P-14-00AH"; VariantName = "[No Variations]"
Change component parameters: Designator = "J15" ("J15"); Footprint = "DG129-5.08-02P"; UniqueID = "\EFKWWIQH" ("\EFKWWIQH")
Change component parameters (AddParameter): Name = "MF"; Value = "DEGSON"; VariantName = "[No Variations]"
Change component parameters (AddParameter): Name = "MP"; Value = "DG129-5.08-02P-14-00AH"; VariantName = "[No Variations]"
Change component parameters (AddParameter): Name = "OZD"; Value = "DG129-5.08-02P-14-00AH"; VariantName = "[No Variations]"
Change component parameters (AddParameter): Name = "Package"; Value = "THT V/T  5.08mm"; VariantName = "[No Variations]"
Change component parameters (AddParameter): Name = "Value"; Value = "DG129-5.08-02P-14-00AH"; VariantName = "[No Variations]"
Change component parameters: Designator = "J16" ("J16"); Footprint = "DG129-5.08-02P"; UniqueID = "\IXJCUFVA" ("\IXJCUFVA")
Change component parameters (AddParameter): Name = "MF"; Value = "DEGSON"; VariantName = "[No Variations]"
Change component parameters (AddParameter): Name = "MP"; Value = "DG129-5.08-02P-14-00AH"; VariantName = "[No Variations]"
Change component parameters (AddParameter): Name = "OZD"; Value = "DG129-5.08-02P-14-00AH"; VariantName = "[No Variations]"
Change component parameters (AddParameter): Name = "Package"; Value = "THT V/T  5.08mm"; VariantName = "[No Variations]"
Change component parameters (AddParameter): Name = "Value"; Value = "DG129-5.08-02P-14-00AH"; VariantName = "[No Variations]"
Change component parameters: Designator = "J17" ("J17"); Footprint = "DG129-5.08-02P"; UniqueID = "\QMAPIKDR" ("\QMAPIKDR")
Change component parameters (AddParameter): Name = "MF"; Value = "DEGSON"; VariantName = "[No Variations]"
Change component parameters (AddParameter): Name = "MP"; Value = "DG129-5.08-02P-14-00AH"; VariantName = "[No Variations]"
Change component parameters (AddParameter): Name = "OZD"; Value = "DG129-5.08-02P-14-00AH"; VariantName = "[No Variations]"
Change component parameters (AddParameter): Name = "Package"; Value = "THT V/T  5.08mm"; VariantName = "[No Variations]"
Change component parameters (AddParameter): Name = "Value"; Value = "DG129-5.08-02P-14-00AH"; VariantName = "[No Variations]"
Change component parameters: Designator = "J18" ("J18"); Footprint = "DG129-5.08-02P"; UniqueID = "\NKKCYCUW" ("\NKKCYCUW")
Change component parameters (AddParameter): Name = "MF"; Value = "DEGSON"; VariantName = "[No Variations]"
Change component parameters (AddParameter): Name = "MP"; Value = "DG129-5.08-02P-14-00AH"; VariantName = "[No Variations]"
Change component parameters (AddParameter): Name = "OZD"; Value = "DG129-5.08-02P-14-00AH"; VariantName = "[No Variations]"
Change component parameters (AddParameter): Name = "Package"; Value = "THT V/T  5.08mm"; VariantName = "[No Variations]"
Change component parameters (AddParameter): Name = "Value"; Value = "DG129-5.08-02P-14-00AH"; VariantName = "[No Variations]"
Change component parameters: Designator = "J19" ("J19"); Footprint = "DG129-5.08-02P"; UniqueID = "\THAXWGSQ" ("\THAXWGSQ")
Change component parameters (AddParameter): Name = "MF"; Value = "DEGSON"; VariantName = "[No Variations]"
Change component parameters (AddParameter): Name = "MP"; Value = "DG129-5.08-02P-14-00AH"; VariantName = "[No Variations]"
Change component parameters (AddParameter): Name = "OZD"; Value = "DG129-5.08-02P-14-00AH"; VariantName = "[No Variations]"
Change component parameters (AddParameter): Name = "Package"; Value = "THT V/T  5.08mm"; VariantName = "[No Variations]"
Change component parameters (AddParameter): Name = "Value"; Value = "DG129-5.08-02P-14-00AH"; VariantName = "[No Variations]"
Change component parameters: Designator = "J20" ("J20"); Footprint = "DG129-5.08-02P"; UniqueID = "\CZOBKETB" ("\CZOBKETB")
Change component parameters (AddParameter): Name = "MF"; Value = "DEGSON"; VariantName = "[No Variations]"
Change component parameters (AddParameter): Name = "MP"; Value = "DG129-5.08-02P-14-00AH"; VariantName = "[No Variations]"
Change component parameters (AddParameter): Name = "OZD"; Value = "DG129-5.08-02P-14-00AH"; VariantName = "[No Variations]"
Change component parameters (AddParameter): Name = "Package"; Value = "THT V/T  5.08mm"; VariantName = "[No Variations]"
Change component parameters (AddParameter): Name = "Value"; Value = "DG129-5.08-02P-14-00AH"; VariantName = "[No Variations]"
Change component parameters: Designator = "J21" ("J21"); Footprint = "DG129-5.08-02P"; UniqueID = "\HKYVYYFE" ("\HKYVYYFE")
Change component parameters (AddParameter): Name = "MF"; Value = "DEGSON"; VariantName = "[No Variations]"
Change component parameters (AddParameter): Name = "MP"; Value = "DG129-5.08-02P-14-00AH"; VariantName = "[No Variations]"
Change component parameters (AddParameter): Name = "OZD"; Value = "DG129-5.08-02P-14-00AH"; VariantName = "[No Variations]"
Change component parameters (AddParameter): Name = "Package"; Value = "THT V/T  5.08mm"; VariantName = "[No Variations]"
Change component parameters (AddParameter): Name = "Value"; Value = "DG129-5.08-02P-14-00AH"; VariantName = "[No Variations]"
Change component parameters: Designator = "J22" ("J22"); Footprint = "DG129-5.08-02P"; UniqueID = "\PLEULZZQ" ("\PLEULZZQ")
Change component parameters (AddParameter): Name = "MF"; Value = "DEGSON"; VariantName = "[No Variations]"
Change component parameters (AddParameter): Name = "MP"; Value = "DG129-5.08-02P-14-00AH"; VariantName = "[No Variations]"
Change component parameters (AddParameter): Name = "OZD"; Value = "DG129-5.08-02P-14-00AH"; VariantName = "[No Variations]"
Change component parameters (AddParameter): Name = "Package"; Value = "THT V/T  5.08mm"; VariantName = "[No Variations]"
Change component parameters (AddParameter): Name = "Value"; Value = "DG129-5.08-02P-14-00AH"; VariantName = "[No Variations]"
Change component parameters: Designator = "J23" ("J23"); Footprint = "DG129-5.08-02P"; UniqueID = "\WTZGJCAG" ("\WTZGJCAG")
Change component parameters (AddParameter): Name = "MF"; Value = "DEGSON"; VariantName = "[No Variations]"
Change component parameters (AddParameter): Name = "MP"; Value = "DG129-5.08-02P-14-00AH"; VariantName = "[No Variations]"
Change component parameters (AddParameter): Name = "OZD"; Value = "DG129-5.08-02P-14-00AH"; VariantName = "[No Variations]"
Change component parameters (AddParameter): Name = "Package"; Value = "THT V/T  5.08mm"; VariantName = "[No Variations]"
Change component parameters (AddParameter): Name = "Value"; Value = "DG129-5.08-02P-14-00AH"; VariantName = "[No Variations]"
Change component parameters: Designator = "J24" ("J24"); Footprint = "DG129-5.08-02P"; UniqueID = "\OGAMCQXV" ("\OGAMCQXV")
Change component parameters (AddParameter): Name = "MF"; Value = "DEGSON"; VariantName = "[No Variations]"
Change component parameters (AddParameter): Name = "MP"; Value = "DG129-5.08-02P-14-00AH"; VariantName = "[No Variations]"
Change component parameters (AddParameter): Name = "OZD"; Value = "DG129-5.08-02P-14-00AH"; VariantName = "[No Variations]"
Change component parameters (AddParameter): Name = "Package"; Value = "THT V/T  5.08mm"; VariantName = "[No Variations]"
Change component parameters (AddParameter): Name = "Value"; Value = "DG129-5.08-02P-14-00AH"; VariantName = "[No Variations]"
Change component parameters: Designator = "J25" ("J25"); Footprint = "DG129-5.08-02P"; UniqueID = "\IJMBZPYB" ("\IJMBZPYB")
Change component parameters (AddParameter): Name = "MF"; Value = "DEGSON"; VariantName = "[No Variations]"
Change component parameters (AddParameter): Name = "MP"; Value = "DG129-5.08-02P-14-00AH"; VariantName = "[No Variations]"
Change component parameters (AddParameter): Name = "OZD"; Value = "DG129-5.08-02P-14-00AH"; VariantName = "[No Variations]"
Change component parameters (AddParameter): Name = "Package"; Value = "THT V/T  5.08mm"; VariantName = "[No Variations]"
Change component parameters (AddParameter): Name = "Value"; Value = "DG129-5.08-02P-14-00AH"; VariantName = "[No Variations]"
Change component parameters: Designator = "J26" ("J26"); Footprint = "DG129-5.08-02P"; UniqueID = "\SJGPBAWG" ("\SJGPBAWG")
Change component parameters (AddParameter): Name = "MF"; Value = "DEGSON"; VariantName = "[No Variations]"
Change component parameters (AddParameter): Name = "MP"; Value = "DG129-5.08-02P-14-00AH"; VariantName = "[No Variations]"
Change component parameters (AddParameter): Name = "OZD"; Value = "DG129-5.08-02P-14-00AH"; VariantName = "[No Variations]"
Change component parameters (AddParameter): Name = "Package"; Value = "THT V/T  5.08mm"; VariantName = "[No Variations]"
Change component parameters (AddParameter): Name = "Value"; Value = "DG129-5.08-02P-14-00AH"; VariantName = "[No Variations]"
Change component parameters: Designator = "K1" ("K1"); Footprint = "RELAY9-500X1142_618"; UniqueID = "\KGNIYDUR\TBVZCJRZ" ("\KGNIYDUR\TBVZCJRZ")
Change component parameters (AddParameter): Name = "MF"; Value = "TE Connectivity"; VariantName = "[No Variations]"
Change component parameters (AddParameter): Name = "MP"; Value = "RT314F12"; VariantName = "[No Variations]"
Change component parameters (AddParameter): Name = "OZD"; Value = "RT314F12"; VariantName = "[No Variations]"
Change component parameters (AddParameter): Name = "Package"; Value = "DIP,29x12.7mm"; VariantName = "[No Variations]"
Change component parameters (AddParameter): Name = "Value"; Value = "RT314F12"; VariantName = "[No Variations]"
Change component parameters: Designator = "K4" ("K4"); Footprint = "RELAY9-500X1142_618"; UniqueID = "\KGNIYDUR\SSYXKLKZ" ("\KGNIYDUR\SSYXKLKZ")
Change component parameters (AddParameter): Name = "MF"; Value = "TE Connectivity"; VariantName = "[No Variations]"
Change component parameters (AddParameter): Name = "MP"; Value = "RT314F12"; VariantName = "[No Variations]"
Change component parameters (AddParameter): Name = "OZD"; Value = "RT314F12"; VariantName = "[No Variations]"
Change component parameters (AddParameter): Name = "Package"; Value = "DIP,29x12.7mm"; VariantName = "[No Variations]"
Change component parameters (AddParameter): Name = "Value"; Value = "RT314F12"; VariantName = "[No Variations]"
Change component parameters: Designator = "K5" ("K5"); Footprint = "RELAY9-500X1142_618"; UniqueID = "\KGNIYDUR\LPJXQRYR" ("\KGNIYDUR\LPJXQRYR")
Change component parameters (AddParameter): Name = "MF"; Value = "TE Connectivity"; VariantName = "[No Variations]"
Change component parameters (AddParameter): Name = "MP"; Value = "RT314F12"; VariantName = "[No Variations]"
Change component parameters (AddParameter): Name = "OZD"; Value = "RT314F12"; VariantName = "[No Variations]"
Change component parameters (AddParameter): Name = "Package"; Value = "DIP,29x12.7mm"; VariantName = "[No Variations]"
Change component parameters (AddParameter): Name = "Value"; Value = "RT314F12"; VariantName = "[No Variations]"
Change component parameters: Designator = "K6" ("K6"); Footprint = "RELAY9-500X1142_618"; UniqueID = "\KGNIYDUR\NOCVLBZA" ("\KGNIYDUR\NOCVLBZA")
Change component parameters (AddParameter): Name = "MF"; Value = "TE Connectivity"; VariantName = "[No Variations]"
Change component parameters (AddParameter): Name = "MP"; Value = "RT314F12"; VariantName = "[No Variations]"
Change component parameters (AddParameter): Name = "OZD"; Value = "RT314F12"; VariantName = "[No Variations]"
Change component parameters (AddParameter): Name = "Package"; Value = "DIP,29x12.7mm"; VariantName = "[No Variations]"
Change component parameters (AddParameter): Name = "Value"; Value = "RT314F12"; VariantName = "[No Variations]"
Change component parameters: Designator = "K7" ("K7"); Footprint = "RELAY9-500X1142_618"; UniqueID = "\KGNIYDUR\ZDTNXKPA" ("\KGNIYDUR\ZDTNXKPA")
Change component parameters (AddParameter): Name = "MF"; Value = "TE Connectivity"; VariantName = "[No Variations]"
Change component parameters (AddParameter): Name = "MP"; Value = "RT314F12"; VariantName = "[No Variations]"
Change component parameters (AddParameter): Name = "OZD"; Value = "RT314F12"; VariantName = "[No Variations]"
Change component parameters (AddParameter): Name = "Package"; Value = "DIP,29x12.7mm"; VariantName = "[No Variations]"
Change component parameters (AddParameter): Name = "Value"; Value = "RT314F12"; VariantName = "[No Variations]"
Change component parameters: Designator = "K8" ("K8"); Footprint = "RELAY9-500X1142_618"; UniqueID = "\KGNIYDUR\CXGCXOVU" ("\KGNIYDUR\CXGCXOVU")
Change component parameters (AddParameter): Name = "MF"; Value = "TE Connectivity"; VariantName = "[No Variations]"
Change component parameters (AddParameter): Name = "MP"; Value = "RT314F12"; VariantName = "[No Variations]"
Change component parameters (AddParameter): Name = "OZD"; Value = "RT314F12"; VariantName = "[No Variations]"
Change component parameters (AddParameter): Name = "Package"; Value = "DIP,29x12.7mm"; VariantName = "[No Variations]"
Change component parameters (AddParameter): Name = "Value"; Value = "RT314F12"; VariantName = "[No Variations]"
Change component parameters: Designator = "K9" ("K9"); Footprint = "RELAY9-500X1142_618"; UniqueID = "\KGNIYDUR\CZIISDQN" ("\KGNIYDUR\CZIISDQN")
Change component parameters (AddParameter): Name = "MF"; Value = "TE Connectivity"; VariantName = "[No Variations]"
Change component parameters (AddParameter): Name = "MP"; Value = "RT314F12"; VariantName = "[No Variations]"
Change component parameters (AddParameter): Name = "OZD"; Value = "RT314F12"; VariantName = "[No Variations]"
Change component parameters (AddParameter): Name = "Package"; Value = "DIP,29x12.7mm"; VariantName = "[No Variations]"
Change component parameters (AddParameter): Name = "Value"; Value = "RT314F12"; VariantName = "[No Variations]"
Change component parameters: Designator = "K10" ("K10"); Footprint = "RELAY9-500X1142_618"; UniqueID = "\KGNIYDUR\WCBSKRQM" ("\KGNIYDUR\WCBSKRQM")
Change component parameters (AddParameter): Name = "MF"; Value = "TE Connectivity"; VariantName = "[No Variations]"
Change component parameters (AddParameter): Name = "MP"; Value = "RT314F12"; VariantName = "[No Variations]"
Change component parameters (AddParameter): Name = "OZD"; Value = "RT314F12"; VariantName = "[No Variations]"
Change component parameters (AddParameter): Name = "Package"; Value = "DIP,29x12.7mm"; VariantName = "[No Variations]"
Change component parameters (AddParameter): Name = "Value"; Value = "RT314F12"; VariantName = "[No Variations]"
Change component parameters: Designator = "K11" ("K11"); Footprint = "RELAY9-500X1142_618"; UniqueID = "\KGNIYDUR\ZHXDXAWY" ("\KGNIYDUR\ZHXDXAWY")
Change component parameters (AddParameter): Name = "MF"; Value = "TE Connectivity"; VariantName = "[No Variations]"
Change component parameters (AddParameter): Name = "MP"; Value = "RT314F12"; VariantName = "[No Variations]"
Change component parameters (AddParameter): Name = "OZD"; Value = "RT314F12"; VariantName = "[No Variations]"
Change component parameters (AddParameter): Name = "Package"; Value = "DIP,29x12.7mm"; VariantName = "[No Variations]"
Change component parameters (AddParameter): Name = "Value"; Value = "RT314F12"; VariantName = "[No Variations]"
Change component parameters: Designator = "K12" ("K12"); Footprint = "RELAY9-500X1142_618"; UniqueID = "\KGNIYDUR\ZSFIFSAO" ("\KGNIYDUR\ZSFIFSAO")
Change component parameters (AddParameter): Name = "MF"; Value = "TE Connectivity"; VariantName = "[No Variations]"
Change component parameters (AddParameter): Name = "MP"; Value = "RT314F12"; VariantName = "[No Variations]"
Change component parameters (AddParameter): Name = "OZD"; Value = "RT314F12"; VariantName = "[No Variations]"
Change component parameters (AddParameter): Name = "Package"; Value = "DIP,29x12.7mm"; VariantName = "[No Variations]"
Change component parameters (AddParameter): Name = "Value"; Value = "RT314F12"; VariantName = "[No Variations]"
Change component parameters: Designator = "K13" ("K13"); Footprint = "RELAY9-500X1142_618"; UniqueID = "\KGNIYDUR\QVJUMYHS" ("\KGNIYDUR\QVJUMYHS")
Change component parameters (AddParameter): Name = "MF"; Value = "TE Connectivity"; VariantName = "[No Variations]"
Change component parameters (AddParameter): Name = "MP"; Value = "RT314F12"; VariantName = "[No Variations]"
Change component parameters (AddParameter): Name = "OZD"; Value = "RT314F12"; VariantName = "[No Variations]"
Change component parameters (AddParameter): Name = "Package"; Value = "DIP,29x12.7mm"; VariantName = "[No Variations]"
Change component parameters (AddParameter): Name = "Value"; Value = "RT314F12"; VariantName = "[No Variations]"
Change component parameters: Designator = "K14" ("K14"); Footprint = "RELAY9-500X1142_618"; UniqueID = "\KGNIYDUR\UYMRVXQI" ("\KGNIYDUR\UYMRVXQI")
Change component parameters (AddParameter): Name = "MF"; Value = "TE Connectivity"; VariantName = "[No Variations]"
Change component parameters (AddParameter): Name = "MP"; Value = "RT314F12"; VariantName = "[No Variations]"
Change component parameters (AddParameter): Name = "OZD"; Value = "RT314F12"; VariantName = "[No Variations]"
Change component parameters (AddParameter): Name = "Package"; Value = "DIP,29x12.7mm"; VariantName = "[No Variations]"
Change component parameters (AddParameter): Name = "Value"; Value = "RT314F12"; VariantName = "[No Variations]"
Change component parameters: Designator = "K15" ("K15"); Footprint = "RELAY9-500X1142_618"; UniqueID = "\KGNIYDUR\UAZYYATP" ("\KGNIYDUR\UAZYYATP")
Change component parameters (AddParameter): Name = "MF"; Value = "TE Connectivity"; VariantName = "[No Variations]"
Change component parameters (AddParameter): Name = "MP"; Value = "RT314F12"; VariantName = "[No Variations]"
Change component parameters (AddParameter): Name = "OZD"; Value = "RT314F12"; VariantName = "[No Variations]"
Change component parameters (AddParameter): Name = "Package"; Value = "DIP,29x12.7mm"; VariantName = "[No Variations]"
Change component parameters (AddParameter): Name = "Value"; Value = "RT314F12"; VariantName = "[No Variations]"
Change component parameters: Designator = "K16" ("K16"); Footprint = "RELAY9-500X1142_618"; UniqueID = "\KGNIYDUR\YPMYVCVJ" ("\KGNIYDUR\YPMYVCVJ")
Change component parameters (AddParameter): Name = "MF"; Value = "TE Connectivity"; VariantName = "[No Variations]"
Change component parameters (AddParameter): Name = "MP"; Value = "RT314F12"; VariantName = "[No Variations]"
Change component parameters (AddParameter): Name = "OZD"; Value = "RT314F12"; VariantName = "[No Variations]"
Change component parameters (AddParameter): Name = "Package"; Value = "DIP,29x12.7mm"; VariantName = "[No Variations]"
Change component parameters (AddParameter): Name = "Value"; Value = "RT314F12"; VariantName = "[No Variations]"
Change component parameters: Designator = "K17" ("K17"); Footprint = "RELAY9-500X1142_618"; UniqueID = "\KGNIYDUR\LGUAASIO" ("\KGNIYDUR\LGUAASIO")
Change component parameters (AddParameter): Name = "MF"; Value = "TE Connectivity"; VariantName = "[No Variations]"
Change component parameters (AddParameter): Name = "MP"; Value = "RT314F12"; VariantName = "[No Variations]"
Change component parameters (AddParameter): Name = "OZD"; Value = "RT314F12"; VariantName = "[No Variations]"
Change component parameters (AddParameter): Name = "Package"; Value = "DIP,29x12.7mm"; VariantName = "[No Variations]"
Change component parameters (AddParameter): Name = "Value"; Value = "RT314F12"; VariantName = "[No Variations]"
Change component parameters: Designator = "K18" ("K18"); Footprint = "RELAY9-500X1142_618"; UniqueID = "\KGNIYDUR\BVVTKMAM" ("\KGNIYDUR\BVVTKMAM")
Change component parameters (AddParameter): Name = "MF"; Value = "TE Connectivity"; VariantName = "[No Variations]"
Change component parameters (AddParameter): Name = "MP"; Value = "RT314F12"; VariantName = "[No Variations]"
Change component parameters (AddParameter): Name = "OZD"; Value = "RT314F12"; VariantName = "[No Variations]"
Change component parameters (AddParameter): Name = "Package"; Value = "DIP,29x12.7mm"; VariantName = "[No Variations]"
Change component parameters (AddParameter): Name = "Value"; Value = "RT314F12"; VariantName = "[No Variations]"
Change component parameters: Designator = "K19" ("K19"); Footprint = "RELAY9-500X1142_618"; UniqueID = "\KGNIYDUR\YBQBOIOV" ("\KGNIYDUR\YBQBOIOV")
Change component parameters (AddParameter): Name = "MF"; Value = "TE Connectivity"; VariantName = "[No Variations]"
Change component parameters (AddParameter): Name = "MP"; Value = "RT314F12"; VariantName = "[No Variations]"
Change component parameters (AddParameter): Name = "OZD"; Value = "RT314F12"; VariantName = "[No Variations]"
Change component parameters (AddParameter): Name = "Package"; Value = "DIP,29x12.7mm"; VariantName = "[No Variations]"
Change component parameters (AddParameter): Name = "Value"; Value = "RT314F12"; VariantName = "[No Variations]"
Change component parameters: Designator = "K20" ("K20"); Footprint = "RELAY9-500X1142_618"; UniqueID = "\KGNIYDUR\IPTLPZDQ" ("\KGNIYDUR\IPTLPZDQ")
Change component parameters (AddParameter): Name = "MF"; Value = "TE Connectivity"; VariantName = "[No Variations]"
Change component parameters (AddParameter): Name = "MP"; Value = "RT314F12"; VariantName = "[No Variations]"
Change component parameters (AddParameter): Name = "OZD"; Value = "RT314F12"; VariantName = "[No Variations]"
Change component parameters (AddParameter): Name = "Package"; Value = "DIP,29x12.7mm"; VariantName = "[No Variations]"
Change component parameters (AddParameter): Name = "Value"; Value = "RT314F12"; VariantName = "[No Variations]"
Change component parameters: Designator = "K21" ("K21"); Footprint = "RELAY9-500X1142_618"; UniqueID = "\KGNIYDUR\NHZCQQNN" ("\KGNIYDUR\NHZCQQNN")
Change component parameters (AddParameter): Name = "MF"; Value = "TE Connectivity"; VariantName = "[No Variations]"
Change component parameters (AddParameter): Name = "MP"; Value = "RT314F12"; VariantName = "[No Variations]"
Change component parameters (AddParameter): Name = "OZD"; Value = "RT314F12"; VariantName = "[No Variations]"
Change component parameters (AddParameter): Name = "Package"; Value = "DIP,29x12.7mm"; VariantName = "[No Variations]"
Change component parameters (AddParameter): Name = "Value"; Value = "RT314F12"; VariantName = "[No Variations]"
Change component parameters: Designator = "K22" ("K22"); Footprint = "RELAY9-500X1142_618"; UniqueID = "\KGNIYDUR\WRLLZPRD" ("\KGNIYDUR\WRLLZPRD")
Change component parameters (AddParameter): Name = "MF"; Value = "TE Connectivity"; VariantName = "[No Variations]"
Change component parameters (AddParameter): Name = "MP"; Value = "RT314F12"; VariantName = "[No Variations]"
Change component parameters (AddParameter): Name = "OZD"; Value = "RT314F12"; VariantName = "[No Variations]"
Change component parameters (AddParameter): Name = "Package"; Value = "DIP,29x12.7mm"; VariantName = "[No Variations]"
Change component parameters (AddParameter): Name = "Value"; Value = "RT314F12"; VariantName = "[No Variations]"
Change component parameters: Designator = "K23" ("K23"); Footprint = "RELAY9-500X1142_618"; UniqueID = "\KGNIYDUR\URNOBRDB" ("\KGNIYDUR\URNOBRDB")
Change component parameters (AddParameter): Name = "MF"; Value = "TE Connectivity"; VariantName = "[No Variations]"
Change component parameters (AddParameter): Name = "MP"; Value = "RT314F12"; VariantName = "[No Variations]"
Change component parameters (AddParameter): Name = "OZD"; Value = "RT314F12"; VariantName = "[No Variations]"
Change component parameters (AddParameter): Name = "Package"; Value = "DIP,29x12.7mm"; VariantName = "[No Variations]"
Change component parameters (AddParameter): Name = "Value"; Value = "RT314F12"; VariantName = "[No Variations]"
Change component parameters: Designator = "K24" ("K24"); Footprint = "RELAY9-500X1142_618"; UniqueID = "\KGNIYDUR\IPUJONRI" ("\KGNIYDUR\IPUJONRI")
Change component parameters (AddParameter): Name = "MF"; Value = "TE Connectivity"; VariantName = "[No Variations]"
Change component parameters (AddParameter): Name = "MP"; Value = "RT314F12"; VariantName = "[No Variations]"
Change component parameters (AddParameter): Name = "OZD"; Value = "RT314F12"; VariantName = "[No Variations]"
Change component parameters (AddParameter): Name = "Package"; Value = "DIP,29x12.7mm"; VariantName = "[No Variations]"
Change component parameters (AddParameter): Name = "Value"; Value = "RT314F12"; VariantName = "[No Variations]"
Change component parameters: Designator = "K25" ("K25"); Footprint = "RELAY9-500X1142_618"; UniqueID = "\KGNIYDUR\HOCEPFSK" ("\KGNIYDUR\HOCEPFSK")
Change component parameters (AddParameter): Name = "MF"; Value = "TE Connectivity"; VariantName = "[No Variations]"
Change component parameters (AddParameter): Name = "MP"; Value = "RT314F12"; VariantName = "[No Variations]"
Change component parameters (AddParameter): Name = "OZD"; Value = "RT314F12"; VariantName = "[No Variations]"
Change component parameters (AddParameter): Name = "Package"; Value = "DIP,29x12.7mm"; VariantName = "[No Variations]"
Change component parameters (AddParameter): Name = "Value"; Value = "RT314F12"; VariantName = "[No Variations]"
Change component parameters: Designator = "K26" ("K26"); Footprint = "RELAY9-500X1142_618"; UniqueID = "\KGNIYDUR\DISOAWIA" ("\KGNIYDUR\DISOAWIA")
Change component parameters (AddParameter): Name = "MF"; Value = "TE Connectivity"; VariantName = "[No Variations]"
Change component parameters (AddParameter): Name = "MP"; Value = "RT314F12"; VariantName = "[No Variations]"
Change component parameters (AddParameter): Name = "OZD"; Value = "RT314F12"; VariantName = "[No Variations]"
Change component parameters (AddParameter): Name = "Package"; Value = "DIP,29x12.7mm"; VariantName = "[No Variations]"
Change component parameters (AddParameter): Name = "Value"; Value = "RT314F12"; VariantName = "[No Variations]"
Change component parameters: Designator = "R32" ("R32"); Footprint = "R_0603_1608Metric"; UniqueID = "\KGNIYDUR\AVTLMFUB" ("\KGNIYDUR\AVTLMFUB")
Change component parameters (AddParameter): Name = "MF"; Value = "FOJAN"; VariantName = "[No Variations]"
Change component parameters (AddParameter): Name = "MP"; Value = "FRC0603J103TS"; VariantName = "[No Variations]"
Change component parameters (AddParameter): Name = "Package"; Value = "R_0603"; VariantName = "[No Variations]"
Change component parameters (AddParameter): Name = "Value"; Value = "10K"; VariantName = "[No Variations]"
Change component parameters: Designator = "R33" ("R33"); Footprint = "R_0603_1608Metric"; UniqueID = "\KGNIYDUR\HOZRUOPU" ("\KGNIYDUR\HOZRUOPU")
Change component parameters (AddParameter): Name = "MF"; Value = "YAGEO"; VariantName = "[No Variations]"
Change component parameters (AddParameter): Name = "MP"; Value = "RC0603JR-071KL"; VariantName = "[No Variations]"
Change component parameters (AddParameter): Name = "OZD"; Value = "RC0603JR-071KL"; VariantName = "[No Variations]"
Change component parameters (AddParameter): Name = "Package"; Value = "R_0603"; VariantName = "[No Variations]"
Change component parameters (AddParameter): Name = "Value"; Value = "1K"; VariantName = "[No Variations]"
Change component parameters: Designator = "R34" ("R34"); Footprint = "R_0603_1608Metric"; UniqueID = "\KGNIYDUR\HLCRGPOT" ("\KGNIYDUR\HLCRGPOT")
Change component parameters (AddParameter): Name = "MF"; Value = "YAGEO"; VariantName = "[No Variations]"
Change component parameters (AddParameter): Name = "MP"; Value = "RC0603JR-071KL"; VariantName = "[No Variations]"
Change component parameters (AddParameter): Name = "OZD"; Value = "RC0603JR-071KL"; VariantName = "[No Variations]"
Change component parameters (AddParameter): Name = "Package"; Value = "R_0603"; VariantName = "[No Variations]"
Change component parameters (AddParameter): Name = "Value"; Value = "1K"; VariantName = "[No Variations]"
Change component parameters: Designator = "R35" ("R35"); Footprint = "R_0603_1608Metric"; UniqueID = "\KGNIYDUR\AVCWYVFP" ("\KGNIYDUR\AVCWYVFP")
Change component parameters (AddParameter): Name = "MF"; Value = "FOJAN"; VariantName = "[No Variations]"
Change component parameters (AddParameter): Name = "MP"; Value = "FRC0603J103TS"; VariantName = "[No Variations]"
Change component parameters (AddParameter): Name = "Package"; Value = "R_0603"; VariantName = "[No Variations]"
Change component parameters (AddParameter): Name = "Value"; Value = "10K"; VariantName = "[No Variations]"
Change component parameters: Designator = "R56" ("R56"); Footprint = "R_0603_1608Metric"; UniqueID = "\KGNIYDUR\RMCWIAUH" ("\KGNIYDUR\RMCWIAUH")
Change component parameters (AddParameter): Name = "MF"; Value = "YAGEO"; VariantName = "[No Variations]"
Change component parameters (AddParameter): Name = "MP"; Value = "RC0603JR-071KL"; VariantName = "[No Variations]"
Change component parameters (AddParameter): Name = "OZD"; Value = "RC0603JR-071KL"; VariantName = "[No Variations]"
Change component parameters (AddParameter): Name = "Package"; Value = "R_0603"; VariantName = "[No Variations]"
Change component parameters (AddParameter): Name = "Value"; Value = "1K"; VariantName = "[No Variations]"
Change component parameters: Designator = "R57" ("R57"); Footprint = "R_0603_1608Metric"; UniqueID = "\KGNIYDUR\UIKNRJYQ" ("\KGNIYDUR\UIKNRJYQ")
Change component parameters (AddParameter): Name = "MF"; Value = "YAGEO"; VariantName = "[No Variations]"
Change component parameters (AddParameter): Name = "MP"; Value = "RC0603JR-071KL"; VariantName = "[No Variations]"
Change component parameters (AddParameter): Name = "OZD"; Value = "RC0603JR-071KL"; VariantName = "[No Variations]"
Change component parameters (AddParameter): Name = "Package"; Value = "R_0603"; VariantName = "[No Variations]"
Change component parameters (AddParameter): Name = "Value"; Value = "1K"; VariantName = "[No Variations]"
Change component parameters: Designator = "R58" ("R58"); Footprint = "R_0603_1608Metric"; UniqueID = "\KGNIYDUR\KXCHRSIJ" ("\KGNIYDUR\KXCHRSIJ")
Change component parameters (AddParameter): Name = "MF"; Value = "FOJAN"; VariantName = "[No Variations]"
Change component parameters (AddParameter): Name = "MP"; Value = "FRC0603J103TS"; VariantName = "[No Variations]"
Change component parameters (AddParameter): Name = "Package"; Value = "R_0603"; VariantName = "[No Variations]"
Change component parameters (AddParameter): Name = "Value"; Value = "10K"; VariantName = "[No Variations]"
Change component parameters: Designator = "R59" ("R59"); Footprint = "R_0603_1608Metric"; UniqueID = "\KGNIYDUR\NBOOSAGV" ("\KGNIYDUR\NBOOSAGV")
Change component parameters (AddParameter): Name = "MF"; Value = "FOJAN"; VariantName = "[No Variations]"
Change component parameters (AddParameter): Name = "MP"; Value = "FRC0603J103TS"; VariantName = "[No Variations]"
Change component parameters (AddParameter): Name = "Package"; Value = "R_0603"; VariantName = "[No Variations]"
Change component parameters (AddParameter): Name = "Value"; Value = "10K"; VariantName = "[No Variations]"
Change component parameters: Designator = "R60" ("R60"); Footprint = "R_0603_1608Metric"; UniqueID = "\KGNIYDUR\WCJCNNLI" ("\KGNIYDUR\WCJCNNLI")
Change component parameters (AddParameter): Name = "MF"; Value = "YAGEO"; VariantName = "[No Variations]"
Change component parameters (AddParameter): Name = "MP"; Value = "RC0603JR-071KL"; VariantName = "[No Variations]"
Change component parameters (AddParameter): Name = "OZD"; Value = "RC0603JR-071KL"; VariantName = "[No Variations]"
Change component parameters (AddParameter): Name = "Package"; Value = "R_0603"; VariantName = "[No Variations]"
Change component parameters (AddParameter): Name = "Value"; Value = "1K"; VariantName = "[No Variations]"
Change component parameters: Designator = "R61" ("R61"); Footprint = "R_0603_1608Metric"; UniqueID = "\KGNIYDUR\UPZFQNVB" ("\KGNIYDUR\UPZFQNVB")
Change component parameters (AddParameter): Name = "MF"; Value = "YAGEO"; VariantName = "[No Variations]"
Change component parameters (AddParameter): Name = "MP"; Value = "RC0603JR-071KL"; VariantName = "[No Variations]"
Change component parameters (AddParameter): Name = "OZD"; Value = "RC0603JR-071KL"; VariantName = "[No Variations]"
Change component parameters (AddParameter): Name = "Package"; Value = "R_0603"; VariantName = "[No Variations]"
Change component parameters (AddParameter): Name = "Value"; Value = "1K"; VariantName = "[No Variations]"
Change component parameters: Designator = "R62" ("R62"); Footprint = "R_0603_1608Metric"; UniqueID = "\KGNIYDUR\QZKSYPYQ" ("\KGNIYDUR\QZKSYPYQ")
Change component parameters (AddParameter): Name = "MF"; Value = "FOJAN"; VariantName = "[No Variations]"
Change component parameters (AddParameter): Name = "MP"; Value = "FRC0603J103TS"; VariantName = "[No Variations]"
Change component parameters (AddParameter): Name = "Package"; Value = "R_0603"; VariantName = "[No Variations]"
Change component parameters (AddParameter): Name = "Value"; Value = "10K"; VariantName = "[No Variations]"
Change component parameters: Designator = "R63" ("R63"); Footprint = "R_0603_1608Metric"; UniqueID = "\KGNIYDUR\FCLDTSSZ" ("\KGNIYDUR\FCLDTSSZ")
Change component parameters (AddParameter): Name = "MF"; Value = "FOJAN"; VariantName = "[No Variations]"
Change component parameters (AddParameter): Name = "MP"; Value = "FRC0603J103TS"; VariantName = "[No Variations]"
Change component parameters (AddParameter): Name = "Package"; Value = "R_0603"; VariantName = "[No Variations]"
Change component parameters (AddParameter): Name = "Value"; Value = "10K"; VariantName = "[No Variations]"
Change component parameters: Designator = "R64" ("R64"); Footprint = "R_0603_1608Metric"; UniqueID = "\KGNIYDUR\JRECLFFC" ("\KGNIYDUR\JRECLFFC")
Change component parameters (AddParameter): Name = "MF"; Value = "YAGEO"; VariantName = "[No Variations]"
Change component parameters (AddParameter): Name = "MP"; Value = "RC0603JR-071KL"; VariantName = "[No Variations]"
Change component parameters (AddParameter): Name = "OZD"; Value = "RC0603JR-071KL"; VariantName = "[No Variations]"
Change component parameters (AddParameter): Name = "Package"; Value = "R_0603"; VariantName = "[No Variations]"
Change component parameters (AddParameter): Name = "Value"; Value = "1K"; VariantName = "[No Variations]"
Change component parameters: Designator = "R65" ("R65"); Footprint = "R_0603_1608Metric"; UniqueID = "\KGNIYDUR\UJXXICYP" ("\KGNIYDUR\UJXXICYP")
Change component parameters (AddParameter): Name = "MF"; Value = "YAGEO"; VariantName = "[No Variations]"
Change component parameters (AddParameter): Name = "MP"; Value = "RC0603JR-071KL"; VariantName = "[No Variations]"
Change component parameters (AddParameter): Name = "OZD"; Value = "RC0603JR-071KL"; VariantName = "[No Variations]"
Change component parameters (AddParameter): Name = "Package"; Value = "R_0603"; VariantName = "[No Variations]"
Change component parameters (AddParameter): Name = "Value"; Value = "1K"; VariantName = "[No Variations]"
Change component parameters: Designator = "R66" ("R66"); Footprint = "R_0603_1608Metric"; UniqueID = "\KGNIYDUR\JCVQOENT" ("\KGNIYDUR\JCVQOENT")
Change component parameters (AddParameter): Name = "MF"; Value = "FOJAN"; VariantName = "[No Variations]"
Change component parameters (AddParameter): Name = "MP"; Value = "FRC0603J103TS"; VariantName = "[No Variations]"
Change component parameters (AddParameter): Name = "Package"; Value = "R_0603"; VariantName = "[No Variations]"
Change component parameters (AddParameter): Name = "Value"; Value = "10K"; VariantName = "[No Variations]"
Change component parameters: Designator = "R67" ("R67"); Footprint = "R_0603_1608Metric"; UniqueID = "\KGNIYDUR\ESJKDELB" ("\KGNIYDUR\ESJKDELB")
Change component parameters (AddParameter): Name = "MF"; Value = "FOJAN"; VariantName = "[No Variations]"
Change component parameters (AddParameter): Name = "MP"; Value = "FRC0603J103TS"; VariantName = "[No Variations]"
Change component parameters (AddParameter): Name = "Package"; Value = "R_0603"; VariantName = "[No Variations]"
Change component parameters (AddParameter): Name = "Value"; Value = "10K"; VariantName = "[No Variations]"
Change component parameters: Designator = "R68" ("R68"); Footprint = "R_0603_1608Metric"; UniqueID = "\KGNIYDUR\DESGUGIY" ("\KGNIYDUR\DESGUGIY")
Change component parameters (AddParameter): Name = "MF"; Value = "YAGEO"; VariantName = "[No Variations]"
Change component parameters (AddParameter): Name = "MP"; Value = "RC0603JR-071KL"; VariantName = "[No Variations]"
Change component parameters (AddParameter): Name = "OZD"; Value = "RC0603JR-071KL"; VariantName = "[No Variations]"
Change component parameters (AddParameter): Name = "Package"; Value = "R_0603"; VariantName = "[No Variations]"
Change component parameters (AddParameter): Name = "Value"; Value = "1K"; VariantName = "[No Variations]"
Change component parameters: Designator = "R69" ("R69"); Footprint = "R_0603_1608Metric"; UniqueID = "\KGNIYDUR\SPLWACIS" ("\KGNIYDUR\SPLWACIS")
Change component parameters (AddParameter): Name = "MF"; Value = "YAGEO"; VariantName = "[No Variations]"
Change component parameters (AddParameter): Name = "MP"; Value = "RC0603JR-071KL"; VariantName = "[No Variations]"
Change component parameters (AddParameter): Name = "OZD"; Value = "RC0603JR-071KL"; VariantName = "[No Variations]"
Change component parameters (AddParameter): Name = "Package"; Value = "R_0603"; VariantName = "[No Variations]"
Change component parameters (AddParameter): Name = "Value"; Value = "1K"; VariantName = "[No Variations]"
Change component parameters: Designator = "R70" ("R70"); Footprint = "R_0603_1608Metric"; UniqueID = "\KGNIYDUR\TBIVVZST" ("\KGNIYDUR\TBIVVZST")
Change component parameters (AddParameter): Name = "MF"; Value = "FOJAN"; VariantName = "[No Variations]"
Change component parameters (AddParameter): Name = "MP"; Value = "FRC0603J103TS"; VariantName = "[No Variations]"
Change component parameters (AddParameter): Name = "Package"; Value = "R_0603"; VariantName = "[No Variations]"
Change component parameters (AddParameter): Name = "Value"; Value = "10K"; VariantName = "[No Variations]"
Change component parameters: Designator = "R71" ("R71"); Footprint = "R_0603_1608Metric"; UniqueID = "\KGNIYDUR\TGAEZMPK" ("\KGNIYDUR\TGAEZMPK")
Change component parameters (AddParameter): Name = "MF"; Value = "FOJAN"; VariantName = "[No Variations]"
Change component parameters (AddParameter): Name = "MP"; Value = "FRC0603J103TS"; VariantName = "[No Variations]"
Change component parameters (AddParameter): Name = "Package"; Value = "R_0603"; VariantName = "[No Variations]"
Change component parameters (AddParameter): Name = "Value"; Value = "10K"; VariantName = "[No Variations]"
Change component parameters: Designator = "R72" ("R72"); Footprint = "R_0603_1608Metric"; UniqueID = "\KGNIYDUR\QKQFFDPX" ("\KGNIYDUR\QKQFFDPX")
Change component parameters (AddParameter): Name = "MF"; Value = "YAGEO"; VariantName = "[No Variations]"
Change component parameters (AddParameter): Name = "MP"; Value = "RC0603JR-071KL"; VariantName = "[No Variations]"
Change component parameters (AddParameter): Name = "OZD"; Value = "RC0603JR-071KL"; VariantName = "[No Variations]"
Change component parameters (AddParameter): Name = "Package"; Value = "R_0603"; VariantName = "[No Variations]"
Change component parameters (AddParameter): Name = "Value"; Value = "1K"; VariantName = "[No Variations]"
Change component parameters: Designator = "R73" ("R73"); Footprint = "R_0603_1608Metric"; UniqueID = "\KGNIYDUR\CEUKIGOM" ("\KGNIYDUR\CEUKIGOM")
Change component parameters (AddParameter): Name = "MF"; Value = "YAGEO"; VariantName = "[No Variations]"
Change component parameters (AddParameter): Name = "MP"; Value = "RC0603JR-071KL"; VariantName = "[No Variations]"
Change component parameters (AddParameter): Name = "OZD"; Value = "RC0603JR-071KL"; VariantName = "[No Variations]"
Change component parameters (AddParameter): Name = "Package"; Value = "R_0603"; VariantName = "[No Variations]"
Change component parameters (AddParameter): Name = "Value"; Value = "1K"; VariantName = "[No Variations]"
Change component parameters: Designator = "R74" ("R74"); Footprint = "R_0603_1608Metric"; UniqueID = "\KGNIYDUR\MEGGCQDO" ("\KGNIYDUR\MEGGCQDO")
Change component parameters (AddParameter): Name = "MF"; Value = "FOJAN"; VariantName = "[No Variations]"
Change component parameters (AddParameter): Name = "MP"; Value = "FRC0603J103TS"; VariantName = "[No Variations]"
Change component parameters (AddParameter): Name = "Package"; Value = "R_0603"; VariantName = "[No Variations]"
Change component parameters (AddParameter): Name = "Value"; Value = "10K"; VariantName = "[No Variations]"
Change component parameters: Designator = "R75" ("R75"); Footprint = "R_0603_1608Metric"; UniqueID = "\KGNIYDUR\ZGDNHFFO" ("\KGNIYDUR\ZGDNHFFO")
Change component parameters (AddParameter): Name = "MF"; Value = "FOJAN"; VariantName = "[No Variations]"
Change component parameters (AddParameter): Name = "MP"; Value = "FRC0603J103TS"; VariantName = "[No Variations]"
Change component parameters (AddParameter): Name = "Package"; Value = "R_0603"; VariantName = "[No Variations]"
Change component parameters (AddParameter): Name = "Value"; Value = "10K"; VariantName = "[No Variations]"
Change component parameters: Designator = "R76" ("R76"); Footprint = "R_0603_1608Metric"; UniqueID = "\KGNIYDUR\LGAVQLAF" ("\KGNIYDUR\LGAVQLAF")
Change component parameters (AddParameter): Name = "MF"; Value = "YAGEO"; VariantName = "[No Variations]"
Change component parameters (AddParameter): Name = "MP"; Value = "RC0603JR-071KL"; VariantName = "[No Variations]"
Change component parameters (AddParameter): Name = "OZD"; Value = "RC0603JR-071KL"; VariantName = "[No Variations]"
Change component parameters (AddParameter): Name = "Package"; Value = "R_0603"; VariantName = "[No Variations]"
Change component parameters (AddParameter): Name = "Value"; Value = "1K"; VariantName = "[No Variations]"
Change component parameters: Designator = "R77" ("R77"); Footprint = "R_0603_1608Metric"; UniqueID = "\KGNIYDUR\RMJIZSPO" ("\KGNIYDUR\RMJIZSPO")
Change component parameters (AddParameter): Name = "MF"; Value = "YAGEO"; VariantName = "[No Variations]"
Change component parameters (AddParameter): Name = "MP"; Value = "RC0603JR-071KL"; VariantName = "[No Variations]"
Change component parameters (AddParameter): Name = "OZD"; Value = "RC0603JR-071KL"; VariantName = "[No Variations]"
Change component parameters (AddParameter): Name = "Package"; Value = "R_0603"; VariantName = "[No Variations]"
Change component parameters (AddParameter): Name = "Value"; Value = "1K"; VariantName = "[No Variations]"
Change component parameters: Designator = "R78" ("R78"); Footprint = "R_0603_1608Metric"; UniqueID = "\KGNIYDUR\ELJFEVKQ" ("\KGNIYDUR\ELJFEVKQ")
Change component parameters (AddParameter): Name = "MF"; Value = "FOJAN"; VariantName = "[No Variations]"
Change component parameters (AddParameter): Name = "MP"; Value = "FRC0603J103TS"; VariantName = "[No Variations]"
Change component parameters (AddParameter): Name = "Package"; Value = "R_0603"; VariantName = "[No Variations]"
Change component parameters (AddParameter): Name = "Value"; Value = "10K"; VariantName = "[No Variations]"
Change component parameters: Designator = "R79" ("R79"); Footprint = "R_0603_1608Metric"; UniqueID = "\KGNIYDUR\HFIJIWQC" ("\KGNIYDUR\HFIJIWQC")
Change component parameters (AddParameter): Name = "MF"; Value = "FOJAN"; VariantName = "[No Variations]"
Change component parameters (AddParameter): Name = "MP"; Value = "FRC0603J103TS"; VariantName = "[No Variations]"
Change component parameters (AddParameter): Name = "Package"; Value = "R_0603"; VariantName = "[No Variations]"
Change component parameters (AddParameter): Name = "Value"; Value = "10K"; VariantName = "[No Variations]"
Change component parameters: Designator = "R80" ("R80"); Footprint = "R_0603_1608Metric"; UniqueID = "\KGNIYDUR\MYAAQTTF" ("\KGNIYDUR\MYAAQTTF")
Change component parameters (AddParameter): Name = "MF"; Value = "YAGEO"; VariantName = "[No Variations]"
Change component parameters (AddParameter): Name = "MP"; Value = "RC0603JR-071KL"; VariantName = "[No Variations]"
Change component parameters (AddParameter): Name = "OZD"; Value = "RC0603JR-071KL"; VariantName = "[No Variations]"
Change component parameters (AddParameter): Name = "Package"; Value = "R_0603"; VariantName = "[No Variations]"
Change component parameters (AddParameter): Name = "Value"; Value = "1K"; VariantName = "[No Variations]"
Change component parameters: Designator = "R81" ("R81"); Footprint = "R_0603_1608Metric"; UniqueID = "\KGNIYDUR\MSCZHCEC" ("\KGNIYDUR\MSCZHCEC")
Change component parameters (AddParameter): Name = "MF"; Value = "YAGEO"; VariantName = "[No Variations]"
Change component parameters (AddParameter): Name = "MP"; Value = "RC0603JR-071KL"; VariantName = "[No Variations]"
Change component parameters (AddParameter): Name = "OZD"; Value = "RC0603JR-071KL"; VariantName = "[No Variations]"
Change component parameters (AddParameter): Name = "Package"; Value = "R_0603"; VariantName = "[No Variations]"
Change component parameters (AddParameter): Name = "Value"; Value = "1K"; VariantName = "[No Variations]"
Change component parameters: Designator = "R82" ("R82"); Footprint = "R_0603_1608Metric"; UniqueID = "\KGNIYDUR\WJKLOXOV" ("\KGNIYDUR\WJKLOXOV")
Change component parameters (AddParameter): Name = "MF"; Value = "FOJAN"; VariantName = "[No Variations]"
Change component parameters (AddParameter): Name = "MP"; Value = "FRC0603J103TS"; VariantName = "[No Variations]"
Change component parameters (AddParameter): Name = "Package"; Value = "R_0603"; VariantName = "[No Variations]"
Change component parameters (AddParameter): Name = "Value"; Value = "10K"; VariantName = "[No Variations]"
Change component parameters: Designator = "R83" ("R83"); Footprint = "R_0603_1608Metric"; UniqueID = "\KGNIYDUR\EMRXZDGL" ("\KGNIYDUR\EMRXZDGL")
Change component parameters (AddParameter): Name = "MF"; Value = "FOJAN"; VariantName = "[No Variations]"
Change component parameters (AddParameter): Name = "MP"; Value = "FRC0603J103TS"; VariantName = "[No Variations]"
Change component parameters (AddParameter): Name = "Package"; Value = "R_0603"; VariantName = "[No Variations]"
Change component parameters (AddParameter): Name = "Value"; Value = "10K"; VariantName = "[No Variations]"
Change component parameters: Designator = "U15" ("U15"); Footprint = "TSSOP-16_4.4x5mm_P0.65mm"; UniqueID = "\UIZZJUNM\JMKUYZJM" ("\UIZZJUNM\JMKUYZJM")
Change component parameters (AddParameter): Name = "MF"; Value = "Nexperia"; VariantName = "[No Variations]"
Change component parameters (AddParameter): Name = "MP"; Value = "74HC595PW,118"; VariantName = "[No Variations]"
Change component parameters (AddParameter): Name = "OZD"; Value = "74HC595PW,118"; VariantName = "[No Variations]"
Change component parameters (AddParameter): Name = "Package"; Value = "TSSOP-16"; VariantName = "[No Variations]"
Change component parameters (AddParameter): Name = "Value"; Value = "74HC595PW,118"; VariantName = "[No Variations]"
Change component parameters: Designator = "U17" ("U17"); Footprint = "TSSOP-16_4.4x5mm_P0.65mm"; UniqueID = "\UIZZJUNM\TGKJGRBP" ("\UIZZJUNM\TGKJGRBP")
Change component parameters (AddParameter): Name = "MF"; Value = "Nexperia"; VariantName = "[No Variations]"
Change component parameters (AddParameter): Name = "MP"; Value = "74HC595PW,118"; VariantName = "[No Variations]"
Change component parameters (AddParameter): Name = "OZD"; Value = "74HC595PW,118"; VariantName = "[No Variations]"
Change component parameters (AddParameter): Name = "Package"; Value = "TSSOP-16"; VariantName = "[No Variations]"
Change component parameters (AddParameter): Name = "Value"; Value = "74HC595PW,118"; VariantName = "[No Variations]"
Change component parameters: Designator = "Z2" ("Z2"); Footprint = "D_MiniMELF"; UniqueID = "\GZANZALC" ("\GZANZALC")
Change component parameters (AddParameter): Name = "MF"; Value = "PANJIT"; VariantName = "[No Variations]"
Change component parameters (AddParameter): Name = "MP"; Value = "ZMM55-C6V8_R1_10001"; VariantName = "[No Variations]"
Change component parameters (AddParameter): Name = "OZD"; Value = "ZMM55-C6V8_R1_10001"; VariantName = "[No Variations]"
Change component parameters (AddParameter): Name = "Package"; Value = "D_MiniMELF"; VariantName = "[No Variations]"
Change component parameters (AddParameter): Name = "Value"; Value = "6.8V"; VariantName = "[No Variations]"
Change component parameters: Designator = "Q32" ("Q32"); Footprint = "SOT-23"; UniqueID = "\APBESOZI" ("\APBESOZI")
Change component parameters (AddParameter): Name = "MF"; Value = "onsemi"; VariantName = "[No Variations]"
Change component parameters (AddParameter): Name = "MP"; Value = "2N7002ET1G"; VariantName = "[No Variations]"
Change component parameters (AddParameter): Name = "OZD"; Value = "2N7002ET1G"; VariantName = "[No Variations]"
Change component parameters (AddParameter): Name = "Package"; Value = "SOT-23"; VariantName = "[No Variations]"
Change component parameters (AddParameter): Name = "Value"; Value = "2N7002ET1G"; VariantName = "[No Variations]"
Change component parameters: Designator = "Q33" ("Q33"); Footprint = "SOT-23"; UniqueID = "\KGNIYDUR\RFDGTRGG" ("\KGNIYDUR\RFDGTRGG")
Change component parameters (AddParameter): Name = "MF"; Value = "onsemi"; VariantName = "[No Variations]"
Change component parameters (AddParameter): Name = "MP"; Value = "2N7002ET1G"; VariantName = "[No Variations]"
Change component parameters (AddParameter): Name = "OZD"; Value = "2N7002ET1G"; VariantName = "[No Variations]"
Change component parameters (AddParameter): Name = "Package"; Value = "SOT-23"; VariantName = "[No Variations]"
Change component parameters (AddParameter): Name = "Value"; Value = "2N7002ET1G"; VariantName = "[No Variations]"
Change component parameters: Designator = "Q34" ("Q34"); Footprint = "SOT-23"; UniqueID = "\KGNIYDUR\EAXEVPFP" ("\KGNIYDUR\EAXEVPFP")
Change component parameters (AddParameter): Name = "MF"; Value = "onsemi"; VariantName = "[No Variations]"
Change component parameters (AddParameter): Name = "MP"; Value = "2N7002ET1G"; VariantName = "[No Variations]"
Change component parameters (AddParameter): Name = "OZD"; Value = "2N7002ET1G"; VariantName = "[No Variations]"
Change component parameters (AddParameter): Name = "Package"; Value = "SOT-23"; VariantName = "[No Variations]"
Change component parameters (AddParameter): Name = "Value"; Value = "2N7002ET1G"; VariantName = "[No Variations]"
Change component parameters: Designator = "Q35" ("Q35"); Footprint = "SOT-23"; UniqueID = "\KGNIYDUR\DDVJNXOI" ("\KGNIYDUR\DDVJNXOI")
Change component parameters (AddParameter): Name = "MF"; Value = "onsemi"; VariantName = "[No Variations]"
Change component parameters (AddParameter): Name = "MP"; Value = "2N7002ET1G"; VariantName = "[No Variations]"
Change component parameters (AddParameter): Name = "OZD"; Value = "2N7002ET1G"; VariantName = "[No Variations]"
Change component parameters (AddParameter): Name = "Package"; Value = "SOT-23"; VariantName = "[No Variations]"
Change component parameters (AddParameter): Name = "Value"; Value = "2N7002ET1G"; VariantName = "[No Variations]"
Change component parameters: Designator = "Q36" ("Q36"); Footprint = "SOT-23"; UniqueID = "\KGNIYDUR\OYFJBHAK" ("\KGNIYDUR\OYFJBHAK")
Change component parameters (AddParameter): Name = "MF"; Value = "onsemi"; VariantName = "[No Variations]"
Change component parameters (AddParameter): Name = "MP"; Value = "2N7002ET1G"; VariantName = "[No Variations]"
Change component parameters (AddParameter): Name = "OZD"; Value = "2N7002ET1G"; VariantName = "[No Variations]"
Change component parameters (AddParameter): Name = "Package"; Value = "SOT-23"; VariantName = "[No Variations]"
Change component parameters (AddParameter): Name = "Value"; Value = "2N7002ET1G"; VariantName = "[No Variations]"
Change component parameters: Designator = "Q37" ("Q37"); Footprint = "SOT-23"; UniqueID = "\KGNIYDUR\HXKSGIMN" ("\KGNIYDUR\HXKSGIMN")
Change component parameters (AddParameter): Name = "MF"; Value = "onsemi"; VariantName = "[No Variations]"
Change component parameters (AddParameter): Name = "MP"; Value = "2N7002ET1G"; VariantName = "[No Variations]"
Change component parameters (AddParameter): Name = "OZD"; Value = "2N7002ET1G"; VariantName = "[No Variations]"
Change component parameters (AddParameter): Name = "Package"; Value = "SOT-23"; VariantName = "[No Variations]"
Change component parameters (AddParameter): Name = "Value"; Value = "2N7002ET1G"; VariantName = "[No Variations]"
Change component parameters: Designator = "Q38" ("Q38"); Footprint = "SOT-23"; UniqueID = "\KGNIYDUR\MBWSWJVX" ("\KGNIYDUR\MBWSWJVX")
Change component parameters (AddParameter): Name = "MF"; Value = "onsemi"; VariantName = "[No Variations]"
Change component parameters (AddParameter): Name = "MP"; Value = "2N7002ET1G"; VariantName = "[No Variations]"
Change component parameters (AddParameter): Name = "OZD"; Value = "2N7002ET1G"; VariantName = "[No Variations]"
Change component parameters (AddParameter): Name = "Package"; Value = "SOT-23"; VariantName = "[No Variations]"
Change component parameters (AddParameter): Name = "Value"; Value = "2N7002ET1G"; VariantName = "[No Variations]"
Change component parameters: Designator = "Q39" ("Q39"); Footprint = "SOT-23"; UniqueID = "\KGNIYDUR\KPIGIVJX" ("\KGNIYDUR\KPIGIVJX")
Change component parameters (AddParameter): Name = "MF"; Value = "onsemi"; VariantName = "[No Variations]"
Change component parameters (AddParameter): Name = "MP"; Value = "2N7002ET1G"; VariantName = "[No Variations]"
Change component parameters (AddParameter): Name = "OZD"; Value = "2N7002ET1G"; VariantName = "[No Variations]"
Change component parameters (AddParameter): Name = "Package"; Value = "SOT-23"; VariantName = "[No Variations]"
Change component parameters (AddParameter): Name = "Value"; Value = "2N7002ET1G"; VariantName = "[No Variations]"
Change component parameters: Designator = "Q40" ("Q40"); Footprint = "SOT-23"; UniqueID = "\KGNIYDUR\HYYQECOV" ("\KGNIYDUR\HYYQECOV")
Change component parameters (AddParameter): Name = "MF"; Value = "onsemi"; VariantName = "[No Variations]"
Change component parameters (AddParameter): Name = "MP"; Value = "2N7002ET1G"; VariantName = "[No Variations]"
Change component parameters (AddParameter): Name = "OZD"; Value = "2N7002ET1G"; VariantName = "[No Variations]"
Change component parameters (AddParameter): Name = "Package"; Value = "SOT-23"; VariantName = "[No Variations]"
Change component parameters (AddParameter): Name = "Value"; Value = "2N7002ET1G"; VariantName = "[No Variations]"
Change component parameters: Designator = "Q41" ("Q41"); Footprint = "SOT-23"; UniqueID = "\KGNIYDUR\WVLUYCIQ" ("\KGNIYDUR\WVLUYCIQ")
Change component parameters (AddParameter): Name = "MF"; Value = "onsemi"; VariantName = "[No Variations]"
Change component parameters (AddParameter): Name = "MP"; Value = "2N7002ET1G"; VariantName = "[No Variations]"
Change component parameters (AddParameter): Name = "OZD"; Value = "2N7002ET1G"; VariantName = "[No Variations]"
Change component parameters (AddParameter): Name = "Package"; Value = "SOT-23"; VariantName = "[No Variations]"
Change component parameters (AddParameter): Name = "Value"; Value = "2N7002ET1G"; VariantName = "[No Variations]"
Change component parameters: Designator = "Q42" ("Q42"); Footprint = "SOT-23"; UniqueID = "\KGNIYDUR\OBWTLFWI" ("\KGNIYDUR\OBWTLFWI")
Change component parameters (AddParameter): Name = "MF"; Value = "onsemi"; VariantName = "[No Variations]"
Change component parameters (AddParameter): Name = "MP"; Value = "2N7002ET1G"; VariantName = "[No Variations]"
Change component parameters (AddParameter): Name = "OZD"; Value = "2N7002ET1G"; VariantName = "[No Variations]"
Change component parameters (AddParameter): Name = "Package"; Value = "SOT-23"; VariantName = "[No Variations]"
Change component parameters (AddParameter): Name = "Value"; Value = "2N7002ET1G"; VariantName = "[No Variations]"
Change component parameters: Designator = "Q43" ("Q43"); Footprint = "SOT-23"; UniqueID = "\KGNIYDUR\FTVGQESI" ("\KGNIYDUR\FTVGQESI")
Change component parameters (AddParameter): Name = "MF"; Value = "onsemi"; VariantName = "[No Variations]"
Change component parameters (AddParameter): Name = "MP"; Value = "2N7002ET1G"; VariantName = "[No Variations]"
Change component parameters (AddParameter): Name = "OZD"; Value = "2N7002ET1G"; VariantName = "[No Variations]"
Change component parameters (AddParameter): Name = "Package"; Value = "SOT-23"; VariantName = "[No Variations]"
Change component parameters (AddParameter): Name = "Value"; Value = "2N7002ET1G"; VariantName = "[No Variations]"
Change component parameters: Designator = "Q44" ("Q44"); Footprint = "SOT-23"; UniqueID = "\KGNIYDUR\XDRBJJFJ" ("\KGNIYDUR\XDRBJJFJ")
Change component parameters (AddParameter): Name = "MF"; Value = "onsemi"; VariantName = "[No Variations]"
Change component parameters (AddParameter): Name = "MP"; Value = "2N7002ET1G"; VariantName = "[No Variations]"
Change component parameters (AddParameter): Name = "OZD"; Value = "2N7002ET1G"; VariantName = "[No Variations]"
Change component parameters (AddParameter): Name = "Package"; Value = "SOT-23"; VariantName = "[No Variations]"
Change component parameters (AddParameter): Name = "Value"; Value = "2N7002ET1G"; VariantName = "[No Variations]"
Change component parameters: Designator = "Q45" ("Q45"); Footprint = "SOT-23"; UniqueID = "\KGNIYDUR\ZSVPDICG" ("\KGNIYDUR\ZSVPDICG")
Change component parameters (AddParameter): Name = "MF"; Value = "onsemi"; VariantName = "[No Variations]"
Change component parameters (AddParameter): Name = "MP"; Value = "2N7002ET1G"; VariantName = "[No Variations]"
Change component parameters (AddParameter): Name = "OZD"; Value = "2N7002ET1G"; VariantName = "[No Variations]"
Change component parameters (AddParameter): Name = "Package"; Value = "SOT-23"; VariantName = "[No Variations]"
Change component parameters (AddParameter): Name = "Value"; Value = "2N7002ET1G"; VariantName = "[No Variations]"
Change component parameters: Designator = "Q46" ("Q46"); Footprint = "SOT-23"; UniqueID = "\KGNIYDUR\TFMWEJZL" ("\KGNIYDUR\TFMWEJZL")
Change component parameters (AddParameter): Name = "MF"; Value = "onsemi"; VariantName = "[No Variations]"
Change component parameters (AddParameter): Name = "MP"; Value = "2N7002ET1G"; VariantName = "[No Variations]"
Change component parameters (AddParameter): Name = "OZD"; Value = "2N7002ET1G"; VariantName = "[No Variations]"
Change component parameters (AddParameter): Name = "Package"; Value = "SOT-23"; VariantName = "[No Variations]"
Change component parameters (AddParameter): Name = "Value"; Value = "2N7002ET1G"; VariantName = "[No Variations]"
Change component parameters: Designator = "Q47" ("Q47"); Footprint = "SOT-23"; UniqueID = "\KGNIYDUR\YUWJNKKL" ("\KGNIYDUR\YUWJNKKL")
Change component parameters (AddParameter): Name = "MF"; Value = "onsemi"; VariantName = "[No Variations]"
Change component parameters (AddParameter): Name = "MP"; Value = "2N7002ET1G"; VariantName = "[No Variations]"
Change component parameters (AddParameter): Name = "OZD"; Value = "2N7002ET1G"; VariantName = "[No Variations]"
Change component parameters (AddParameter): Name = "Package"; Value = "SOT-23"; VariantName = "[No Variations]"
Change component parameters (AddParameter): Name = "Value"; Value = "2N7002ET1G"; VariantName = "[No Variations]"
Change component parameters: Designator = "Q48" ("Q48"); Footprint = "SOT-23"; UniqueID = "\KGNIYDUR\OSOEOIOD" ("\KGNIYDUR\OSOEOIOD")
Change component parameters (AddParameter): Name = "MF"; Value = "onsemi"; VariantName = "[No Variations]"
Change component parameters (AddParameter): Name = "MP"; Value = "2N7002ET1G"; VariantName = "[No Variations]"
Change component parameters (AddParameter): Name = "OZD"; Value = "2N7002ET1G"; VariantName = "[No Variations]"
Change component parameters (AddParameter): Name = "Package"; Value = "SOT-23"; VariantName = "[No Variations]"
Change component parameters (AddParameter): Name = "Value"; Value = "2N7002ET1G"; VariantName = "[No Variations]"
Change component parameters: Designator = "Q49" ("Q49"); Footprint = "SOT-23"; UniqueID = "\KGNIYDUR\DDFJAPKE" ("\KGNIYDUR\DDFJAPKE")
Change component parameters (AddParameter): Name = "MF"; Value = "onsemi"; VariantName = "[No Variations]"
Change component parameters (AddParameter): Name = "MP"; Value = "2N7002ET1G"; VariantName = "[No Variations]"
Change component parameters (AddParameter): Name = "OZD"; Value = "2N7002ET1G"; VariantName = "[No Variations]"
Change component parameters (AddParameter): Name = "Package"; Value = "SOT-23"; VariantName = "[No Variations]"
Change component parameters (AddParameter): Name = "Value"; Value = "2N7002ET1G"; VariantName = "[No Variations]"
Change component parameters: Designator = "Q50" ("Q50"); Footprint = "SOT-23"; UniqueID = "\KGNIYDUR\OOQFAVFJ" ("\KGNIYDUR\OOQFAVFJ")
Change component parameters (AddParameter): Name = "MF"; Value = "onsemi"; VariantName = "[No Variations]"
Change component parameters (AddParameter): Name = "MP"; Value = "2N7002ET1G"; VariantName = "[No Variations]"
Change component parameters (AddParameter): Name = "OZD"; Value = "2N7002ET1G"; VariantName = "[No Variations]"
Change component parameters (AddParameter): Name = "Package"; Value = "SOT-23"; VariantName = "[No Variations]"
Change component parameters (AddParameter): Name = "Value"; Value = "2N7002ET1G"; VariantName = "[No Variations]"
Change component parameters: Designator = "Q51" ("Q51"); Footprint = "SOT-23"; UniqueID = "\KGNIYDUR\NUYGBVQG" ("\KGNIYDUR\NUYGBVQG")
Change component parameters (AddParameter): Name = "MF"; Value = "onsemi"; VariantName = "[No Variations]"
Change component parameters (AddParameter): Name = "MP"; Value = "2N7002ET1G"; VariantName = "[No Variations]"
Change component parameters (AddParameter): Name = "OZD"; Value = "2N7002ET1G"; VariantName = "[No Variations]"
Change component parameters (AddParameter): Name = "Package"; Value = "SOT-23"; VariantName = "[No Variations]"
Change component parameters (AddParameter): Name = "Value"; Value = "2N7002ET1G"; VariantName = "[No Variations]"
Change component parameters: Designator = "Q52" ("Q52"); Footprint = "SOT-23"; UniqueID = "\KGNIYDUR\KJUUKMPE" ("\KGNIYDUR\KJUUKMPE")
Change component parameters (AddParameter): Name = "MF"; Value = "onsemi"; VariantName = "[No Variations]"
Change component parameters (AddParameter): Name = "MP"; Value = "2N7002ET1G"; VariantName = "[No Variations]"
Change component parameters (AddParameter): Name = "OZD"; Value = "2N7002ET1G"; VariantName = "[No Variations]"
Change component parameters (AddParameter): Name = "Package"; Value = "SOT-23"; VariantName = "[No Variations]"
Change component parameters (AddParameter): Name = "Value"; Value = "2N7002ET1G"; VariantName = "[No Variations]"
Change component parameters: Designator = "Q53" ("Q53"); Footprint = "SOT-23"; UniqueID = "\KGNIYDUR\JRYILHIV" ("\KGNIYDUR\JRYILHIV")
Change component parameters (AddParameter): Name = "MF"; Value = "onsemi"; VariantName = "[No Variations]"
Change component parameters (AddParameter): Name = "MP"; Value = "2N7002ET1G"; VariantName = "[No Variations]"
Change component parameters (AddParameter): Name = "OZD"; Value = "2N7002ET1G"; VariantName = "[No Variations]"
Change component parameters (AddParameter): Name = "Package"; Value = "SOT-23"; VariantName = "[No Variations]"
Change component parameters (AddParameter): Name = "Value"; Value = "2N7002ET1G"; VariantName = "[No Variations]"
Change component parameters: Designator = "Q54" ("Q54"); Footprint = "SOT-23"; UniqueID = "\KGNIYDUR\UGHOBJPR" ("\KGNIYDUR\UGHOBJPR")
Change component parameters (AddParameter): Name = "MF"; Value = "onsemi"; VariantName = "[No Variations]"
Change component parameters (AddParameter): Name = "MP"; Value = "2N7002ET1G"; VariantName = "[No Variations]"
Change component parameters (AddParameter): Name = "OZD"; Value = "2N7002ET1G"; VariantName = "[No Variations]"
Change component parameters (AddParameter): Name = "Package"; Value = "SOT-23"; VariantName = "[No Variations]"
Change component parameters (AddParameter): Name = "Value"; Value = "2N7002ET1G"; VariantName = "[No Variations]"
Change component parameters: Designator = "Q55" ("Q55"); Footprint = "SOT-23"; UniqueID = "\KGNIYDUR\NCMOFMQL" ("\KGNIYDUR\NCMOFMQL")
Change component parameters (AddParameter): Name = "MF"; Value = "onsemi"; VariantName = "[No Variations]"
Change component parameters (AddParameter): Name = "MP"; Value = "2N7002ET1G"; VariantName = "[No Variations]"
Change component parameters (AddParameter): Name = "OZD"; Value = "2N7002ET1G"; VariantName = "[No Variations]"
Change component parameters (AddParameter): Name = "Package"; Value = "SOT-23"; VariantName = "[No Variations]"
Change component parameters (AddParameter): Name = "Value"; Value = "2N7002ET1G"; VariantName = "[No Variations]"
Change component parameters: Designator = "Q56" ("Q56"); Footprint = "SOT-23"; UniqueID = "\KGNIYDUR\JHKMKUAQ" ("\KGNIYDUR\JHKMKUAQ")
Change component parameters (AddParameter): Name = "MF"; Value = "onsemi"; VariantName = "[No Variations]"
Change component parameters (AddParameter): Name = "MP"; Value = "2N7002ET1G"; VariantName = "[No Variations]"
Change component parameters (AddParameter): Name = "OZD"; Value = "2N7002ET1G"; VariantName = "[No Variations]"
Change component parameters (AddParameter): Name = "Package"; Value = "SOT-23"; VariantName = "[No Variations]"
Change component parameters (AddParameter): Name = "Value"; Value = "2N7002ET1G"; VariantName = "[No Variations]"
Change component parameters: Designator = "Q57" ("Q57"); Footprint = "SOT-23"; UniqueID = "\KGNIYDUR\MRZKHGMD" ("\KGNIYDUR\MRZKHGMD")
Change component parameters (AddParameter): Name = "MF"; Value = "onsemi"; VariantName = "[No Variations]"
Change component parameters (AddParameter): Name = "MP"; Value = "2N7002ET1G"; VariantName = "[No Variations]"
Change component parameters (AddParameter): Name = "OZD"; Value = "2N7002ET1G"; VariantName = "[No Variations]"
Change component parameters (AddParameter): Name = "Package"; Value = "SOT-23"; VariantName = "[No Variations]"
Change component parameters (AddParameter): Name = "Value"; Value = "2N7002ET1G"; VariantName = "[No Variations]"
Change component parameters: Designator = "Q58" ("Q58"); Footprint = "SOT-23"; UniqueID = "\KGNIYDUR\NKRRYTNT" ("\KGNIYDUR\NKRRYTNT")
Change component parameters (AddParameter): Name = "MF"; Value = "onsemi"; VariantName = "[No Variations]"
Change component parameters (AddParameter): Name = "MP"; Value = "2N7002ET1G"; VariantName = "[No Variations]"
Change component parameters (AddParameter): Name = "OZD"; Value = "2N7002ET1G"; VariantName = "[No Variations]"
Change component parameters (AddParameter): Name = "Package"; Value = "SOT-23"; VariantName = "[No Variations]"
Change component parameters (AddParameter): Name = "Value"; Value = "2N7002ET1G"; VariantName = "[No Variations]"
Change component parameters: Designator = "Q59" ("Q59"); Footprint = "SOT-23"; UniqueID = "\KGNIYDUR\IESBXSDK" ("\KGNIYDUR\IESBXSDK")
Change component parameters (AddParameter): Name = "MF"; Value = "onsemi"; VariantName = "[No Variations]"
Change component parameters (AddParameter): Name = "MP"; Value = "2N7002ET1G"; VariantName = "[No Variations]"
Change component parameters (AddParameter): Name = "OZD"; Value = "2N7002ET1G"; VariantName = "[No Variations]"
Change component parameters (AddParameter): Name = "Package"; Value = "SOT-23"; VariantName = "[No Variations]"
Change component parameters (AddParameter): Name = "Value"; Value = "2N7002ET1G"; VariantName = "[No Variations]"
Change component parameters: Designator = "Q60" ("Q60"); Footprint = "SOT-23"; UniqueID = "\KGNIYDUR\FHCLGOJC" ("\KGNIYDUR\FHCLGOJC")
Change component parameters (AddParameter): Name = "MF"; Value = "onsemi"; VariantName = "[No Variations]"
Change component parameters (AddParameter): Name = "MP"; Value = "2N7002ET1G"; VariantName = "[No Variations]"
Change component parameters (AddParameter): Name = "OZD"; Value = "2N7002ET1G"; VariantName = "[No Variations]"
Change component parameters (AddParameter): Name = "Package"; Value = "SOT-23"; VariantName = "[No Variations]"
Change component parameters (AddParameter): Name = "Value"; Value = "2N7002ET1G"; VariantName = "[No Variations]"
Change component parameters: Designator = "Q61" ("Q61"); Footprint = "SOT-23"; UniqueID = "\KGNIYDUR\FHKSZRTY" ("\KGNIYDUR\FHKSZRTY")
Change component parameters (AddParameter): Name = "MF"; Value = "onsemi"; VariantName = "[No Variations]"
Change component parameters (AddParameter): Name = "MP"; Value = "2N7002ET1G"; VariantName = "[No Variations]"
Change component parameters (AddParameter): Name = "OZD"; Value = "2N7002ET1G"; VariantName = "[No Variations]"
Change component parameters (AddParameter): Name = "Package"; Value = "SOT-23"; VariantName = "[No Variations]"
Change component parameters (AddParameter): Name = "Value"; Value = "2N7002ET1G"; VariantName = "[No Variations]"
Change component parameters: Designator = "Q62" ("Q62"); Footprint = "SOT-23"; UniqueID = "\KGNIYDUR\LVIRTEUK" ("\KGNIYDUR\LVIRTEUK")
Change component parameters (AddParameter): Name = "MF"; Value = "onsemi"; VariantName = "[No Variations]"
Change component parameters (AddParameter): Name = "MP"; Value = "2N7002ET1G"; VariantName = "[No Variations]"
Change component parameters (AddParameter): Name = "OZD"; Value = "2N7002ET1G"; VariantName = "[No Variations]"
Change component parameters (AddParameter): Name = "Package"; Value = "SOT-23"; VariantName = "[No Variations]"
Change component parameters (AddParameter): Name = "Value"; Value = "2N7002ET1G"; VariantName = "[No Variations]"
Change component parameters: Designator = "Q63" ("Q63"); Footprint = "SOT-23"; UniqueID = "\KGNIYDUR\UJRHURUU" ("\KGNIYDUR\UJRHURUU")
Change component parameters (AddParameter): Name = "MF"; Value = "onsemi"; VariantName = "[No Variations]"
Change component parameters (AddParameter): Name = "MP"; Value = "2N7002ET1G"; VariantName = "[No Variations]"
Change component parameters (AddParameter): Name = "OZD"; Value = "2N7002ET1G"; VariantName = "[No Variations]"
Change component parameters (AddParameter): Name = "Package"; Value = "SOT-23"; VariantName = "[No Variations]"
Change component parameters (AddParameter): Name = "Value"; Value = "2N7002ET1G"; VariantName = "[No Variations]"
Change component parameters: Designator = "Q64" ("Q64"); Footprint = "SOT-23"; UniqueID = "\KGNIYDUR\XBMNQAZB" ("\KGNIYDUR\XBMNQAZB")
Change component parameters (AddParameter): Name = "MF"; Value = "onsemi"; VariantName = "[No Variations]"
Change component parameters (AddParameter): Name = "MP"; Value = "2N7002ET1G"; VariantName = "[No Variations]"
Change component parameters (AddParameter): Name = "OZD"; Value = "2N7002ET1G"; VariantName = "[No Variations]"
Change component parameters (AddParameter): Name = "Package"; Value = "SOT-23"; VariantName = "[No Variations]"
Change component parameters (AddParameter): Name = "Value"; Value = "2N7002ET1G"; VariantName = "[No Variations]"
Change component parameters: Designator = "C4" ("C4"); Footprint = "CP_Radial_D12.5mm_P5.00mm"; UniqueID = "\CIEUXKCP" ("\CIEUXKCP")
Change component parameters (AddParameter): Name = "MF"; Value = "KOSHIN"; VariantName = "[No Variations]"
Change component parameters (AddParameter): Name = "MP"; Value = "PKLH-016V332MH250"; VariantName = "[No Variations]"
Change component parameters (AddParameter): Name = "OZD"; Value = "PKLH-016V332MH250"; VariantName = "[No Variations]"
Change component parameters (AddParameter): Name = "Package"; Value = "THT 12.5x25mm"; VariantName = "[No Variations]"
Change component parameters (AddParameter): Name = "Value"; Value = "3300uF/16V"; VariantName = "[No Variations]"
Change component parameters: Designator = "C5" ("C5"); Footprint = "CP_Radial_D12.5mm_P5.00mm"; UniqueID = "\YDAMNXDM" ("\YDAMNXDM")
Change component parameters (AddParameter): Name = "MF"; Value = "KOSHIN"; VariantName = "[No Variations]"
Change component parameters (AddParameter): Name = "MP"; Value = "PKLH-016V332MH250"; VariantName = "[No Variations]"
Change component parameters (AddParameter): Name = "OZD"; Value = "PKLH-016V332MH250"; VariantName = "[No Variations]"
Change component parameters (AddParameter): Name = "Package"; Value = "THT 12.5x25mm"; VariantName = "[No Variations]"
Change component parameters (AddParameter): Name = "Value"; Value = "3300uF/16V"; VariantName = "[No Variations]"
Change component parameters: Designator = "C26" ("C26"); Footprint = "C_0603_1608Metric"; UniqueID = "\KGNIYDUR\EGCFOLVA" ("\KGNIYDUR\EGCFOLVA")
Change component parameters (AddParameter): Name = "MF"; Value = "YAGEO"; VariantName = "[No Variations]"
Change component parameters (AddParameter): Name = "MP"; Value = "CC0603KRX7R9BB104"; VariantName = "[No Variations]"
Change component parameters (AddParameter): Name = "OZD"; Value = "CC0603KRX7R9BB104"; VariantName = "[No Variations]"
Change component parameters (AddParameter): Name = "Package"; Value = "C_0603"; VariantName = "[No Variations]"
Change component parameters (AddParameter): Name = "Value"; Value = "100nF"; VariantName = "[No Variations]"
Change component parameters: Designator = "C27" ("C27"); Footprint = "C_0603_1608Metric"; UniqueID = "\KGNIYDUR\RCCPZJUW" ("\KGNIYDUR\RCCPZJUW")
Change component parameters (AddParameter): Name = "MF"; Value = "YAGEO"; VariantName = "[No Variations]"
Change component parameters (AddParameter): Name = "MP"; Value = "CC0603KRX7R9BB104"; VariantName = "[No Variations]"
Change component parameters (AddParameter): Name = "OZD"; Value = "CC0603KRX7R9BB104"; VariantName = "[No Variations]"
Change component parameters (AddParameter): Name = "Package"; Value = "C_0603"; VariantName = "[No Variations]"
Change component parameters (AddParameter): Name = "Value"; Value = "100nF"; VariantName = "[No Variations]"
Change component parameters: Designator = "C28" ("C28"); Footprint = "C_0603_1608Metric"; UniqueID = "\KGNIYDUR\KVTYILER" ("\KGNIYDUR\KVTYILER")
Change component parameters (AddParameter): Name = "MF"; Value = "YAGEO"; VariantName = "[No Variations]"
Change component parameters (AddParameter): Name = "MP"; Value = "CC0603KRX7R9BB104"; VariantName = "[No Variations]"
Change component parameters (AddParameter): Name = "OZD"; Value = "CC0603KRX7R9BB104"; VariantName = "[No Variations]"
Change component parameters (AddParameter): Name = "Package"; Value = "C_0603"; VariantName = "[No Variations]"
Change component parameters (AddParameter): Name = "Value"; Value = "100nF"; VariantName = "[No Variations]"
Change component parameters: Designator = "C29" ("C29"); Footprint = "C_0603_1608Metric"; UniqueID = "\KGNIYDUR\LEUZNHGE" ("\KGNIYDUR\LEUZNHGE")
Change component parameters (AddParameter): Name = "MF"; Value = "YAGEO"; VariantName = "[No Variations]"
Change component parameters (AddParameter): Name = "MP"; Value = "CC0603KRX7R9BB104"; VariantName = "[No Variations]"
Change component parameters (AddParameter): Name = "OZD"; Value = "CC0603KRX7R9BB104"; VariantName = "[No Variations]"
Change component parameters (AddParameter): Name = "Package"; Value = "C_0603"; VariantName = "[No Variations]"
Change component parameters (AddParameter): Name = "Value"; Value = "100nF"; VariantName = "[No Variations]"
Change component parameters: Designator = "C30" ("C30"); Footprint = "C_0603_1608Metric"; UniqueID = "\KGNIYDUR\UHCQELKV" ("\KGNIYDUR\UHCQELKV")
Change component parameters (AddParameter): Name = "MF"; Value = "YAGEO"; VariantName = "[No Variations]"
Change component parameters (AddParameter): Name = "MP"; Value = "CC0603KRX7R9BB104"; VariantName = "[No Variations]"
Change component parameters (AddParameter): Name = "OZD"; Value = "CC0603KRX7R9BB104"; VariantName = "[No Variations]"
Change component parameters (AddParameter): Name = "Package"; Value = "C_0603"; VariantName = "[No Variations]"
Change component parameters (AddParameter): Name = "Value"; Value = "100nF"; VariantName = "[No Variations]"
Change component parameters: Designator = "C31" ("C31"); Footprint = "C_0603_1608Metric"; UniqueID = "\KGNIYDUR\KAPEVYQU" ("\KGNIYDUR\KAPEVYQU")
Change component parameters (AddParameter): Name = "MF"; Value = "YAGEO"; VariantName = "[No Variations]"
Change component parameters (AddParameter): Name = "MP"; Value = "CC0603KRX7R9BB104"; VariantName = "[No Variations]"
Change component parameters (AddParameter): Name = "OZD"; Value = "CC0603KRX7R9BB104"; VariantName = "[No Variations]"
Change component parameters (AddParameter): Name = "Package"; Value = "C_0603"; VariantName = "[No Variations]"
Change component parameters (AddParameter): Name = "Value"; Value = "100nF"; VariantName = "[No Variations]"
Change component parameters: Designator = "C32" ("C32"); Footprint = "C_0603_1608Metric"; UniqueID = "\KGNIYDUR\AWGFXNLF" ("\KGNIYDUR\AWGFXNLF")
Change component parameters (AddParameter): Name = "MF"; Value = "YAGEO"; VariantName = "[No Variations]"
Change component parameters (AddParameter): Name = "MP"; Value = "CC0603KRX7R9BB104"; VariantName = "[No Variations]"
Change component parameters (AddParameter): Name = "OZD"; Value = "CC0603KRX7R9BB104"; VariantName = "[No Variations]"
Change component parameters (AddParameter): Name = "Package"; Value = "C_0603"; VariantName = "[No Variations]"
Change component parameters (AddParameter): Name = "Value"; Value = "100nF"; VariantName = "[No Variations]"
Change component parameters: Designator = "C35" ("C35"); Footprint = "C_0603_1608Metric"; UniqueID = "\UIZZJUNM\HXRTVRPA" ("\UIZZJUNM\HXRTVRPA")
Change component parameters (AddParameter): Name = "MF"; Value = "YAGEO"; VariantName = "[No Variations]"
Change component parameters (AddParameter): Name = "MP"; Value = "CC0603KRX7R9BB104"; VariantName = "[No Variations]"
Change component parameters (AddParameter): Name = "OZD"; Value = "CC0603KRX7R9BB104"; VariantName = "[No Variations]"
Change component parameters (AddParameter): Name = "Package"; Value = "C0603"; VariantName = "[No Variations]"
Change component parameters (AddParameter): Name = "Value"; Value = "100nF"; VariantName = "[No Variations]"
Change component parameters: Designator = "C36" ("C36"); Footprint = "C_0603_1608Metric"; UniqueID = "\UIZZJUNM\TITKFHRV" ("\UIZZJUNM\TITKFHRV")
Change component parameters (AddParameter): Name = "MF"; Value = "YAGEO"; VariantName = "[No Variations]"
Change component parameters (AddParameter): Name = "MP"; Value = "CC0603KRX7R9BB104"; VariantName = "[No Variations]"
Change component parameters (AddParameter): Name = "OZD"; Value = "CC0603KRX7R9BB104"; VariantName = "[No Variations]"
Change component parameters (AddParameter): Name = "Package"; Value = "C0603"; VariantName = "[No Variations]"
Change component parameters (AddParameter): Name = "Value"; Value = "100nF"; VariantName = "[No Variations]"
Change component parameters: Designator = "C37" ("C37"); Footprint = "C_0603_1608Metric"; UniqueID = "\KGNIYDUR\ZLRTOZAR" ("\KGNIYDUR\ZLRTOZAR")
Change component parameters (AddParameter): Name = "MF"; Value = "YAGEO"; VariantName = "[No Variations]"
Change component parameters (AddParameter): Name = "MP"; Value = "CC0603KRX7R9BB104"; VariantName = "[No Variations]"
Change component parameters (AddParameter): Name = "OZD"; Value = "CC0603KRX7R9BB104"; VariantName = "[No Variations]"
Change component parameters (AddParameter): Name = "Package"; Value = "C_0603"; VariantName = "[No Variations]"
Change component parameters (AddParameter): Name = "Value"; Value = "100nF"; VariantName = "[No Variations]"
Change component parameters: Designator = "C38" ("C38"); Footprint = "C_0603_1608Metric"; UniqueID = "\KGNIYDUR\PNHUADFO" ("\KGNIYDUR\PNHUADFO")
Change component parameters (AddParameter): Name = "MF"; Value = "YAGEO"; VariantName = "[No Variations]"
Change component parameters (AddParameter): Name = "MP"; Value = "CC0603KRX7R9BB104"; VariantName = "[No Variations]"
Change component parameters (AddParameter): Name = "OZD"; Value = "CC0603KRX7R9BB104"; VariantName = "[No Variations]"
Change component parameters (AddParameter): Name = "Package"; Value = "C_0603"; VariantName = "[No Variations]"
Change component parameters (AddParameter): Name = "Value"; Value = "100nF"; VariantName = "[No Variations]"
Change component parameters: Designator = "C39" ("C39"); Footprint = "C_0603_1608Metric"; UniqueID = "\KGNIYDUR\XVQSDXBV" ("\KGNIYDUR\XVQSDXBV")
Change component parameters (AddParameter): Name = "MF"; Value = "YAGEO"; VariantName = "[No Variations]"
Change component parameters (AddParameter): Name = "MP"; Value = "CC0603KRX7R9BB104"; VariantName = "[No Variations]"
Change component parameters (AddParameter): Name = "OZD"; Value = "CC0603KRX7R9BB104"; VariantName = "[No Variations]"
Change component parameters (AddParameter): Name = "Package"; Value = "C_0603"; VariantName = "[No Variations]"
Change component parameters (AddParameter): Name = "Value"; Value = "100nF"; VariantName = "[No Variations]"
Change component parameters: Designator = "C40" ("C40"); Footprint = "C_0603_1608Metric"; UniqueID = "\KGNIYDUR\EOYXANNU" ("\KGNIYDUR\EOYXANNU")
Change component parameters (AddParameter): Name = "MF"; Value = "YAGEO"; VariantName = "[No Variations]"
Change component parameters (AddParameter): Name = "MP"; Value = "CC0603KRX7R9BB104"; VariantName = "[No Variations]"
Change component parameters (AddParameter): Name = "OZD"; Value = "CC0603KRX7R9BB104"; VariantName = "[No Variations]"
Change component parameters (AddParameter): Name = "Package"; Value = "C_0603"; VariantName = "[No Variations]"
Change component parameters (AddParameter): Name = "Value"; Value = "100nF"; VariantName = "[No Variations]"
Change component parameters: Designator = "C41" ("C41"); Footprint = "C_0603_1608Metric"; UniqueID = "\KGNIYDUR\JWAEZWPC" ("\KGNIYDUR\JWAEZWPC")
Change component parameters (AddParameter): Name = "MF"; Value = "YAGEO"; VariantName = "[No Variations]"
Change component parameters (AddParameter): Name = "MP"; Value = "CC0603KRX7R9BB104"; VariantName = "[No Variations]"
Change component parameters (AddParameter): Name = "OZD"; Value = "CC0603KRX7R9BB104"; VariantName = "[No Variations]"
Change component parameters (AddParameter): Name = "Package"; Value = "C_0603"; VariantName = "[No Variations]"
Change component parameters (AddParameter): Name = "Value"; Value = "100nF"; VariantName = "[No Variations]"
Change component parameters: Designator = "C42" ("C42"); Footprint = "C_0603_1608Metric"; UniqueID = "\KGNIYDUR\LELMLGAO" ("\KGNIYDUR\LELMLGAO")
Change component parameters (AddParameter): Name = "MF"; Value = "YAGEO"; VariantName = "[No Variations]"
Change component parameters (AddParameter): Name = "MP"; Value = "CC0603KRX7R9BB104"; VariantName = "[No Variations]"
Change component parameters (AddParameter): Name = "OZD"; Value = "CC0603KRX7R9BB104"; VariantName = "[No Variations]"
Change component parameters (AddParameter): Name = "Package"; Value = "C_0603"; VariantName = "[No Variations]"
Change component parameters (AddParameter): Name = "Value"; Value = "100nF"; VariantName = "[No Variations]"
Change component parameters: Designator = "C43" ("C43"); Footprint = "C_0603_1608Metric"; UniqueID = "\KGNIYDUR\PBAVRHKS" ("\KGNIYDUR\PBAVRHKS")
Change component parameters (AddParameter): Name = "MF"; Value = "YAGEO"; VariantName = "[No Variations]"
Change component parameters (AddParameter): Name = "MP"; Value = "CC0603KRX7R9BB104"; VariantName = "[No Variations]"
Change component parameters (AddParameter): Name = "OZD"; Value = "CC0603KRX7R9BB104"; VariantName = "[No Variations]"
Change component parameters (AddParameter): Name = "Package"; Value = "C_0603"; VariantName = "[No Variations]"
Change component parameters (AddParameter): Name = "Value"; Value = "100nF"; VariantName = "[No Variations]"
Change component parameters: Designator = "C44" ("C44"); Footprint = "C_0603_1608Metric"; UniqueID = "\KGNIYDUR\TZUSYZJD" ("\KGNIYDUR\TZUSYZJD")
Change component parameters (AddParameter): Name = "MF"; Value = "YAGEO"; VariantName = "[No Variations]"
Change component parameters (AddParameter): Name = "MP"; Value = "CC0603KRX7R9BB104"; VariantName = "[No Variations]"
Change component parameters (AddParameter): Name = "OZD"; Value = "CC0603KRX7R9BB104"; VariantName = "[No Variations]"
Change component parameters (AddParameter): Name = "Package"; Value = "C_0603"; VariantName = "[No Variations]"
Change component parameters (AddParameter): Name = "Value"; Value = "100nF"; VariantName = "[No Variations]"
Change component parameters: Designator = "C45" ("C45"); Footprint = "C_0603_1608Metric"; UniqueID = "\KGNIYDUR\HZGHHLTD" ("\KGNIYDUR\HZGHHLTD")
Change component parameters (AddParameter): Name = "MF"; Value = "YAGEO"; VariantName = "[No Variations]"
Change component parameters (AddParameter): Name = "MP"; Value = "CC0603KRX7R9BB104"; VariantName = "[No Variations]"
Change component parameters (AddParameter): Name = "OZD"; Value = "CC0603KRX7R9BB104"; VariantName = "[No Variations]"
Change component parameters (AddParameter): Name = "Package"; Value = "C_0603"; VariantName = "[No Variations]"
Change component parameters (AddParameter): Name = "Value"; Value = "100nF"; VariantName = "[No Variations]"
Change component parameters: Designator = "C46" ("C46"); Footprint = "C_0603_1608Metric"; UniqueID = "\KGNIYDUR\ZCMELANY" ("\KGNIYDUR\ZCMELANY")
Change component parameters (AddParameter): Name = "MF"; Value = "YAGEO"; VariantName = "[No Variations]"
Change component parameters (AddParameter): Name = "MP"; Value = "CC0603KRX7R9BB104"; VariantName = "[No Variations]"
Change component parameters (AddParameter): Name = "OZD"; Value = "CC0603KRX7R9BB104"; VariantName = "[No Variations]"
Change component parameters (AddParameter): Name = "Package"; Value = "C_0603"; VariantName = "[No Variations]"
Change component parameters (AddParameter): Name = "Value"; Value = "100nF"; VariantName = "[No Variations]"
Change component parameters: Designator = "C47" ("C47"); Footprint = "C_0603_1608Metric"; UniqueID = "\KGNIYDUR\KMQZKGKC" ("\KGNIYDUR\KMQZKGKC")
Change component parameters (AddParameter): Name = "MF"; Value = "YAGEO"; VariantName = "[No Variations]"
Change component parameters (AddParameter): Name = "MP"; Value = "CC0603KRX7R9BB104"; VariantName = "[No Variations]"
Change component parameters (AddParameter): Name = "OZD"; Value = "CC0603KRX7R9BB104"; VariantName = "[No Variations]"
Change component parameters (AddParameter): Name = "Package"; Value = "C_0603"; VariantName = "[No Variations]"
Change component parameters (AddParameter): Name = "Value"; Value = "100nF"; VariantName = "[No Variations]"
Change component parameters: Designator = "C48" ("C48"); Footprint = "C_0603_1608Metric"; UniqueID = "\KGNIYDUR\EQYJZMJQ" ("\KGNIYDUR\EQYJZMJQ")
Change component parameters (AddParameter): Name = "MF"; Value = "YAGEO"; VariantName = "[No Variations]"
Change component parameters (AddParameter): Name = "MP"; Value = "CC0603KRX7R9BB104"; VariantName = "[No Variations]"
Change component parameters (AddParameter): Name = "OZD"; Value = "CC0603KRX7R9BB104"; VariantName = "[No Variations]"
Change component parameters (AddParameter): Name = "Package"; Value = "C_0603"; VariantName = "[No Variations]"
Change component parameters (AddParameter): Name = "Value"; Value = "100nF"; VariantName = "[No Variations]"
Change component parameters: Designator = "C49" ("C49"); Footprint = "C_0603_1608Metric"; UniqueID = "\KGNIYDUR\BJFGEVQH" ("\KGNIYDUR\BJFGEVQH")
Change component parameters (AddParameter): Name = "MF"; Value = "YAGEO"; VariantName = "[No Variations]"
Change component parameters (AddParameter): Name = "MP"; Value = "CC0603KRX7R9BB104"; VariantName = "[No Variations]"
Change component parameters (AddParameter): Name = "OZD"; Value = "CC0603KRX7R9BB104"; VariantName = "[No Variations]"
Change component parameters (AddParameter): Name = "Package"; Value = "C_0603"; VariantName = "[No Variations]"
Change component parameters (AddParameter): Name = "Value"; Value = "100nF"; VariantName = "[No Variations]"
Change component parameters: Designator = "C50" ("C50"); Footprint = "C_0603_1608Metric"; UniqueID = "\KGNIYDUR\OORTMEGP" ("\KGNIYDUR\OORTMEGP")
Change component parameters (AddParameter): Name = "MF"; Value = "YAGEO"; VariantName = "[No Variations]"
Change component parameters (AddParameter): Name = "MP"; Value = "CC0603KRX7R9BB104"; VariantName = "[No Variations]"
Change component parameters (AddParameter): Name = "OZD"; Value = "CC0603KRX7R9BB104"; VariantName = "[No Variations]"
Change component parameters (AddParameter): Name = "Package"; Value = "C_0603"; VariantName = "[No Variations]"
Change component parameters (AddParameter): Name = "Value"; Value = "100nF"; VariantName = "[No Variations]"
Change component parameters: Designator = "C51" ("C51"); Footprint = "C_0603_1608Metric"; UniqueID = "\KGNIYDUR\XIEXPSDQ" ("\KGNIYDUR\XIEXPSDQ")
Change component parameters (AddParameter): Name = "MF"; Value = "YAGEO"; VariantName = "[No Variations]"
Change component parameters (AddParameter): Name = "MP"; Value = "CC0603KRX7R9BB104"; VariantName = "[No Variations]"
Change component parameters (AddParameter): Name = "OZD"; Value = "CC0603KRX7R9BB104"; VariantName = "[No Variations]"
Change component parameters (AddParameter): Name = "Package"; Value = "C_0603"; VariantName = "[No Variations]"
Change component parameters (AddParameter): Name = "Value"; Value = "100nF"; VariantName = "[No Variations]"
Change component parameters: Designator = "C52" ("C52"); Footprint = "C_0603_1608Metric"; UniqueID = "\KGNIYDUR\FAXUXUFO" ("\KGNIYDUR\FAXUXUFO")
Change component parameters (AddParameter): Name = "MF"; Value = "YAGEO"; VariantName = "[No Variations]"
Change component parameters (AddParameter): Name = "MP"; Value = "CC0603KRX7R9BB104"; VariantName = "[No Variations]"
Change component parameters (AddParameter): Name = "OZD"; Value = "CC0603KRX7R9BB104"; VariantName = "[No Variations]"
Change component parameters (AddParameter): Name = "Package"; Value = "C_0603"; VariantName = "[No Variations]"
Change component parameters (AddParameter): Name = "Value"; Value = "100nF"; VariantName = "[No Variations]"
Change component parameters: Designator = "C53" ("C53"); Footprint = "C_0603_1608Metric"; UniqueID = "\KGNIYDUR\EHIZESNE" ("\KGNIYDUR\EHIZESNE")
Change component parameters (AddParameter): Name = "MF"; Value = "YAGEO"; VariantName = "[No Variations]"
Change component parameters (AddParameter): Name = "MP"; Value = "CC0603KRX7R9BB104"; VariantName = "[No Variations]"
Change component parameters (AddParameter): Name = "OZD"; Value = "CC0603KRX7R9BB104"; VariantName = "[No Variations]"
Change component parameters (AddParameter): Name = "Package"; Value = "C_0603"; VariantName = "[No Variations]"
Change component parameters (AddParameter): Name = "Value"; Value = "100nF"; VariantName = "[No Variations]"
Change component parameters: Designator = "C54" ("C54"); Footprint = "C_0603_1608Metric"; UniqueID = "\KGNIYDUR\IAIOYTNW" ("\KGNIYDUR\IAIOYTNW")
Change component parameters (AddParameter): Name = "MF"; Value = "YAGEO"; VariantName = "[No Variations]"
Change component parameters (AddParameter): Name = "MP"; Value = "CC0603KRX7R9BB104"; VariantName = "[No Variations]"
Change component parameters (AddParameter): Name = "OZD"; Value = "CC0603KRX7R9BB104"; VariantName = "[No Variations]"
Change component parameters (AddParameter): Name = "Package"; Value = "C_0603"; VariantName = "[No Variations]"
Change component parameters (AddParameter): Name = "Value"; Value = "100nF"; VariantName = "[No Variations]"
Change component parameters: Designator = "C55" ("C55"); Footprint = "C_0603_1608Metric"; UniqueID = "\KGNIYDUR\LKJXXMQF" ("\KGNIYDUR\LKJXXMQF")
Change component parameters (AddParameter): Name = "MF"; Value = "YAGEO"; VariantName = "[No Variations]"
Change component parameters (AddParameter): Name = "MP"; Value = "CC0603KRX7R9BB104"; VariantName = "[No Variations]"
Change component parameters (AddParameter): Name = "OZD"; Value = "CC0603KRX7R9BB104"; VariantName = "[No Variations]"
Change component parameters (AddParameter): Name = "Package"; Value = "C_0603"; VariantName = "[No Variations]"
Change component parameters (AddParameter): Name = "Value"; Value = "100nF"; VariantName = "[No Variations]"
Change component parameters: Designator = "C56" ("C56"); Footprint = "C_0603_1608Metric"; UniqueID = "\KGNIYDUR\VVFBSPHZ" ("\KGNIYDUR\VVFBSPHZ")
Change component parameters (AddParameter): Name = "MF"; Value = "YAGEO"; VariantName = "[No Variations]"
Change component parameters (AddParameter): Name = "MP"; Value = "CC0603KRX7R9BB104"; VariantName = "[No Variations]"
Change component parameters (AddParameter): Name = "OZD"; Value = "CC0603KRX7R9BB104"; VariantName = "[No Variations]"
Change component parameters (AddParameter): Name = "Package"; Value = "C_0603"; VariantName = "[No Variations]"
Change component parameters (AddParameter): Name = "Value"; Value = "100nF"; VariantName = "[No Variations]"
Change component parameters: Designator = "C57" ("C57"); Footprint = "C_0603_1608Metric"; UniqueID = "\KGNIYDUR\MTICVUHW" ("\KGNIYDUR\MTICVUHW")
Change component parameters (AddParameter): Name = "MF"; Value = "YAGEO"; VariantName = "[No Variations]"
Change component parameters (AddParameter): Name = "MP"; Value = "CC0603KRX7R9BB104"; VariantName = "[No Variations]"
Change component parameters (AddParameter): Name = "OZD"; Value = "CC0603KRX7R9BB104"; VariantName = "[No Variations]"
Change component parameters (AddParameter): Name = "Package"; Value = "C_0603"; VariantName = "[No Variations]"
Change component parameters (AddParameter): Name = "Value"; Value = "100nF"; VariantName = "[No Variations]"
Change component parameters: Designator = "C58" ("C58"); Footprint = "C_0603_1608Metric"; UniqueID = "\KGNIYDUR\FUVOILRV" ("\KGNIYDUR\FUVOILRV")
Change component parameters (AddParameter): Name = "MF"; Value = "YAGEO"; VariantName = "[No Variations]"
Change component parameters (AddParameter): Name = "MP"; Value = "CC0603KRX7R9BB104"; VariantName = "[No Variations]"
Change component parameters (AddParameter): Name = "OZD"; Value = "CC0603KRX7R9BB104"; VariantName = "[No Variations]"
Change component parameters (AddParameter): Name = "Package"; Value = "C_0603"; VariantName = "[No Variations]"
Change component parameters (AddParameter): Name = "Value"; Value = "100nF"; VariantName = "[No Variations]"
Change component parameters: Designator = "C59" ("C59"); Footprint = "C_0603_1608Metric"; UniqueID = "\KGNIYDUR\ELVTZHRX" ("\KGNIYDUR\ELVTZHRX")
Change component parameters (AddParameter): Name = "MF"; Value = "YAGEO"; VariantName = "[No Variations]"
Change component parameters (AddParameter): Name = "MP"; Value = "CC0603KRX7R9BB104"; VariantName = "[No Variations]"
Change component parameters (AddParameter): Name = "OZD"; Value = "CC0603KRX7R9BB104"; VariantName = "[No Variations]"
Change component parameters (AddParameter): Name = "Package"; Value = "C_0603"; VariantName = "[No Variations]"
Change component parameters (AddParameter): Name = "Value"; Value = "100nF"; VariantName = "[No Variations]"
Change component parameters: Designator = "C60" ("C60"); Footprint = "C_0603_1608Metric"; UniqueID = "\KGNIYDUR\BDVTEZOI" ("\KGNIYDUR\BDVTEZOI")
Change component parameters (AddParameter): Name = "MF"; Value = "YAGEO"; VariantName = "[No Variations]"
Change component parameters (AddParameter): Name = "MP"; Value = "CC0603KRX7R9BB104"; VariantName = "[No Variations]"
Change component parameters (AddParameter): Name = "OZD"; Value = "CC0603KRX7R9BB104"; VariantName = "[No Variations]"
Change component parameters (AddParameter): Name = "Package"; Value = "C_0603"; VariantName = "[No Variations]"
Change component parameters (AddParameter): Name = "Value"; Value = "100nF"; VariantName = "[No Variations]"
Change component parameters: Designator = "C61" ("C61"); Footprint = "C_0603_1608Metric"; UniqueID = "\KGNIYDUR\TPKKXTCS" ("\KGNIYDUR\TPKKXTCS")
Change component parameters (AddParameter): Name = "MF"; Value = "YAGEO"; VariantName = "[No Variations]"
Change component parameters (AddParameter): Name = "MP"; Value = "CC0603KRX7R9BB104"; VariantName = "[No Variations]"
Change component parameters (AddParameter): Name = "OZD"; Value = "CC0603KRX7R9BB104"; VariantName = "[No Variations]"
Change component parameters (AddParameter): Name = "Package"; Value = "C_0603"; VariantName = "[No Variations]"
Change component parameters (AddParameter): Name = "Value"; Value = "100nF"; VariantName = "[No Variations]"
Change component parameters: Designator = "C62" ("C62"); Footprint = "C_0603_1608Metric"; UniqueID = "\UIZZJUNM\BXCOTTVS" ("\UIZZJUNM\BXCOTTVS")
Change component parameters (AddParameter): Name = "MF"; Value = "YAGEO"; VariantName = "[No Variations]"
Change component parameters (AddParameter): Name = "MP"; Value = "CC0603KRX7R9BB104"; VariantName = "[No Variations]"
Change component parameters (AddParameter): Name = "OZD"; Value = "CC0603KRX7R9BB104"; VariantName = "[No Variations]"
Change component parameters (AddParameter): Name = "Package"; Value = "C0603"; VariantName = "[No Variations]"
Change component parameters (AddParameter): Name = "Value"; Value = "100nF"; VariantName = "[No Variations]"
Change component parameters: Designator = "C63" ("C63"); Footprint = "C_0603_1608Metric"; UniqueID = "\UIZZJUNM\YWLSKRQY" ("\UIZZJUNM\YWLSKRQY")
Change component parameters (AddParameter): Name = "MF"; Value = "YAGEO"; VariantName = "[No Variations]"
Change component parameters (AddParameter): Name = "MP"; Value = "CC0603KRX7R9BB104"; VariantName = "[No Variations]"
Change component parameters (AddParameter): Name = "OZD"; Value = "CC0603KRX7R9BB104"; VariantName = "[No Variations]"
Change component parameters (AddParameter): Name = "Package"; Value = "C0603"; VariantName = "[No Variations]"
Change component parameters (AddParameter): Name = "Value"; Value = "100nF"; VariantName = "[No Variations]"
Change component parameters: Designator = "H5" ("H5"); Footprint = "MountingHole_3mm"; UniqueID = "\BWXGXJYW" ("\BWXGXJYW")
Change component parameters (AddParameter): Name = "Value"; Value = "MountingHole"; VariantName = "[No Variations]"
Change component parameters: Designator = "H6" ("H6"); Footprint = "MountingHole_3mm"; UniqueID = "\GIMWZDPL" ("\GIMWZDPL")
Change component parameters (AddParameter): Name = "Value"; Value = "MountingHole"; VariantName = "[No Variations]"
Change component parameters: Designator = "H7" ("H7"); Footprint = "MountingHole_3mm"; UniqueID = "\RDWWJNNQ" ("\RDWWJNNQ")
Change component parameters (AddParameter): Name = "Value"; Value = "MountingHole"; VariantName = "[No Variations]"
Change component parameters: Designator = "H8" ("H8"); Footprint = "MountingHole_3mm"; UniqueID = "\AXEODYJR" ("\AXEODYJR")
Change component parameters (AddParameter): Name = "Value"; Value = "MountingHole"; VariantName = "[No Variations]"
Change component parameters: Designator = "J10" ("J10"); Footprint = "PinHeader_1x04_P2.54mm_Vertical"; UniqueID = "\KVQQCYYR" ("\KVQQCYYR")
Change component parameters (AddParameter): Name = "Value"; Value = "Conn_01x04"; VariantName = "[No Variations]"
Change component parameters: Designator = "R84" ("R84"); Footprint = "R_0603_1608Metric"; UniqueID = "\UGHKJHYC" ("\UGHKJHYC")
Change component parameters (AddParameter): Name = "MF"; Value = "FOJAN"; VariantName = "[No Variations]"
Change component parameters (AddParameter): Name = "MP"; Value = "FRC0603J103TS"; VariantName = "[No Variations]"
Change component parameters (AddParameter): Name = "Package"; Value = "R_0603"; VariantName = "[No Variations]"
Change component parameters (AddParameter): Name = "Value"; Value = "10K"; VariantName = "[No Variations]"
Change component parameters: Designator = "R85" ("R85"); Footprint = "R_0603_1608Metric"; UniqueID = "\MSZLOPTI" ("\MSZLOPTI")
Change component parameters (AddParameter): Name = "MF"; Value = "FOJAN"; VariantName = "[No Variations]"
Change component parameters (AddParameter): Name = "MP"; Value = "FRC0603J103TS"; VariantName = "[No Variations]"
Change component parameters (AddParameter): Name = "Package"; Value = "R_0603"; VariantName = "[No Variations]"
Change component parameters (AddParameter): Name = "Value"; Value = "10K"; VariantName = "[No Variations]"
Change component parameters: Designator = "R87" ("R87"); Footprint = "R_0603_1608Metric"; UniqueID = "\IHMRZXIA" ("\IHMRZXIA")
Change component parameters (AddParameter): Name = "MF"; Value = "YAGEO"; VariantName = "[No Variations]"
Change component parameters (AddParameter): Name = "MP"; Value = "RC0603JR-0733RL"; VariantName = "[No Variations]"
Change component parameters (AddParameter): Name = "OZD"; Value = "RC0603JR-0733RL"; VariantName = "[No Variations]"
Change component parameters (AddParameter): Name = "Package"; Value = "R_0603"; VariantName = "[No Variations]"
Change component parameters (AddParameter): Name = "Value"; Value = "33R"; VariantName = "[No Variations]"
Change component parameters: Designator = "R88" ("R88"); Footprint = "R_0603_1608Metric"; UniqueID = "\RINNQSAM" ("\RINNQSAM")
Change component parameters (AddParameter): Name = "MF"; Value = "YAGEO"; VariantName = "[No Variations]"
Change component parameters (AddParameter): Name = "MP"; Value = "RC0603JR-0733RL"; VariantName = "[No Variations]"
Change component parameters (AddParameter): Name = "OZD"; Value = "RC0603JR-0733RL"; VariantName = "[No Variations]"
Change component parameters (AddParameter): Name = "Package"; Value = "R_0603"; VariantName = "[No Variations]"
Change component parameters (AddParameter): Name = "Value"; Value = "33R"; VariantName = "[No Variations]"
Change component parameters: Designator = "R89" ("R89"); Footprint = "R_0603_1608Metric"; UniqueID = "\ZRIHPNAB" ("\ZRIHPNAB")
Change component parameters (AddParameter): Name = "MF"; Value = "YAGEO"; VariantName = "[No Variations]"
Change component parameters (AddParameter): Name = "MP"; Value = "RC0603JR-0733RL"; VariantName = "[No Variations]"
Change component parameters (AddParameter): Name = "OZD"; Value = "RC0603JR-0733RL"; VariantName = "[No Variations]"
Change component parameters (AddParameter): Name = "Package"; Value = "R_0603"; VariantName = "[No Variations]"
Change component parameters (AddParameter): Name = "Value"; Value = "33R"; VariantName = "[No Variations]"
Change component parameters: Designator = "R90" ("R90"); Footprint = "R_0603_1608Metric"; UniqueID = "\KCESSSXM" ("\KCESSSXM")
Change component parameters (AddParameter): Name = "MF"; Value = "YAGEO"; VariantName = "[No Variations]"
Change component parameters (AddParameter): Name = "MP"; Value = "RC0603JR-0733RL"; VariantName = "[No Variations]"
Change component parameters (AddParameter): Name = "OZD"; Value = "RC0603JR-0733RL"; VariantName = "[No Variations]"
Change component parameters (AddParameter): Name = "Package"; Value = "R_0603"; VariantName = "[No Variations]"
Change component parameters (AddParameter): Name = "Value"; Value = "33R"; VariantName = "[No Variations]"
Change component parameters: Designator = "R91" ("R91"); Footprint = "R_0603_1608Metric"; UniqueID = "\KGNIYDUR\NHFGRRLN" ("\KGNIYDUR\NHFGRRLN")
Change component parameters (AddParameter): Name = "MF"; Value = "YAGEO"; VariantName = "[No Variations]"
Change component parameters (AddParameter): Name = "MP"; Value = "RC0603JR-071KL"; VariantName = "[No Variations]"
Change component parameters (AddParameter): Name = "OZD"; Value = "RC0603JR-071KL"; VariantName = "[No Variations]"
Change component parameters (AddParameter): Name = "Package"; Value = "R_0603"; VariantName = "[No Variations]"
Change component parameters (AddParameter): Name = "Value"; Value = "1K"; VariantName = "[No Variations]"
Change component parameters: Designator = "R92" ("R92"); Footprint = "R_0603_1608Metric"; UniqueID = "\KGNIYDUR\XLKNSYHY" ("\KGNIYDUR\XLKNSYHY")
Change component parameters (AddParameter): Name = "MF"; Value = "YAGEO"; VariantName = "[No Variations]"
Change component parameters (AddParameter): Name = "MP"; Value = "RC0603JR-071KL"; VariantName = "[No Variations]"
Change component parameters (AddParameter): Name = "OZD"; Value = "RC0603JR-071KL"; VariantName = "[No Variations]"
Change component parameters (AddParameter): Name = "Package"; Value = "R_0603"; VariantName = "[No Variations]"
Change component parameters (AddParameter): Name = "Value"; Value = "1K"; VariantName = "[No Variations]"
Change component parameters: Designator = "R93" ("R93"); Footprint = "R_0603_1608Metric"; UniqueID = "\KGNIYDUR\LHUTNZFL" ("\KGNIYDUR\LHUTNZFL")
Change component parameters (AddParameter): Name = "MF"; Value = "YAGEO"; VariantName = "[No Variations]"
Change component parameters (AddParameter): Name = "MP"; Value = "RC0603JR-071KL"; VariantName = "[No Variations]"
Change component parameters (AddParameter): Name = "OZD"; Value = "RC0603JR-071KL"; VariantName = "[No Variations]"
Change component parameters (AddParameter): Name = "Package"; Value = "R_0603"; VariantName = "[No Variations]"
Change component parameters (AddParameter): Name = "Value"; Value = "1K"; VariantName = "[No Variations]"
Change component parameters: Designator = "R94" ("R94"); Footprint = "R_0603_1608Metric"; UniqueID = "\KGNIYDUR\XUGOVKSW" ("\KGNIYDUR\XUGOVKSW")
Change component parameters (AddParameter): Name = "MF"; Value = "YAGEO"; VariantName = "[No Variations]"
Change component parameters (AddParameter): Name = "MP"; Value = "RC0603JR-071KL"; VariantName = "[No Variations]"
Change component parameters (AddParameter): Name = "OZD"; Value = "RC0603JR-071KL"; VariantName = "[No Variations]"
Change component parameters (AddParameter): Name = "Package"; Value = "R_0603"; VariantName = "[No Variations]"
Change component parameters (AddParameter): Name = "Value"; Value = "1K"; VariantName = "[No Variations]"
Change component parameters: Designator = "R95" ("R95"); Footprint = "R_0603_1608Metric"; UniqueID = "\KGNIYDUR\BUWFRNBZ" ("\KGNIYDUR\BUWFRNBZ")
Change component parameters (AddParameter): Name = "MF"; Value = "FOJAN"; VariantName = "[No Variations]"
Change component parameters (AddParameter): Name = "MP"; Value = "FRC0603J103TS"; VariantName = "[No Variations]"
Change component parameters (AddParameter): Name = "Package"; Value = "R_0603"; VariantName = "[No Variations]"
Change component parameters (AddParameter): Name = "Value"; Value = "10K"; VariantName = "[No Variations]"
Change component parameters: Designator = "R96" ("R96"); Footprint = "R_0603_1608Metric"; UniqueID = "\KGNIYDUR\QIQWFEOK" ("\KGNIYDUR\QIQWFEOK")
Change component parameters (AddParameter): Name = "MF"; Value = "FOJAN"; VariantName = "[No Variations]"
Change component parameters (AddParameter): Name = "MP"; Value = "FRC0603J103TS"; VariantName = "[No Variations]"
Change component parameters (AddParameter): Name = "Package"; Value = "R_0603"; VariantName = "[No Variations]"
Change component parameters (AddParameter): Name = "Value"; Value = "10K"; VariantName = "[No Variations]"
Change component parameters: Designator = "R97" ("R97"); Footprint = "R_0603_1608Metric"; UniqueID = "\KGNIYDUR\HDYBJKAQ" ("\KGNIYDUR\HDYBJKAQ")
Change component parameters (AddParameter): Name = "MF"; Value = "FOJAN"; VariantName = "[No Variations]"
Change component parameters (AddParameter): Name = "MP"; Value = "FRC0603J103TS"; VariantName = "[No Variations]"
Change component parameters (AddParameter): Name = "Package"; Value = "R_0603"; VariantName = "[No Variations]"
Change component parameters (AddParameter): Name = "Value"; Value = "10K"; VariantName = "[No Variations]"
Change component parameters: Designator = "R98" ("R98"); Footprint = "R_0603_1608Metric"; UniqueID = "\KGNIYDUR\MYOFRVMV" ("\KGNIYDUR\MYOFRVMV")
Change component parameters (AddParameter): Name = "MF"; Value = "FOJAN"; VariantName = "[No Variations]"
Change component parameters (AddParameter): Name = "MP"; Value = "FRC0603J103TS"; VariantName = "[No Variations]"
Change component parameters (AddParameter): Name = "Package"; Value = "R_0603"; VariantName = "[No Variations]"
Change component parameters (AddParameter): Name = "Value"; Value = "10K"; VariantName = "[No Variations]"
Change component parameters: Designator = "R99" ("R99"); Footprint = "R_0603_1608Metric"; UniqueID = "\KGNIYDUR\PKNGSRNR" ("\KGNIYDUR\PKNGSRNR")
Change component parameters (AddParameter): Name = "MF"; Value = "YAGEO"; VariantName = "[No Variations]"
Change component parameters (AddParameter): Name = "MP"; Value = "RC0603JR-071KL"; VariantName = "[No Variations]"
Change component parameters (AddParameter): Name = "OZD"; Value = "RC0603JR-071KL"; VariantName = "[No Variations]"
Change component parameters (AddParameter): Name = "Package"; Value = "R_0603"; VariantName = "[No Variations]"
Change component parameters (AddParameter): Name = "Value"; Value = "1K"; VariantName = "[No Variations]"
Change component parameters: Designator = "R100" ("R100"); Footprint = "R_0603_1608Metric"; UniqueID = "\KGNIYDUR\DDUPVDUX" ("\KGNIYDUR\DDUPVDUX")
Change component parameters (AddParameter): Name = "MF"; Value = "YAGEO"; VariantName = "[No Variations]"
Change component parameters (AddParameter): Name = "MP"; Value = "RC0603JR-071KL"; VariantName = "[No Variations]"
Change component parameters (AddParameter): Name = "OZD"; Value = "RC0603JR-071KL"; VariantName = "[No Variations]"
Change component parameters (AddParameter): Name = "Package"; Value = "R_0603"; VariantName = "[No Variations]"
Change component parameters (AddParameter): Name = "Value"; Value = "1K"; VariantName = "[No Variations]"
Change component parameters: Designator = "R101" ("R101"); Footprint = "R_0603_1608Metric"; UniqueID = "\KGNIYDUR\MOAZZLMU" ("\KGNIYDUR\MOAZZLMU")
Change component parameters (AddParameter): Name = "MF"; Value = "FOJAN"; VariantName = "[No Variations]"
Change component parameters (AddParameter): Name = "MP"; Value = "FRC0603J103TS"; VariantName = "[No Variations]"
Change component parameters (AddParameter): Name = "Package"; Value = "R_0603"; VariantName = "[No Variations]"
Change component parameters (AddParameter): Name = "Value"; Value = "10K"; VariantName = "[No Variations]"
Change component parameters: Designator = "R102" ("R102"); Footprint = "R_0603_1608Metric"; UniqueID = "\KGNIYDUR\ADEBCLEF" ("\KGNIYDUR\ADEBCLEF")
Change component parameters (AddParameter): Name = "MF"; Value = "FOJAN"; VariantName = "[No Variations]"
Change component parameters (AddParameter): Name = "MP"; Value = "FRC0603J103TS"; VariantName = "[No Variations]"
Change component parameters (AddParameter): Name = "Package"; Value = "R_0603"; VariantName = "[No Variations]"
Change component parameters (AddParameter): Name = "Value"; Value = "10K"; VariantName = "[No Variations]"
Change component parameters: Designator = "R103" ("R103"); Footprint = "R_0603_1608Metric"; UniqueID = "\KGNIYDUR\JZEDGFNY" ("\KGNIYDUR\JZEDGFNY")
Change component parameters (AddParameter): Name = "MF"; Value = "YAGEO"; VariantName = "[No Variations]"
Change component parameters (AddParameter): Name = "MP"; Value = "RC0603JR-071KL"; VariantName = "[No Variations]"
Change component parameters (AddParameter): Name = "OZD"; Value = "RC0603JR-071KL"; VariantName = "[No Variations]"
Change component parameters (AddParameter): Name = "Package"; Value = "R_0603"; VariantName = "[No Variations]"
Change component parameters (AddParameter): Name = "Value"; Value = "1K"; VariantName = "[No Variations]"
Change component parameters: Designator = "R104" ("R104"); Footprint = "R_0603_1608Metric"; UniqueID = "\KGNIYDUR\UCRLJHEB" ("\KGNIYDUR\UCRLJHEB")
Change component parameters (AddParameter): Name = "MF"; Value = "YAGEO"; VariantName = "[No Variations]"
Change component parameters (AddParameter): Name = "MP"; Value = "RC0603JR-071KL"; VariantName = "[No Variations]"
Change component parameters (AddParameter): Name = "OZD"; Value = "RC0603JR-071KL"; VariantName = "[No Variations]"
Change component parameters (AddParameter): Name = "Package"; Value = "R_0603"; VariantName = "[No Variations]"
Change component parameters (AddParameter): Name = "Value"; Value = "1K"; VariantName = "[No Variations]"
Change component parameters: Designator = "R105" ("R105"); Footprint = "R_0603_1608Metric"; UniqueID = "\KGNIYDUR\WVMVFKPD" ("\KGNIYDUR\WVMVFKPD")
Change component parameters (AddParameter): Name = "MF"; Value = "FOJAN"; VariantName = "[No Variations]"
Change component parameters (AddParameter): Name = "MP"; Value = "FRC0603J103TS"; VariantName = "[No Variations]"
Change component parameters (AddParameter): Name = "Package"; Value = "R_0603"; VariantName = "[No Variations]"
Change component parameters (AddParameter): Name = "Value"; Value = "10K"; VariantName = "[No Variations]"
Change component parameters: Designator = "R106" ("R106"); Footprint = "R_0603_1608Metric"; UniqueID = "\KGNIYDUR\SOXRHNCB" ("\KGNIYDUR\SOXRHNCB")
Change component parameters (AddParameter): Name = "MF"; Value = "FOJAN"; VariantName = "[No Variations]"
Change component parameters (AddParameter): Name = "MP"; Value = "FRC0603J103TS"; VariantName = "[No Variations]"
Change component parameters (AddParameter): Name = "Package"; Value = "R_0603"; VariantName = "[No Variations]"
Change component parameters (AddParameter): Name = "Value"; Value = "10K"; VariantName = "[No Variations]"
Change component parameters: Designator = "R107" ("R107"); Footprint = "R_0603_1608Metric"; UniqueID = "\KGNIYDUR\PLEJOYRS" ("\KGNIYDUR\PLEJOYRS")
Change component parameters (AddParameter): Name = "MF"; Value = "YAGEO"; VariantName = "[No Variations]"
Change component parameters (AddParameter): Name = "MP"; Value = "RC0603JR-071KL"; VariantName = "[No Variations]"
Change component parameters (AddParameter): Name = "OZD"; Value = "RC0603JR-071KL"; VariantName = "[No Variations]"
Change component parameters (AddParameter): Name = "Package"; Value = "R_0603"; VariantName = "[No Variations]"
Change component parameters (AddParameter): Name = "Value"; Value = "1K"; VariantName = "[No Variations]"
Change component parameters: Designator = "R108" ("R108"); Footprint = "R_0603_1608Metric"; UniqueID = "\KGNIYDUR\HMOZKEXP" ("\KGNIYDUR\HMOZKEXP")
Change component parameters (AddParameter): Name = "MF"; Value = "YAGEO"; VariantName = "[No Variations]"
Change component parameters (AddParameter): Name = "MP"; Value = "RC0603JR-071KL"; VariantName = "[No Variations]"
Change component parameters (AddParameter): Name = "OZD"; Value = "RC0603JR-071KL"; VariantName = "[No Variations]"
Change component parameters (AddParameter): Name = "Package"; Value = "R_0603"; VariantName = "[No Variations]"
Change component parameters (AddParameter): Name = "Value"; Value = "1K"; VariantName = "[No Variations]"
Change component parameters: Designator = "R109" ("R109"); Footprint = "R_0603_1608Metric"; UniqueID = "\KGNIYDUR\SJGGQQWO" ("\KGNIYDUR\SJGGQQWO")
Change component parameters (AddParameter): Name = "MF"; Value = "FOJAN"; VariantName = "[No Variations]"
Change component parameters (AddParameter): Name = "MP"; Value = "FRC0603J103TS"; VariantName = "[No Variations]"
Change component parameters (AddParameter): Name = "Package"; Value = "R_0603"; VariantName = "[No Variations]"
Change component parameters (AddParameter): Name = "Value"; Value = "10K"; VariantName = "[No Variations]"
Change component parameters: Designator = "R110" ("R110"); Footprint = "R_0603_1608Metric"; UniqueID = "\KGNIYDUR\CTINLTLW" ("\KGNIYDUR\CTINLTLW")
Change component parameters (AddParameter): Name = "MF"; Value = "FOJAN"; VariantName = "[No Variations]"
Change component parameters (AddParameter): Name = "MP"; Value = "FRC0603J103TS"; VariantName = "[No Variations]"
Change component parameters (AddParameter): Name = "Package"; Value = "R_0603"; VariantName = "[No Variations]"
Change component parameters (AddParameter): Name = "Value"; Value = "10K"; VariantName = "[No Variations]"
Change component parameters: Designator = "R111" ("R111"); Footprint = "R_0603_1608Metric"; UniqueID = "\KGNIYDUR\QXDLSBHJ" ("\KGNIYDUR\QXDLSBHJ")
Change component parameters (AddParameter): Name = "MF"; Value = "YAGEO"; VariantName = "[No Variations]"
Change component parameters (AddParameter): Name = "MP"; Value = "RC0603JR-071KL"; VariantName = "[No Variations]"
Change component parameters (AddParameter): Name = "OZD"; Value = "RC0603JR-071KL"; VariantName = "[No Variations]"
Change component parameters (AddParameter): Name = "Package"; Value = "R_0603"; VariantName = "[No Variations]"
Change component parameters (AddParameter): Name = "Value"; Value = "1K"; VariantName = "[No Variations]"
Change component parameters: Designator = "R112" ("R112"); Footprint = "R_0603_1608Metric"; UniqueID = "\KGNIYDUR\MXMOOBNW" ("\KGNIYDUR\MXMOOBNW")
Change component parameters (AddParameter): Name = "MF"; Value = "YAGEO"; VariantName = "[No Variations]"
Change component parameters (AddParameter): Name = "MP"; Value = "RC0603JR-071KL"; VariantName = "[No Variations]"
Change component parameters (AddParameter): Name = "OZD"; Value = "RC0603JR-071KL"; VariantName = "[No Variations]"
Change component parameters (AddParameter): Name = "Package"; Value = "R_0603"; VariantName = "[No Variations]"
Change component parameters (AddParameter): Name = "Value"; Value = "1K"; VariantName = "[No Variations]"
Change component parameters: Designator = "R113" ("R113"); Footprint = "R_0603_1608Metric"; UniqueID = "\KGNIYDUR\YEJARNPT" ("\KGNIYDUR\YEJARNPT")
Change component parameters (AddParameter): Name = "MF"; Value = "FOJAN"; VariantName = "[No Variations]"
Change component parameters (AddParameter): Name = "MP"; Value = "FRC0603J103TS"; VariantName = "[No Variations]"
Change component parameters (AddParameter): Name = "Package"; Value = "R_0603"; VariantName = "[No Variations]"
Change component parameters (AddParameter): Name = "Value"; Value = "10K"; VariantName = "[No Variations]"
Change component parameters: Designator = "R114" ("R114"); Footprint = "R_0603_1608Metric"; UniqueID = "\KGNIYDUR\JGQAXHLX" ("\KGNIYDUR\JGQAXHLX")
Change component parameters (AddParameter): Name = "MF"; Value = "FOJAN"; VariantName = "[No Variations]"
Change component parameters (AddParameter): Name = "MP"; Value = "FRC0603J103TS"; VariantName = "[No Variations]"
Change component parameters (AddParameter): Name = "Package"; Value = "R_0603"; VariantName = "[No Variations]"
Change component parameters (AddParameter): Name = "Value"; Value = "10K"; VariantName = "[No Variations]"
Change component parameters: Designator = "R115" ("R115"); Footprint = "R_0603_1608Metric"; UniqueID = "\KGNIYDUR\BWLLVNNI" ("\KGNIYDUR\BWLLVNNI")
Change component parameters (AddParameter): Name = "MF"; Value = "YAGEO"; VariantName = "[No Variations]"
Change component parameters (AddParameter): Name = "MP"; Value = "RC0603JR-071KL"; VariantName = "[No Variations]"
Change component parameters (AddParameter): Name = "OZD"; Value = "RC0603JR-071KL"; VariantName = "[No Variations]"
Change component parameters (AddParameter): Name = "Package"; Value = "R_0603"; VariantName = "[No Variations]"
Change component parameters (AddParameter): Name = "Value"; Value = "1K"; VariantName = "[No Variations]"
Change component parameters: Designator = "R116" ("R116"); Footprint = "R_0603_1608Metric"; UniqueID = "\KGNIYDUR\TYPRWZPS" ("\KGNIYDUR\TYPRWZPS")
Change component parameters (AddParameter): Name = "MF"; Value = "YAGEO"; VariantName = "[No Variations]"
Change component parameters (AddParameter): Name = "MP"; Value = "RC0603JR-071KL"; VariantName = "[No Variations]"
Change component parameters (AddParameter): Name = "OZD"; Value = "RC0603JR-071KL"; VariantName = "[No Variations]"
Change component parameters (AddParameter): Name = "Package"; Value = "R_0603"; VariantName = "[No Variations]"
Change component parameters (AddParameter): Name = "Value"; Value = "1K"; VariantName = "[No Variations]"
Change component parameters: Designator = "R117" ("R117"); Footprint = "R_0603_1608Metric"; UniqueID = "\KGNIYDUR\YOAHZUOR" ("\KGNIYDUR\YOAHZUOR")
Change component parameters (AddParameter): Name = "MF"; Value = "FOJAN"; VariantName = "[No Variations]"
Change component parameters (AddParameter): Name = "MP"; Value = "FRC0603J103TS"; VariantName = "[No Variations]"
Change component parameters (AddParameter): Name = "Package"; Value = "R_0603"; VariantName = "[No Variations]"
Change component parameters (AddParameter): Name = "Value"; Value = "10K"; VariantName = "[No Variations]"
Change component parameters: Designator = "R118" ("R118"); Footprint = "R_0603_1608Metric"; UniqueID = "\KGNIYDUR\SAZJEEIG" ("\KGNIYDUR\SAZJEEIG")
Change component parameters (AddParameter): Name = "MF"; Value = "FOJAN"; VariantName = "[No Variations]"
Change component parameters (AddParameter): Name = "MP"; Value = "FRC0603J103TS"; VariantName = "[No Variations]"
Change component parameters (AddParameter): Name = "Package"; Value = "R_0603"; VariantName = "[No Variations]"
Change component parameters (AddParameter): Name = "Value"; Value = "10K"; VariantName = "[No Variations]"
Change component parameters: Designator = "R119" ("R119"); Footprint = "R_0603_1608Metric"; UniqueID = "\KGNIYDUR\IZTZSUDJ" ("\KGNIYDUR\IZTZSUDJ")
Change component parameters (AddParameter): Name = "MF"; Value = "YAGEO"; VariantName = "[No Variations]"
Change component parameters (AddParameter): Name = "MP"; Value = "RC0603JR-071KL"; VariantName = "[No Variations]"
Change component parameters (AddParameter): Name = "OZD"; Value = "RC0603JR-071KL"; VariantName = "[No Variations]"
Change component parameters (AddParameter): Name = "Package"; Value = "R_0603"; VariantName = "[No Variations]"
Change component parameters (AddParameter): Name = "Value"; Value = "1K"; VariantName = "[No Variations]"
Change component parameters: Designator = "R120" ("R120"); Footprint = "R_0603_1608Metric"; UniqueID = "\KGNIYDUR\DBLOVQFS" ("\KGNIYDUR\DBLOVQFS")
Change component parameters (AddParameter): Name = "MF"; Value = "YAGEO"; VariantName = "[No Variations]"
Change component parameters (AddParameter): Name = "MP"; Value = "RC0603JR-071KL"; VariantName = "[No Variations]"
Change component parameters (AddParameter): Name = "OZD"; Value = "RC0603JR-071KL"; VariantName = "[No Variations]"
Change component parameters (AddParameter): Name = "Package"; Value = "R_0603"; VariantName = "[No Variations]"
Change component parameters (AddParameter): Name = "Value"; Value = "1K"; VariantName = "[No Variations]"
Change component parameters: Designator = "R121" ("R121"); Footprint = "R_0603_1608Metric"; UniqueID = "\KGNIYDUR\MPWLFTJU" ("\KGNIYDUR\MPWLFTJU")
Change component parameters (AddParameter): Name = "MF"; Value = "FOJAN"; VariantName = "[No Variations]"
Change component parameters (AddParameter): Name = "MP"; Value = "FRC0603J103TS"; VariantName = "[No Variations]"
Change component parameters (AddParameter): Name = "Package"; Value = "R_0603"; VariantName = "[No Variations]"
Change component parameters (AddParameter): Name = "Value"; Value = "10K"; VariantName = "[No Variations]"
Change component parameters: Designator = "R122" ("R122"); Footprint = "R_0603_1608Metric"; UniqueID = "\KGNIYDUR\SJLRSHIT" ("\KGNIYDUR\SJLRSHIT")
Change component parameters (AddParameter): Name = "MF"; Value = "FOJAN"; VariantName = "[No Variations]"
Change component parameters (AddParameter): Name = "MP"; Value = "FRC0603J103TS"; VariantName = "[No Variations]"
Change component parameters (AddParameter): Name = "Package"; Value = "R_0603"; VariantName = "[No Variations]"
Change component parameters (AddParameter): Name = "Value"; Value = "10K"; VariantName = "[No Variations]"
Change component parameters: Designator = "R123" ("R123"); Footprint = "R_0603_1608Metric"; UniqueID = "\KGNIYDUR\BEMZSWTO" ("\KGNIYDUR\BEMZSWTO")
Change component parameters (AddParameter): Name = "MF"; Value = "YAGEO"; VariantName = "[No Variations]"
Change component parameters (AddParameter): Name = "MP"; Value = "RC0603JR-071KL"; VariantName = "[No Variations]"
Change component parameters (AddParameter): Name = "OZD"; Value = "RC0603JR-071KL"; VariantName = "[No Variations]"
Change component parameters (AddParameter): Name = "Package"; Value = "R_0603"; VariantName = "[No Variations]"
Change component parameters (AddParameter): Name = "Value"; Value = "1K"; VariantName = "[No Variations]"
Change component parameters: Designator = "R124" ("R124"); Footprint = "R_0603_1608Metric"; UniqueID = "\KGNIYDUR\XJYXLLTL" ("\KGNIYDUR\XJYXLLTL")
Change component parameters (AddParameter): Name = "MF"; Value = "YAGEO"; VariantName = "[No Variations]"
Change component parameters (AddParameter): Name = "MP"; Value = "RC0603JR-071KL"; VariantName = "[No Variations]"
Change component parameters (AddParameter): Name = "OZD"; Value = "RC0603JR-071KL"; VariantName = "[No Variations]"
Change component parameters (AddParameter): Name = "Package"; Value = "R_0603"; VariantName = "[No Variations]"
Change component parameters (AddParameter): Name = "Value"; Value = "1K"; VariantName = "[No Variations]"
Change component parameters: Designator = "R125" ("R125"); Footprint = "R_0603_1608Metric"; UniqueID = "\KGNIYDUR\KBPCPOOD" ("\KGNIYDUR\KBPCPOOD")
Change component parameters (AddParameter): Name = "MF"; Value = "FOJAN"; VariantName = "[No Variations]"
Change component parameters (AddParameter): Name = "MP"; Value = "FRC0603J103TS"; VariantName = "[No Variations]"
Change component parameters (AddParameter): Name = "Package"; Value = "R_0603"; VariantName = "[No Variations]"
Change component parameters (AddParameter): Name = "Value"; Value = "10K"; VariantName = "[No Variations]"
Change component parameters: Designator = "R126" ("R126"); Footprint = "R_0603_1608Metric"; UniqueID = "\KGNIYDUR\HTSEKCRY" ("\KGNIYDUR\HTSEKCRY")
Change component parameters (AddParameter): Name = "MF"; Value = "FOJAN"; VariantName = "[No Variations]"
Change component parameters (AddParameter): Name = "MP"; Value = "FRC0603J103TS"; VariantName = "[No Variations]"
Change component parameters (AddParameter): Name = "Package"; Value = "R_0603"; VariantName = "[No Variations]"
Change component parameters (AddParameter): Name = "Value"; Value = "10K"; VariantName = "[No Variations]"
Change component parameters: Designator = "R127" ("R127"); Footprint = "R_0603_1608Metric"; UniqueID = "\KGNIYDUR\DOCZWTVJ" ("\KGNIYDUR\DOCZWTVJ")
Change component parameters (AddParameter): Name = "MF"; Value = "YAGEO"; VariantName = "[No Variations]"
Change component parameters (AddParameter): Name = "MP"; Value = "RC0603JR-071KL"; VariantName = "[No Variations]"
Change component parameters (AddParameter): Name = "OZD"; Value = "RC0603JR-071KL"; VariantName = "[No Variations]"
Change component parameters (AddParameter): Name = "Package"; Value = "R_0603"; VariantName = "[No Variations]"
Change component parameters (AddParameter): Name = "Value"; Value = "1K"; VariantName = "[No Variations]"
Change component parameters: Designator = "R128" ("R128"); Footprint = "R_0603_1608Metric"; UniqueID = "\KGNIYDUR\DOUNKPEL" ("\KGNIYDUR\DOUNKPEL")
Change component parameters (AddParameter): Name = "MF"; Value = "YAGEO"; VariantName = "[No Variations]"
Change component parameters (AddParameter): Name = "MP"; Value = "RC0603JR-071KL"; VariantName = "[No Variations]"
Change component parameters (AddParameter): Name = "OZD"; Value = "RC0603JR-071KL"; VariantName = "[No Variations]"
Change component parameters (AddParameter): Name = "Package"; Value = "R_0603"; VariantName = "[No Variations]"
Change component parameters (AddParameter): Name = "Value"; Value = "1K"; VariantName = "[No Variations]"
Change component parameters: Designator = "R129" ("R129"); Footprint = "R_0603_1608Metric"; UniqueID = "\KGNIYDUR\XXTIKHSI" ("\KGNIYDUR\XXTIKHSI")
Change component parameters (AddParameter): Name = "MF"; Value = "FOJAN"; VariantName = "[No Variations]"
Change component parameters (AddParameter): Name = "MP"; Value = "FRC0603J103TS"; VariantName = "[No Variations]"
Change component parameters (AddParameter): Name = "Package"; Value = "R_0603"; VariantName = "[No Variations]"
Change component parameters (AddParameter): Name = "Value"; Value = "10K"; VariantName = "[No Variations]"
Change component parameters: Designator = "R130" ("R130"); Footprint = "R_0603_1608Metric"; UniqueID = "\KGNIYDUR\CTAQNINJ" ("\KGNIYDUR\CTAQNINJ")
Change component parameters (AddParameter): Name = "MF"; Value = "FOJAN"; VariantName = "[No Variations]"
Change component parameters (AddParameter): Name = "MP"; Value = "FRC0603J103TS"; VariantName = "[No Variations]"
Change component parameters (AddParameter): Name = "Package"; Value = "R_0603"; VariantName = "[No Variations]"
Change component parameters (AddParameter): Name = "Value"; Value = "10K"; VariantName = "[No Variations]"
Change component parameters: Designator = "R131" ("R131"); Footprint = "R_0603_1608Metric"; UniqueID = "\KGNIYDUR\XMYGLFXS" ("\KGNIYDUR\XMYGLFXS")
Change component parameters (AddParameter): Name = "MF"; Value = "YAGEO"; VariantName = "[No Variations]"
Change component parameters (AddParameter): Name = "MP"; Value = "RC0603JR-071KL"; VariantName = "[No Variations]"
Change component parameters (AddParameter): Name = "OZD"; Value = "RC0603JR-071KL"; VariantName = "[No Variations]"
Change component parameters (AddParameter): Name = "Package"; Value = "R_0603"; VariantName = "[No Variations]"
Change component parameters (AddParameter): Name = "Value"; Value = "1K"; VariantName = "[No Variations]"
Change component parameters: Designator = "R132" ("R132"); Footprint = "R_0603_1608Metric"; UniqueID = "\KGNIYDUR\AYEYBHBX" ("\KGNIYDUR\AYEYBHBX")
Change component parameters (AddParameter): Name = "MF"; Value = "YAGEO"; VariantName = "[No Variations]"
Change component parameters (AddParameter): Name = "MP"; Value = "RC0603JR-071KL"; VariantName = "[No Variations]"
Change component parameters (AddParameter): Name = "OZD"; Value = "RC0603JR-071KL"; VariantName = "[No Variations]"
Change component parameters (AddParameter): Name = "Package"; Value = "R_0603"; VariantName = "[No Variations]"
Change component parameters (AddParameter): Name = "Value"; Value = "1K"; VariantName = "[No Variations]"
Change component parameters: Designator = "R133" ("R133"); Footprint = "R_0603_1608Metric"; UniqueID = "\KGNIYDUR\VFHDWSSZ" ("\KGNIYDUR\VFHDWSSZ")
Change component parameters (AddParameter): Name = "MF"; Value = "FOJAN"; VariantName = "[No Variations]"
Change component parameters (AddParameter): Name = "MP"; Value = "FRC0603J103TS"; VariantName = "[No Variations]"
Change component parameters (AddParameter): Name = "Package"; Value = "R_0603"; VariantName = "[No Variations]"
Change component parameters (AddParameter): Name = "Value"; Value = "10K"; VariantName = "[No Variations]"
Change component parameters: Designator = "R134" ("R134"); Footprint = "R_0603_1608Metric"; UniqueID = "\KGNIYDUR\FFDYCTUB" ("\KGNIYDUR\FFDYCTUB")
Change component parameters (AddParameter): Name = "MF"; Value = "FOJAN"; VariantName = "[No Variations]"
Change component parameters (AddParameter): Name = "MP"; Value = "FRC0603J103TS"; VariantName = "[No Variations]"
Change component parameters (AddParameter): Name = "Package"; Value = "R_0603"; VariantName = "[No Variations]"
Change component parameters (AddParameter): Name = "Value"; Value = "10K"; VariantName = "[No Variations]"
Change component parameters: Designator = "R135" ("R135"); Footprint = "R_0603_1608Metric"; UniqueID = "\KGNIYDUR\PSFKHBKD" ("\KGNIYDUR\PSFKHBKD")
Change component parameters (AddParameter): Name = "MF"; Value = "YAGEO"; VariantName = "[No Variations]"
Change component parameters (AddParameter): Name = "MP"; Value = "RC0603JR-071KL"; VariantName = "[No Variations]"
Change component parameters (AddParameter): Name = "OZD"; Value = "RC0603JR-071KL"; VariantName = "[No Variations]"
Change component parameters (AddParameter): Name = "Package"; Value = "R_0603"; VariantName = "[No Variations]"
Change component parameters (AddParameter): Name = "Value"; Value = "1K"; VariantName = "[No Variations]"
Change component parameters: Designator = "R136" ("R136"); Footprint = "R_0603_1608Metric"; UniqueID = "\KGNIYDUR\OOQACDDD" ("\KGNIYDUR\OOQACDDD")
Change component parameters (AddParameter): Name = "MF"; Value = "YAGEO"; VariantName = "[No Variations]"
Change component parameters (AddParameter): Name = "MP"; Value = "RC0603JR-071KL"; VariantName = "[No Variations]"
Change component parameters (AddParameter): Name = "OZD"; Value = "RC0603JR-071KL"; VariantName = "[No Variations]"
Change component parameters (AddParameter): Name = "Package"; Value = "R_0603"; VariantName = "[No Variations]"
Change component parameters (AddParameter): Name = "Value"; Value = "1K"; VariantName = "[No Variations]"
Change component parameters: Designator = "R137" ("R137"); Footprint = "R_0603_1608Metric"; UniqueID = "\KGNIYDUR\LNTEOCFH" ("\KGNIYDUR\LNTEOCFH")
Change component parameters (AddParameter): Name = "MF"; Value = "FOJAN"; VariantName = "[No Variations]"
Change component parameters (AddParameter): Name = "MP"; Value = "FRC0603J103TS"; VariantName = "[No Variations]"
Change component parameters (AddParameter): Name = "Package"; Value = "R_0603"; VariantName = "[No Variations]"
Change component parameters (AddParameter): Name = "Value"; Value = "10K"; VariantName = "[No Variations]"
Change component parameters: Designator = "R138" ("R138"); Footprint = "R_0603_1608Metric"; UniqueID = "\KGNIYDUR\FMZRHDDW" ("\KGNIYDUR\FMZRHDDW")
Change component parameters (AddParameter): Name = "MF"; Value = "FOJAN"; VariantName = "[No Variations]"
Change component parameters (AddParameter): Name = "MP"; Value = "FRC0603J103TS"; VariantName = "[No Variations]"
Change component parameters (AddParameter): Name = "Package"; Value = "R_0603"; VariantName = "[No Variations]"
Change component parameters (AddParameter): Name = "Value"; Value = "10K"; VariantName = "[No Variations]"
Change component parameters: Designator = "R139" ("R139"); Footprint = "R_0603_1608Metric"; UniqueID = "\KGNIYDUR\KLYWFNZQ" ("\KGNIYDUR\KLYWFNZQ")
Change component parameters (AddParameter): Name = "MF"; Value = "YAGEO"; VariantName = "[No Variations]"
Change component parameters (AddParameter): Name = "MP"; Value = "RC0603JR-071KL"; VariantName = "[No Variations]"
Change component parameters (AddParameter): Name = "OZD"; Value = "RC0603JR-071KL"; VariantName = "[No Variations]"
Change component parameters (AddParameter): Name = "Package"; Value = "R_0603"; VariantName = "[No Variations]"
Change component parameters (AddParameter): Name = "Value"; Value = "1K"; VariantName = "[No Variations]"
Change component parameters: Designator = "R140" ("R140"); Footprint = "R_0603_1608Metric"; UniqueID = "\KGNIYDUR\IOVOUKQD" ("\KGNIYDUR\IOVOUKQD")
Change component parameters (AddParameter): Name = "MF"; Value = "YAGEO"; VariantName = "[No Variations]"
Change component parameters (AddParameter): Name = "MP"; Value = "RC0603JR-071KL"; VariantName = "[No Variations]"
Change component parameters (AddParameter): Name = "OZD"; Value = "RC0603JR-071KL"; VariantName = "[No Variations]"
Change component parameters (AddParameter): Name = "Package"; Value = "R_0603"; VariantName = "[No Variations]"
Change component parameters (AddParameter): Name = "Value"; Value = "1K"; VariantName = "[No Variations]"
Change component parameters: Designator = "R141" ("R141"); Footprint = "R_0603_1608Metric"; UniqueID = "\KGNIYDUR\MLWFJULP" ("\KGNIYDUR\MLWFJULP")
Change component parameters (AddParameter): Name = "MF"; Value = "FOJAN"; VariantName = "[No Variations]"
Change component parameters (AddParameter): Name = "MP"; Value = "FRC0603J103TS"; VariantName = "[No Variations]"
Change component parameters (AddParameter): Name = "Package"; Value = "R_0603"; VariantName = "[No Variations]"
Change component parameters (AddParameter): Name = "Value"; Value = "10K"; VariantName = "[No Variations]"
Change component parameters: Designator = "R142" ("R142"); Footprint = "R_0603_1608Metric"; UniqueID = "\KGNIYDUR\WDQMOCHL" ("\KGNIYDUR\WDQMOCHL")
Change component parameters (AddParameter): Name = "MF"; Value = "FOJAN"; VariantName = "[No Variations]"
Change component parameters (AddParameter): Name = "MP"; Value = "FRC0603J103TS"; VariantName = "[No Variations]"
Change component parameters (AddParameter): Name = "Package"; Value = "R_0603"; VariantName = "[No Variations]"
Change component parameters (AddParameter): Name = "Value"; Value = "10K"; VariantName = "[No Variations]"
Change component parameters: Designator = "R143" ("R143"); Footprint = "R_0603_1608Metric"; UniqueID = "\KGNIYDUR\PZQXJGBJ" ("\KGNIYDUR\PZQXJGBJ")
Change component parameters (AddParameter): Name = "MF"; Value = "YAGEO"; VariantName = "[No Variations]"
Change component parameters (AddParameter): Name = "MP"; Value = "RC0603JR-071KL"; VariantName = "[No Variations]"
Change component parameters (AddParameter): Name = "OZD"; Value = "RC0603JR-071KL"; VariantName = "[No Variations]"
Change component parameters (AddParameter): Name = "Package"; Value = "R_0603"; VariantName = "[No Variations]"
Change component parameters (AddParameter): Name = "Value"; Value = "1K"; VariantName = "[No Variations]"
Change component parameters: Designator = "R144" ("R144"); Footprint = "R_0603_1608Metric"; UniqueID = "\KGNIYDUR\WMVQJDBQ" ("\KGNIYDUR\WMVQJDBQ")
Change component parameters (AddParameter): Name = "MF"; Value = "YAGEO"; VariantName = "[No Variations]"
Change component parameters (AddParameter): Name = "MP"; Value = "RC0603JR-071KL"; VariantName = "[No Variations]"
Change component parameters (AddParameter): Name = "OZD"; Value = "RC0603JR-071KL"; VariantName = "[No Variations]"
Change component parameters (AddParameter): Name = "Package"; Value = "R_0603"; VariantName = "[No Variations]"
Change component parameters (AddParameter): Name = "Value"; Value = "1K"; VariantName = "[No Variations]"
Change component parameters: Designator = "R145" ("R145"); Footprint = "R_0603_1608Metric"; UniqueID = "\KGNIYDUR\BHWFLESK" ("\KGNIYDUR\BHWFLESK")
Change component parameters (AddParameter): Name = "MF"; Value = "FOJAN"; VariantName = "[No Variations]"
Change component parameters (AddParameter): Name = "MP"; Value = "FRC0603J103TS"; VariantName = "[No Variations]"
Change component parameters (AddParameter): Name = "Package"; Value = "R_0603"; VariantName = "[No Variations]"
Change component parameters (AddParameter): Name = "Value"; Value = "10K"; VariantName = "[No Variations]"
Change component parameters: Designator = "R146" ("R146"); Footprint = "R_0603_1608Metric"; UniqueID = "\KGNIYDUR\XTDQBVGJ" ("\KGNIYDUR\XTDQBVGJ")
Change component parameters (AddParameter): Name = "MF"; Value = "FOJAN"; VariantName = "[No Variations]"
Change component parameters (AddParameter): Name = "MP"; Value = "FRC0603J103TS"; VariantName = "[No Variations]"
Change component parameters (AddParameter): Name = "Package"; Value = "R_0603"; VariantName = "[No Variations]"
Change component parameters (AddParameter): Name = "Value"; Value = "10K"; VariantName = "[No Variations]"
Change component parameters: Designator = "R147" ("R147"); Footprint = "R_0603_1608Metric"; UniqueID = "\KGNIYDUR\SIYVRLGM" ("\KGNIYDUR\SIYVRLGM")
Change component parameters (AddParameter): Name = "MF"; Value = "YAGEO"; VariantName = "[No Variations]"
Change component parameters (AddParameter): Name = "MP"; Value = "RC0603JR-071KL"; VariantName = "[No Variations]"
Change component parameters (AddParameter): Name = "OZD"; Value = "RC0603JR-071KL"; VariantName = "[No Variations]"
Change component parameters (AddParameter): Name = "Package"; Value = "R_0603"; VariantName = "[No Variations]"
Change component parameters (AddParameter): Name = "Value"; Value = "1K"; VariantName = "[No Variations]"
Change component parameters: Designator = "R148" ("R148"); Footprint = "R_0603_1608Metric"; UniqueID = "\KGNIYDUR\WSYMJLDR" ("\KGNIYDUR\WSYMJLDR")
Change component parameters (AddParameter): Name = "MF"; Value = "YAGEO"; VariantName = "[No Variations]"
Change component parameters (AddParameter): Name = "MP"; Value = "RC0603JR-071KL"; VariantName = "[No Variations]"
Change component parameters (AddParameter): Name = "OZD"; Value = "RC0603JR-071KL"; VariantName = "[No Variations]"
Change component parameters (AddParameter): Name = "Package"; Value = "R_0603"; VariantName = "[No Variations]"
Change component parameters (AddParameter): Name = "Value"; Value = "1K"; VariantName = "[No Variations]"
Change component parameters: Designator = "R149" ("R149"); Footprint = "R_0603_1608Metric"; UniqueID = "\KGNIYDUR\ILDLPLBT" ("\KGNIYDUR\ILDLPLBT")
Change component parameters (AddParameter): Name = "MF"; Value = "FOJAN"; VariantName = "[No Variations]"
Change component parameters (AddParameter): Name = "MP"; Value = "FRC0603J103TS"; VariantName = "[No Variations]"
Change component parameters (AddParameter): Name = "Package"; Value = "R_0603"; VariantName = "[No Variations]"
Change component parameters (AddParameter): Name = "Value"; Value = "10K"; VariantName = "[No Variations]"
Change component parameters: Designator = "R150" ("R150"); Footprint = "R_0603_1608Metric"; UniqueID = "\KGNIYDUR\LJNZSISP" ("\KGNIYDUR\LJNZSISP")
Change component parameters (AddParameter): Name = "MF"; Value = "FOJAN"; VariantName = "[No Variations]"
Change component parameters (AddParameter): Name = "MP"; Value = "FRC0603J103TS"; VariantName = "[No Variations]"
Change component parameters (AddParameter): Name = "Package"; Value = "R_0603"; VariantName = "[No Variations]"
Change component parameters (AddParameter): Name = "Value"; Value = "10K"; VariantName = "[No Variations]"
Change component parameters: Designator = "R151" ("R151"); Footprint = "R_0603_1608Metric"; UniqueID = "\KGNIYDUR\ETBSKNCY" ("\KGNIYDUR\ETBSKNCY")
Change component parameters (AddParameter): Name = "MF"; Value = "YAGEO"; VariantName = "[No Variations]"
Change component parameters (AddParameter): Name = "MP"; Value = "RC0603JR-071KL"; VariantName = "[No Variations]"
Change component parameters (AddParameter): Name = "OZD"; Value = "RC0603JR-071KL"; VariantName = "[No Variations]"
Change component parameters (AddParameter): Name = "Package"; Value = "R_0603"; VariantName = "[No Variations]"
Change component parameters (AddParameter): Name = "Value"; Value = "1K"; VariantName = "[No Variations]"
Change component parameters: Designator = "R152" ("R152"); Footprint = "R_0603_1608Metric"; UniqueID = "\KGNIYDUR\GOZNXJKI" ("\KGNIYDUR\GOZNXJKI")
Change component parameters (AddParameter): Name = "MF"; Value = "YAGEO"; VariantName = "[No Variations]"
Change component parameters (AddParameter): Name = "MP"; Value = "RC0603JR-071KL"; VariantName = "[No Variations]"
Change component parameters (AddParameter): Name = "OZD"; Value = "RC0603JR-071KL"; VariantName = "[No Variations]"
Change component parameters (AddParameter): Name = "Package"; Value = "R_0603"; VariantName = "[No Variations]"
Change component parameters (AddParameter): Name = "Value"; Value = "1K"; VariantName = "[No Variations]"
Change component parameters: Designator = "R153" ("R153"); Footprint = "R_0603_1608Metric"; UniqueID = "\KGNIYDUR\DDZVNYIU" ("\KGNIYDUR\DDZVNYIU")
Change component parameters (AddParameter): Name = "MF"; Value = "FOJAN"; VariantName = "[No Variations]"
Change component parameters (AddParameter): Name = "MP"; Value = "FRC0603J103TS"; VariantName = "[No Variations]"
Change component parameters (AddParameter): Name = "Package"; Value = "R_0603"; VariantName = "[No Variations]"
Change component parameters (AddParameter): Name = "Value"; Value = "10K"; VariantName = "[No Variations]"
Change component parameters: Designator = "R154" ("R154"); Footprint = "R_0603_1608Metric"; UniqueID = "\KGNIYDUR\UHUTLIFF" ("\KGNIYDUR\UHUTLIFF")
Change component parameters (AddParameter): Name = "MF"; Value = "FOJAN"; VariantName = "[No Variations]"
Change component parameters (AddParameter): Name = "MP"; Value = "FRC0603J103TS"; VariantName = "[No Variations]"
Change component parameters (AddParameter): Name = "Package"; Value = "R_0603"; VariantName = "[No Variations]"
Change component parameters (AddParameter): Name = "Value"; Value = "10K"; VariantName = "[No Variations]"
Change component parameters: Designator = "U16" ("U16"); Footprint = "TSSOP-16_4.4x5mm_P0.65mm"; UniqueID = "\UIZZJUNM\XEHIULOB" ("\UIZZJUNM\XEHIULOB")
Change component parameters (AddParameter): Name = "MF"; Value = "Nexperia"; VariantName = "[No Variations]"
Change component parameters (AddParameter): Name = "MP"; Value = "74HC595PW,118"; VariantName = "[No Variations]"
Change component parameters (AddParameter): Name = "OZD"; Value = "74HC595PW,118"; VariantName = "[No Variations]"
Change component parameters (AddParameter): Name = "Package"; Value = "TSSOP-16"; VariantName = "[No Variations]"
Change component parameters (AddParameter): Name = "Value"; Value = "74HC595PW,118"; VariantName = "[No Variations]"
Change component parameters: Designator = "U18" ("U18"); Footprint = "TSSOP-16_4.4x5mm_P0.65mm"; UniqueID = "\UIZZJUNM\KBLFAWUK" ("\UIZZJUNM\KBLFAWUK")
Change component parameters (AddParameter): Name = "MF"; Value = "Nexperia"; VariantName = "[No Variations]"
Change component parameters (AddParameter): Name = "MP"; Value = "74HC595PW,118"; VariantName = "[No Variations]"
Change component parameters (AddParameter): Name = "OZD"; Value = "74HC595PW,118"; VariantName = "[No Variations]"
Change component parameters (AddParameter): Name = "Package"; Value = "TSSOP-16"; VariantName = "[No Variations]"
Change component parameters (AddParameter): Name = "Value"; Value = "74HC595PW,118"; VariantName = "[No Variations]"
Change component parameters: Designator = "U19" ("U19"); Footprint = "TSSOP-16_4.4x5mm_P0.65mm"; UniqueID = "\UIZZJUNM\WNQVYLEQ" ("\UIZZJUNM\WNQVYLEQ")
Change component parameters (AddParameter): Name = "MF"; Value = "Nexperia"; VariantName = "[No Variations]"
Change component parameters (AddParameter): Name = "MP"; Value = "74HC595PW,118"; VariantName = "[No Variations]"
Change component parameters (AddParameter): Name = "OZD"; Value = "74HC595PW,118"; VariantName = "[No Variations]"
Change component parameters (AddParameter): Name = "Package"; Value = "TSSOP-16"; VariantName = "[No Variations]"
Change component parameters (AddParameter): Name = "Value"; Value = "74HC595PW,118"; VariantName = "[No Variations]"
Change component parameters: Designator = "U20" ("U20"); Footprint = "TSSOP-16_4.4x5mm_P0.65mm"; UniqueID = "\UIZZJUNM\BKTQXUWG" ("\UIZZJUNM\BKTQXUWG")
Change component parameters (AddParameter): Name = "MF"; Value = "Nexperia"; VariantName = "[No Variations]"
Change component parameters (AddParameter): Name = "MP"; Value = "74HC595PW,118"; VariantName = "[No Variations]"
Change component parameters (AddParameter): Name = "OZD"; Value = "74HC595PW,118"; VariantName = "[No Variations]"
Change component parameters (AddParameter): Name = "Package"; Value = "TSSOP-16"; VariantName = "[No Variations]"
Change component parameters (AddParameter): Name = "Value"; Value = "74HC595PW,118"; VariantName = "[No Variations]"
Added Pin To Net: NetName=+3V3 Pin=C33-2
Added Pin To Net: NetName=+3V3 Pin=C34-2
Added Pin To Net: NetName=+3V3 Pin=C35-2
Added Pin To Net: NetName=+3V3 Pin=C36-2
Added Pin To Net: NetName=+3V3 Pin=C62-2
Added Pin To Net: NetName=+3V3 Pin=C63-2
Added Pin To Net: NetName=+3V3 Pin=J10-2
Added Pin To Net: NetName=+3V3 Pin=U15-10
Added Pin To Net: NetName=+3V3 Pin=U15-16
Added Pin To Net: NetName=+3V3 Pin=U16-10
Added Pin To Net: NetName=+3V3 Pin=U16-16
Added Pin To Net: NetName=+3V3 Pin=U17-10
Added Pin To Net: NetName=+3V3 Pin=U17-16
Added Pin To Net: NetName=+3V3 Pin=U18-10
Added Pin To Net: NetName=+3V3 Pin=U18-16
Added Pin To Net: NetName=+3V3 Pin=U19-10
Added Pin To Net: NetName=+3V3 Pin=U19-16
Added Pin To Net: NetName=+3V3 Pin=U20-10
Added Pin To Net: NetName=+3V3 Pin=U20-16
Added Net: Name=+3V3
Added Pin To Net: NetName=+12V Pin=C4-1
Added Pin To Net: NetName=+12V Pin=C5-1
Added Pin To Net: NetName=+12V Pin=J10-1
Added Pin To Net: NetName=+12V Pin=K1-A3
Added Pin To Net: NetName=+12V Pin=K4-A3
Added Pin To Net: NetName=+12V Pin=K5-A3
Added Pin To Net: NetName=+12V Pin=K6-A3
Added Pin To Net: NetName=+12V Pin=K7-A3
Added Pin To Net: NetName=+12V Pin=K8-A3
Added Pin To Net: NetName=+12V Pin=K9-A3
Added Pin To Net: NetName=+12V Pin=K10-A3
Added Pin To Net: NetName=+12V Pin=K11-A3
Added Pin To Net: NetName=+12V Pin=K12-A3
Added Pin To Net: NetName=+12V Pin=K13-A3
Added Pin To Net: NetName=+12V Pin=K14-A3
Added Pin To Net: NetName=+12V Pin=K15-A3
Added Pin To Net: NetName=+12V Pin=K16-A3
Added Pin To Net: NetName=+12V Pin=K17-A3
Added Pin To Net: NetName=+12V Pin=K18-A3
Added Pin To Net: NetName=+12V Pin=K19-A3
Added Pin To Net: NetName=+12V Pin=K20-A3
Added Pin To Net: NetName=+12V Pin=K21-A3
Added Pin To Net: NetName=+12V Pin=K22-A3
Added Pin To Net: NetName=+12V Pin=K23-A3
Added Pin To Net: NetName=+12V Pin=K24-A3
Added Pin To Net: NetName=+12V Pin=K25-A3
Added Pin To Net: NetName=+12V Pin=K26-A3
Added Pin To Net: NetName=+12V Pin=R86-1
Added Pin To Net: NetName=+12V Pin=Z2-1
Added Net: Name=+12V
Added Pin To Net: NetName=GND Pin=C6-1
Added Pin To Net: NetName=GND Pin=C7-1
Added Pin To Net: NetName=GND Pin=C12-1
Added Pin To Net: NetName=GND Pin=C13-1
Added Pin To Net: NetName=GND Pin=C14-1
Added Pin To Net: NetName=GND Pin=C15-1
Added Pin To Net: NetName=GND Pin=C16-1
Added Pin To Net: NetName=GND Pin=C17-1
Added Pin To Net: NetName=GND Pin=C18-1
Added Pin To Net: NetName=GND Pin=C19-1
Added Pin To Net: NetName=GND Pin=C20-1
Added Pin To Net: NetName=GND Pin=C21-1
Added Pin To Net: NetName=GND Pin=C22-1
Added Pin To Net: NetName=GND Pin=C23-1
Added Pin To Net: NetName=GND Pin=C24-1
Added Pin To Net: NetName=GND Pin=C25-1
Added Pin To Net: NetName=GND Pin=C26-1
Added Pin To Net: NetName=GND Pin=C27-1
Added Pin To Net: NetName=GND Pin=C28-1
Added Pin To Net: NetName=GND Pin=C29-1
Added Pin To Net: NetName=GND Pin=C30-1
Added Pin To Net: NetName=GND Pin=C31-1
Added Pin To Net: NetName=GND Pin=C32-1
Added Pin To Net: NetName=GND Pin=C33-1
Added Pin To Net: NetName=GND Pin=C34-1
Added Pin To Net: NetName=GND Pin=C35-1
Added Pin To Net: NetName=GND Pin=C36-1
Added Pin To Net: NetName=GND Pin=C37-1
Added Pin To Net: NetName=GND Pin=C38-1
Added Pin To Net: NetName=GND Pin=C39-1
Added Pin To Net: NetName=GND Pin=C40-1
Added Pin To Net: NetName=GND Pin=C41-1
Added Pin To Net: NetName=GND Pin=C42-1
Added Pin To Net: NetName=GND Pin=C43-1
Added Pin To Net: NetName=GND Pin=C44-1
Added Pin To Net: NetName=GND Pin=C45-1
Added Pin To Net: NetName=GND Pin=C46-1
Added Pin To Net: NetName=GND Pin=C47-1
Added Pin To Net: NetName=GND Pin=C48-1
Added Pin To Net: NetName=GND Pin=C49-1
Added Pin To Net: NetName=GND Pin=C50-1
Added Pin To Net: NetName=GND Pin=C51-1
Added Pin To Net: NetName=GND Pin=C52-1
Added Pin To Net: NetName=GND Pin=C53-1
Added Pin To Net: NetName=GND Pin=C54-1
Added Pin To Net: NetName=GND Pin=C55-1
Added Pin To Net: NetName=GND Pin=C56-1
Added Pin To Net: NetName=GND Pin=C57-1
Added Pin To Net: NetName=GND Pin=C58-1
Added Pin To Net: NetName=GND Pin=C59-1
Added Pin To Net: NetName=GND Pin=C60-1
Added Pin To Net: NetName=GND Pin=C61-1
Added Pin To Net: NetName=GND Pin=C62-1
Added Pin To Net: NetName=GND Pin=C63-1
Added Pin To Net: NetName=GND Pin=J10-3
Added Pin To Net: NetName=GND Pin=Q3-2
Added Pin To Net: NetName=GND Pin=Q4-2
Added Pin To Net: NetName=GND Pin=Q18-2
Added Pin To Net: NetName=GND Pin=Q19-2
Added Pin To Net: NetName=GND Pin=Q20-2
Added Pin To Net: NetName=GND Pin=Q21-2
Added Pin To Net: NetName=GND Pin=Q22-2
Added Pin To Net: NetName=GND Pin=Q23-2
Added Pin To Net: NetName=GND Pin=Q24-2
Added Pin To Net: NetName=GND Pin=Q25-2
Added Pin To Net: NetName=GND Pin=Q26-2
Added Pin To Net: NetName=GND Pin=Q27-2
Added Pin To Net: NetName=GND Pin=Q28-2
Added Pin To Net: NetName=GND Pin=Q29-2
Added Pin To Net: NetName=GND Pin=Q30-2
Added Pin To Net: NetName=GND Pin=Q31-2
Added Pin To Net: NetName=GND Pin=Q33-2
Added Pin To Net: NetName=GND Pin=Q34-2
Added Pin To Net: NetName=GND Pin=Q35-2
Added Pin To Net: NetName=GND Pin=Q36-2
Added Pin To Net: NetName=GND Pin=Q37-2
Added Pin To Net: NetName=GND Pin=Q38-2
Added Pin To Net: NetName=GND Pin=Q39-2
Added Pin To Net: NetName=GND Pin=Q40-2
Added Pin To Net: NetName=GND Pin=Q41-2
Added Pin To Net: NetName=GND Pin=Q42-2
Added Pin To Net: NetName=GND Pin=Q43-2
Added Pin To Net: NetName=GND Pin=Q44-2
Added Pin To Net: NetName=GND Pin=Q45-2
Added Pin To Net: NetName=GND Pin=Q46-2
Added Pin To Net: NetName=GND Pin=Q47-2
Added Pin To Net: NetName=GND Pin=Q48-2
Added Pin To Net: NetName=GND Pin=Q49-2
Added Pin To Net: NetName=GND Pin=Q50-2
Added Pin To Net: NetName=GND Pin=Q51-2
Added Pin To Net: NetName=GND Pin=Q52-2
Added Pin To Net: NetName=GND Pin=Q53-2
Added Pin To Net: NetName=GND Pin=Q54-2
Added Pin To Net: NetName=GND Pin=Q55-2
Added Pin To Net: NetName=GND Pin=Q56-2
Added Pin To Net: NetName=GND Pin=Q57-2
Added Pin To Net: NetName=GND Pin=Q58-2
Added Pin To Net: NetName=GND Pin=Q59-2
Added Pin To Net: NetName=GND Pin=Q60-2
Added Pin To Net: NetName=GND Pin=Q61-2
Added Pin To Net: NetName=GND Pin=Q62-2
Added Pin To Net: NetName=GND Pin=Q63-2
Added Pin To Net: NetName=GND Pin=Q64-2
Added Pin To Net: NetName=GND Pin=R32-1
Added Pin To Net: NetName=GND Pin=R35-1
Added Pin To Net: NetName=GND Pin=R58-1
Added Pin To Net: NetName=GND Pin=R59-1
Added Pin To Net: NetName=GND Pin=R62-1
Added Pin To Net: NetName=GND Pin=R63-1
Added Pin To Net: NetName=GND Pin=R66-1
Added Pin To Net: NetName=GND Pin=R67-1
Added Pin To Net: NetName=GND Pin=R70-1
Added Pin To Net: NetName=GND Pin=R71-1
Added Pin To Net: NetName=GND Pin=R74-1
Added Pin To Net: NetName=GND Pin=R75-1
Added Pin To Net: NetName=GND Pin=R78-1
Added Pin To Net: NetName=GND Pin=R79-1
Added Pin To Net: NetName=GND Pin=R82-1
Added Pin To Net: NetName=GND Pin=R83-1
Added Pin To Net: NetName=GND Pin=R95-1
Added Pin To Net: NetName=GND Pin=R96-1
Added Pin To Net: NetName=GND Pin=R97-1
Added Pin To Net: NetName=GND Pin=R98-1
Added Pin To Net: NetName=GND Pin=R101-1
Added Pin To Net: NetName=GND Pin=R102-1
Added Pin To Net: NetName=GND Pin=R105-1
Added Pin To Net: NetName=GND Pin=R106-1
Added Pin To Net: NetName=GND Pin=R109-1
Added Pin To Net: NetName=GND Pin=R110-1
Added Pin To Net: NetName=GND Pin=R113-1
Added Pin To Net: NetName=GND Pin=R114-1
Added Pin To Net: NetName=GND Pin=R117-1
Added Pin To Net: NetName=GND Pin=R118-1
Added Pin To Net: NetName=GND Pin=R121-1
Added Pin To Net: NetName=GND Pin=R122-1
Added Pin To Net: NetName=GND Pin=R125-1
Added Pin To Net: NetName=GND Pin=R126-1
Added Pin To Net: NetName=GND Pin=R129-1
Added Pin To Net: NetName=GND Pin=R130-1
Added Pin To Net: NetName=GND Pin=R133-1
Added Pin To Net: NetName=GND Pin=R134-1
Added Pin To Net: NetName=GND Pin=R137-1
Added Pin To Net: NetName=GND Pin=R138-1
Added Pin To Net: NetName=GND Pin=R141-1
Added Pin To Net: NetName=GND Pin=R142-1
Added Pin To Net: NetName=GND Pin=R145-1
Added Pin To Net: NetName=GND Pin=R146-1
Added Pin To Net: NetName=GND Pin=R149-1
Added Pin To Net: NetName=GND Pin=R150-1
Added Pin To Net: NetName=GND Pin=R153-1
Added Pin To Net: NetName=GND Pin=R154-1
Added Pin To Net: NetName=GND Pin=U15-8
Added Pin To Net: NetName=GND Pin=U16-8
Added Pin To Net: NetName=GND Pin=U17-8
Added Pin To Net: NetName=GND Pin=U18-8
Added Pin To Net: NetName=GND Pin=U19-8
Added Pin To Net: NetName=GND Pin=U20-8
Added Net: Name=GND
Added Pin To Net: NetName=GNDD Pin=C5-2
Added Pin To Net: NetName=GNDD Pin=Q32-2
Added Pin To Net: NetName=GNDD Pin=R84-1
Added Net: Name=GNDD
Added Pin To Net: NetName=NetC4_2 Pin=C4-2
Added Pin To Net: NetName=NetC4_2 Pin=Q32-3
Added Net: Name=NetC4_2
Added Pin To Net: NetName=NetC6_2 Pin=C6-2
Added Pin To Net: NetName=NetC6_2 Pin=Q3-1
Added Pin To Net: NetName=NetC6_2 Pin=R32-2
Added Pin To Net: NetName=NetC6_2 Pin=R33-1
Added Net: Name=NetC6_2
Added Pin To Net: NetName=NetC7_2 Pin=C7-2
Added Pin To Net: NetName=NetC7_2 Pin=Q4-1
Added Pin To Net: NetName=NetC7_2 Pin=R34-1
Added Pin To Net: NetName=NetC7_2 Pin=R35-2
Added Net: Name=NetC7_2
Added Pin To Net: NetName=NetC12_2 Pin=C12-2
Added Pin To Net: NetName=NetC12_2 Pin=Q18-1
Added Pin To Net: NetName=NetC12_2 Pin=R57-1
Added Pin To Net: NetName=NetC12_2 Pin=R58-2
Added Net: Name=NetC12_2
Added Pin To Net: NetName=NetC13_2 Pin=C13-2
Added Pin To Net: NetName=NetC13_2 Pin=Q19-1
Added Pin To Net: NetName=NetC13_2 Pin=R56-1
Added Pin To Net: NetName=NetC13_2 Pin=R59-2
Added Net: Name=NetC13_2
Added Pin To Net: NetName=NetC14_2 Pin=C14-2
Added Pin To Net: NetName=NetC14_2 Pin=Q20-1
Added Pin To Net: NetName=NetC14_2 Pin=R61-1
Added Pin To Net: NetName=NetC14_2 Pin=R62-2
Added Net: Name=NetC14_2
Added Pin To Net: NetName=NetC15_2 Pin=C15-2
Added Pin To Net: NetName=NetC15_2 Pin=Q21-1
Added Pin To Net: NetName=NetC15_2 Pin=R60-1
Added Pin To Net: NetName=NetC15_2 Pin=R63-2
Added Net: Name=NetC15_2
Added Pin To Net: NetName=NetC16_2 Pin=C16-2
Added Pin To Net: NetName=NetC16_2 Pin=Q22-1
Added Pin To Net: NetName=NetC16_2 Pin=R65-1
Added Pin To Net: NetName=NetC16_2 Pin=R66-2
Added Net: Name=NetC16_2
Added Pin To Net: NetName=NetC17_2 Pin=C17-2
Added Pin To Net: NetName=NetC17_2 Pin=Q23-1
Added Pin To Net: NetName=NetC17_2 Pin=R64-1
Added Pin To Net: NetName=NetC17_2 Pin=R67-2
Added Net: Name=NetC17_2
Added Pin To Net: NetName=NetC18_2 Pin=C18-2
Added Pin To Net: NetName=NetC18_2 Pin=Q24-1
Added Pin To Net: NetName=NetC18_2 Pin=R69-1
Added Pin To Net: NetName=NetC18_2 Pin=R70-2
Added Net: Name=NetC18_2
Added Pin To Net: NetName=NetC19_2 Pin=C19-2
Added Pin To Net: NetName=NetC19_2 Pin=Q25-1
Added Pin To Net: NetName=NetC19_2 Pin=R68-1
Added Pin To Net: NetName=NetC19_2 Pin=R71-2
Added Net: Name=NetC19_2
Added Pin To Net: NetName=NetC20_2 Pin=C20-2
Added Pin To Net: NetName=NetC20_2 Pin=Q26-1
Added Pin To Net: NetName=NetC20_2 Pin=R73-1
Added Pin To Net: NetName=NetC20_2 Pin=R74-2
Added Net: Name=NetC20_2
Added Pin To Net: NetName=NetC21_2 Pin=C21-2
Added Pin To Net: NetName=NetC21_2 Pin=Q27-1
Added Pin To Net: NetName=NetC21_2 Pin=R72-1
Added Pin To Net: NetName=NetC21_2 Pin=R75-2
Added Net: Name=NetC21_2
Added Pin To Net: NetName=NetC22_2 Pin=C22-2
Added Pin To Net: NetName=NetC22_2 Pin=Q28-1
Added Pin To Net: NetName=NetC22_2 Pin=R77-1
Added Pin To Net: NetName=NetC22_2 Pin=R78-2
Added Net: Name=NetC22_2
Added Pin To Net: NetName=NetC23_2 Pin=C23-2
Added Pin To Net: NetName=NetC23_2 Pin=Q29-1
Added Pin To Net: NetName=NetC23_2 Pin=R76-1
Added Pin To Net: NetName=NetC23_2 Pin=R79-2
Added Net: Name=NetC23_2
Added Pin To Net: NetName=NetC24_2 Pin=C24-2
Added Pin To Net: NetName=NetC24_2 Pin=Q30-1
Added Pin To Net: NetName=NetC24_2 Pin=R81-1
Added Pin To Net: NetName=NetC24_2 Pin=R82-2
Added Net: Name=NetC24_2
Added Pin To Net: NetName=NetC25_2 Pin=C25-2
Added Pin To Net: NetName=NetC25_2 Pin=Q31-1
Added Pin To Net: NetName=NetC25_2 Pin=R80-1
Added Pin To Net: NetName=NetC25_2 Pin=R83-2
Added Net: Name=NetC25_2
Added Pin To Net: NetName=NetC26_2 Pin=C26-2
Added Pin To Net: NetName=NetC26_2 Pin=Q33-1
Added Pin To Net: NetName=NetC26_2 Pin=R93-1
Added Pin To Net: NetName=NetC26_2 Pin=R95-2
Added Net: Name=NetC26_2
Added Pin To Net: NetName=NetC27_2 Pin=C27-2
Added Pin To Net: NetName=NetC27_2 Pin=Q34-1
Added Pin To Net: NetName=NetC27_2 Pin=R94-1
Added Pin To Net: NetName=NetC27_2 Pin=R97-2
Added Net: Name=NetC27_2
Added Pin To Net: NetName=NetC28_2 Pin=C28-2
Added Pin To Net: NetName=NetC28_2 Pin=Q35-1
Added Pin To Net: NetName=NetC28_2 Pin=R91-1
Added Pin To Net: NetName=NetC28_2 Pin=R96-2
Added Net: Name=NetC28_2
Added Pin To Net: NetName=NetC29_2 Pin=C29-2
Added Pin To Net: NetName=NetC29_2 Pin=Q36-1
Added Pin To Net: NetName=NetC29_2 Pin=R92-1
Added Pin To Net: NetName=NetC29_2 Pin=R98-2
Added Net: Name=NetC29_2
Added Pin To Net: NetName=NetC30_2 Pin=C30-2
Added Pin To Net: NetName=NetC30_2 Pin=Q37-1
Added Pin To Net: NetName=NetC30_2 Pin=R100-1
Added Pin To Net: NetName=NetC30_2 Pin=R101-2
Added Net: Name=NetC30_2
Added Pin To Net: NetName=NetC31_2 Pin=C31-2
Added Pin To Net: NetName=NetC31_2 Pin=Q38-1
Added Pin To Net: NetName=NetC31_2 Pin=R99-1
Added Pin To Net: NetName=NetC31_2 Pin=R102-2
Added Net: Name=NetC31_2
Added Pin To Net: NetName=NetC32_2 Pin=C32-2
Added Pin To Net: NetName=NetC32_2 Pin=Q39-1
Added Pin To Net: NetName=NetC32_2 Pin=R104-1
Added Pin To Net: NetName=NetC32_2 Pin=R105-2
Added Net: Name=NetC32_2
Added Pin To Net: NetName=NetC37_2 Pin=C37-2
Added Pin To Net: NetName=NetC37_2 Pin=Q40-1
Added Pin To Net: NetName=NetC37_2 Pin=R103-1
Added Pin To Net: NetName=NetC37_2 Pin=R106-2
Added Net: Name=NetC37_2
Added Pin To Net: NetName=NetC38_2 Pin=C38-2
Added Pin To Net: NetName=NetC38_2 Pin=Q41-1
Added Pin To Net: NetName=NetC38_2 Pin=R108-1
Added Pin To Net: NetName=NetC38_2 Pin=R109-2
Added Net: Name=NetC38_2
Added Pin To Net: NetName=NetC39_2 Pin=C39-2
Added Pin To Net: NetName=NetC39_2 Pin=Q42-1
Added Pin To Net: NetName=NetC39_2 Pin=R107-1
Added Pin To Net: NetName=NetC39_2 Pin=R110-2
Added Net: Name=NetC39_2
Added Pin To Net: NetName=NetC40_2 Pin=C40-2
Added Pin To Net: NetName=NetC40_2 Pin=Q43-1
Added Pin To Net: NetName=NetC40_2 Pin=R112-1
Added Pin To Net: NetName=NetC40_2 Pin=R113-2
Added Net: Name=NetC40_2
Added Pin To Net: NetName=NetC41_2 Pin=C41-2
Added Pin To Net: NetName=NetC41_2 Pin=Q44-1
Added Pin To Net: NetName=NetC41_2 Pin=R111-1
Added Pin To Net: NetName=NetC41_2 Pin=R114-2
Added Net: Name=NetC41_2
Added Pin To Net: NetName=NetC42_2 Pin=C42-2
Added Pin To Net: NetName=NetC42_2 Pin=Q45-1
Added Pin To Net: NetName=NetC42_2 Pin=R116-1
Added Pin To Net: NetName=NetC42_2 Pin=R117-2
Added Net: Name=NetC42_2
Added Pin To Net: NetName=NetC43_2 Pin=C43-2
Added Pin To Net: NetName=NetC43_2 Pin=Q46-1
Added Pin To Net: NetName=NetC43_2 Pin=R115-1
Added Pin To Net: NetName=NetC43_2 Pin=R118-2
Added Net: Name=NetC43_2
Added Pin To Net: NetName=NetC44_2 Pin=C44-2
Added Pin To Net: NetName=NetC44_2 Pin=Q47-1
Added Pin To Net: NetName=NetC44_2 Pin=R120-1
Added Pin To Net: NetName=NetC44_2 Pin=R121-2
Added Net: Name=NetC44_2
Added Pin To Net: NetName=NetC45_2 Pin=C45-2
Added Pin To Net: NetName=NetC45_2 Pin=Q48-1
Added Pin To Net: NetName=NetC45_2 Pin=R119-1
Added Pin To Net: NetName=NetC45_2 Pin=R122-2
Added Net: Name=NetC45_2
Added Pin To Net: NetName=NetC46_2 Pin=C46-2
Added Pin To Net: NetName=NetC46_2 Pin=Q49-1
Added Pin To Net: NetName=NetC46_2 Pin=R124-1
Added Pin To Net: NetName=NetC46_2 Pin=R125-2
Added Net: Name=NetC46_2
Added Pin To Net: NetName=NetC47_2 Pin=C47-2
Added Pin To Net: NetName=NetC47_2 Pin=Q50-1
Added Pin To Net: NetName=NetC47_2 Pin=R123-1
Added Pin To Net: NetName=NetC47_2 Pin=R126-2
Added Net: Name=NetC47_2
Added Pin To Net: NetName=NetC48_2 Pin=C48-2
Added Pin To Net: NetName=NetC48_2 Pin=Q51-1
Added Pin To Net: NetName=NetC48_2 Pin=R128-1
Added Pin To Net: NetName=NetC48_2 Pin=R129-2
Added Net: Name=NetC48_2
Added Pin To Net: NetName=NetC49_2 Pin=C49-2
Added Pin To Net: NetName=NetC49_2 Pin=Q52-1
Added Pin To Net: NetName=NetC49_2 Pin=R127-1
Added Pin To Net: NetName=NetC49_2 Pin=R130-2
Added Net: Name=NetC49_2
Added Pin To Net: NetName=NetC50_2 Pin=C50-2
Added Pin To Net: NetName=NetC50_2 Pin=Q53-1
Added Pin To Net: NetName=NetC50_2 Pin=R132-1
Added Pin To Net: NetName=NetC50_2 Pin=R133-2
Added Net: Name=NetC50_2
Added Pin To Net: NetName=NetC51_2 Pin=C51-2
Added Pin To Net: NetName=NetC51_2 Pin=Q54-1
Added Pin To Net: NetName=NetC51_2 Pin=R131-1
Added Pin To Net: NetName=NetC51_2 Pin=R134-2
Added Net: Name=NetC51_2
Added Pin To Net: NetName=NetC52_2 Pin=C52-2
Added Pin To Net: NetName=NetC52_2 Pin=Q55-1
Added Pin To Net: NetName=NetC52_2 Pin=R136-1
Added Pin To Net: NetName=NetC52_2 Pin=R137-2
Added Net: Name=NetC52_2
Added Pin To Net: NetName=NetC53_2 Pin=C53-2
Added Pin To Net: NetName=NetC53_2 Pin=Q56-1
Added Pin To Net: NetName=NetC53_2 Pin=R135-1
Added Pin To Net: NetName=NetC53_2 Pin=R138-2
Added Net: Name=NetC53_2
Added Pin To Net: NetName=NetC54_2 Pin=C54-2
Added Pin To Net: NetName=NetC54_2 Pin=Q57-1
Added Pin To Net: NetName=NetC54_2 Pin=R140-1
Added Pin To Net: NetName=NetC54_2 Pin=R141-2
Added Net: Name=NetC54_2
Added Pin To Net: NetName=NetC55_2 Pin=C55-2
Added Pin To Net: NetName=NetC55_2 Pin=Q58-1
Added Pin To Net: NetName=NetC55_2 Pin=R139-1
Added Pin To Net: NetName=NetC55_2 Pin=R142-2
Added Net: Name=NetC55_2
Added Pin To Net: NetName=NetC56_2 Pin=C56-2
Added Pin To Net: NetName=NetC56_2 Pin=Q59-1
Added Pin To Net: NetName=NetC56_2 Pin=R144-1
Added Pin To Net: NetName=NetC56_2 Pin=R145-2
Added Net: Name=NetC56_2
Added Pin To Net: NetName=NetC57_2 Pin=C57-2
Added Pin To Net: NetName=NetC57_2 Pin=Q60-1
Added Pin To Net: NetName=NetC57_2 Pin=R143-1
Added Pin To Net: NetName=NetC57_2 Pin=R146-2
Added Net: Name=NetC57_2
Added Pin To Net: NetName=NetC58_2 Pin=C58-2
Added Pin To Net: NetName=NetC58_2 Pin=Q61-1
Added Pin To Net: NetName=NetC58_2 Pin=R148-1
Added Pin To Net: NetName=NetC58_2 Pin=R149-2
Added Net: Name=NetC58_2
Added Pin To Net: NetName=NetC59_2 Pin=C59-2
Added Pin To Net: NetName=NetC59_2 Pin=Q62-1
Added Pin To Net: NetName=NetC59_2 Pin=R147-1
Added Pin To Net: NetName=NetC59_2 Pin=R150-2
Added Net: Name=NetC59_2
Added Pin To Net: NetName=NetC60_2 Pin=C60-2
Added Pin To Net: NetName=NetC60_2 Pin=Q63-1
Added Pin To Net: NetName=NetC60_2 Pin=R152-1
Added Pin To Net: NetName=NetC60_2 Pin=R153-2
Added Net: Name=NetC60_2
Added Pin To Net: NetName=NetC61_2 Pin=C61-2
Added Pin To Net: NetName=NetC61_2 Pin=Q64-1
Added Pin To Net: NetName=NetC61_2 Pin=R151-1
Added Pin To Net: NetName=NetC61_2 Pin=R154-2
Added Net: Name=NetC61_2
Added Pin To Net: NetName=NetJ9_1 Pin=J9-1
Added Pin To Net: NetName=NetJ9_1 Pin=R90-1
Added Net: Name=NetJ9_1
Added Pin To Net: NetName=NetJ9_2 Pin=J9-2
Added Pin To Net: NetName=NetJ9_2 Pin=R89-1
Added Net: Name=NetJ9_2
Added Pin To Net: NetName=NetJ9_3 Pin=J9-3
Added Pin To Net: NetName=NetJ9_3 Pin=R87-1
Added Net: Name=NetJ9_3
Added Pin To Net: NetName=NetJ9_4 Pin=J9-4
Added Pin To Net: NetName=NetJ9_4 Pin=R88-1
Added Net: Name=NetJ9_4
Added Pin To Net: NetName=NetK1_A1 Pin=K1-A1
Added Pin To Net: NetName=NetK1_A1 Pin=Q4-3
Added Net: Name=NetK1_A1
Added Pin To Net: NetName=NetK1_A2 Pin=K1-A2
Added Pin To Net: NetName=NetK1_A2 Pin=Q3-3
Added Net: Name=NetK1_A2
Added Pin To Net: NetName=NetK4_A1 Pin=K4-A1
Added Pin To Net: NetName=NetK4_A1 Pin=Q18-3
Added Net: Name=NetK4_A1
Added Pin To Net: NetName=NetK4_A2 Pin=K4-A2
Added Pin To Net: NetName=NetK4_A2 Pin=Q19-3
Added Net: Name=NetK4_A2
Added Pin To Net: NetName=NetK5_A1 Pin=K5-A1
Added Pin To Net: NetName=NetK5_A1 Pin=Q20-3
Added Net: Name=NetK5_A1
Added Pin To Net: NetName=NetK5_A2 Pin=K5-A2
Added Pin To Net: NetName=NetK5_A2 Pin=Q21-3
Added Net: Name=NetK5_A2
Added Pin To Net: NetName=NetK6_A1 Pin=K6-A1
Added Pin To Net: NetName=NetK6_A1 Pin=Q22-3
Added Net: Name=NetK6_A1
Added Pin To Net: NetName=NetK6_A2 Pin=K6-A2
Added Pin To Net: NetName=NetK6_A2 Pin=Q23-3
Added Net: Name=NetK6_A2
Added Pin To Net: NetName=NetK7_A1 Pin=K7-A1
Added Pin To Net: NetName=NetK7_A1 Pin=Q24-3
Added Net: Name=NetK7_A1
Added Pin To Net: NetName=NetK7_A2 Pin=K7-A2
Added Pin To Net: NetName=NetK7_A2 Pin=Q25-3
Added Net: Name=NetK7_A2
Added Pin To Net: NetName=NetK8_A1 Pin=K8-A1
Added Pin To Net: NetName=NetK8_A1 Pin=Q26-3
Added Net: Name=NetK8_A1
Added Pin To Net: NetName=NetK8_A2 Pin=K8-A2
Added Pin To Net: NetName=NetK8_A2 Pin=Q27-3
Added Net: Name=NetK8_A2
Added Pin To Net: NetName=NetK9_A1 Pin=K9-A1
Added Pin To Net: NetName=NetK9_A1 Pin=Q28-3
Added Net: Name=NetK9_A1
Added Pin To Net: NetName=NetK9_A2 Pin=K9-A2
Added Pin To Net: NetName=NetK9_A2 Pin=Q29-3
Added Net: Name=NetK9_A2
Added Pin To Net: NetName=NetK10_A1 Pin=K10-A1
Added Pin To Net: NetName=NetK10_A1 Pin=Q30-3
Added Net: Name=NetK10_A1
Added Pin To Net: NetName=NetK10_A2 Pin=K10-A2
Added Pin To Net: NetName=NetK10_A2 Pin=Q31-3
Added Net: Name=NetK10_A2
Added Pin To Net: NetName=NetK11_A1 Pin=K11-A1
Added Pin To Net: NetName=NetK11_A1 Pin=Q33-3
Added Net: Name=NetK11_A1
Added Pin To Net: NetName=NetK11_A2 Pin=K11-A2
Added Pin To Net: NetName=NetK11_A2 Pin=Q35-3
Added Net: Name=NetK11_A2
Added Pin To Net: NetName=NetK12_A1 Pin=K12-A1
Added Pin To Net: NetName=NetK12_A1 Pin=Q34-3
Added Net: Name=NetK12_A1
Added Pin To Net: NetName=NetK12_A2 Pin=K12-A2
Added Pin To Net: NetName=NetK12_A2 Pin=Q36-3
Added Net: Name=NetK12_A2
Added Pin To Net: NetName=NetK13_A1 Pin=K13-A1
Added Pin To Net: NetName=NetK13_A1 Pin=Q37-3
Added Net: Name=NetK13_A1
Added Pin To Net: NetName=NetK13_A2 Pin=K13-A2
Added Pin To Net: NetName=NetK13_A2 Pin=Q38-3
Added Net: Name=NetK13_A2
Added Pin To Net: NetName=NetK14_A1 Pin=K14-A1
Added Pin To Net: NetName=NetK14_A1 Pin=Q39-3
Added Net: Name=NetK14_A1
Added Pin To Net: NetName=NetK14_A2 Pin=K14-A2
Added Pin To Net: NetName=NetK14_A2 Pin=Q40-3
Added Net: Name=NetK14_A2
Added Pin To Net: NetName=NetK15_A1 Pin=K15-A1
Added Pin To Net: NetName=NetK15_A1 Pin=Q41-3
Added Net: Name=NetK15_A1
Added Pin To Net: NetName=NetK15_A2 Pin=K15-A2
Added Pin To Net: NetName=NetK15_A2 Pin=Q42-3
Added Net: Name=NetK15_A2
Added Pin To Net: NetName=NetK16_A1 Pin=K16-A1
Added Pin To Net: NetName=NetK16_A1 Pin=Q43-3
Added Net: Name=NetK16_A1
Added Pin To Net: NetName=NetK16_A2 Pin=K16-A2
Added Pin To Net: NetName=NetK16_A2 Pin=Q44-3
Added Net: Name=NetK16_A2
Added Pin To Net: NetName=NetK17_A1 Pin=K17-A1
Added Pin To Net: NetName=NetK17_A1 Pin=Q45-3
Added Net: Name=NetK17_A1
Added Pin To Net: NetName=NetK17_A2 Pin=K17-A2
Added Pin To Net: NetName=NetK17_A2 Pin=Q46-3
Added Net: Name=NetK17_A2
Added Pin To Net: NetName=NetK18_A1 Pin=K18-A1
Added Pin To Net: NetName=NetK18_A1 Pin=Q47-3
Added Net: Name=NetK18_A1
Added Pin To Net: NetName=NetK18_A2 Pin=K18-A2
Added Pin To Net: NetName=NetK18_A2 Pin=Q48-3
Added Net: Name=NetK18_A2
Added Pin To Net: NetName=NetK19_A1 Pin=K19-A1
Added Pin To Net: NetName=NetK19_A1 Pin=Q49-3
Added Net: Name=NetK19_A1
Added Pin To Net: NetName=NetK19_A2 Pin=K19-A2
Added Pin To Net: NetName=NetK19_A2 Pin=Q50-3
Added Net: Name=NetK19_A2
Added Pin To Net: NetName=NetK20_A1 Pin=K20-A1
Added Pin To Net: NetName=NetK20_A1 Pin=Q51-3
Added Net: Name=NetK20_A1
Added Pin To Net: NetName=NetK20_A2 Pin=K20-A2
Added Pin To Net: NetName=NetK20_A2 Pin=Q52-3
Added Net: Name=NetK20_A2
Added Pin To Net: NetName=NetK21_A1 Pin=K21-A1
Added Pin To Net: NetName=NetK21_A1 Pin=Q53-3
Added Net: Name=NetK21_A1
Added Pin To Net: NetName=NetK21_A2 Pin=K21-A2
Added Pin To Net: NetName=NetK21_A2 Pin=Q54-3
Added Net: Name=NetK21_A2
Added Pin To Net: NetName=NetK22_A1 Pin=K22-A1
Added Pin To Net: NetName=NetK22_A1 Pin=Q55-3
Added Net: Name=NetK22_A1
Added Pin To Net: NetName=NetK22_A2 Pin=K22-A2
Added Pin To Net: NetName=NetK22_A2 Pin=Q56-3
Added Net: Name=NetK22_A2
Added Pin To Net: NetName=NetK23_A1 Pin=K23-A1
Added Pin To Net: NetName=NetK23_A1 Pin=Q57-3
Added Net: Name=NetK23_A1
Added Pin To Net: NetName=NetK23_A2 Pin=K23-A2
Added Pin To Net: NetName=NetK23_A2 Pin=Q58-3
Added Net: Name=NetK23_A2
Added Pin To Net: NetName=NetK24_A1 Pin=K24-A1
Added Pin To Net: NetName=NetK24_A1 Pin=Q59-3
Added Net: Name=NetK24_A1
Added Pin To Net: NetName=NetK24_A2 Pin=K24-A2
Added Pin To Net: NetName=NetK24_A2 Pin=Q60-3
Added Net: Name=NetK24_A2
Added Pin To Net: NetName=NetK25_A1 Pin=K25-A1
Added Pin To Net: NetName=NetK25_A1 Pin=Q61-3
Added Net: Name=NetK25_A1
Added Pin To Net: NetName=NetK25_A2 Pin=K25-A2
Added Pin To Net: NetName=NetK25_A2 Pin=Q62-3
Added Net: Name=NetK25_A2
Added Pin To Net: NetName=NetK26_A1 Pin=K26-A1
Added Pin To Net: NetName=NetK26_A1 Pin=Q63-3
Added Net: Name=NetK26_A1
Added Pin To Net: NetName=NetK26_A2 Pin=K26-A2
Added Pin To Net: NetName=NetK26_A2 Pin=Q64-3
Added Net: Name=NetK26_A2
Added Pin To Net: NetName=NetQ32_1 Pin=Q32-1
Added Pin To Net: NetName=NetQ32_1 Pin=R85-1
Added Net: Name=NetQ32_1
Added Pin To Net: NetName=NetR84_2 Pin=R84-2
Added Pin To Net: NetName=NetR84_2 Pin=R85-2
Added Pin To Net: NetName=NetR84_2 Pin=Z2-2
Added Net: Name=NetR84_2
Added Pin To Net: NetName=NetU15_9 Pin=U15-9
Added Pin To Net: NetName=NetU15_9 Pin=U17-14
Added Net: Name=NetU15_9
Added Pin To Net: NetName=NetU16_9 Pin=U16-9
Added Pin To Net: NetName=NetU16_9 Pin=U18-14
Added Net: Name=NetU16_9
Added Pin To Net: NetName=NetU16_14 Pin=U16-14
Added Pin To Net: NetName=NetU16_14 Pin=U17-9
Added Net: Name=NetU16_14
Added Pin To Net: NetName=NetU18_9 Pin=U18-9
Added Pin To Net: NetName=NetU18_9 Pin=U19-14
Added Net: Name=NetU18_9
Added Pin To Net: NetName=NetU19_9 Pin=U19-9
Added Pin To Net: NetName=NetU19_9 Pin=U20-14
Added Net: Name=NetU19_9
Added Pin To Net: NetName=R1_A1 Pin=R34-2
Added Pin To Net: NetName=R1_A1 Pin=U15-5
Added Net: Name=R1_A1
Added Pin To Net: NetName=R1_A2 Pin=R33-2
Added Pin To Net: NetName=R1_A2 Pin=U20-2
Added Net: Name=R1_A2
Added Pin To Net: NetName=R1_COM Pin=J1-2
Added Pin To Net: NetName=R1_COM Pin=K1-11
Added Pin To Net: NetName=R1_COM Pin=K1-11
Added Net: Name=R1_COM
Added Pin To Net: NetName=R1_NC Pin=K1-12
Added Pin To Net: NetName=R1_NC Pin=K1-12
Added Net: Name=R1_NC
Added Pin To Net: NetName=R1_NO Pin=J1-1
Added Pin To Net: NetName=R1_NO Pin=K1-14
Added Pin To Net: NetName=R1_NO Pin=K1-14
Added Net: Name=R1_NO
Added Pin To Net: NetName=R2_A1 Pin=R57-2
Added Pin To Net: NetName=R2_A1 Pin=U15-7
Added Net: Name=R2_A1
Added Pin To Net: NetName=R2_A2 Pin=R56-2
Added Pin To Net: NetName=R2_A2 Pin=U20-15
Added Net: Name=R2_A2
Added Pin To Net: NetName=R2_COM Pin=J2-2
Added Pin To Net: NetName=R2_COM Pin=K4-11
Added Pin To Net: NetName=R2_COM Pin=K4-11
Added Net: Name=R2_COM
Added Pin To Net: NetName=R2_NC Pin=K4-12
Added Pin To Net: NetName=R2_NC Pin=K4-12
Added Net: Name=R2_NC
Added Pin To Net: NetName=R2_NO Pin=J2-1
Added Pin To Net: NetName=R2_NO Pin=K4-14
Added Pin To Net: NetName=R2_NO Pin=K4-14
Added Net: Name=R2_NO
Added Pin To Net: NetName=R3_A1 Pin=R61-2
Added Pin To Net: NetName=R3_A1 Pin=U17-1
Added Net: Name=R3_A1
Added Pin To Net: NetName=R3_A2 Pin=R60-2
Added Pin To Net: NetName=R3_A2 Pin=U19-6
Added Net: Name=R3_A2
Added Pin To Net: NetName=R3_COM Pin=J3-2
Added Pin To Net: NetName=R3_COM Pin=K5-11
Added Pin To Net: NetName=R3_COM Pin=K5-11
Added Net: Name=R3_COM
Added Pin To Net: NetName=R3_NC Pin=K5-12
Added Pin To Net: NetName=R3_NC Pin=K5-12
Added Net: Name=R3_NC
Added Pin To Net: NetName=R3_NO Pin=J3-1
Added Pin To Net: NetName=R3_NO Pin=K5-14
Added Pin To Net: NetName=R3_NO Pin=K5-14
Added Net: Name=R3_NO
Added Pin To Net: NetName=R4_A1 Pin=R65-2
Added Pin To Net: NetName=R4_A1 Pin=U17-3
Added Net: Name=R4_A1
Added Pin To Net: NetName=R4_A2 Pin=R64-2
Added Pin To Net: NetName=R4_A2 Pin=U19-4
Added Net: Name=R4_A2
Added Pin To Net: NetName=R4_COM Pin=J4-2
Added Pin To Net: NetName=R4_COM Pin=K6-11
Added Pin To Net: NetName=R4_COM Pin=K6-11
Added Net: Name=R4_COM
Added Pin To Net: NetName=R4_NC Pin=K6-12
Added Pin To Net: NetName=R4_NC Pin=K6-12
Added Net: Name=R4_NC
Added Pin To Net: NetName=R4_NO Pin=J4-1
Added Pin To Net: NetName=R4_NO Pin=K6-14
Added Pin To Net: NetName=R4_NO Pin=K6-14
Added Net: Name=R4_NO
Added Pin To Net: NetName=R5_A1 Pin=R69-2
Added Pin To Net: NetName=R5_A1 Pin=U17-5
Added Net: Name=R5_A1
Added Pin To Net: NetName=R5_A2 Pin=R68-2
Added Pin To Net: NetName=R5_A2 Pin=U19-2
Added Net: Name=R5_A2
Added Pin To Net: NetName=R5_COM Pin=J5-2
Added Pin To Net: NetName=R5_COM Pin=K7-11
Added Pin To Net: NetName=R5_COM Pin=K7-11
Added Net: Name=R5_COM
Added Pin To Net: NetName=R5_NC Pin=K7-12
Added Pin To Net: NetName=R5_NC Pin=K7-12
Added Net: Name=R5_NC
Added Pin To Net: NetName=R5_NO Pin=J5-1
Added Pin To Net: NetName=R5_NO Pin=K7-14
Added Pin To Net: NetName=R5_NO Pin=K7-14
Added Net: Name=R5_NO
Added Pin To Net: NetName=R6_A1 Pin=R73-2
Added Pin To Net: NetName=R6_A1 Pin=U17-7
Added Net: Name=R6_A1
Added Pin To Net: NetName=R6_A2 Pin=R72-2
Added Pin To Net: NetName=R6_A2 Pin=U19-15
Added Net: Name=R6_A2
Added Pin To Net: NetName=R6_COM Pin=J6-2
Added Pin To Net: NetName=R6_COM Pin=K8-11
Added Pin To Net: NetName=R6_COM Pin=K8-11
Added Net: Name=R6_COM
Added Pin To Net: NetName=R6_NC Pin=K8-12
Added Pin To Net: NetName=R6_NC Pin=K8-12
Added Net: Name=R6_NC
Added Pin To Net: NetName=R6_NO Pin=J6-1
Added Pin To Net: NetName=R6_NO Pin=K8-14
Added Pin To Net: NetName=R6_NO Pin=K8-14
Added Net: Name=R6_NO
Added Pin To Net: NetName=R7_A1 Pin=R77-2
Added Pin To Net: NetName=R7_A1 Pin=U16-1
Added Net: Name=R7_A1
Added Pin To Net: NetName=R7_A2 Pin=R76-2
Added Pin To Net: NetName=R7_A2 Pin=U18-1
Added Net: Name=R7_A2
Added Pin To Net: NetName=R7_COM Pin=J7-2
Added Pin To Net: NetName=R7_COM Pin=K9-11
Added Pin To Net: NetName=R7_COM Pin=K9-11
Added Net: Name=R7_COM
Added Pin To Net: NetName=R7_NC Pin=K9-12
Added Pin To Net: NetName=R7_NC Pin=K9-12
Added Net: Name=R7_NC
Added Pin To Net: NetName=R7_NO Pin=J7-1
Added Pin To Net: NetName=R7_NO Pin=K9-14
Added Pin To Net: NetName=R7_NO Pin=K9-14
Added Net: Name=R7_NO
Added Pin To Net: NetName=R8_A1 Pin=R81-2
Added Pin To Net: NetName=R8_A1 Pin=U16-7
Added Net: Name=R8_A1
Added Pin To Net: NetName=R8_A2 Pin=R80-2
Added Pin To Net: NetName=R8_A2 Pin=U18-3
Added Net: Name=R8_A2
Added Pin To Net: NetName=R8_COM Pin=J8-2
Added Pin To Net: NetName=R8_COM Pin=K10-11
Added Pin To Net: NetName=R8_COM Pin=K10-11
Added Net: Name=R8_COM
Added Pin To Net: NetName=R8_NC Pin=K10-12
Added Pin To Net: NetName=R8_NC Pin=K10-12
Added Net: Name=R8_NC
Added Pin To Net: NetName=R8_NO Pin=J8-1
Added Pin To Net: NetName=R8_NO Pin=K10-14
Added Pin To Net: NetName=R8_NO Pin=K10-14
Added Net: Name=R8_NO
Added Pin To Net: NetName=R9_A1 Pin=R93-2
Added Pin To Net: NetName=R9_A1 Pin=U20-1
Added Net: Name=R9_A1
Added Pin To Net: NetName=R9_A2 Pin=R91-2
Added Pin To Net: NetName=R9_A2 Pin=U15-6
Added Net: Name=R9_A2
Added Pin To Net: NetName=R9_COM Pin=J11-2
Added Pin To Net: NetName=R9_COM Pin=K11-11
Added Pin To Net: NetName=R9_COM Pin=K11-11
Added Net: Name=R9_COM
Added Pin To Net: NetName=R9_NC Pin=K11-12
Added Pin To Net: NetName=R9_NC Pin=K11-12
Added Net: Name=R9_NC
Added Pin To Net: NetName=R9_NO Pin=J11-1
Added Pin To Net: NetName=R9_NO Pin=K11-14
Added Pin To Net: NetName=R9_NO Pin=K11-14
Added Net: Name=R9_NO
Added Pin To Net: NetName=R10_A1 Pin=R94-2
Added Pin To Net: NetName=R10_A1 Pin=U19-7
Added Net: Name=R10_A1
Added Pin To Net: NetName=R10_A2 Pin=R92-2
Added Pin To Net: NetName=R10_A2 Pin=U17-15
Added Net: Name=R10_A2
Added Pin To Net: NetName=R10_COM Pin=J12-2
Added Pin To Net: NetName=R10_COM Pin=K12-11
Added Pin To Net: NetName=R10_COM Pin=K12-11
Added Net: Name=R10_COM
Added Pin To Net: NetName=R10_NC Pin=K12-12
Added Pin To Net: NetName=R10_NC Pin=K12-12
Added Net: Name=R10_NC
Added Pin To Net: NetName=R10_NO Pin=J12-1
Added Pin To Net: NetName=R10_NO Pin=K12-14
Added Pin To Net: NetName=R10_NO Pin=K12-14
Added Net: Name=R10_NO
Added Pin To Net: NetName=R11_A1 Pin=R100-2
Added Pin To Net: NetName=R11_A1 Pin=U19-5
Added Net: Name=R11_A1
Added Pin To Net: NetName=R11_A2 Pin=R99-2
Added Pin To Net: NetName=R11_A2 Pin=U17-2
Added Net: Name=R11_A2
Added Pin To Net: NetName=R11_COM Pin=J13-2
Added Pin To Net: NetName=R11_COM Pin=K13-11
Added Pin To Net: NetName=R11_COM Pin=K13-11
Added Net: Name=R11_COM
Added Pin To Net: NetName=R11_NC Pin=K13-12
Added Pin To Net: NetName=R11_NC Pin=K13-12
Added Net: Name=R11_NC
Added Pin To Net: NetName=R11_NO Pin=J13-1
Added Pin To Net: NetName=R11_NO Pin=K13-14
Added Pin To Net: NetName=R11_NO Pin=K13-14
Added Net: Name=R11_NO
Added Pin To Net: NetName=R12_A1 Pin=R104-2
Added Pin To Net: NetName=R12_A1 Pin=U19-3
Added Net: Name=R12_A1
Added Pin To Net: NetName=R12_A2 Pin=R103-2
Added Pin To Net: NetName=R12_A2 Pin=U17-4
Added Net: Name=R12_A2
Added Pin To Net: NetName=R12_COM Pin=J14-2
Added Pin To Net: NetName=R12_COM Pin=K14-11
Added Pin To Net: NetName=R12_COM Pin=K14-11
Added Net: Name=R12_COM
Added Pin To Net: NetName=R12_NC Pin=K14-12
Added Pin To Net: NetName=R12_NC Pin=K14-12
Added Net: Name=R12_NC
Added Pin To Net: NetName=R12_NO Pin=J14-1
Added Pin To Net: NetName=R12_NO Pin=K14-14
Added Pin To Net: NetName=R12_NO Pin=K14-14
Added Net: Name=R12_NO
Added Pin To Net: NetName=R13_A1 Pin=R108-2
Added Pin To Net: NetName=R13_A1 Pin=U19-1
Added Net: Name=R13_A1
Added Pin To Net: NetName=R13_A2 Pin=R107-2
Added Pin To Net: NetName=R13_A2 Pin=U17-6
Added Net: Name=R13_A2
Added Pin To Net: NetName=R13_COM Pin=J15-2
Added Pin To Net: NetName=R13_COM Pin=K15-11
Added Pin To Net: NetName=R13_COM Pin=K15-11
Added Net: Name=R13_COM
Added Pin To Net: NetName=R13_NC Pin=K15-12
Added Pin To Net: NetName=R13_NC Pin=K15-12
Added Net: Name=R13_NC
Added Pin To Net: NetName=R13_NO Pin=J15-1
Added Pin To Net: NetName=R13_NO Pin=K15-14
Added Pin To Net: NetName=R13_NO Pin=K15-14
Added Net: Name=R13_NO
Added Pin To Net: NetName=R14_A1 Pin=R112-2
Added Pin To Net: NetName=R14_A1 Pin=U18-15
Added Net: Name=R14_A1
Added Pin To Net: NetName=R14_A2 Pin=R111-2
Added Pin To Net: NetName=R14_A2 Pin=U16-15
Added Net: Name=R14_A2
Added Pin To Net: NetName=R14_COM Pin=J16-2
Added Pin To Net: NetName=R14_COM Pin=K16-11
Added Pin To Net: NetName=R14_COM Pin=K16-11
Added Net: Name=R14_COM
Added Pin To Net: NetName=R14_NC Pin=K16-12
Added Pin To Net: NetName=R14_NC Pin=K16-12
Added Net: Name=R14_NC
Added Pin To Net: NetName=R14_NO Pin=J16-1
Added Pin To Net: NetName=R14_NO Pin=K16-14
Added Pin To Net: NetName=R14_NO Pin=K16-14
Added Net: Name=R14_NO
Added Pin To Net: NetName=R15_A1 Pin=R116-2
Added Pin To Net: NetName=R15_A1 Pin=U18-2
Added Net: Name=R15_A1
Added Pin To Net: NetName=R15_A2 Pin=R115-2
Added Pin To Net: NetName=R15_A2 Pin=U16-2
Added Net: Name=R15_A2
Added Pin To Net: NetName=R15_COM Pin=J17-2
Added Pin To Net: NetName=R15_COM Pin=K17-11
Added Pin To Net: NetName=R15_COM Pin=K17-11
Added Net: Name=R15_COM
Added Pin To Net: NetName=R15_NC Pin=K17-12
Added Pin To Net: NetName=R15_NC Pin=K17-12
Added Net: Name=R15_NC
Added Pin To Net: NetName=R15_NO Pin=J17-1
Added Pin To Net: NetName=R15_NO Pin=K17-14
Added Pin To Net: NetName=R15_NO Pin=K17-14
Added Net: Name=R15_NO
Added Pin To Net: NetName=R16_A1 Pin=R120-2
Added Pin To Net: NetName=R16_A1 Pin=U18-4
Added Net: Name=R16_A1
Added Pin To Net: NetName=R16_A2 Pin=R119-2
Added Pin To Net: NetName=R16_A2 Pin=U16-6
Added Net: Name=R16_A2
Added Pin To Net: NetName=R16_COM Pin=J18-2
Added Pin To Net: NetName=R16_COM Pin=K18-11
Added Pin To Net: NetName=R16_COM Pin=K18-11
Added Net: Name=R16_COM
Added Pin To Net: NetName=R16_NC Pin=K18-12
Added Pin To Net: NetName=R16_NC Pin=K18-12
Added Net: Name=R16_NC
Added Pin To Net: NetName=R16_NO Pin=J18-1
Added Pin To Net: NetName=R16_NO Pin=K18-14
Added Pin To Net: NetName=R16_NO Pin=K18-14
Added Net: Name=R16_NO
Added Pin To Net: NetName=R17_A1 Pin=R124-2
Added Pin To Net: NetName=R17_A1 Pin=U18-6
Added Net: Name=R17_A1
Added Pin To Net: NetName=R17_A2 Pin=R123-2
Added Pin To Net: NetName=R17_A2 Pin=U16-4
Added Net: Name=R17_A2
Added Pin To Net: NetName=R17_COM Pin=J19-2
Added Pin To Net: NetName=R17_COM Pin=K19-11
Added Pin To Net: NetName=R17_COM Pin=K19-11
Added Net: Name=R17_COM
Added Pin To Net: NetName=R17_NC Pin=K19-12
Added Pin To Net: NetName=R17_NC Pin=K19-12
Added Net: Name=R17_NC
Added Pin To Net: NetName=R17_NO Pin=J19-1
Added Pin To Net: NetName=R17_NO Pin=K19-14
Added Pin To Net: NetName=R17_NO Pin=K19-14
Added Net: Name=R17_NO
Added Pin To Net: NetName=R18_A1 Pin=R128-2
Added Pin To Net: NetName=R18_A1 Pin=U16-5
Added Net: Name=R18_A1
Added Pin To Net: NetName=R18_A2 Pin=R127-2
Added Pin To Net: NetName=R18_A2 Pin=U18-5
Added Net: Name=R18_A2
Added Pin To Net: NetName=R18_COM Pin=J20-2
Added Pin To Net: NetName=R18_COM Pin=K20-11
Added Pin To Net: NetName=R18_COM Pin=K20-11
Added Net: Name=R18_COM
Added Pin To Net: NetName=R18_NC Pin=K20-12
Added Pin To Net: NetName=R18_NC Pin=K20-12
Added Net: Name=R18_NC
Added Pin To Net: NetName=R18_NO Pin=J20-1
Added Pin To Net: NetName=R18_NO Pin=K20-14
Added Pin To Net: NetName=R18_NO Pin=K20-14
Added Net: Name=R18_NO
Added Pin To Net: NetName=R19_A1 Pin=R132-2
Added Pin To Net: NetName=R19_A1 Pin=U15-1
Added Net: Name=R19_A1
Added Pin To Net: NetName=R19_A2 Pin=R131-2
Added Pin To Net: NetName=R19_A2 Pin=U15-15
Added Net: Name=R19_A2
Added Pin To Net: NetName=R19_COM Pin=J21-2
Added Pin To Net: NetName=R19_COM Pin=K21-11
Added Pin To Net: NetName=R19_COM Pin=K21-11
Added Net: Name=R19_COM
Added Pin To Net: NetName=R19_NC Pin=K21-12
Added Pin To Net: NetName=R19_NC Pin=K21-12
Added Net: Name=R19_NC
Added Pin To Net: NetName=R19_NO Pin=J21-1
Added Pin To Net: NetName=R19_NO Pin=K21-14
Added Pin To Net: NetName=R19_NO Pin=K21-14
Added Net: Name=R19_NO
Added Pin To Net: NetName=R20_A1 Pin=R136-2
Added Pin To Net: NetName=R20_A1 Pin=U16-3
Added Net: Name=R20_A1
Added Pin To Net: NetName=R20_A2 Pin=R135-2
Added Pin To Net: NetName=R20_A2 Pin=U18-7
Added Net: Name=R20_A2
Added Pin To Net: NetName=R20_COM Pin=J22-2
Added Pin To Net: NetName=R20_COM Pin=K22-11
Added Pin To Net: NetName=R20_COM Pin=K22-11
Added Net: Name=R20_COM
Added Pin To Net: NetName=R20_NC Pin=K22-12
Added Pin To Net: NetName=R20_NC Pin=K22-12
Added Net: Name=R20_NC
Added Pin To Net: NetName=R20_NO Pin=J22-1
Added Pin To Net: NetName=R20_NO Pin=K22-14
Added Pin To Net: NetName=R20_NO Pin=K22-14
Added Net: Name=R20_NO
Added Pin To Net: NetName=R21_A1 Pin=R140-2
Added Pin To Net: NetName=R21_A1 Pin=U20-5
Added Net: Name=R21_A1
Added Pin To Net: NetName=R21_A2 Pin=R139-2
Added Pin To Net: NetName=R21_A2 Pin=U15-2
Added Net: Name=R21_A2
Added Pin To Net: NetName=R21_COM Pin=J23-2
Added Pin To Net: NetName=R21_COM Pin=K23-11
Added Pin To Net: NetName=R21_COM Pin=K23-11
Added Net: Name=R21_COM
Added Pin To Net: NetName=R21_NC Pin=K23-12
Added Pin To Net: NetName=R21_NC Pin=K23-12
Added Net: Name=R21_NC
Added Pin To Net: NetName=R21_NO Pin=J23-1
Added Pin To Net: NetName=R21_NO Pin=K23-14
Added Pin To Net: NetName=R21_NO Pin=K23-14
Added Net: Name=R21_NO
Added Pin To Net: NetName=R22_A1 Pin=R144-2
Added Pin To Net: NetName=R22_A1 Pin=U20-3
Added Net: Name=R22_A1
Added Pin To Net: NetName=R22_A2 Pin=R143-2
Added Pin To Net: NetName=R22_A2 Pin=U15-4
Added Net: Name=R22_A2
Added Pin To Net: NetName=R22_COM Pin=J24-2
Added Pin To Net: NetName=R22_COM Pin=K24-11
Added Pin To Net: NetName=R22_COM Pin=K24-11
Added Net: Name=R22_COM
Added Pin To Net: NetName=R22_NC Pin=K24-12
Added Pin To Net: NetName=R22_NC Pin=K24-12
Added Net: Name=R22_NC
Added Pin To Net: NetName=R22_NO Pin=J24-1
Added Pin To Net: NetName=R22_NO Pin=K24-14
Added Pin To Net: NetName=R22_NO Pin=K24-14
Added Net: Name=R22_NO
Added Pin To Net: NetName=R23_A1 Pin=R148-2
Added Pin To Net: NetName=R23_A1 Pin=U15-3
Added Net: Name=R23_A1
Added Pin To Net: NetName=R23_A2 Pin=R147-2
Added Pin To Net: NetName=R23_A2 Pin=U20-4
Added Net: Name=R23_A2
Added Pin To Net: NetName=R23_COM Pin=J25-2
Added Pin To Net: NetName=R23_COM Pin=K25-11
Added Pin To Net: NetName=R23_COM Pin=K25-11
Added Net: Name=R23_COM
Added Pin To Net: NetName=R23_NC Pin=K25-12
Added Pin To Net: NetName=R23_NC Pin=K25-12
Added Net: Name=R23_NC
Added Pin To Net: NetName=R23_NO Pin=J25-1
Added Pin To Net: NetName=R23_NO Pin=K25-14
Added Pin To Net: NetName=R23_NO Pin=K25-14
Added Net: Name=R23_NO
Added Pin To Net: NetName=R24_A1 Pin=R152-2
Added Pin To Net: NetName=R24_A1 Pin=U20-7
Added Net: Name=R24_A1
Added Pin To Net: NetName=R24_A2 Pin=R151-2
Added Pin To Net: NetName=R24_A2 Pin=U20-6
Added Net: Name=R24_A2
Added Pin To Net: NetName=R24_COM Pin=J26-2
Added Pin To Net: NetName=R24_COM Pin=K26-11
Added Pin To Net: NetName=R24_COM Pin=K26-11
Added Net: Name=R24_COM
Added Pin To Net: NetName=R24_NC Pin=K26-12
Added Pin To Net: NetName=R24_NC Pin=K26-12
Added Net: Name=R24_NC
Added Pin To Net: NetName=R24_NO Pin=J26-1
Added Pin To Net: NetName=R24_NO Pin=K26-14
Added Pin To Net: NetName=R24_NO Pin=K26-14
Added Net: Name=R24_NO
Added Pin To Net: NetName=Relay_ADC Pin=J10-4
Added Pin To Net: NetName=Relay_ADC Pin=R86-2
Added Net: Name=Relay_ADC
Added Pin To Net: NetName=Shift_O\E\ Pin=R90-2
Added Pin To Net: NetName=Shift_O\E\ Pin=U15-13
Added Pin To Net: NetName=Shift_O\E\ Pin=U16-13
Added Pin To Net: NetName=Shift_O\E\ Pin=U17-13
Added Pin To Net: NetName=Shift_O\E\ Pin=U18-13
Added Pin To Net: NetName=Shift_O\E\ Pin=U19-13
Added Pin To Net: NetName=Shift_O\E\ Pin=U20-13
Added Net: Name=Shift_O\E\
Added Pin To Net: NetName=ShiftReg_Latch Pin=R89-2
Added Pin To Net: NetName=ShiftReg_Latch Pin=U15-12
Added Pin To Net: NetName=ShiftReg_Latch Pin=U16-12
Added Pin To Net: NetName=ShiftReg_Latch Pin=U17-12
Added Pin To Net: NetName=ShiftReg_Latch Pin=U18-12
Added Pin To Net: NetName=ShiftReg_Latch Pin=U19-12
Added Pin To Net: NetName=ShiftReg_Latch Pin=U20-12
Added Net: Name=ShiftReg_Latch
Added Pin To Net: NetName=ShiftRegCLK Pin=R88-2
Added Pin To Net: NetName=ShiftRegCLK Pin=U15-11
Added Pin To Net: NetName=ShiftRegCLK Pin=U16-11
Added Pin To Net: NetName=ShiftRegCLK Pin=U17-11
Added Pin To Net: NetName=ShiftRegCLK Pin=U18-11
Added Pin To Net: NetName=ShiftRegCLK Pin=U19-11
Added Pin To Net: NetName=ShiftRegCLK Pin=U20-11
Added Net: Name=ShiftRegCLK
Added Pin To Net: NetName=ShiftRegDATA Pin=R87-2
Added Pin To Net: NetName=ShiftRegDATA Pin=U15-14
Added Net: Name=ShiftRegDATA
Added Class: Name=KNX-RELAY-24CH_V0.2
Added Class: Name=RELAYS
Added Class: Name=Shift register
Added Rule: Name=Schematic Supply Nets
Added Rule: Name=Schematic Supply Nets_1
Added Rule: Name=Schematic Supply Nets_2
Added Rule: Name=Schematic Supply Nets_3
